书源名,站点,细分,标签,规则完整度,最后更新,重复份数,来源仓库,需登录,地址,可达性
🍑 腐小说,www.fuxsb.com,成人同人耽美,女频言情/文本小说,9,2026-04-22,34,LM-Firefly/booksource|ZGQ-inc/source_repo|aoaostar/legado|daiaji/LegadoSource|fmpfmp/YueDuBackup|oli-fa/YueDuBackup/master|xdd666t/MyData|zimkyes/legado_source,,http://www.fuxsb.com/,可达
耽美小说网,www.blxsw.cc,成人同人耽美,站群模板/女频言情/文本小说,9,2025-10-11,3,LM-Firefly/booksource|ZGQ-inc/source_repo|aoaostar/legado,,https://www.blxsw.cc,超时
耽美文学,www.dmx5.cc,成人同人耽美,女频言情/文本小说,9,2025-07-25,6,LM-Firefly/booksource|ZGQ-inc/source_repo|aoaostar/legado,,https://www.dmx5.cc,可达
耽美小说网 m.blxsw.cc,m.blxsw.cc,成人同人耽美,站群模板/女频言情/文本小说,9,2025-07-13,3,ZGQ-inc/source_repo,,https://m.blxsw.cc,可达
BL小说,m.blpopo.com,成人同人耽美,女频言情/文本小说,9,2025-07-13,4,ZGQ-inc/source_repo|kooofu/yueduyuan,,https://m.blpopo.com/,可达
御宅屋blnovelhub,blnovelhub.com,成人同人耽美,女频言情/文本小说,9,2025-07-13,8,LM-Firefly/booksource|ZGQ-inc/source_repo|aoaostar/legado|pindaCrazy/BookSourceForReader3.0,,https://blnovelhub.com,可达
耽美小说,www.bengben.com,成人同人耽美,女频言情/文本小说,9,2025-07-12,2,ZGQ-inc/source_repo,,https://www.bengben.com,可达
耽美书斋（魔法）,www.dmsz.cc,成人同人耽美,女频言情/文本小说,9,2025-07-08,2,ZGQ-inc/source_repo,,http://www.dmsz.cc,可达
吾爱耽美,www.52dmshu.com,成人同人耽美,女频言情/文本小说,9,2025-07-03,6,ZGQ-inc/source_repo|daiaji/LegadoSource,,http://www.52dmshu.com/,可达
BL小说52,m.52blxs.com,成人同人耽美,站群模板/女频言情/文本小说,9,2025-07-03,5,ZGQ-inc/source_repo|aoaostar/legado|kooofu/yueduyuan,,https://m.52blxs.com,可达
耽美之家(需验证使用),m.521danmei.net,成人同人耽美,女频言情/文本小说,9,2025-07-03,7,ZGQ-inc/source_repo|oli-fa/YueDuBackup/master|xdd666t/MyData|zimkyes/legado_source,,https://m.521danmei.net,连接失败
腐小说网,www.fxsw.cc,成人同人耽美,站群模板/女频言情/文本小说,9,2025-06-10,12,ZGQ-inc/source_repo|aoaostar/legado|daiaji/LegadoSource|oli-fa/YueDuBackup/master|xdd666t/MyData,,http://www.fxsw.cc/,可达
腐文阁子,m.fuwenge.com,成人同人耽美,女频言情/文本小说,9,2025-05-28,6,ZGQ-inc/source_repo|aoaostar/legado|oli-fa/YueDuBackup/master|xdd666t/MyData,,https://m.fuwenge.com,超时
🙈腐文屋,m.fuwenwu.me,成人同人耽美,女频言情/文本小说,9,2025-03-31,2,ZGQ-inc/source_repo,,https://m.fuwenwu.me,可达
🦄耽美小说网 dmxsw.me〈看发现〉,www.dmxsw.me,成人同人耽美,站群模板/社区标记失效/女频言情/文本小说,9,2025-03-10,1,ZGQ-inc/source_repo,,https://www.dmxsw.me,连接失败
🍊 耽美小说-代理,www.dmxs.org,成人同人耽美,女频言情/文本小说,9,2025-02-24,28,ZGQ-inc/source_repo|aoaostar/legado|daiaji/LegadoSource|oli-fa/YueDuBackup/master|xdd666t/MyData,,https://www.dmxs.org,可达
吾爱耽美网 521danmei.org,www.521danmei.org,成人同人耽美,女频言情/文本小说,9,2025-02-05,12,ZGQ-inc/source_repo|daiaji/LegadoSource|fmpfmp/YueDuBackup|oli-fa/YueDuBackup/master,,http://www.521danmei.org,有响应(拦截)
耽美7,m.xyuzhaiwu7.com,成人同人耽美,女频言情/文本小说,9,2025-02-03,2,ZGQ-inc/source_repo,,https://m.xyuzhaiwu7.com,超时
🌸耽美小说,www.dmxsw.org,成人同人耽美,女频言情/文本小说,9,2025-01-31,1,ZGQ-inc/source_repo,,https://www.dmxsw.org,可达
BL文库,m.blwenla.org,成人同人耽美,站群模板/文本小说,9,2025-01-05,5,LM-Firefly/booksource|ZGQ-inc/source_repo|kooofu/yueduyuan,,https://m.blwenla.org,可达
腐文小说,m.fuwenh.com,成人同人耽美,女频言情/文本小说,9,2024-12-28,5,ZGQ-inc/source_repo|aoaostar/legado,,https://m.fuwenh.com,可达
②耽美文学城,m.dmwxc.cc,成人同人耽美,女频言情/文本小说,9,2024-12-19,2,ZGQ-inc/source_repo,,https://m.dmwxc.cc,异常状态
耽美书包,m.shubao1.cc,成人同人耽美,女频言情/文本小说,9,2024-12-09,1,ZGQ-inc/source_repo,,http://m.shubao1.cc,可达
🍑 前路小说,www.qianluxiaoshuo.com,成人同人耽美,女频言情/文本小说,9,2024-11-02,39,LM-Firefly/booksource|ZGQ-inc/source_repo|aoaostar/legado|daiaji/LegadoSource|fmpfmp/YueDuBackup|oevery/Source/master|oli-fa/YueDuBackup/master|someok/booksources|xdd666t/MyData|zimkyes/legado_source,,https://www.qianluxiaoshuo.com,超时
吾爱耽美,www.521danmei.org,成人同人耽美,女频言情/文本小说,9,2024-10-24,5,ZGQ-inc/source_repo|daiaji/LegadoSource,,https://www.521danmei.org/,有响应(拦截)
🚬 耽美小说网,m.bengben.com,成人同人耽美,站群模板/女频言情/文本小说,9,2024-10-22,1,ZGQ-inc/source_repo,,https://m.bengben.com/,可达
腐宅屋🎃,m.fuzhaiwu.net,成人同人耽美,女频言情/文本小说,9,2024-10-03,1,ZGQ-inc/source_repo,,http://m.fuzhaiwu.net#🎃,可达
耽美网吧,m.dmxso.com,成人同人耽美,女频言情/文本小说,9,2024-09-07,12,ZGQ-inc/source_repo|aoaostar/legado|daiaji/LegadoSource|oli-fa/YueDuBackup/master,,https://m.dmxso.com,异常状态
🔰 BL小说,m.xtfree1.com,成人同人耽美,站群模板/女频言情/文本小说,9,2024-08-23,16,ZGQ-inc/source_repo|aoaostar/legado|daiaji/LegadoSource|oli-fa/YueDuBackup/master|xdd666t/MyData,,https://m.xtfree1.com,可达
🚬 耽美小说,m.danmei.info,成人同人耽美,站群模板/女频言情/文本小说,9,2024-08-22,2,ZGQ-inc/source_repo,,https://m.danmei.info,可达
🚬 耽美小说,www.danmeis.com,成人同人耽美,女频言情/文本小说,9,2024-08-22,1,ZGQ-inc/source_repo,,https://www.danmeis.com,可达
♜腐小说,www.jiqinw.com,成人同人耽美,女频言情/文本小说,9,2024-08-02,1,ZGQ-inc/source_repo,,http://www.jiqinw.com#md-guaner,可达
🔞腐书宅,m.fushuzhai.cc,成人同人耽美,女频言情/文本小说,9,2024-08-01,10,LM-Firefly/booksource|ZGQ-inc/source_repo|fmpfmp/YueDuBackup|oli-fa/YueDuBackup/master|xdd666t/MyData,,http://m.fushuzhai.cc,可达
腐文小说🎃,m.fuwenh.com,成人同人耽美,女频言情/文本小说,9,2024-08-01,1,ZGQ-inc/source_repo,,https://m.fuwenh.com#🎃,超时
耽美之家,www.danmeijia1.com,成人同人耽美,女频言情/文本小说,9,2024-07-23,1,ZGQ-inc/source_repo,,https://www.danmeijia1.com,可达
柚费耽美（发现）,www.dmxs.org,成人同人耽美,女频言情/文本小说,9,2024-07-21,12,ZGQ-inc/source_repo|aoaostar/legado|oli-fa/YueDuBackup/master|xdd666t/MyData,,http://www.dmxs.org,可达
BL小说③,m.52blxs.com,成人同人耽美,站群模板/文本小说,9,2024-07-18,1,ZGQ-inc/source_repo,,https://m.52blxs.com/#🚀,可达
BL小说②,m.blxs2.com,成人同人耽美,文本小说,9,2024-07-18,1,ZGQ-inc/source_repo,,https://m.blxs2.com/#🚀,可达
BL小说①,m.xtfree1.com,成人同人耽美,站群模板/文本小说,9,2024-07-18,1,ZGQ-inc/source_repo,,https://m.xtfree1.com/#🚀,可达
柚费耽美,xiyou.lfunv.com,成人同人耽美,女频言情/文本小说,9,2024-07-16,34,ZGQ-inc/source_repo|aoaostar/legado|daiaji/LegadoSource|oli-fa/YueDuBackup/master|xdd666t/MyData|zimkyes/legado_source,,https://xiyou.lfunv.com,超时
耽美小说,www.dmxso.com,成人同人耽美,女频言情/文本小说,9,2024-07-10,1,ZGQ-inc/source_repo,,https://www.dmxso.com,异常状态
>耽美文库🌹,www.dmwenba.com,成人同人耽美,社区推荐/女频言情/文本小说,9,2024-05-08,2,ZGQ-inc/source_repo,,https://www.dmwenba.com,可达
耽美文吧,wap.dmwenba.com,成人同人耽美,女频言情/文本小说,9,2024-04-08,2,ZGQ-inc/source_repo,,https://wap.dmwenba.com,可达
耽美文贰,wap.sashclamps.com,成人同人耽美,女频言情/文本小说,9,2024-03-15,2,ZGQ-inc/source_repo,,https://wap.sashclamps.com/,连接失败
🚬 爱他小说,www.hiaita.com,成人同人耽美,女频言情/文本小说,9,2024-01-24,24,ZGQ-inc/source_repo|daiaji/LegadoSource|fmpfmp/YueDuBackup|oli-fa/YueDuBackup/master|someok/booksources|xdd666t/MyData|zimkyes/legado_source,,http://www.hiaita.com,超时
📖青花鱼论坛,allccpp.com,成人同人耽美,女频言情/文本小说,9,2024-01-22,1,ZGQ-inc/source_repo,,https://allccpp.com,可达
🔞 魔爪小说,m.mz99.org,成人同人耽美,正版出版/女频言情/文本小说,9,2024-01-16,1,ZGQ-inc/source_repo,,https://m.mz99.org,超时
📖海棠文学,www.haitangbook.com,成人同人耽美,正版出版/女频言情/文本小说,9,2024-01-15,1,ZGQ-inc/source_repo,是,https://www.haitangbook.com,可达
耽美小说,m.yjzhy.com,成人同人耽美,女频言情/文本小说,9,2024-01-11,13,ZGQ-inc/source_repo|aoaostar/legado|oli-fa/YueDuBackup/master|pindaCrazy/BookSourceForReader3.0|xdd666t/MyData|zimkyes/legado_source,,http://m.yjzhy.com,异常状态
🎈海棠搜书「PO文」2,www.haiwanss.net,成人同人耽美,正版出版/女频言情/文本小说,9,2024-01-08,1,ZGQ-inc/source_repo,,https://www.haiwanss.net,可达
📖💗海棠搜书🚩,www.gohaiwan.net,成人同人耽美,正版出版/女频言情/文本小说,9,2024-01-08,1,ZGQ-inc/source_repo,,https://www.gohaiwan.net,连接失败
海棠搜书-δ,www.greysea.net,成人同人耽美,女频言情/文本小说,9,2024-01-08,1,ZGQ-inc/source_repo,,https://www.greysea.net,超时
👔 海棠搜书,www.lanhaiss.cc,成人同人耽美,女频言情/文本小说,9,2024-01-08,1,ZGQ-inc/source_repo,,https://www.lanhaiss.cc,可达
📖 鲤鱼乡,www.dyxinwang.com,成人同人耽美,社区标记失效/女频言情/文本小说,9,2024-01-04,1,ZGQ-inc/source_repo,,http://www.dyxinwang.com,其它错误
🎈海棠搜书「PO文」,www.gohaiwan.com,成人同人耽美,正版出版/女频言情/文本小说,9,2024-01-03,1,ZGQ-inc/source_repo,,https://www.gohaiwan.com,可达
📖 B L 文库2,m.blwenku123.org,成人同人耽美,女频言情/文本小说,9,2024-01-01,1,ZGQ-inc/source_repo,,https://m.blwenku123.org,可达
耽美小说,www.dmxs.top,成人同人耽美,女频言情/文本小说,9,2023-12-31,7,ZGQ-inc/source_repo|daiaji/LegadoSource|oli-fa/YueDuBackup/master|xdd666t/MyData,,https://www.dmxs.top,可达
👔 肉文NP,m.rouwenp.com,成人同人耽美,社区标记失效/女频言情/文本小说,9,2023-12-31,1,ZGQ-inc/source_repo,,https://m.rouwenp.com,可达
🚬 爱他小说,www.hiaita.com,成人同人耽美,女频言情/文本小说,9,2023-12-29,1,ZGQ-inc/source_repo,,https://www.hiaita.com,超时
御宅屋,tinghao4.xyz,成人同人耽美,女频言情/文本小说,9,2023-12-28,1,ZGQ-inc/source_repo,,https://tinghao4.xyz,可达
🔞 地主屋,m.dizhuwu.com,成人同人耽美,社区标记失效/正版出版/女频言情/文本小说,9,2023-12-18,1,ZGQ-inc/source_repo,,https://m.dizhuwu.com,有响应(拦截)
🔥 银卡书屋,m.yinkasw.com,成人同人耽美,站群模板/女频言情/文本小说,9,2023-12-18,3,ZGQ-inc/source_repo,,https://m.yinkasw.com,有响应(拦截)
柚费耽美（发现）,wap.dmwenku.com,成人同人耽美,女频言情/文本小说,9,2023-12-10,3,ZGQ-inc/source_repo|aoaostar/legado,,https://wap.dmwenku.com,连接失败
柚费耽美（发现）,m.dmx5.com,成人同人耽美,女频言情/文本小说,9,2023-12-10,5,ZGQ-inc/source_repo|aoaostar/legado,,https://m.dmx5.com,连接失败
柚费耽美5,xiyou.lfunv.com,成人同人耽美,女频言情/文本小说,9,2023-12-09,6,ZGQ-inc/source_repo|aoaostar/legado|oli-fa/YueDuBackup/master,,https://xiyou.lfunv.com#yuan1107,超时
👔 晚日寒鸦,danmeirouwen.net,成人同人耽美,社区标记失效/女频言情/文本小说,9,2023-12-09,1,ZGQ-inc/source_repo,是,https://danmeirouwen.net,可达
🔥 吾爱耽美🈲,m.52dmshu.com,成人同人耽美,社区标记失效/女频言情/文本小说,9,2023-12-07,5,ZGQ-inc/source_repo|oli-fa/YueDuBackup/master|xdd666t/MyData,,http://m.52dmshu.com#一程,可达
🔥 吾爱耽美🈲,m.52dmshu.com,成人同人耽美,女频言情/文本小说,9,2023-12-07,4,ZGQ-inc/source_repo|oli-fa/YueDuBackup/master|xdd666t/MyData,,http://m.52dmshu.com,可达
🔞腐小说网,www.fxshu.org,成人同人耽美,站群模板/社区标记失效/女频言情/文本小说,9,2023-12-05,16,ZGQ-inc/source_repo|daiaji/LegadoSource|e101406/booksources/master|oli-fa/YueDuBackup/master|xdd666t/MyData,,https://www.fxshu.org,可达
🔞 五二书屋,www.52shuwu.net,成人同人耽美,站群模板/女频言情/文本小说,9,2023-12-05,2,ZGQ-inc/source_repo,,https://www.52shuwu.net,可达
🔥 肉肉屋,wap.rourouwu.com,成人同人耽美,女频言情/文本小说,9,2023-12-05,1,ZGQ-inc/source_repo,,https://wap.rourouwu.com,可达
📖 爱男孩帅哥,aiboy.cc,成人同人耽美,女频言情/文本小说,9,2023-12-02,14,ZGQ-inc/source_repo|daiaji/LegadoSource|fmpfmp/YueDuBackup|oli-fa/YueDuBackup/master|xdd666t/MyData,,https://aiboy.cc,超时
腐文小说2,www.fxshu.org,成人同人耽美,女频言情/文本小说,9,2023-11-17,11,ZGQ-inc/source_repo|daiaji/LegadoSource|oli-fa/YueDuBackup/master|xdd666t/MyData,,http://www.fxshu.org/,可达
柚费耽美7,xiyou.lfunv.com,成人同人耽美,女频言情/文本小说,9,2023-11-17,5,ZGQ-inc/source_repo|aoaostar/legado,,https://xiyou.lfunv.com#yc1101,超时
柚费耽美3,xiyou.lfunv.com,成人同人耽美,女频言情/文本小说,9,2023-11-17,5,ZGQ-inc/source_repo|aoaostar/legado,,https://xiyou.lfunv.com#♤yuan,超时
腐书宅,m.fushuzhai.cc,成人同人耽美,女频言情/文本小说,9,2023-11-15,1,ZGQ-inc/source_repo,是,https://m.fushuzhai.cc,可达
🍊 腐文阁pc,www.fuwenge.com,成人同人耽美,女频言情/文本小说,9,2023-11-10,11,ZGQ-inc/source_repo|aoaostar/legado|oli-fa/YueDuBackup/master|xdd666t/MyData,,https://www.fuwenge.com,可达
耽美书斋<dmshuzhai>,www.danmeishuzhai.com,成人同人耽美,社区标记失效/女频言情/文本小说,9,2023-11-09,1,ZGQ-inc/source_repo,,http://www.danmeishuzhai.com,可达
晋江耽美,m.jjwxc.net,成人同人耽美,社区标记失效/正版出版/女频言情/文本小说,9,2023-11-09,4,ZGQ-inc/source_repo|oli-fa/YueDuBackup/master|xdd666t/MyData|zimkyes/legado_source,,https://m.jjwxc.net##耽美,可达
🍺 酷鱼小说,m.kuyuxs.com,成人同人耽美,女频言情/文本小说,9,2023-11-03,1,ZGQ-inc/source_repo,,https://m.kuyuxs.com,可达
第七书,diqishu.net,成人同人耽美,女频言情/文本小说,9,2023-10-27,1,ZGQ-inc/source_repo,,https://diqishu.net,可达
👔 海棠书房,www.hetang123.com,成人同人耽美,女频言情/文本小说,9,2023-10-27,1,ZGQ-inc/source_repo,,https://www.hetang123.com,可达
📖 B L 文库,m.blwenla.com,成人同人耽美,女频言情/文本小说,9,2023-10-27,1,ZGQ-inc/source_repo,,https://m.blwenla.com,连接失败
👔 海棠书屋,www.myhaitang.xyz,成人同人耽美,站群模板/女频言情/文本小说,9,2023-10-27,1,ZGQ-inc/source_repo,,https://www.myhaitang.xyz,可达
>耽美文库,www.dmwenba.com,成人同人耽美,女频言情/文本小说,9,2023-09-28,1,ZGQ-inc/source_repo,,https://www.dmwenba.com##,可达
☘️🔞BL书阁🔞☘️,www.blshuge.com,成人同人耽美,文本小说,9,2023-09-08,5,ZGQ-inc/source_repo|aoaostar/legado|oli-fa/YueDuBackup/master,,https://www.blshuge.com#响海,可达
po18vip.cloud #md,m.po18vip.cloud,成人同人耽美,社区标记失效/女频言情/文本小说,9,2023-09-01,3,ZGQ-inc/source_repo|oli-fa/YueDuBackup/master|xdd666t/MyData,是,https://m.po18vip.cloud,可达
腐书堂,www.fushutang.com,成人同人耽美,女频言情/文本小说,9,2023-08-17,1,ZGQ-inc/source_repo,,https://www.fushutang.com,可达
耽美小说🎃,www.dmxs.org,成人同人耽美,女频言情/文本小说,9,2023-08-03,1,ZGQ-inc/source_repo,,https://www.dmxs.org#🎃,可达
🚬 我的书架,www.wodeshujia.net,成人同人耽美,社区标记失效/女频言情/文本小说,9,2023-07-13,8,ZGQ-inc/source_repo|daiaji/LegadoSource|oli-fa/YueDuBackup/master|xdd666t/MyData,是,https://www.wodeshujia.net,可达
⌨耽美小说,www.dmxs.org,成人同人耽美,女频言情/文本小说,9,2023-05-30,1,ZGQ-inc/source_repo,,http://www.dmxs.org##旅途,可达
👔 耽美小说,www.yjzhy.com,成人同人耽美,社区标记失效/女频言情/文本小说,9,2023-05-16,9,ZGQ-inc/source_repo|aikankankanhhh998/shuxiangzhijiayuan|daiaji/LegadoSource|oli-fa/YueDuBackup/master|xdd666t/MyData,,http://www.yjzhy.com,异常状态
🎈牛站小说「PO文」,www.niuzhanxs.com,成人同人耽美,社区标记失效/女频言情/文本小说,9,2023-05-04,9,ZGQ-inc/source_repo|oli-fa/YueDuBackup/master|xdd666t/MyData|zimkyes/legado_source|zmn001125/booksources,,http://www.niuzhanxs.com,可达
📖 耽美书斋,www.dmshuzhai.com,成人同人耽美,女频言情/文本小说,9,2023-04-09,20,ZGQ-inc/source_repo|daiaji/LegadoSource|oli-fa/YueDuBackup/master|someok/booksources|xdd666t/MyData|zimkyes/legado_source,,http://www.dmshuzhai.com,可达
🔖乐文小说①,www.lewenge.org,成人同人耽美,社区推荐/女频言情/文本小说,9,2023-04-08,10,ZGQ-inc/source_repo|oli-fa/YueDuBackup/master|xdd666t/MyData|zimkyes/legado_source,,http://www.lewenge.org,超时
🔖耽美小说①,m.dmwx.org,成人同人耽美,社区标记失效/女频言情/文本小说,9,2023-03-13,5,ZGQ-inc/source_repo|oli-fa/YueDuBackup/master|xdd666t/MyData,,https://m.dmwx.org,连接失败
☘️耽美书斋☘️,www.dmshuzhai.com,成人同人耽美,女频言情/文本小说,9,2023-03-13,2,ZGQ-inc/source_repo|oli-fa/YueDuBackup/master,,http://www.dmshuzhai.com#响海,可达
🚬 海棠书屋③,haitang123.co,成人同人耽美,站群模板/社区标记失效/女频言情/文本小说,9,2023-02-17,4,ZGQ-inc/source_repo|aoaostar/legado|xdd666t/MyData,,https://haitang123.co#修复,超时
🔥 耽美小说①,www.dmxs.me,成人同人耽美,女频言情/文本小说,9,2022-12-29,34,ZGQ-inc/source_repo|aikankankanhhh998/shuxiangzhijiayuan|aoaostar/legado|e101406/booksources/master|oli-fa/YueDuBackup/master|someok/booksources|xdd666t/MyData|zimkyes/legado_source,,https://www.dmxs.me,可达
耽美小说①,www.dmxs.me,成人同人耽美,女频言情/文本小说,9,2022-12-06,24,ZGQ-inc/source_repo|aikankankanhhh998/shuxiangzhijiayuan|e101406/booksources/master|oli-fa/YueDuBackup/master|someok/booksources|xdd666t/MyData|zimkyes/legado_source,,http://www.dmxs.me,可达
耽美书包🎃,www.shubao1.cc,成人同人耽美,女频言情/文本小说,9,2022-11-13,1,ZGQ-inc/source_repo,,http://www.shubao1.cc#🎃,可达
🚬 耽美书屋,www.rouroushu.com,成人同人耽美,站群模板/女频言情/文本小说,9,2022-11-12,22,ZGQ-inc/source_repo|fmpfmp/YueDuBackup|oevery/Source/master|oli-fa/YueDuBackup/master|xdd666t/MyData,,https://www.rouroushu.com,可达
☘️耽美小说网☘️,m.dmwx.org,成人同人耽美,站群模板/女频言情/文本小说,9,2022-09-24,2,ZGQ-inc/source_repo|oli-fa/YueDuBackup/master,,https://m.dmwx.org#响海,连接失败
🔥 耽美小说①,dmxs.me,成人同人耽美,女频言情/文本小说,9,2022-09-20,6,ZGQ-inc/source_repo|aoaostar/legado|oli-fa/YueDuBackup/master|xdd666t/MyData|zimkyes/legado_source,,http://dmxs.me,可达
㊕ ✾耽美书斋 #一程,www.dmshuzhai.com,成人同人耽美,女频言情/文本小说,9,2022-09-03,2,ZGQ-inc/source_repo|oli-fa/YueDuBackup/master,,http://www.dmshuzhai.com#♤,可达
㊕ ✾耽美书斋 #一程,www.dmshuzhai.com,成人同人耽美,社区推荐/女频言情/文本小说,9,2022-08-19,1,ZGQ-inc/source_repo,,http://www.dmshuzhai.com#♤yc,可达
🍑 腐文小说✈,m.u6k6.com,成人同人耽美,女频言情/文本小说,9,2022-07-08,3,ZGQ-inc/source_repo|oli-fa/YueDuBackup/master|xdd666t/MyData,,https://m.u6k6.com,可达
☘️耽美小说网☘️,m.88danmei.net,成人同人耽美,站群模板/女频言情/文本小说,9,2022-04-03,1,ZGQ-inc/source_repo,,https://m.88danmei.net#响海,连接失败
☘️就要耽美网☘️,m.521danmei.net,成人同人耽美,女频言情/文本小说,9,2022-03-24,2,ZGQ-inc/source_repo|oli-fa/YueDuBackup/master,,http://m.521danmei.net#响海,异常状态
🎋耽美小说网🎋,m.wcsczx.com,成人同人耽美,站群模板/女频言情/文本小说,9,2022-03-19,1,ZGQ-inc/source_repo,,http://m.wcsczx.com/,超时
💰 豆腐阅读,m.doufu.douhuayuedu.com,成人同人耽美,女频言情/文本小说,9,2022-01-30,1,ZGQ-inc/source_repo,,https://m.doufu.douhuayuedu.com,连接失败
💵 晋江APP[耽美],android.jjwxc.net,成人同人耽美,社区标记失效/正版出版/女频言情/文本小说,9,2022-01-25,1,ZGQ-inc/source_repo,,https://android.jjwxc.net/耽美标签,其它错误
㊕ ✾耽美书包 #一程,www.shubao1.cc,成人同人耽美,社区标记失效/女频言情/文本小说,9,2021-12-28,1,ZGQ-inc/source_repo,,http://www.shubao1.cc#♤yc,可达
㊕ ✾耽美书包 #一程1101,www.shubao1.cc,成人同人耽美,社区标记失效/女频言情/文本小说,9,2021-12-28,1,ZGQ-inc/source_repo,,http://www.shubao1.cc#yc1101,可达
🔞 耽美肉文,www.ztgauntong.com,成人同人耽美,女频言情/文本小说,9,2021-11-29,4,ZGQ-inc/source_repo|oli-fa/YueDuBackup/master|someok/booksources,,http://www.ztgauntong.com,可达
💰 豆腐,www.doufu.la,成人同人耽美,女频言情/文本小说,9,2021-11-28,16,ZGQ-inc/source_repo|fmpfmp/YueDuBackup|oli-fa/YueDuBackup/master|someok/booksources,,https://www.doufu.la,连接失败
耽美肉文(修复段落错位),danmeirouwen.com,成人同人耽美,女频言情/文本小说,9,2021-11-13,3,ZGQ-inc/source_repo,,http://danmeirouwen.com,异常状态
🍥繁星四月,www.fuxs1.com,成人同人耽美,女频言情/文本小说,9,2021-11-07,9,ZGQ-inc/source_repo|aoaostar/legado|oli-fa/YueDuBackup/master|someok/booksources,,http://www.fuxs1.com,可达
🔥 耽美小说③,www.book8.bid,成人同人耽美,正版出版/女频言情/文本小说,9,2021-11-07,2,ZGQ-inc/source_repo|someok/booksources,,http://www.book8.bid,可达
🖤㊣ 晋江详榜◆耽美♂♂ ♛♛♛♚,m.jjwxc.net,成人同人耽美,正版出版/女频言情/文本小说,9,2021-10-30,1,ZGQ-inc/source_repo,,https://m.jjwxc.net/#sbl乃星迷迭edit-xbbl,可达
🖤㊣ 晋江耽美♂♂▪︎标签 ♛♛♛♚,m.jjwxc.net,成人同人耽美,正版出版/女频言情/文本小说,9,2021-10-30,1,ZGQ-inc/source_repo,,https://m.jjwxc.net/#md101-bl,可达
㊕ ✾耽美小说② #一程,www.dmxs.me,成人同人耽美,女频言情/文本小说,9,2021-10-12,2,ZGQ-inc/source_repo|oli-fa/YueDuBackup/master,,http://www.dmxs.me#♤yc,可达
㊕ ✾耽美书斋 #一程1101,www.dmshuzhai.com,成人同人耽美,社区推荐/女频言情/文本小说,9,2021-10-12,1,ZGQ-inc/source_repo,,http://www.dmshuzhai.com#yc1101,可达
💵 晋江[耽美标签],m.jjwxc.net,成人同人耽美,正版出版/女频言情/文本小说,9,2021-10-01,1,ZGQ-inc/source_repo,,https://m.jjwxc.net/耽美标签,其它错误
🚬 第一版主,www.banzhu123.com,成人同人耽美,女频言情/文本小说,9,2021-09-30,2,ZGQ-inc/source_repo,,http://www.banzhu123.com,可达
🚬 耽美小说①,www.danmei.la,成人同人耽美,女频言情/文本小说,9,2021-09-29,10,ZGQ-inc/source_repo|fmpfmp/YueDuBackup|oli-fa/YueDuBackup/master|xdd666t/MyData,,https://www.danmei.la,可达
🍑 易成小说网,www.ecnovel.com,成人同人耽美,站群模板/女频言情/文本小说,9,2021-09-26,1,ZGQ-inc/source_repo,,https://www.ecnovel.com,异常状态
🚬 御宅屋bl[仅发现],yzwbl.com,成人同人耽美,文本小说,9,2021-09-24,5,ZGQ-inc/source_repo|oli-fa/YueDuBackup/master,,https://yzwbl.com,有响应(拦截)
💵 晋江[耽美完结],m.jjwxc.net,成人同人耽美,正版出版/女频言情/文本小说,9,2021-09-18,1,ZGQ-inc/source_repo,,https://m.jjwxc.net/耽美完结,其它错误
🍑 耽美小说,www.yxyxt.com,成人同人耽美,女频言情/文本小说,9,2021-09-10,1,ZGQ-inc/source_repo,,https://www.yxyxt.com,连接失败
🍑 海棠书屋,m.33bk.cn,成人同人耽美,站群模板/女频言情/文本小说,9,2021-09-10,8,ZGQ-inc/source_repo|oli-fa/YueDuBackup/master,,http://m.33bk.cn,可达
🍑 笔笔文学,m.bibiwxx.com,成人同人耽美,女频言情/文本小说,9,2021-09-08,3,ZGQ-inc/source_repo|oli-fa/YueDuBackup/master|someok/booksources,,http://m.bibiwxx.com,异常状态
📡 饭饭论坛,bbs.fanfanf.com,成人同人耽美,社区推荐/女频言情/文本小说,9,2021-09-08,7,ZGQ-inc/source_repo|oli-fa/YueDuBackup/master,,https://bbs.fanfanf.com,连接失败
🍑 腐文H,www.fuwenh.com,成人同人耽美,女频言情/文本小说,9,2021-09-08,7,ZGQ-inc/source_repo|oli-fa/YueDuBackup/master,,https://www.fuwenh.com,超时
🍑 就要耽美网,m.521danmei.org,成人同人耽美,女频言情/文本小说,9,2021-09-07,5,ZGQ-inc/source_repo|fmpfmp/YueDuBackup|oli-fa/YueDuBackup/master|someok/booksources,,http://m.521danmei.org,有响应(拦截)
🚬 PO市集①,www.x8txt.com,成人同人耽美,女频言情/文本小说,9,2021-09-06,1,ZGQ-inc/source_repo,,http://www.x8txt.com,可达
🍑 少数派文库,sspwenku.com,成人同人耽美,女频言情/文本小说,9,2021-09-06,7,ZGQ-inc/source_repo|oli-fa/YueDuBackup/master|someok/booksources,,https://sspwenku.com,连接失败
🍑 甜梦文库①,www.tianmengwenku.info,成人同人耽美,女频言情/文本小说,9,2021-09-06,7,ZGQ-inc/source_repo|oli-fa/YueDuBackup/master|someok/booksources,,https://www.tianmengwenku.info,连接失败
🍑 起源小说网[仅发现],www.gzqiyuan.com,成人同人耽美,站群模板/女频言情/文本小说,9,2021-09-03,7,ZGQ-inc/source_repo|e101406/booksources/master|oli-fa/YueDuBackup/master,,www.gzqiyuan.com,可达
🍑 书朋网✈,m.txtle.com,成人同人耽美,女频言情/文本小说,9,2021-09-03,15,ZGQ-inc/source_repo|e101406/booksources/master|oli-fa/YueDuBackup/master,,https://m.txtle.com,超时
腐书宅.fushuzhai1.com,m.fushuzhai.com,成人同人耽美,社区标记失效/女频言情/文本小说,9,2021-08-16,1,ZGQ-inc/source_repo,,https://m.fushuzhai.com,连接失败
🔆书家文学🌱🏮⚔️,www.bookjia.com,成人同人耽美,正版出版/女频言情/文本小说,9,2021-08-14,7,ZGQ-inc/source_repo|oli-fa/YueDuBackup/master,,http://www.bookjia.com/,可达
🔆顶点书吧🌱,www.eraybook.com,成人同人耽美,站群模板/正版出版/女频言情/文本小说,9,2021-08-13,6,ZGQ-inc/source_repo|oli-fa/YueDuBackup/master,,http://www.eraybook.com/,可达
耽美小说,www.bookbl.com,成人同人耽美,正版出版/女频言情/文本小说,9,2021-07-18,24,ZGQ-inc/source_repo|fmpfmp/YueDuBackup|oevery/Source/master|oli-fa/YueDuBackup/master|xdd666t/MyData,,http://www.bookbl.com,可达
b🎉铅笔小说#玄奇 bak,www.x23qb.com,成人同人耽美,女频言情/文本小说,9,2021-07-01,1,ZGQ-inc/source_repo,,https://www.x23qb.com#玄奇,可达
a💰晋江▪耽美 分类标签💜💜💜#乃星🅰app?,m.jjwxc.net,成人同人耽美,正版出版/女频言情/文本小说,9,2021-06-28,1,ZGQ-inc/source_repo,,https://m.jjwxc.net/♂♂#乃星,其它错误
🌸少年书屋💙💙💙,www.shaonianshuwu.org,成人同人耽美,站群模板/社区推荐/正版出版/女频言情/文本小说,9,2021-06-26,1,ZGQ-inc/source_repo,,https://www.shaonianshuwu.org#乃星111,超时
腐书网🙆,wap.fushuwang.org,成人同人耽美,站群模板/女频言情/文本小说,9,2021-06-14,8,ZGQ-inc/source_repo|fmpfmp/YueDuBackup|oli-fa/YueDuBackup/master,,https://wap.fushuwang.org,可达
31小说,m.31xs.com,成人同人耽美,女频言情/文本小说,9,2021-05-19,12,ZGQ-inc/source_repo|oli-fa/YueDuBackup/master,,http://m.31xs.com,有响应(拦截)
🔥 耽美书包,www.shubao1.cc,成人同人耽美,社区标记失效/女频言情/文本小说,9,2021-03-21,1,ZGQ-inc/source_repo,,http://www.shubao1.cc#一程,可达
🔥 耽美书斋,www.dmshuzhai.com,成人同人耽美,社区推荐/女频言情/文本小说,9,2021-03-21,1,ZGQ-inc/source_repo,,http://www.dmshuzhai.com#一程,可达
🔥 腐文H,www.fuwenh.com,成人同人耽美,社区标记失效/女频言情/文本小说,9,2021-03-21,1,ZGQ-inc/source_repo,,https://www.fuwenh.com#一程,可达
🔥 耽美,www.danmeiwang.com,成人同人耽美,社区标记失效/女频言情/文本小说,9,2021-03-21,1,ZGQ-inc/source_repo,,http://www.danmeiwang.com#一程,异常状态
💵 晋江[耽美],m.jjwxc.net,成人同人耽美,社区标记失效/正版出版/女频言情/文本小说,9,2021-02-24,3,ZGQ-inc/source_repo|aoaostar/legado,,"https://m.jjwxc.net/channel/index/,",可达
🍑 当书网,m.downbook.org,成人同人耽美,站群模板/正版出版/女频言情/文本小说,9,2021-02-19,3,ZGQ-inc/source_repo|oli-fa/YueDuBackup/master,,https://m.downbook.org,可达
🔥 福书网②,www.fushutuan.com,成人同人耽美,站群模板/女频言情/文本小说,9,2021-02-16,2,ZGQ-inc/source_repo|oli-fa/YueDuBackup/master,,https://www.fushutuan.com,连接失败
🔥 BL文库②,www.ruilisale.com,成人同人耽美,女频言情/文本小说,9,2021-02-16,2,ZGQ-inc/source_repo|oli-fa/YueDuBackup/master,,http://www.ruilisale.com,异常状态
📖 雷姆,novel.crazyideal.com,成人同人耽美,女频言情/文本小说,9,2021-02-16,4,ZGQ-inc/source_repo|oli-fa/YueDuBackup/master,,https://novel.crazyideal.com,超时
🍑 御宅屋网,m.yuzhaiwuww.com,成人同人耽美,女频言情/文本小说,9,2021-02-04,3,ZGQ-inc/source_repo|oli-fa/YueDuBackup/master,,http://m.yuzhaiwuww.com,异常状态
🍑 趣耽美[仅发现],www.qudanmei.com,成人同人耽美,女频言情/文本小说,9,2021-02-01,2,ZGQ-inc/source_repo|oli-fa/YueDuBackup/master,,http://www.qudanmei.com,异常状态
🍑 御书阁,www.yuzhaige.cc,成人同人耽美,女频言情/文本小说,9,2021-02-01,1,ZGQ-inc/source_repo,,http://www.yuzhaige.cc,异常状态
🍑 腐国度520[仅发现],m.fuguodu520.com,成人同人耽美,女频言情/文本小说,9,2021-02-01,6,ZGQ-inc/source_repo|fmpfmp/YueDuBackup|oli-fa/YueDuBackup/master,,http://m.fuguodu520.com,可达
耽美文,bl-novel.in。,成人同人耽美,女频言情/文本小说,9,2021-01-01,1,ZGQ-inc/source_repo,,https://bl-novel.in。,其它错误
甜梦文,www.tianmengwen.com,成人同人耽美,女频言情/文本小说,9,2020-12-27,1,ZGQ-inc/source_repo,,http://www.tianmengwen.com,超时
🍑 BL文库TV,www.blwenku.tv,成人同人耽美,女频言情/文本小说,9,2020-12-24,1,ZGQ-inc/source_repo,,https://www.blwenku.tv,可达
寒纪武年,wap.hanwujinian.com,成人同人耽美,女频言情/文本小说,9,2020-12-10,6,ZGQ-inc/source_repo|fmpfmp/YueDuBackup|oli-fa/YueDuBackup/master,,https://wap.hanwujinian.com,可达
🍑 52书库[仅发现],www.52shuku.com,成人同人耽美,女频言情/文本小说,9,2020-12-01,14,ZGQ-inc/source_repo|fmpfmp/YueDuBackup|oevery/Source/master|oli-fa/YueDuBackup/master|xdd666t/MyData,,https://www.52shuku.com,可达
小说神站,www.xiaoshuoshenzhan.com,成人同人耽美,女频言情/文本小说,9,2020-11-23,2,ZGQ-inc/source_repo|oli-fa/YueDuBackup/master,,http://www.xiaoshuoshenzhan.com,异常状态
少数派,sspwk.com,成人同人耽美,女频言情/文本小说,9,2020-11-23,4,ZGQ-inc/source_repo|e101406/booksources/master|oli-fa/YueDuBackup/master,,https://sspwk.com,连接失败
逐风&陌上,www.zfbook.net,成人同人耽美,正版出版/女频言情/文本小说,9,2020-11-22,2,ZGQ-inc/source_repo|oli-fa/YueDuBackup/master,,https://www.zfbook.net,连接失败
美文网,www.365mww.com,成人同人耽美,女频言情/文本小说,9,2020-11-11,1,ZGQ-inc/source_repo,,http://www.365mww.com,超时
🍑 鲤鱼乡②,www.liyuxiang2020.com,成人同人耽美,女频言情/文本小说,9,2020-11-10,6,ZGQ-inc/source_repo|oli-fa/YueDuBackup/master,,http://www.liyuxiang2020.com,异常状态
🍑 御宅屋③,m.yuzhaiwu123.xyz,成人同人耽美,女频言情/文本小说,9,2020-11-10,4,ZGQ-inc/source_repo|fmpfmp/YueDuBackup|oli-fa/YueDuBackup/master,,http://m.yuzhaiwu123.xyz,可达
🍑 谜语书屋,h5.miyushu.com,成人同人耽美,站群模板/女频言情/文本小说,9,2020-10-25,9,ZGQ-inc/source_repo|fmpfmp/YueDuBackup|oli-fa/YueDuBackup/master,,https://h5.miyushu.com,连接失败
🚬 就爱耽美[仅发现],m.521danmei.cc,成人同人耽美,女频言情/文本小说,9,2020-10-18,23,ZGQ-inc/source_repo|fmpfmp/YueDuBackup|oevery/Source/master|oli-fa/YueDuBackup/master|xdd666t/MyData,,http://m.521danmei.cc,异常状态
🍑 美文网[仅发现],m.365mww.com,成人同人耽美,女频言情/文本小说,9,2020-10-18,6,ZGQ-inc/source_repo|fmpfmp/YueDuBackup|oli-fa/YueDuBackup/master,,http://m.365mww.com,可达
🍑 久久,www.jjxs.la,成人同人耽美,女频言情/文本小说,9,2020-10-17,13,ZGQ-inc/source_repo|fmpfmp/YueDuBackup|oevery/Source/master|oli-fa/YueDuBackup/master|xdd666t/MyData,,https://www.jjxs.la,连接失败
🍑 御书阁[仅发现],www.yuzhaige.org,成人同人耽美,女频言情/文本小说,9,2020-10-16,2,ZGQ-inc/source_repo|oli-fa/YueDuBackup/master,,http://www.yuzhaige.org,异常状态
🍑 鲤鱼乡①,www.liyuxiang123.net,成人同人耽美,女频言情/文本小说,9,2020-10-15,2,ZGQ-inc/source_repo|oli-fa/YueDuBackup/master,,http://www.liyuxiang123.net,可达
🍑 傅书网,www.fushu6.com,成人同人耽美,站群模板/女频言情/文本小说,9,2020-10-06,7,ZGQ-inc/source_repo|fmpfmp/YueDuBackup|oli-fa/YueDuBackup/master,,https://www.fushu6.com,连接失败
🍑 笔趣阁格格,m.fanfanxs.com,成人同人耽美,站群模板/女频言情/文本小说,9,2020-10-03,10,ZGQ-inc/source_repo|fmpfmp/YueDuBackup|oli-fa/YueDuBackup/master|xdd666t/MyData,,https://m.fanfanxs.com,可达
🍑 耽美小说网,www.dmxswang.com,成人同人耽美,站群模板/女频言情/文本小说,9,2020-10-02,2,ZGQ-inc/source_repo|oli-fa/YueDuBackup/master,,http://www.dmxswang.com,异常状态
🍑 幅书吧,www.fushubw.com,成人同人耽美,站群模板/女频言情/文本小说,9,2020-09-30,2,ZGQ-inc/source_repo|oli-fa/YueDuBackup/master,,http://www.fushubw.com,异常状态
🎃腐小说🎃#4,www.fuxs3.cc,成人同人耽美,女频言情/文本小说,9,未知,1,ZGQ-inc/source_repo,,http://www.fuxs3.cc#🎃,可达
🎃吾爱耽美🎃,www.52dmshu.com,成人同人耽美,女频言情/文本小说,9,未知,1,ZGQ-inc/source_repo,,http://www.52dmshu.com#🎃,可达
🎃耽美文学城🎃,m.dmwxc.cc,成人同人耽美,女频言情/文本小说,9,未知,1,ZGQ-inc/source_repo,,https://m.dmwxc.cc#🎃,异常状态
🎃BL腐书网🎃,m.rh-kids.com,成人同人耽美,站群模板/女频言情/文本小说,9,未知,1,ZGQ-inc/source_repo,,http://m.rh-kids.com#🎃,其它错误
🎃耽美书斋🎃,www.dmsz.cc,成人同人耽美,女频言情/文本小说,9,未知,1,ZGQ-inc/source_repo,,http://www.dmsz.cc#🎃,可达
256中文【耽美】,www.256zw.org,成人同人耽美,女频言情/文本小说,9,未知,1,ZGQ-inc/source_repo,,https://www.256zw.org/,可达
耽美小说网🎃,www.bengben.com,成人同人耽美,站群模板/女频言情/文本小说,9,未知,1,ZGQ-inc/source_repo,,https://www.bengben.com#🎃,可达
🎃耽美小说🎃#3,www.dmxs.me,成人同人耽美,女频言情/文本小说,9,未知,1,ZGQ-inc/source_repo,,https://www.dmxs.me#🎃,可达
BL小说🎃,m.blpopo.com,成人同人耽美,文本小说,9,未知,1,ZGQ-inc/source_repo,,https://m.blpopo.com#🎃,可达
就要耽美🎃,www.521danmei.org,成人同人耽美,女频言情/文本小说,9,未知,1,ZGQ-inc/source_repo,,http://www.521danmei.org#🎃,有响应(拦截)
耽美小说🎃,m.danmei.info,成人同人耽美,女频言情/文本小说,9,未知,1,ZGQ-inc/source_repo,,https://m.danmei.info#🎃,可达
腐文屋🎃,m.fuwenwu.me,成人同人耽美,女频言情/文本小说,9,未知,1,ZGQ-inc/source_repo,,https://m.fuwenwu.me#🎃,可达
腐文小说🎃#2,www.fxshu.org,成人同人耽美,女频言情/文本小说,9,未知,1,ZGQ-inc/source_repo,,http://www.fxshu.org#🎃,可达
BL小说🎃,m.xtfree1.com,成人同人耽美,文本小说,9,未知,1,ZGQ-inc/source_repo,,https://m.xtfree1.com#🎃,可达
耽美小说网🎃,m.blxsw.cc,成人同人耽美,站群模板/女频言情/文本小说,9,未知,1,ZGQ-inc/source_repo,,https://m.blxsw.cc#🎃,可达
耽美文吧🎃,wap.dmwenba.com,成人同人耽美,女频言情/文本小说,9,未知,1,ZGQ-inc/source_repo,,https://wap.dmwenba.com#🎃,可达
腐文阁🎃,m.fuwenge.com,成人同人耽美,女频言情/文本小说,9,未知,1,ZGQ-inc/source_repo,,https://m.fuwenge.com#🎃,超时
小说旗,www.xs7.org,成人同人耽美,女频言情/文本小说,9,未知,1,ZGQ-inc/source_repo,,https://www.xs7.org,有响应(拦截)
腐读阁,m.ffuduge.com,成人同人耽美,女频言情/文本小说,9,未知,2,ZGQ-inc/source_repo|oli-fa/YueDuBackup/master,,https://m.ffuduge.com,连接失败
BL小说网,m.bl5xs.net,成人同人耽美,站群模板/文本小说,9,未知,2,ZGQ-inc/source_repo|oli-fa/YueDuBackup/master,,http://m.bl5xs.net,异常状态
非常爱漫,www.veryimapp.com,成人同人耽美,女频言情/文本小说,9,未知,1,ZGQ-inc/source_repo,,http://www.veryimapp.com,异常状态
🔥 霹雳书坊,m.pilishufang.com,成人同人耽美,女频言情/文本小说,9,未知,1,ZGQ-inc/source_repo,,https://m.pilishufang.com,可达
🔥 御宅屋,yuemomo.com,成人同人耽美,女频言情/文本小说,9,未知,1,ZGQ-inc/source_repo,,https://yuemomo.com,可达
è¡å¢¨è½©,www.yanmoxuan.orgããã,成人同人耽美,女频言情/文本小说,9,未知,1,ZGQ-inc/source_repo,,https://www.yanmoxuan.orgããã,其它错误
耽美小说②,www.guichew.com,成人同人耽美,女频言情/文本小说,9,未知,1,ZGQ-inc/source_repo,,http://www.guichew.com,异常状态
腐文书,www.fuwenshu.com,成人同人耽美,女频言情/文本小说,9,未知,1,ZGQ-inc/source_repo,,https://www.fuwenshu.com,可达
豆腐文学,www.doufu.me,成人同人耽美,女频言情/文本小说,8,2025-07-25,14,ZGQ-inc/source_repo|aoaostar/legado|daiaji/LegadoSource,,https://www.doufu.me,有响应(拦截)
bl小说,www.bldian.com,成人同人耽美,文本小说,8,2025-07-17,2,ZGQ-inc/source_repo,,https://www.bldian.com,可达
🌸耽美小说,m.blxsw.foreverx.cn,成人同人耽美,社区推荐/女频言情/文本小说,8,2025-07-05,4,ZGQ-inc/source_repo|zmn001125/booksources,,http://m.blxsw.foreverx.cn,异常状态
🎈耽美小说,danmeirouwen.net,成人同人耽美,女频言情/文本小说,8,2025-07-05,12,ZGQ-inc/source_repo|aoaostar/legado|daiaji/LegadoSource|xdd666t/MyData|zimkyes/legado_source|zmn001125/booksources,,http://danmeirouwen.net,可达
耽美书包🎃,m.shubao1.cc,成人同人耽美,女频言情/文本小说,8,2025-06-24,2,ZGQ-inc/source_repo,,http://m.shubao1.cc#🎃,可达
🌸小红书【耽美】@任尚仁,web5g.litehongshu.com,成人同人耽美,女频言情/文本小说,8,2025-06-24,2,ZGQ-inc/source_repo,,https://web5g.litehongshu.com,连接失败
BL小说网,www.bl5xs.net,成人同人耽美,站群模板/文本小说,8,2025-06-24,1,ZGQ-inc/source_repo,,https://www.bl5xs.net,有响应(拦截)
耽美小说,m.dmxsw.org,成人同人耽美,女频言情/文本小说,8,2025-06-14,2,ZGQ-inc/source_repo,,https://m.dmxsw.org,可达
百合论坛,bbs.yamibo.com,成人同人耽美,女频言情/文本小说,8,2025-06-11,10,ZGQ-inc/source_repo|aoaostar/legado|oli-fa/YueDuBackup/master|xdd666t/MyData|zmn001125/booksources,是,https://bbs.yamibo.com,有响应(拦截)
耽美站〈无发现〉,www.aishu9999.com,成人同人耽美,正版出版/女频言情/文本小说,8,2025-05-28,3,ZGQ-inc/source_repo,,https://www.aishu9999.com/,可达
🔰 爱腐文,jfwfd.com,成人同人耽美,女频言情/文本小说,8,2025-04-22,2,ZGQ-inc/source_repo,,https://jfwfd.com,有响应(拦截)
🍑 新世纪小说,www.2100xs.com,成人同人耽美,女频言情/文本小说,8,2024-08-24,39,LM-Firefly/booksource|ZGQ-inc/source_repo|fmpfmp/YueDuBackup|oevery/Source/master|oli-fa/YueDuBackup/master|xdd666t/MyData,,https://www.2100xs.com/,可达
👌 耽美小说,m.dmx5.cc,成人同人耽美,社区推荐/女频言情/文本小说,8,2024-08-11,2,ZGQ-inc/source_repo,,https://m.dmx5.cc,可达
豆腐文学🎃,www.doufu.me,成人同人耽美,女频言情/文本小说,8,2024-05-02,2,ZGQ-inc/source_repo|aoaostar/legado,,https://www.doufu.me#🎃,有响应(拦截)
C P  文库,www.cpwenku.com,成人同人耽美,女频言情/文本小说,8,2024-04-21,35,ZGQ-inc/source_repo|aoaostar/legado|daiaji/LegadoSource|oli-fa/YueDuBackup/master|xdd666t/MyData|zimkyes/legado_source|zmn001125/booksources,,https://www.cpwenku.com/,超时
🌸耽美小说,www.dmwx.org,成人同人耽美,女频言情/文本小说,8,2024-03-05,4,ZGQ-inc/source_repo|daiaji/LegadoSource,,https://www.dmwx.org/,可达
原創星球,www.novelstar.com.tw,成人同人耽美,女频言情/文本小说,8,2024-01-16,1,ZGQ-inc/source_repo,,https://www.novelstar.com.tw,超时
有女名熹,www.tjsyjjzs.com,成人同人耽美,女频言情/文本小说,8,2024-01-10,1,ZGQ-inc/source_repo,,https://www.tjsyjjzs.com/,可达
🔞污书屋(目录验证码),www.wanbenh.com,成人同人耽美,站群模板/社区标记失效/女频言情/文本小说,8,2023-12-09,5,ZGQ-inc/source_repo|oli-fa/YueDuBackup/master|xdd666t/MyData,,https://www.wanbenh.com,可达
🎈高腐屋,gd-lx.com,成人同人耽美,女频言情/文本小说,8,2023-12-09,1,ZGQ-inc/source_repo,,https://gd-lx.com,可达
🎈寂寞书屋,m.jmshuwu.net,成人同人耽美,站群模板/女频言情/文本小说,8,2023-11-03,1,ZGQ-inc/source_repo,,https://m.jmshuwu.net,可达
🍊 耽美小说,www.bookbl.com,成人同人耽美,正版出版/女频言情/文本小说,8,2023-10-27,49,ZGQ-inc/source_repo|fmpfmp/YueDuBackup|oevery/Source/master|oli-fa/YueDuBackup/master|xdd666t/MyData,,https://www.bookbl.com,可达
🔥 就要耽美,m.521danmei.net,成人同人耽美,社区标记失效/女频言情/文本小说,8,2023-10-09,4,ZGQ-inc/source_repo|oli-fa/YueDuBackup/master|xdd666t/MyData|zimkyes/legado_source,是,http://m.521danmei.net,异常状态
👔 耽美小说,m.88danmei.net,成人同人耽美,社区标记失效/女频言情/文本小说,8,2023-09-02,9,ZGQ-inc/source_repo|daiaji/LegadoSource|oli-fa/YueDuBackup/master|someok/booksources|xdd666t/MyData,,https://m.88danmei.net,连接失败
👙欲望社,www.yuwangshe.net,成人同人耽美,女频言情/文本小说,8,2023-09-01,1,ZGQ-inc/source_repo,,https://www.yuwangshe.net,可达
🌸耽美小说,m.88danmei.com,成人同人耽美,社区标记失效/女频言情/文本小说,8,2023-08-13,11,ZGQ-inc/source_repo|aoaostar/legado|daiaji/LegadoSource|oli-fa/YueDuBackup/master|xdd666t/MyData|zmn001125/booksources,,https://m.88danmei.com,可达
🍊耽美小说,m.dmxso.com,成人同人耽美,女频言情/文本小说,8,2023-06-30,1,ZGQ-inc/source_repo,,https://m.dmxso.com##尐哖,超时
🍑 腐文小说,www.u6k6.com,成人同人耽美,社区标记失效/女频言情/文本小说,8,2023-06-03,26,ZGQ-inc/source_repo|fmpfmp/YueDuBackup|oevery/Source/master|oli-fa/YueDuBackup/master|xdd666t/MyData,,https://www.u6k6.com,可达
☘️耽美1☘️,www.fxshu.org,成人同人耽美,女频言情/文本小说,8,2022-03-19,3,ZGQ-inc/source_repo|e101406/booksources/master,,http://www.fxshu.org#响海,可达
✾耽美网 #关耳,www.danmeiwang.com,成人同人耽美,社区标记失效/女频言情/文本小说,8,2021-11-29,10,ZGQ-inc/source_repo|oli-fa/YueDuBackup/master|someok/booksources,,http://www.danmeiwang.com#guaner,异常状态
耽美小说③,www.88danmei.com,成人同人耽美,女频言情/文本小说,8,2021-11-03,2,ZGQ-inc/source_repo|oli-fa/YueDuBackup/master,,https://www.88danmei.com,可达
耽美网,m.danmei.cloud,成人同人耽美,女频言情/文本小说,8,2021-10-14,2,ZGQ-inc/source_repo|oli-fa/YueDuBackup/master,,https://m.danmei.cloud/s.php,连接失败
🍑 若晨文学,搜狗引擎-若晨小说,成人同人耽美,女频言情/文本小说,8,2021-09-24,1,ZGQ-inc/source_repo,,搜狗引擎-若晨小说,其它错误
🍑 无限小说,m.xp7000.com,成人同人耽美,女频言情/文本小说,8,2021-09-24,3,ZGQ-inc/source_repo|oli-fa/YueDuBackup/master,,https://m.xp7000.com,可达
✾.Ⓒ 耽美书包【分卷】 #未月十八1001,www.shubao1.cc,成人同人耽美,社区标记失效/女频言情/文本小说,8,2021-09-20,1,ZGQ-inc/source_repo,,http://www.shubao1.cc#wy18-1001,可达
🍑 BL文网,m.wenkuw9.com,成人同人耽美,女频言情/文本小说,8,2021-09-09,1,ZGQ-inc/source_repo,,http://m.wenkuw9.com,异常状态
🍑 耽美网,m.danmei.cloud,成人同人耽美,女频言情/文本小说,8,2021-09-09,1,ZGQ-inc/source_repo,,https://m.danmei.cloud,连接失败
🍑 55读书,www.55dushu.net,成人同人耽美,女频言情/文本小说,8,2021-09-09,6,ZGQ-inc/source_repo|oli-fa/YueDuBackup/master,,https://www.55dushu.net,超时
🍑 171小说网,www.171xs.com,成人同人耽美,站群模板/女频言情/文本小说,8,2021-09-09,28,ZGQ-inc/source_repo|fmpfmp/YueDuBackup|oevery/Source/master|oli-fa/YueDuBackup/master|xdd666t/MyData,,http://www.171xs.com,可达
🍑 耽美小说吧,m.dmbook7.com,成人同人耽美,社区标记失效/正版出版/女频言情/文本小说,8,2021-08-24,3,ZGQ-inc/source_repo|oli-fa/YueDuBackup/master,,http://m.dmbook7.com,可达
🔆新丝路⭐💢,www.xunsilu.com,成人同人耽美,女频言情/文本小说,8,2021-08-13,3,ZGQ-inc/source_repo|oli-fa/YueDuBackup/master,,https://www.xunsilu.com/,有响应(拦截)
🔆千千小说网,www.qqxsw.la-by dark,成人同人耽美,站群模板/女频言情/文本小说,8,2021-07-31,1,ZGQ-inc/source_repo,,https://www.qqxsw.la-By Dark#onede,连接失败
🌸pkgg,www.zrrr.net,成人同人耽美,女频言情/文本小说,8,2021-06-30,8,ZGQ-inc/source_repo|oli-fa/YueDuBackup/master,,http://www.zrrr.net,超时
🌸耽美坊,www.danmeifang.com,成人同人耽美,女频言情/文本小说,8,2021-06-30,2,ZGQ-inc/source_repo|oli-fa/YueDuBackup/master,,http://www.danmeifang.com,异常状态
🌸无限小说,www.555x.org,成人同人耽美,女频言情/文本小说,8,2021-06-30,18,ZGQ-inc/source_repo|fmpfmp/YueDuBackup|oevery/Source/master|oli-fa/YueDuBackup/master|xdd666t/MyData,,http://www.555x.org,可达
🍑 腐书吧,m.fushu8.cc,成人同人耽美,站群模板/社区标记失效/女频言情/文本小说,8,2021-06-03,2,ZGQ-inc/source_repo|oli-fa/YueDuBackup/master,,http://m.fushu8.cc,异常状态
🌸 101言情,www.txt101.com,成人同人耽美,女频言情/文本小说,8,2021-06-01,1,ZGQ-inc/source_repo,,http://www.txt101.com#grid tr!0,可达
👾七问小说,m.7wxs.com,成人同人耽美,女频言情/文本小说,8,2021-05-05,2,ZGQ-inc/source_repo,,https://m.7wxs.com/,可达
📥 当小说,downbookw.com,成人同人耽美,正版出版/女频言情/文本小说,8,2021-05-04,2,ZGQ-inc/source_repo,,https://downbookw.com,连接失败
五五中文,m.x55zw.org,成人同人耽美,女频言情/文本小说,8,2021-04-19,2,ZGQ-inc/source_repo|oli-fa/YueDuBackup/master,,https://m.x55zw.org,可达
🍑 笔趣阁⑨,m.88685.net,成人同人耽美,站群模板/女频言情/文本小说,8,2021-04-11,1,ZGQ-inc/source_repo,,https://m.88685.net,连接失败
🚬 五二小说网,www.22222xs.net,成人同人耽美,站群模板/女频言情/文本小说,8,2021-04-11,2,ZGQ-inc/source_repo,,http://www.22222xs.net,可达
🚬 po18,m.po18h.com,成人同人耽美,女频言情/文本小说,8,2021-04-11,1,ZGQ-inc/source_repo,,https://m.po18h.com,连接失败
👾新乐文小说,m.lwtxt.net,成人同人耽美,女频言情/文本小说,8,2021-04-06,2,ZGQ-inc/source_repo,,http://m.lwtxt.net,超时
耽美小说2#南笙21.0101,m.dmbook7.com,成人同人耽美,社区标记失效/正版出版/女频言情/文本小说,8,2021-02-19,1,ZGQ-inc/source_repo,,http://m.dmbook7.com#南笙21.0101,可达
🍑 讯读,m.xunread.com,成人同人耽美,女频言情/文本小说,8,2021-02-09,2,ZGQ-inc/source_repo,,http://m.xunread.com,异常状态
🚬 谜语书屋,h5.miyushu.com,成人同人耽美,站群模板/女频言情/文本小说,8,2021-02-08,6,ZGQ-inc/source_repo|fmpfmp/YueDuBackup|oli-fa/YueDuBackup/master,,https://h5.miyushu.com/index.shtml,连接失败
🍑 鲤鱼乡,liyuxiang.me,成人同人耽美,女频言情/文本小说,8,2021-02-04,1,ZGQ-inc/source_repo,,http://liyuxiang.me#type-post,有响应(拦截)
🍑 BL腐书,www.aifushu.com,成人同人耽美,女频言情/文本小说,8,2021-02-04,6,ZGQ-inc/source_repo|fmpfmp/YueDuBackup|oli-fa/YueDuBackup/master,,http://www.aifushu.com,可达
🍑 BL文网,m.wenkuw.com,成人同人耽美,女频言情/文本小说,8,2021-02-04,6,ZGQ-inc/source_repo|fmpfmp/YueDuBackup|oli-fa/YueDuBackup/master,,http://m.wenkuw.com,有响应(拦截)
🍑 菠萝小说,www.boluoxs.com-by dark,成人同人耽美,女频言情/文本小说,8,2021-02-04,10,ZGQ-inc/source_repo|fmpfmp/YueDuBackup|oli-fa/YueDuBackup/master,,https://www.boluoxs.com-By Dark,连接失败
🍑 腐书网,m.fubooks.org,成人同人耽美,站群模板/正版出版/女频言情/文本小说,8,2021-02-04,3,ZGQ-inc/source_repo|oli-fa/YueDuBackup/master,,http://m.fubooks.org,可达
🍑 小书屋,www.xsw55.com,成人同人耽美,站群模板/女频言情/文本小说,8,2020-12-25,6,ZGQ-inc/source_repo|fmpfmp/YueDuBackup|oli-fa/YueDuBackup/master,,https://www.xsw55.com,连接失败
🍑 BL文库手机版,m.5151wk.com,成人同人耽美,女频言情/文本小说,8,2020-12-24,1,ZGQ-inc/source_repo,,http://m.5151wk.com,超时
🚬 PO18,m.po18.site,成人同人耽美,女频言情/文本小说,8,2020-12-24,2,ZGQ-inc/source_repo|oli-fa/YueDuBackup/master,,https://m.po18.site,连接失败
🍑 千千小说吧,m.77xs8.com,成人同人耽美,女频言情/文本小说,8,2020-12-11,2,ZGQ-inc/source_repo,,http://m.77xs8.com,可达
🍑 爱文学,m.lovewenxue.com,成人同人耽美,女频言情/文本小说,8,2020-12-11,2,ZGQ-inc/source_repo,,http://m.lovewenxue.com,异常状态
🍑 妙笔,www.mbtxt.cc,成人同人耽美,正版出版/女频言情/文本小说,8,2020-12-01,1,ZGQ-inc/source_repo,,https://www.mbtxt.cc#bookbox,连接失败
🚬 腐国度,www.fuguodu520.com,成人同人耽美,女频言情/文本小说,8,2020-11-16,4,ZGQ-inc/source_repo|fmpfmp/YueDuBackup|oli-fa/YueDuBackup/master,,http://www.fuguodu520.com,可达
🍑 鲤鱼乡,liyuxiang.me,成人同人耽美,女频言情/文本小说,8,2020-11-12,1,ZGQ-inc/source_repo,,http://liyuxiang.me,有响应(拦截)
🍑 鲤鱼乡①,m.awubook.com,成人同人耽美,正版出版/女频言情/文本小说,8,2020-11-12,1,ZGQ-inc/source_repo,,http://m.awubook.com,异常状态
🍑 御宅屋②,www.yuzhaiwuwang.com,成人同人耽美,女频言情/文本小说,8,2020-11-12,6,ZGQ-inc/source_repo|fmpfmp/YueDuBackup|oli-fa/YueDuBackup/master,,http://www.yuzhaiwuwang.com,有响应(拦截)
💵 豆腐™,imgold2.doufu.la,成人同人耽美,女频言情/文本小说,8,2020-11-09,4,ZGQ-inc/source_repo|fmpfmp/YueDuBackup,,http://imgold2.doufu.la,异常状态
🍑 鲤鱼乡④,m.blliyu.com,成人同人耽美,女频言情/文本小说,8,2020-10-31,2,ZGQ-inc/source_repo|oli-fa/YueDuBackup/master,,http://m.blliyu.com,有响应(拦截)
🍑 杰米哒,m.yttke.com,成人同人耽美,女频言情/文本小说,8,2020-10-31,3,ZGQ-inc/source_repo|oli-fa/YueDuBackup/master,,http://m.yttke.com,异常状态
BL鲤鱼乡,www.blliyu.com,成人同人耽美,女频言情/文本小说,8,2020-10-18,2,ZGQ-inc/source_repo|oli-fa/YueDuBackup/master,,http://www.blliyu.com,有响应(拦截)
🍑 看书小说,m.kssw.net,成人同人耽美,女频言情/文本小说,8,2020-10-16,2,ZGQ-inc/source_repo|oli-fa/YueDuBackup/master,,http://m.kssw.net,超时
🍑 耽美书库,www.danmeishuku.com,成人同人耽美,女频言情/文本小说,8,2020-10-16,6,ZGQ-inc/source_repo|oli-fa/YueDuBackup/master,,http://www.danmeishuku.com,异常状态
🍑 PKGG,www.zrrr.net,成人同人耽美,女频言情/文本小说,8,2020-10-16,2,ZGQ-inc/source_repo|oli-fa/YueDuBackup/master,,http://www.zrrr.net#searchcon ul,超时
🍑 笔笔文学,www.xbibiwx.com,成人同人耽美,女频言情/文本小说,8,2020-10-06,2,ZGQ-inc/source_repo|oli-fa/YueDuBackup/master,,http://www.xbibiwx.com,超时
🍑 御宅屋网,www.iyuzhaiwuwang.com,成人同人耽美,女频言情/文本小说,8,2020-10-06,2,ZGQ-inc/source_repo|oli-fa/YueDuBackup/master,,http://www.iyuzhaiwuwang.com,异常状态
🍑 新笔趣阁5200,i.biquniu.co,成人同人耽美,站群模板/女频言情/文本小说,8,2020-10-05,2,ZGQ-inc/source_repo|oli-fa/YueDuBackup/master,,https://i.biquniu.co,连接失败
🍑 空蓝小说网,www.konlan.org,成人同人耽美,站群模板/女频言情/文本小说,8,2020-10-03,23,ZGQ-inc/source_repo|fmpfmp/YueDuBackup|oevery/Source/master|oli-fa/YueDuBackup/master|xdd666t/MyData,,https://www.konlan.org,连接失败
🍑 幅书吧,www.fushubb.com,成人同人耽美,站群模板/女频言情/文本小说,8,2020-09-30,2,ZGQ-inc/source_repo|oli-fa/YueDuBackup/master,,http://www.fushubb.com,异常状态
🍑 31小说网,m.xx31xs.org,成人同人耽美,站群模板/女频言情/文本小说,8,2020-09-11,16,ZGQ-inc/source_repo|fmpfmp/YueDuBackup|oevery/Source/master|oli-fa/YueDuBackup/master|xdd666t/MyData,,http://m.xx31xs.org,超时
🍑 热门88,m.remen88.com-by ai猫,成人同人耽美,女频言情/文本小说,8,2020-09-11,2,ZGQ-inc/source_repo|oli-fa/YueDuBackup/master,,https://m.remen88.com-by Ai猫,连接失败
🎃耽美小说🎃,m.blxsw.foreverx.cn,成人同人耽美,女频言情/文本小说,8,未知,1,ZGQ-inc/source_repo,,http://m.blxsw.foreverx.cn#🎃,异常状态
https://www.kanshu.la/index.php?s=/web/index/search,www.kanshu.la,成人同人耽美,女频言情/文本小说,8,未知,7,ZGQ-inc/source_repo|fmpfmp/YueDuBackup|oli-fa/YueDuBackup/master,,https://www.kanshu.la/,可达
耽美小说🎃,m.dmxsw.org,成人同人耽美,女频言情/文本小说,8,未知,1,ZGQ-inc/source_repo,,https://m.dmxsw.org#🎃,可达
🎃耽美小说🎃#2,m.dmx5.cc,成人同人耽美,女频言情/文本小说,8,未知,1,ZGQ-inc/source_repo,,https://m.dmx5.cc#🎃,可达
耽美站🎃,www.aishu9999.com,成人同人耽美,女频言情/文本小说,8,未知,1,ZGQ-inc/source_repo,,https://www.aishu9999.com#🎃,可达
🎃爱腐文🎃,jfwfd.com,成人同人耽美,女频言情/文本小说,8,未知,1,ZGQ-inc/source_repo,,https://jfwfd.com#🎃,有响应(拦截)
🎃bl小说🎃,www.bldian.com,成人同人耽美,文本小说,8,未知,1,ZGQ-inc/source_repo,,https://www.bldian.com#🎃,可达
耽美小说网-2,www.nyue6.com,成人同人耽美,站群模板/女频言情/文本小说,8,未知,1,ZGQ-inc/source_repo,,https://www.nyue6.com,有响应(拦截)
地缘BL小说网🎃,www.topwork.cc,成人同人耽美,站群模板/文本小说,8,未知,1,ZGQ-inc/source_repo,,https://www.topwork.cc#🎃,可达
笔下文学📱,wap.bxwx8.org,成人同人耽美,女频言情/文本小说,8,未知,4,ZGQ-inc/source_repo|fmpfmp/YueDuBackup|oli-fa/YueDuBackup/master,,https://wap.bxwx8.org,连接失败
动漫之家v2临时版™🅰,v2.api.dmzj.com,成人同人耽美,轻小说二次元/女频言情/文本小说,8,未知,1,ZGQ-inc/source_repo,,http://v2.api.dmzj.com/dynamic,异常状态
🍑 峡谷小说,m.xiagu.org,成人同人耽美,女频言情/文本小说,8,未知,1,ZGQ-inc/source_repo,,https://m.xiagu.org,超时
鲤鱼乡,m.01lyx.com,成人同人耽美,女频言情/文本小说,8,未知,2,ZGQ-inc/source_repo|oli-fa/YueDuBackup/master,,https://m.01lyx.com,连接失败
奇书网📎,www.126shu.com,成人同人耽美,站群模板/女频言情/文本小说,8,未知,11,ZGQ-inc/source_repo|fmpfmp/YueDuBackup|oli-fa/YueDuBackup/master,,http://www.126shu.com,可达
https://www.kanshu.la/index.php?s=/web/index/search,www.kanshu.la,成人同人耽美,女频言情/文本小说,8,未知,1,ZGQ-inc/source_repo,,https://www.kanshu.la/index.php?s=/web/index/search,可达
追梦,danmei.in,成人同人耽美,女频言情/文本小说,8,未知,6,ZGQ-inc/source_repo|fmpfmp/YueDuBackup|oli-fa/YueDuBackup/master,,https://danmei.in,连接失败
💋耽美小说网,www.danmeixsw.com,成人同人耽美,站群模板/女频言情/文本小说,8,未知,1,ZGQ-inc/source_repo,,http://www.danmeixsw.com,可达
🌸 乐文③,www.lewencom.com,成人同人耽美,女频言情/文本小说,8,未知,1,ZGQ-inc/source_repo,,https://www.lewencom.com#sitebox dl,有响应(拦截)
八零电子书,m.80txt.la,成人同人耽美,女频言情/文本小说,8,未知,4,ZGQ-inc/source_repo|fmpfmp/YueDuBackup|oli-fa/YueDuBackup/master,,https://m.80txt.la,超时
八零电子书(电脑版),www.80txt.la,成人同人耽美,女频言情/文本小说,8,未知,4,ZGQ-inc/source_repo|fmpfmp/YueDuBackup|oli-fa/YueDuBackup/master,,https://www.80txt.la,超时
笔下文学,www.bxwx8.org,成人同人耽美,女频言情/文本小说,8,未知,4,ZGQ-inc/source_repo|fmpfmp/YueDuBackup|oli-fa/YueDuBackup/master,,https://www.bxwx8.org,连接失败
🌸耽美网,www.danmeiwang.com,成人同人耽美,社区推荐/女频言情/文本小说,7,2021-11-05,7,ZGQ-inc/source_repo|oli-fa/YueDuBackup/master|someok/booksources,,http://www.danmeiwang.com,异常状态
🌸耽美网,www.danmeiwang.com,成人同人耽美,社区标记失效/女频言情/文本小说,7,2021-03-21,1,ZGQ-inc/source_repo,,http://www.danmeiwang.com#关耳,异常状态
🍑 鲤鱼乡2,www.blliyuw.com,成人同人耽美,女频言情/文本小说,7,2021-02-05,1,ZGQ-inc/source_repo,,http://www.blliyuw.com,有响应(拦截)
🍑 鲤鱼乡①,awubook.com,成人同人耽美,正版出版/女频言情/文本小说,7,2020-11-12,9,ZGQ-inc/source_repo|fmpfmp/YueDuBackup|oli-fa/YueDuBackup/master,,http://awubook.com,超时
🍑 耽美书屋,www.danmeishuwu.com,成人同人耽美,站群模板/女频言情/文本小说,7,2020-10-02,9,ZGQ-inc/source_repo|fmpfmp/YueDuBackup|oli-fa/YueDuBackup/master,,https://www.danmeishuwu.com,其它错误
笔下文学,m.bxwx.org,成人同人耽美,女频言情/文本小说,7,未知,4,ZGQ-inc/source_repo|fmpfmp/YueDuBackup|oli-fa/YueDuBackup/master,,https://m.bxwx.org,超时
求书网,www.qiushuzw.com,成人同人耽美,站群模板/女频言情/文本小说,7,未知,4,ZGQ-inc/source_repo|fmpfmp/YueDuBackup|oli-fa/YueDuBackup/master,,https://www.qiushuzw.com,超时
🦄地缘bl小说网@ffuu（无搜索）,www.topwork.cc,成人同人耽美,站群模板/文本小说,6,2025-04-17,5,LM-Firefly/booksource|ZGQ-inc/source_repo,是,https://www.topwork.cc,可达
🍊 耽美小说2,dmxs8.org,成人同人耽美,女频言情/文本小说,6,2022-11-17,4,ZGQ-inc/source_repo|oli-fa/YueDuBackup/master|xdd666t/MyData,,http://dmxs8.org,有响应(拦截)
耽美肉文网,danmeirouwen.com,成人同人耽美,女频言情/文本小说,6,2021-10-17,1,ZGQ-inc/source_repo,,http://danmeirouwen.com/##by_夏尔,异常状态
🍑 耽美中文,www.blnovel.com,成人同人耽美,女频言情/文本小说,6,2020-09-28,2,ZGQ-inc/source_repo|oli-fa/YueDuBackup/master,,http://www.blnovel.com,超时
青豆小说网(无搜索),www.qdtxt.cc,成人同人耽美,站群模板/女频言情/文本小说,6,未知,4,ZGQ-inc/source_repo|fmpfmp/YueDuBackup|oli-fa/YueDuBackup/master,,http://www.qdtxt.cc,有响应(拦截)
我的书窝,www.wodeshuwo1.com,成人同人耽美,女频言情/文本小说,6,未知,4,ZGQ-inc/source_repo|fmpfmp/YueDuBackup|oli-fa/YueDuBackup/master,,https://www.wodeshuwo1.com,可达
狸梦小说,m.bjjgdz.com,成人同人耽美,女频言情/文本小说,6,未知,6,ZGQ-inc/source_repo|fmpfmp/YueDuBackup|oli-fa/YueDuBackup/master,,http://m.bjjgdz.com,异常状态
脱水读,tuoshuidu.com,成人同人耽美,女频言情/文本小说,5,2021-04-26,1,ZGQ-inc/source_repo,,https://tuoshuidu.com/c/tieba/百合小说/,其它错误
BL小说,www.xtfree.com,成人同人耽美,文本小说,0,2020-12-25,8,ZGQ-inc/source_repo|aoaostar/legado|fmpfmp/YueDuBackup|oli-fa/YueDuBackup/master,,https://www.xtfree.com,可达
Blah书库,blah.me,成人同人耽美,文本小说,0,2020-10-13,6,ZGQ-inc/source_repo|fmpfmp/YueDuBackup|oli-fa/YueDuBackup/master,,https://blah.me,可达
腐国度②,m.fuguodu.info,成人同人耽美,旧版格式/女频言情/文本小说,0,2019-08-09,6,ZGQ-inc/source_repo|oevery/Source/master|xdd666t/MyData,,http://m.fuguodu.info,有响应(拦截)
腐の书网,www.fushu365.com,成人同人耽美,旧版格式/站群模板/女频言情/文本小说,0,2019-08-09,8,ZGQ-inc/source_repo|oevery/Source/master|xdd666t/MyData,,https://www.fushu365.com,连接失败
腐国度①,www.fuwenmi.com,成人同人耽美,旧版格式/女频言情/文本小说,0,2019-08-09,6,ZGQ-inc/source_repo|oevery/Source/master|xdd666t/MyData,,https://www.fuwenmi.com,连接失败
就要耽美网,m.521danmei.com,成人同人耽美,旧版格式/女频言情/文本小说,0,2019-08-09,8,ZGQ-inc/source_repo|oevery/Source/master|xdd666t/MyData,,http://m.521danmei.com,异常状态
就要耽美网~电脑,www.521danmei.com,成人同人耽美,旧版格式/女频言情/文本小说,0,2019-08-09,8,ZGQ-inc/source_repo|oevery/Source/master|xdd666t/MyData,,http://www.521danmei.com,有响应(拦截)
就要耽美网,www.521danmei.cc,成人同人耽美,旧版格式/女频言情/文本小说,0,2019-08-09,8,ZGQ-inc/source_repo|oevery/Source/master|xdd666t/MyData,,http://www.521danmei.cc,可达
就要耽美网™备用,m.521danmei.cc,成人同人耽美,旧版格式/社区标记失效/女频言情/文本小说,0,2019-07-30,6,ZGQ-inc/source_repo|oevery/Source/master|xdd666t/MyData,,https://m.521danmei.cc,连接失败
耽美™,wap.dmshuwang.com,成人同人耽美,旧版格式/社区标记失效/女频言情/文本小说,0,2019-06-22,5,ZGQ-inc/source_repo|oevery/Source/master|xdd666t/MyData,,http://wap.dmshuwang.com,有响应(拦截)
耽美屋🔞,www.dmw01.com,成人同人耽美,旧版格式/社区标记失效/女频言情/文本小说,0,2019-02-18,7,ZGQ-inc/source_repo|oevery/Source/master|xdd666t/MyData,,https://www.dmw01.com,连接失败
耽美啦小说,www.danmeila.com,成人同人耽美,旧版格式/社区标记失效/女频言情/文本小说,0,2019-02-18,8,ZGQ-inc/source_repo|oevery/Source/master|xdd666t/MyData,,http://www.danmeila.com,可达
123耽美,www.123danmei.org,成人同人耽美,旧版格式/社区标记失效/女频言情/文本小说,0,2019-02-18,7,ZGQ-inc/source_repo|oevery/Source/master|xdd666t/MyData,,https://www.123danmei.org,连接失败
🙈要福利,1fuli.one,成人小说文本,文本小说,9,2999-11-29,2,ZGQ-inc/source_repo,,https://1fuli.one,可达
🙈紫云宫ᵃ,www.ziyungong.cc,成人小说文本,正版出版/文本小说,9,2999-11-29,2,ZGQ-inc/source_repo,,https://www.ziyungong.cc,可达
🙈蓝海搜书ᵃ,www.lanlanbo.com,成人小说文本,文本小说,9,2999-11-29,3,ZGQ-inc/source_repo,,https://www.lanlanbo.com,可达
🔞漫蛙可直连,manwatp.cc,成人小说文本,文本小说,9,2026-03-05,2,aoaostar/legado,,https://manwatp.cc/,可达
🚭 色情001,seqing001.com,成人小说文本,文本小说,9,2026-03-01,10,ZGQ-inc/source_repo|aoaostar/legado|daiaji/LegadoSource|oli-fa/YueDuBackup/master|xdd666t/MyData,,https://seqing001.com/,可达
书耽小说（优）,app.shubl.com,成人小说文本,文本小说,9,2026-02-26,27,LM-Firefly/booksource|ZGQ-inc/source_repo|aoaostar/legado|daiaji/LegadoSource|oli-fa/YueDuBackup/master|xdd666t/MyData,是,https://app.shubl.com,可达
❤️荏染柔木,m.po18.xyz,成人小说文本,文本小说,9,2026-01-28,45,ZGQ-inc/source_repo|aoaostar/legado|daiaji/LegadoSource|fmpfmp/YueDuBackup|oli-fa/YueDuBackup/master|someok/booksources|xdd666t/MyData|zimkyes/legado_source,,https://m.po18.xyz,可达
❤️色欲文🎃,m.seyuwen.com,成人小说文本,文本小说,9,2026-01-28,3,ZGQ-inc/source_repo|aoaostar/legado,,https://m.seyuwen.com,超时
欲望社,m.yuwangshe.net,成人小说文本,文本小说,9,2026-01-28,6,ZGQ-inc/source_repo|aoaostar/legado,,https://m.yuwangshe.net,可达
❤️笔趣阁🎃,m.yuzhaiwuone.com,成人小说文本,站群模板/文本小说,9,2026-01-28,4,ZGQ-inc/source_repo|aoaostar/legado,,https://m.yuzhaiwuone.com,超时
脸红心跳18,www.po18.in,成人小说文本,文本小说,9,2026-01-28,9,ZGQ-inc/source_repo|aoaostar/legado|fmpfmp/YueDuBackup|oli-fa/YueDuBackup/master,,https://www.po18.in,可达
🔞涩涩小说,sesebooks.com,成人小说文本,正版出版/文本小说,9,2025-09-27,3,aoaostar/legado,,https://sesebooks.com/#,可达
UXX,www.uxxtv.com,成人小说文本,文本小说,9,2025-08-28,1,ZGQ-inc/source_repo,,https://www.uxxtv.com/,可达
猕蛙,www.manwaku.com,成人小说文本,文本小说,9,2025-08-24,1,ZGQ-inc/source_repo,是,https://www.manwaku.com,可达
💠 UAA 文学001,www.uaa001.com,成人小说文本,文本小说,9,2025-08-19,2,ZGQ-inc/source_repo,是,https://www.uaa001.com,有响应(拦截)
📪第一版主819,www.banzhu666666.net,成人小说文本,文本小说,9,2025-08-18,2,ZGQ-inc/source_repo,是,https://www.banzhu666666.net/////##,有响应(拦截)
📪第一版主818,www.banzhu7777777.com,成人小说文本,文本小说,9,2025-08-18,2,ZGQ-inc/source_repo,是,https://www.banzhu7777777.com/////##,有响应(拦截)
🔞 第一版主820,www.bz88888.net,成人小说文本,文本小说,9,2025-08-18,4,LM-Firefly/booksource|ZGQ-inc/source_repo,是,https://www.bz88888.net////##,有响应(拦截)
52PO小说🚀,www.52mypost.com,成人小说文本,文本小说,9,2025-08-12,3,ZGQ-inc/source_repo,,https://www.52mypost.com/,可达
🔞小强小说,123xiaoqiang.me,成人小说文本,文本小说,9,2025-08-09,9,ZGQ-inc/source_repo|aoaostar/legado|fmpfmp/YueDuBackup|oli-fa/YueDuBackup/master,,http://123xiaoqiang.me,有响应(拦截)
肉肉屋,www.rourouwu.in,成人小说文本,文本小说,9,2025-08-07,2,ZGQ-inc/source_repo,,https://www.rourouwu.in,连接失败
⌨笔趣阁(tvgua)（有冷门晋江文 肉新 我超这个源极品）,www.honeyhoneywedding.com,成人小说文本,站群模板/正版出版/女频言情/文本小说,9,2025-08-07,3,ZGQ-inc/source_repo,,https://www.honeyhoneywedding.com/,可达
UAA小说,www.uaa004.com,成人小说文本,文本小说,9,2025-08-07,1,ZGQ-inc/source_repo,,https://www.uaa004.com/api/novel/app/novel/,页面不存在
🔰 御宅屋2_yuzhai.co,m.yuzhai.info,成人小说文本,女频言情/文本小说,9,2025-08-07,3,ZGQ-inc/source_repo,,https://m.yuzhai.info/,可达
御宅屋🎃#3,yzwmi.com,成人小说文本,文本小说,9,2025-08-07,6,ZGQ-inc/source_repo|daiaji/LegadoSource,,https://yzwmi.com#🎃,可达
️PO脸红心跳,wap.powenwu3.com,成人小说文本,文本小说,9,2025-08-07,3,ZGQ-inc/source_repo,,https://wap.powenwu3.com,可达
八叉书库（8xsk）,bachashuku.org,成人小说文本,文本小说,9,2025-07-31,1,ZGQ-inc/source_repo,是,https://bachashuku.org,可达
PO18文学-幕惜,m.txtyzw.com,成人小说文本,女频言情/文本小说,9,2025-07-29,4,ZGQ-inc/source_repo,,https://m.txtyzw.com/,可达
甜梦文库,www.tmwk9.com,成人小说文本,女频言情/文本小说,9,2025-07-29,11,ZGQ-inc/source_repo|aikankankanhhh998/shuxiangzhijiayuan|aoaostar/legado|daiaji/LegadoSource|oli-fa/YueDuBackup/master|xdd666t/MyData,,https://www.tmwk9.com,可达
欲望社,m.yuwangshe.one,成人小说文本,女频言情/文本小说,9,2025-07-28,6,ZGQ-inc/source_repo|aoaostar/legado,,https://m.yuwangshe.one,可达
书耽  #一程1101,m.shubl.com,成人小说文本,女频言情/文本小说,9,2025-07-28,39,ZGQ-inc/source_repo|aoaostar/legado|daiaji/LegadoSource|fmpfmp/YueDuBackup|kooofu/yueduyuan|oli-fa/YueDuBackup/master|someok/booksources|xdd666t/MyData|zimkyes/legado_source,,http://m.shubl.com#yc1101,可达
三九书屋,m.sanjiushuwu.com,成人小说文本,站群模板/女频言情/文本小说,9,2025-07-28,5,ZGQ-inc/source_repo,,https://m.sanjiushuwu.com/#,可达
po18to,po18to.rouwenapp.com,成人小说文本,文本小说,9,2025-07-28,1,ZGQ-inc/source_repo,,https://po18to.rouwenapp.com,连接失败
PO18 #一程1101,m.po18.xyz,成人小说文本,女频言情/文本小说,9,2025-07-28,5,ZGQ-inc/source_repo|aoaostar/legado|oli-fa/YueDuBackup/master,,https://m.po18.xyz#yc1101,可达
po18脸红心跳,m.ndaxs.com,成人小说文本,女频言情/文本小说,9,2025-07-28,1,ZGQ-inc/source_repo,,https://m.ndaxs.com,连接失败
悸花文学,api.lestory.cn,成人小说文本,文本小说,9,2025-07-28,15,ZGQ-inc/source_repo|aoaostar/legado|daiaji/LegadoSource|oli-fa/YueDuBackup/master|xdd666t/MyData|zmn001125/booksources,是,http://api.lestory.cn,异常状态
PO18文学,www.jile1.com,成人小说文本,女频言情/文本小说,9,2025-07-28,4,ZGQ-inc/source_repo|aoaostar/legado,,https://www.jile1.com,可达
🐣爱丽丝书屋,alicesw.org,成人小说文本,站群模板/文本小说,9,2025-07-28,4,ZGQ-inc/source_repo,是,https://alicesw.org/##ʕ ᵔᴥᵔ ʔ喜静,可达
🐣爱丽丝书屋,alicesw.org,成人小说文本,站群模板/文本小说,9,2025-07-28,2,ZGQ-inc/source_repo,是,https://alicesw.org/,可达
环安小说,www.haxs.me,成人小说文本,文本小说,9,2025-07-28,3,ZGQ-inc/source_repo,,https://www.haxs.me/,可达
○㊣✾长佩文学 md #关耳 ▼需登录,m.gongzicp.com,成人小说文本,女频言情/文本小说,9,2025-07-27,26,ZGQ-inc/source_repo|fmpfmp/YueDuBackup|kooofu/yueduyuan|oevery/Source/master|oli-fa/YueDuBackup/master|someok/booksources|xdd666t/MyData,是,https://m.gongzicp.com#md-guaner,可达
古城小说,m.ggccxs.com,成人小说文本,文本小说,9,2025-07-27,1,ZGQ-inc/source_repo,,http://m.ggccxs.com,超时
18文学gb84,www.gb84.com,成人小说文本,女频言情/文本小说,9,2025-07-27,10,ZGQ-inc/source_repo|daiaji/LegadoSource|oli-fa/YueDuBackup/master|xdd666t/MyData,,https://www.gb84.com,可达
新御书屋,m.eyushuwu.com,成人小说文本,站群模板/女频言情/文本小说,9,2025-07-25,10,ZGQ-inc/source_repo|aoaostar/legado|oli-fa/YueDuBackup/master|pindaCrazy/BookSourceForReader3.0|xdd666t/MyData,,https://m.eyushuwu.com,可达
🔞🔲第一版主721,www.banzhu888888.net,成人小说文本,文本小说,9,2025-07-22,1,ZGQ-inc/source_repo,是,https://www.banzhu888888.net/,有响应(拦截)
🔞🔲第一版主722,www.banzhu9999999.com,成人小说文本,文本小说,9,2025-07-22,1,ZGQ-inc/source_repo,是,https://www.banzhu9999999.com/,有响应(拦截)
💝禁漫天堂，小说[18mh],18mh.net,成人小说文本,文本小说,9,2025-07-21,6,ZGQ-inc/source_repo,是,https://18mh.net##mu,可达
御宅屋⑤🈲,blnovelhub.com,成人小说文本,文本小说,9,2025-07-13,10,LM-Firefly/booksource|ZGQ-inc/source_repo|aoaostar/legado|pindaCrazy/BookSourceForReader3.0,,https://blnovelhub.com/#🚀,可达
肉文屋🌹🈲,www.powenxue15.com,成人小说文本,文本小说,9,2025-07-13,4,LM-Firefly/booksource|ZGQ-inc/source_repo,,https://www.powenxue15.com/,可达
🎃PO18完本🎃,web.popo.city,成人小说文本,文本小说,9,2025-07-13,2,ZGQ-inc/source_repo|aoaostar/legado,,https://web.popo.city#🎃,可达
新御书屋ayu,m.ayushuwu.com,成人小说文本,站群模板/女频言情/文本小说,9,2025-07-12,10,ZGQ-inc/source_repo|daiaji/LegadoSource|oli-fa/YueDuBackup/master|xdd666t/MyData,,https://m.ayushuwu.com,可达
肉肉屋②,m.rourouwu2.com,成人小说文本,文本小说,9,2025-07-12,6,ZGQ-inc/source_repo|aoaostar/legado,,https://m.rourouwu2.com/#🚀,可达
66成人小说,66story.com,成人小说文本,文本小说,9,2025-07-11,7,ZGQ-inc/source_repo|aoaostar/legado,,https://66story.com,有响应(拦截)
🔞第一版主,www.yydstxt226.com,成人小说文本,文本小说,9,2025-07-08,1,ZGQ-inc/source_repo,是,https://www.yydstxt226.com/,可达
要撸小说,yaoluxs.com,成人小说文本,文本小说,9,2025-07-07,2,ZGQ-inc/source_repo,,https://yaoluxs.com,可达
18小说🈲小问题可以单字,m.po18sf.com,成人小说文本,文本小说,9,2025-07-07,15,ZGQ-inc/source_repo|daiaji/LegadoSource|oli-fa/YueDuBackup/master|pindaCrazy/BookSourceForReader3.0|xdd666t/MyData|zimkyes/legado_source,,https://m.po18sf.com/,可达
🔰长佩文学【看源注释】,webapi.gongzicp.com,成人小说文本,文本小说,9,2025-07-06,9,LM-Firefly/booksource|ZGQ-inc/source_repo|aoaostar/legado|oli-fa/YueDuBackup/master|xdd666t/MyData|zimkyes/legado_source|zmn001125/booksources,是,https://webapi.gongzicp.com,可达
📖海棠文学,📖海棠文学,成人小说文本,文本小说,9,2025-07-05,1,zmn001125/booksources,是,📖海棠文学,其它错误
📖PO18✈️,www.po18.tw,成人小说文本,文本小说,9,2025-07-05,17,ZGQ-inc/source_repo|aoaostar/legado|fmpfmp/YueDuBackup|oevery/Source/master|oli-fa/YueDuBackup/master|xdd666t/MyData|zimkyes/legado_source|zmn001125/booksources,是,https://www.po18.tw,可达
🎈御宅屋,www.chinajsk.org,成人小说文本,文本小说,9,2025-07-05,1,zmn001125/booksources,,https://www.chinajsk.org,可达
🎈海棠看书,www.feishubook.com,成人小说文本,正版出版/文本小说,9,2025-07-04,3,ZGQ-inc/source_repo|zmn001125/booksources,,https://www.feishubook.com,可达
海棠书屋5haitang,m.5haitang.com,成人小说文本,站群模板/女频言情/文本小说,9,2025-07-04,2,ZGQ-inc/source_repo,,https://m.5haitang.com,可达
🔞🔲第一版主529,www.banzhu111111.com,成人小说文本,文本小说,9,2025-06-27,1,ZGQ-inc/source_repo,是,https://www.banzhu111111.com/,有响应(拦截)
🔞🔲第一版主528,www.bz88888.net,成人小说文本,文本小说,9,2025-06-27,1,ZGQ-inc/source_repo,是,https://www.bz88888.net/,有响应(拦截)
🔞🔲第一版主527,www.banzhu99999.com,成人小说文本,文本小说,9,2025-06-27,3,ZGQ-inc/source_repo,是,https://www.banzhu99999.com/,有响应(拦截)
废文网,www.52mypost.com,成人小说文本,文本小说,9,2025-06-24,1,ZGQ-inc/source_repo,,https://www.52mypost.com/#https://www.sadfunsad.com,可达
肉文阁②,m.123yuzhaiwu.com,成人小说文本,站群模板/文本小说,9,2025-06-22,8,ZGQ-inc/source_repo|aoaostar/legado|daiaji/LegadoSource,,https://m.123yuzhaiwu.com,可达
🚖 第一版主,banzhu55555.com,成人小说文本,订阅RSS/男频网文/文本小说,9,2025-06-22,2,ZGQ-inc/source_repo,是,https://banzhu55555.com,有响应(拦截)
🔞肉宅屋🔖,肉宅屋🔖,成人小说文本,文本小说,9,2025-06-21,1,ZGQ-inc/source_repo,,肉宅屋🔖,其它错误
️PO脸红心跳🎃🌹,wap.powenwu3.com,成人小说文本,文本小说,9,2025-06-19,1,ZGQ-inc/source_repo,,https://wap.powenwu3.com#🎃,可达
欲望社🎃#4🌹,m.yuwangshe.one,成人小说文本,文本小说,9,2025-06-18,2,ZGQ-inc/source_repo|aoaostar/legado,,https://m.yuwangshe.one#🎃,可达
UAA·小说,www.uaa002.com,成人小说文本,文本小说,9,2025-06-13,1,ZGQ-inc/source_repo,是,https://www.uaa002.com,有响应(拦截)
新御书🎃,www.xyushuwu.in,成人小说文本,文本小说,9,2025-06-11,1,ZGQ-inc/source_repo,,https://www.xyushuwu.in#🎃,连接失败
啊嗯小说,www.fx361.com,成人小说文本,文本小说,9,2025-06-10,13,ZGQ-inc/source_repo|aoaostar/legado|daiaji/LegadoSource|oli-fa/YueDuBackup/master|pindaCrazy/BookSourceForReader3.0|xdd666t/MyData,,https://www.fx361.com,可达
UAA·小说,www.uaa005.com,成人小说文本,文本小说,9,2025-06-10,1,ZGQ-inc/source_repo,是,https://www.uaa005.com,有响应(拦截)
🌈八叉书库,八叉书库.luoyacheng.ip-ddns.com,成人小说文本,文本小说,9,2025-06-08,2,Luoyacheng/yuedu|ZGQ-inc/source_repo,,https://八叉书库.luoyacheng.ip-ddns.com,其它错误
八叉书库,733330.xyz,成人小说文本,文本小说,9,2025-06-05,2,ZGQ-inc/source_repo,,https://733330.xyz/,超时
🌈废纸文学🚀⊙情无羁⊙,www.sosadhappy.com,成人小说文本,文本小说,9,2025-06-05,3,ZGQ-inc/source_repo,,https://www.sosadhappy.com/,有响应(拦截)
🔞秀人坊,www.v2ph.ovh,成人小说文本,文本小说,9,2025-06-04,1,ZGQ-inc/source_repo,是,https://www.v2ph.ovh,有响应(拦截)
UAA,www.uaa.com,成人小说文本,文本小说,9,2025-06-02,21,ZGQ-inc/source_repo|aoaostar/legado|daiaji/LegadoSource,是,https://www.uaa.com,有响应(拦截)
UAA·小说2.0,www.uaa.com,成人小说文本,社区标记失效/文本小说,9,2025-06-02,1,ZGQ-inc/source_repo,是,https://www.uaa.com/novel,有响应(拦截)
🔞58g.top,58g.top,成人小说文本,文本小说,9,2025-05-31,1,ZGQ-inc/source_repo,,https://58g.top,超时
🌈海棠「蓝海」搜书⊚Buding⊚,www.lansebook.com,成人小说文本,社区标记失效/正版出版/文本小说,9,2025-05-30,3,ZGQ-inc/source_repo,,https://www.lansebook.com,可达
🔞千度,www.qdsy25.com,成人小说文本,文本小说,9,2025-05-29,1,ZGQ-inc/source_repo,,https://www.qdsy25.com,可达
🔞XYS AV,jgc0l.mmmsdp.xyz,成人小说文本,文本小说,9,2025-05-29,1,ZGQ-inc/source_repo,,https://jgc0l.mmmsdp.xyz,可达
🔞海棠书屋sxgzjs,m.sxgzjs.com,成人小说文本,站群模板/文本小说,9,2025-05-29,1,ZGQ-inc/source_repo,,https://m.sxgzjs.com/,可达
寻欢小说,寻欢小说2.luoyacheng.ip-ddns.com,成人小说文本,站群模板/文本小说,9,2025-05-28,2,ZGQ-inc/source_repo,,https://寻欢小说2.luoyacheng.ip-ddns.com,其它错误
「蓝海」搜书·明月,www.haitangsoushu.com,成人小说文本,文本小说,9,2025-05-28,1,ZGQ-inc/source_repo,,https://www.haitangsoushu.com#new,可达
书耽,m.shubl.com,成人小说文本,女频言情/文本小说,9,2025-05-28,10,ZGQ-inc/source_repo|aoaostar/legado|fmpfmp/YueDuBackup|kooofu/yueduyuan|oli-fa/YueDuBackup/master,,https://m.shubl.com,可达
脸红心跳,m.mpo18.com,成人小说文本,女频言情/文本小说,9,2025-05-28,14,ZGQ-inc/source_repo|aoaostar/legado|daiaji/LegadoSource|oli-fa/YueDuBackup/master|pindaCrazy/BookSourceForReader3.0|xdd666t/MyData,,https://m.mpo18.com,可达
长佩文学 m.gongzicp.com,m.gongzicp.com,成人小说文本,文本小说,9,2025-05-26,22,ZGQ-inc/source_repo|fmpfmp/YueDuBackup|kooofu/yueduyuan|oevery/Source/master|oli-fa/YueDuBackup/master|someok/booksources|xdd666t/MyData,,https://m.gongzicp.com,可达
PO18文学,wap.po18bl.com,成人小说文本,社区标记失效/女频言情/文本小说,9,2025-05-26,9,ZGQ-inc/source_repo|aoaostar/legado|daiaji/LegadoSource,,https://wap.po18bl.com/,可达
PO52🔞,wap3g.po52.cc,成人小说文本,文本小说,9,2025-05-26,3,LM-Firefly/booksource|ZGQ-inc/source_repo,,https://wap3g.po52.cc,有响应(拦截)
🚖 UAA小说,uaa小说xh,成人小说文本,文本小说,9,2025-05-22,1,ZGQ-inc/source_repo,是,UAA小说xh,其它错误
🔞AA阅读◎辞晨◎,m.aaread.cc,成人小说文本,社区推荐/文本小说,9,2025-05-19,1,ZGQ-inc/source_repo,,http://m.aaread.cc/,可达
🏷海棠文学城,🏷海棠文学城,成人小说文本,文本小说,9,2025-05-14,1,ZGQ-inc/source_repo,是,🏷海棠文学城,其它错误
🌸 爱丽丝🔞◎辞晨◎,❗❗你猜👻🔐,成人小说文本,社区推荐/文本小说,9,2025-05-10,1,ZGQ-inc/source_repo,是,❗❗你猜👻🔐,其它错误
UAA·小说,www.uaa004.com,成人小说文本,文本小说,9,2025-05-04,1,ZGQ-inc/source_repo,是,https://www.uaa004.com##1,有响应(拦截)
涩涩俱乐部,seseclub.com,成人小说文本,女频言情/文本小说,9,2025-04-30,2,ZGQ-inc/source_repo|aoaostar/legado,,https://seseclub.com,连接失败
🔰 御书屋,m.yushuwum.com,成人小说文本,站群模板/文本小说,9,2025-04-28,4,ZGQ-inc/source_repo,,https://m.yushuwum.com,超时
🔰 新御宅屋,m.yuzhaiwude.com,成人小说文本,站群模板/文本小说,9,2025-04-28,6,ZGQ-inc/source_repo|aoaostar/legado,,https://m.yuzhaiwude.com,可达
佩蒲斐榕🎃,m.popofree.com,成人小说文本,文本小说,9,2025-04-28,2,ZGQ-inc/source_repo|aoaostar/legado,,https://m.popofree.com#🎃,可达
UAA 修改版,www.uaa.com,成人小说文本,文本小说,9,2025-04-28,1,ZGQ-inc/source_repo,是,https://www.uaa.com##主域名，需要梯子,有响应(拦截)
PO文学(优)-夜明空-可下载,wap.po18bc.com,成人小说文本,文本小说,9,2025-04-25,3,ZGQ-inc/source_repo|kooofu/yueduyuan,是,https://wap.po18bc.com,可达
脸红心跳-夜明空-可下载,wap.po18vip.in,成人小说文本,文本小说,9,2025-04-25,2,ZGQ-inc/source_repo,是,https://wap.po18vip.in,可达
po18文学-夜明空-可下载,wap.po18cx.com,成人小说文本,文本小说,9,2025-04-25,4,ZGQ-inc/source_repo|aoaostar/legado,是,https://wap.po18cx.com/,可达
海棠书屋,m.xshaitang.com,成人小说文本,站群模板/文本小说,9,2025-04-24,2,ZGQ-inc/source_repo,,http://m.xshaitang.com,可达
❤🔞🔲第一版主（书多）,www.33yydstxt434.com,成人小说文本,文本小说,9,2025-04-21,2,ZGQ-inc/source_repo,是,https://www.33yydstxt434.com/,可达
第一版主网m.sinodan.cc-CF人机验证,m.sinodan.cc,成人小说文本,文本小说,9,2025-04-21,8,ZGQ-inc/source_repo|oli-fa/YueDuBackup/master,,https://m.sinodan.cc/,有响应(拦截)
出处源-仓库🛸废文网,www.sadfunsad.com,成人小说文本,文本小说,9,2025-04-20,5,ZGQ-inc/source_repo|kooofu/yueduyuan,,https://www.sadfunsad.com,可达
出处源-仓库🙈肉色屋,m.rousewu.cc,成人小说文本,文本小说,9,2025-04-20,6,ZGQ-inc/source_repo|aoaostar/legado,,https://m.rousewu.cc,可达
出处源-仓库🌸海棠77,www.haitang77.com,成人小说文本,文本小说,9,2025-04-20,2,ZGQ-inc/source_repo,,https://www.haitang77.com,超时
小黄书,www.xhs154ww.vip,成人小说文本,社区标记失效/女频言情/文本小说,9,2025-04-18,1,ZGQ-inc/source_repo,,https://www.xhs154ww.vip:2024/,异常状态
NTR story 牛头人士多利,ntrstory.com,成人小说文本,文本小说,9,2025-04-17,1,ZGQ-inc/source_repo,是,https://ntrstory.com,有响应(拦截)
🍺第一版主,永远的神.com,成人小说文本,社区推荐/文本小说,9,2025-04-14,2,ZGQ-inc/source_repo,,https://永远的神.com/,其它错误
海棠书房-幕惜,www.qbexs.com,成人小说文本,社区标记失效/文本小说,9,2025-04-13,1,ZGQ-inc/source_repo,,https://www.qbexs.com,超时
PO18文学,m.po18co.com,成人小说文本,文本小说,9,2025-04-10,1,ZGQ-inc/source_repo,,https://m.po18co.com##文学,可达
🍭第一版主,www.banzhu33333.net,成人小说文本,文本小说,9,2025-04-09,2,ZGQ-inc/source_repo,是,https://www.banzhu33333.net/,有响应(拦截)
小黄书,www.xhs149ww.vip,成人小说文本,社区标记失效/女频言情/文本小说,9,2025-04-08,1,ZGQ-inc/source_repo,,https://www.xhs149ww.vip:2024,异常状态
美文小说网,m.po18.run,成人小说文本,站群模板/文本小说,9,2025-04-07,1,ZGQ-inc/source_repo,,https://m.po18.run,可达
小黄书,www.xhs147ww.vip,成人小说文本,女频言情/文本小说,9,2025-04-07,1,ZGQ-inc/source_repo,,https://www.xhs147ww.vip:2024/,异常状态
📪第一版主@静白,www.diyibanzhu444444.com,成人小说文本,文本小说,9,2025-03-31,4,LM-Firefly/booksource|ZGQ-inc/source_repo,,https://www.diyibanzhu444444.com/,有响应(拦截)
🔞亚太小说,www.ytxs.cc,成人小说文本,文本小说,9,2025-03-31,2,ZGQ-inc/source_repo,,https://www.ytxs.cc/,可达
🔞 肉书屋,m.roushuwu7.com,成人小说文本,站群模板/文本小说,9,2025-03-31,11,ZGQ-inc/source_repo|aoaostar/legado|oli-fa/YueDuBackup/master|pindaCrazy/BookSourceForReader3.0|someok/booksources|xdd666t/MyData,,https://m.roushuwu7.com#yc1101,超时
海棠文学,m.woo16.vip,成人小说文本,文本小说,9,2025-03-30,4,ZGQ-inc/source_repo|aoaostar/legado,,https://m.woo16.vip,超时
🌸 爱丽丝🔞◎辞晨◎,❗❗你猜👻,成人小说文本,文本小说,9,2025-03-20,1,ZGQ-inc/source_repo,是,❗❗你猜👻,其它错误
66成人小说,🧾网站不知道🧾,成人小说文本,文本小说,9,2025-03-20,1,ZGQ-inc/source_repo,是,🧾网站不知道🧾,其它错误
🔞 海马读书网 🪜待修,www.haimazw.com,成人小说文本,站群模板/社区标记失效/文本小说,9,2025-03-19,3,ZGQ-inc/source_repo,,https://www.haimazw.com/,可达
🔖禁漫天堂◎辞晨◎,🧾网站不想写了🧾,成人小说文本,文本小说,9,2025-03-16,1,ZGQ-inc/source_repo,是,🧾网站不想写了🧾,其它错误
🇨🇳UAA·小说[旅途版本改],api.uaa.com,成人小说文本,文本小说,9,2025-03-14,13,ZGQ-inc/source_repo|aoaostar/legado|pindaCrazy/BookSourceForReader3.0,,https://api.uaa.com##旅途修复分类,有响应(拦截)
［🌷］久久小说,www.jjjjxs.com,成人小说文本,女频言情/文本小说,9,2025-03-13,3,LM-Firefly/booksource|ZGQ-inc/source_repo|aoaostar/legado,,https://www.jjjjxs.com,可达
🌈八叉书库,洛娅橙.八叉书库,成人小说文本,文本小说,9,2025-03-08,1,ZGQ-inc/source_repo,是,https://洛娅橙.八叉书库,其它错误
🔞涩涩俱乐部,novel.seseclub.com,成人小说文本,女频言情/文本小说,9,2025-03-05,3,ZGQ-inc/source_repo|aoaostar/legado,,https://novel.seseclub.com,连接失败
🌈八叉书库,洛娅橙-八叉书库,成人小说文本,文本小说,9,2025-02-28,1,ZGQ-inc/source_repo,是,洛娅橙-八叉书库,其它错误
✈️ 涩涩俱乐部-九梦#书源.com,novel.seseclub.com,成人小说文本,女频言情/文本小说,9,2025-02-23,1,aoaostar/legado,,https://novel.seseclub.com##九梦,连接失败
海棠书屋,wap.haitangshuwu.info,成人小说文本,站群模板/文本小说,9,2025-02-09,5,ZGQ-inc/source_repo|aoaostar/legado,,https://wap.haitangshuwu.info,可达
新御宅屋⑪,m.yuzhaiwude.com,成人小说文本,站群模板/文本小说,9,2025-02-09,1,ZGQ-inc/source_repo,,https://m.yuzhaiwude.com/#🏠,可达
新御宅屋,m.xyuzhaiwu.com,成人小说文本,文本小说,9,2025-02-07,1,ZGQ-inc/source_repo,,https://m.xyuzhaiwu.com,连接失败
新御宅屋9,m.xyuzhaiwu9.com,成人小说文本,文本小说,9,2025-02-07,2,ZGQ-inc/source_repo,,https://m.xyuzhaiwu9.com,可达
姐我要,je51.com,成人小说文本,文本小说,9,2025-02-06,1,ZGQ-inc/source_repo,,https://je51.com,可达
🔰 长佩文学,www.gongzicp.com,成人小说文本,女频言情/文本小说,9,2025-02-05,6,ZGQ-inc/source_repo|fmpfmp/YueDuBackup|oli-fa/YueDuBackup/master,是,https://www.gongzicp.com/,可达
八叉书库,8xbook.com,成人小说文本,正版出版/文本小说,9,2025-02-04,2,ZGQ-inc/source_repo,,https://8xbook.com,异常状态
第一版主-Buding,199823.xyz,成人小说文本,文本小说,9,2025-02-04,2,ZGQ-inc/source_repo,,https://199823.xyz,连接失败
书耽小说,app.shubl.com,成人小说文本,文本小说,9,2025-02-03,1,ZGQ-inc/source_repo,是,https://app.shubl.com##,可达
📰 海棠书屋,www.haitangshuwu.info,成人小说文本,站群模板/文本小说,9,2025-02-01,9,ZGQ-inc/source_repo|aoaostar/legado|daiaji/LegadoSource,,https://www.haitangshuwu.info#🎃,可达
📰 十八言情,www.po18yq.com,成人小说文本,女频言情/文本小说,9,2025-02-01,15,ZGQ-inc/source_repo|aoaostar/legado|daiaji/LegadoSource|oli-fa/YueDuBackup/master|xdd666t/MyData,,https://www.po18yq.com,可达
海棠书屋,www.haitangshuwu.info,成人小说文本,站群模板/文本小说,9,2025-01-29,7,ZGQ-inc/source_repo|aoaostar/legado|daiaji/LegadoSource,,https://www.haitangshuwu.info,可达
UAA小说,www.uaa001.com,成人小说文本,文本小说,9,2025-01-27,1,ZGQ-inc/source_repo,,https://www.uaa001.com/api/novel/app/novel/,页面不存在
成人中文网,www.aaccnn.com,成人小说文本,文本小说,9,2025-01-27,1,ZGQ-inc/source_repo,,https://www.aaccnn.com/,连接失败
🚖 UAA小说-1,uaa小说xh-1,成人小说文本,社区推荐/订阅RSS/文本小说,9,2025-01-19,1,ZGQ-inc/source_repo,是,UAA小说xh-1,其它错误
PO18完本,wap.rouwennp.me,成人小说文本,文本小说,9,2025-01-15,2,ZGQ-inc/source_repo,,https://wap.rouwennp.me,连接失败
御书屋②,m.3322t.com,成人小说文本,站群模板/文本小说,9,2025-01-15,1,ZGQ-inc/source_repo,,https://m.3322t.com/#🚀,可达
日居月诸🎃,m.po18yu.com,成人小说文本,女频言情/文本小说,9,2025-01-14,19,ZGQ-inc/source_repo|aoaostar/legado|daiaji/LegadoSource|oli-fa/YueDuBackup/master|pindaCrazy/BookSourceForReader3.0|xdd666t/MyData|zimkyes/legado_source,,https://m.po18yu.com#🎃,超时
🔰 御宅屋,m.xyuzhaiwu5.com,成人小说文本,女频言情/文本小说,9,2025-01-12,6,ZGQ-inc/source_repo|aoaostar/legado|daiaji/LegadoSource,,https://m.xyuzhaiwu5.com/,可达
18文学,wap.po18.in,成人小说文本,文本小说,9,2025-01-06,9,LM-Firefly/booksource|ZGQ-inc/source_repo|aoaostar/legado|oli-fa/YueDuBackup/master|xdd666t/MyData,,https://wap.po18.in,可达
👔 肉文NP,www.rouwennp.me,成人小说文本,站群模板/文本小说,9,2025-01-06,3,ZGQ-inc/source_repo,,https://www.rouwennp.me,连接失败
谷歌小说网◎辞晨◎,m.gugexs.com,成人小说文本,站群模板/文本小说,9,2025-01-06,1,ZGQ-inc/source_repo,,http://m.gugexs.com/#防,超时
沧元图-笔趣阁小说网,pck.tvguaa.com,成人小说文本,站群模板/文本小说,9,2025-01-03,7,ZGQ-inc/source_repo|aoaostar/legado|pindaCrazy/BookSourceForReader3.0,,https://pck.tvguaa.com,可达
PO文屋,m.powenwu16.com,成人小说文本,女频言情/文本小说,9,2024-12-31,3,ZGQ-inc/source_repo|aoaostar/legado,,https://m.powenwu16.com,可达
🔞御书屋po18xs,m.po18xs.com,成人小说文本,站群模板/女频言情/文本小说,9,2024-12-31,8,ZGQ-inc/source_repo|aoaostar/legado|oli-fa/YueDuBackup/master|xdd666t/MyData,,https://m.po18xs.com,可达
🔞第一版主buzz,m.diyibanzhu.buzz,成人小说文本,文本小说,9,2024-12-31,12,ZGQ-inc/source_repo|aoaostar/legado|oli-fa/YueDuBackup/master|pindaCrazy/BookSourceForReader3.0|xdd666t/MyData,,https://m.diyibanzhu.buzz,可达
🐣PO18文学,m.po18co.com,成人小说文本,文本小说,9,2024-12-18,1,ZGQ-inc/source_repo,,https://m.po18co.com##ʕ ᵔᴥᵔ ʔ喜静,可达
📖 新御宅屋,m.yuzhaiwuvip.com,成人小说文本,文本小说,9,2024-12-15,1,ZGQ-inc/source_repo,,https://m.yuzhaiwuvip.com#🎃,可达
言情中文网🔞◎GEd520◎,www.yqzwxs.com,成人小说文本,女频言情/文本小说,9,2024-12-13,2,ZGQ-inc/source_repo,,https://www.yqzwxs.com/,可达
🔞肉肉屋🙈,m.rourouwu.de,成人小说文本,文本小说,9,2024-12-13,1,ZGQ-inc/source_repo,,https://m.rourouwu.de/⛔️,其它错误
读读看吧,www.duduaa.com,成人小说文本,文本小说,9,2024-12-12,3,ZGQ-inc/source_repo|xdd666t/MyData,,https://www.duduaa.com,可达
禁漫大王,jmdw6.org,成人小说文本,文本小说,9,2024-12-08,5,ZGQ-inc/source_repo|aoaostar/legado,,https://jmdw6.org,可达
🔞肉肉屋3,m.rourouwu3.com,成人小说文本,文本小说,9,2024-12-07,2,ZGQ-inc/source_repo,,https://m.rourouwu3.com,可达
🔞海棠书屋haitangxswang[慎用！],www.haitangxswang.com,成人小说文本,站群模板/文本小说,9,2024-12-07,1,ZGQ-inc/source_repo,,http://www.haitangxswang.com/,可达
挺好小说,www.tinghaobook.com,成人小说文本,正版出版/文本小说,9,2024-12-06,2,ZGQ-inc/source_repo,,https://www.tinghaobook.com/,超时
🔞笔趣阁xsbqg.org,www.xxbqg.org,成人小说文本,站群模板/文本小说,9,2024-12-06,1,ZGQ-inc/source_repo,,http://www.xxbqg.org,可达
🔞 自制书源二「永久有效」,po18.rouwenapp.com,成人小说文本,文本小说,9,2024-12-06,1,ZGQ-inc/source_repo,,https://po18.rouwenapp.com,连接失败
长佩文学,m.gongzicp.com,成人小说文本,文本小说,9,2024-12-05,1,ZGQ-inc/source_repo,,https://m.gongzicp.com#🎃,可达
逗比小说,xiemiav.com,成人小说文本,文本小说,9,2024-11-30,1,ZGQ-inc/source_repo,,http://xiemiav.com,可达
🚬 夜书吧po18mx,www.po18mx.com,成人小说文本,站群模板/文本小说,9,2024-11-27,2,ZGQ-inc/source_repo,,https://www.po18mx.com,可达
书耽小说,app.shubl.comyuan,成人小说文本,文本小说,9,2024-11-26,1,ZGQ-inc/source_repo,是,https://app.shubl.comyuan,连接失败
书耽小说,app.shubl.com,成人小说文本,文本小说,9,2024-11-26,5,ZGQ-inc/source_repo|aoaostar/legado,是,https://app.shubl.com#yuan1107,可达
鲁鲁小说（魔法）,www.luluwxw.com,成人小说文本,文本小说,9,2024-11-22,8,ZGQ-inc/source_repo|oli-fa/YueDuBackup/master|xdd666t/MyData,,http://www.luluwxw.com,可达
新御书屋🔞,m.xyushuwu.one,成人小说文本,站群模板/文本小说,9,2024-11-22,2,ZGQ-inc/source_repo,,https://m.xyushuwu.one/,可达
🥑海棠书院29,m.haitang29.com,成人小说文本,站群模板/文本小说,9,2024-11-21,1,ZGQ-inc/source_repo,,https://m.haitang29.com,可达
👔 UAA小说🚀,www.uaa.com,成人小说文本,文本小说,9,2024-11-17,2,ZGQ-inc/source_repo,,https://www.uaa.com/api/novel/app/novel/,有响应(拦截)
第一版主,m.xdybz.com,成人小说文本,文本小说,9,2024-11-08,16,ZGQ-inc/source_repo|aoaostar/legado|daiaji/LegadoSource|oli-fa/YueDuBackup/master|pindaCrazy/BookSourceForReader3.0|xdd666t/MyData,,https://m.xdybz.com,超时
胡须小说网🔞◎GEd520◎,m.huxuxs.com,成人小说文本,站群模板/文本小说,9,2024-11-02,6,ZGQ-inc/source_repo|fmpfmp/YueDuBackup|oli-fa/YueDuBackup/master,,http://m.huxuxs.com,超时
🔞 第一版主🕮优,22yydstxt178.com,成人小说文本,文本小说,9,2024-10-31,3,ZGQ-inc/source_repo,,https://22yydstxt178.com/,可达
桃色小说②,www.win10city.com,成人小说文本,文本小说,9,2024-10-31,1,ZGQ-inc/source_repo,,https://www.win10city.com/#去重复,可达
🔰 御宅屋1_yuzhai.co,m.yuzhai.life,成人小说文本,文本小说,9,2024-10-24,3,ZGQ-inc/source_repo|aoaostar/legado,,https://m.yuzhai.life,可达
📪第一版主@直男,www.banzhu33333.com,成人小说文本,文本小说,9,2024-10-23,1,ZGQ-inc/source_repo,,https://www.banzhu33333.com/,有响应(拦截)
🔞 第一版主,banzhu999999.com,成人小说文本,男频网文/文本小说,9,2024-10-22,1,LM-Firefly/booksource,,https://banzhu999999.com,有响应(拦截)
🐣欲书阁,www.yushuge.vip,成人小说文本,文本小说,9,2024-10-21,1,ZGQ-inc/source_repo,,https://www.yushuge.vip/search/##ʕ ᵔᴥᵔ ʔ喜静,连接失败
🔞御宅书屋备用mxbxs,m.mxbxs.com,成人小说文本,站群模板/文本小说,9,2024-10-17,2,ZGQ-inc/source_repo,,https://m.mxbxs.com,连接失败
🔞新御宅屋xshay,m.xshay.com,成人小说文本,站群模板/文本小说,9,2024-10-17,1,ZGQ-inc/source_repo,,http://m.xshay.com,超时
👔 新御书屋②📱,m.xinyushuwu2.com,成人小说文本,站群模板/文本小说,9,2024-10-03,4,ZGQ-inc/source_repo,,https://m.xinyushuwu2.com,超时
肉色屋③,m.rousewu.cc,成人小说文本,站群模板/文本小说,9,2024-10-03,1,ZGQ-inc/source_repo,,https://m.rousewu.cc/#🚀,可达
欲望社③,m.yuwangshe.net,成人小说文本,站群模板/文本小说,9,2024-10-03,1,ZGQ-inc/source_repo,,https://m.yuwangshe.net/#🚀,可达
🚬 第一版主178,www.44yydstxt234.com,成人小说文本,文本小说,9,2024-10-03,1,ZGQ-inc/source_repo,是,https://www.44yydstxt234.com/,可达
肉书屋🎃,www.roushuwu.com,成人小说文本,站群模板/文本小说,9,2024-10-03,2,ZGQ-inc/source_repo|aoaostar/legado,,https://www.roushuwu.com#🎃,可达
肉肉屋④,m.rourouwu.de,成人小说文本,站群模板/文本小说,9,2024-10-02,6,ZGQ-inc/source_repo,,https://m.rourouwu.de/#🚀,可达
㊕ 御书屋 #一程1101,www.eyushuwu.com,成人小说文本,站群模板/文本小说,9,2024-10-02,1,ZGQ-inc/source_repo,,https://www.eyushuwu.com#yc1101,可达
八叉书库-电脑版,www.8xsk.com,成人小说文本,文本小说,9,2024-09-26,9,ZGQ-inc/source_repo|daiaji/LegadoSource|xdd666t/MyData,,https://www.8xsk.com/,可达
我有爱爱,pck.tvguaa.com,成人小说文本,文本小说,9,2024-09-25,1,ZGQ-inc/source_repo,,https://pck.tvguaa.com#🎃,可达
🔞八叉书库,www.733330.xyz,成人小说文本,文本小说,9,2024-09-18,1,ZGQ-inc/source_repo,,https://www.733330.xyz,连接失败
第一版主,www.banzhu55555.com,成人小说文本,文本小说,9,2024-09-14,1,ZGQ-inc/source_repo,,https://www.banzhu55555.com/,有响应(拦截)
🌹③PO文学📶,m.po18as.com,成人小说文本,站群模板/文本小说,9,2024-09-13,2,ZGQ-inc/source_repo,,https://m.po18as.com,可达
UAA•文学[大佬改],m.uaa004.com,成人小说文本,订阅RSS/文本小说,9,2024-09-10,1,ZGQ-inc/source_repo,,https://m.uaa004.com/,连接失败
PO18文学🔞,www.po18yq.com,成人小说文本,文本小说,9,2024-09-07,1,ZGQ-inc/source_repo,,https://www.po18yq.com/#🚀,可达
PO18文学,www.po18vip.cloud,成人小说文本,文本小说,9,2024-09-07,5,LM-Firefly/booksource|ZGQ-inc/source_repo,,https://www.po18vip.cloud#🎃,可达
🔞第一版主 banzhu,www.banzhu66666.com,成人小说文本,订阅RSS/文本小说,9,2024-09-04,1,ZGQ-inc/source_repo,是,https://www.banzhu66666.com/,有响应(拦截)
🚬 PO18文学,www.po18to.com,成人小说文本,站群模板/文本小说,9,2024-09-03,2,ZGQ-inc/source_repo,,https://www.po18to.com,可达
👔 肉书屋①📱,m.roushuwu.com,成人小说文本,站群模板/文本小说,9,2024-08-30,20,ZGQ-inc/source_repo|aoaostar/legado|oli-fa/YueDuBackup/master|someok/booksources|xdd666t/MyData,,https://m.roushuwu.com,可达
🔰 御书屋,www.wmp8.com,成人小说文本,站群模板/文本小说,9,2024-08-28,6,ZGQ-inc/source_repo|daiaji/LegadoSource,,https://www.wmp8.com,可达
📖海棠文学,www.lvhtebook.com,成人小说文本,正版出版/文本小说,9,2024-08-27,1,ZGQ-inc/source_repo,是,https://www.lvhtebook.com/,可达
御宅屋,www.hyuzhaiwu.com,成人小说文本,文本小说,9,2024-08-27,6,ZGQ-inc/source_repo|daiaji/LegadoSource,,https://www.hyuzhaiwu.com,可达
H书网,www.zhongeruye.com,成人小说文本,站群模板/文本小说,9,2024-08-27,1,ZGQ-inc/source_repo,,https://www.zhongeruye.com#🎃,有响应(拦截)
👔 肉文屋②,www.rouwenwu12.com,成人小说文本,站群模板/文本小说,9,2024-08-25,4,ZGQ-inc/source_repo|aoaostar/legado,,https://www.rouwenwu12.com,可达
🚬 肉文屋,m.powenwu4.com,成人小说文本,文本小说,9,2024-08-25,3,ZGQ-inc/source_repo,,https://m.powenwu4.com,可达
🔰 新御书屋,www.xyushuwu.one,成人小说文本,站群模板/文本小说,9,2024-08-25,2,ZGQ-inc/source_repo,,https://www.xyushuwu.one,可达
🔰 海马读书,www.haimabooks.com,成人小说文本,站群模板/正版出版/文本小说,9,2024-08-24,2,ZGQ-inc/source_repo,,https://www.haimabooks.com,可达
UAA·小说,www.uaa.com,成人小说文本,文本小说,9,2024-08-24,1,ZGQ-inc/source_repo,是,https://www.uaa.com/api,有响应(拦截)
🚬 肉肉屋,wap.powenwu6.com,成人小说文本,文本小说,9,2024-08-22,7,ZGQ-inc/source_repo|aoaostar/legado,,https://wap.powenwu6.com,可达
🔰 御宅屋,m.jilehai.com,成人小说文本,站群模板/文本小说,9,2024-08-22,2,ZGQ-inc/source_repo,,https://m.jilehai.com,连接失败
👔 肉肉屋④,m.rourouwu.de,成人小说文本,站群模板/文本小说,9,2024-08-22,3,ZGQ-inc/source_repo,,https://m.rourouwu.de,可达
👔 肉书屋②,m.roushuwu2.com,成人小说文本,站群模板/文本小说,9,2024-08-22,4,ZGQ-inc/source_repo,,https://m.roushuwu2.com,可达
🔰 新御宅屋,m.zuijile.com,成人小说文本,站群模板/文本小说,9,2024-08-22,2,ZGQ-inc/source_repo,,https://m.zuijile.com,可达
新御宅屋,m.xyuzhaiwu.xyz,成人小说文本,站群模板/文本小说,9,2024-08-22,6,ZGQ-inc/source_repo|aoaostar/legado|daiaji/LegadoSource,,https://m.xyuzhaiwu.xyz,可达
👔 肉肉屋⑧,m.rourouwu8.com,成人小说文本,站群模板/文本小说,9,2024-08-22,2,ZGQ-inc/source_repo,,https://m.rourouwu8.com,可达
👔 御宅屋⑪,m.ibbxs.com,成人小说文本,站群模板/文本小说,9,2024-08-22,8,ZGQ-inc/source_repo|aoaostar/legado|daiaji/LegadoSource,,https://m.ibbxs.com,可达
👔 御宅屋①,m.yuzhaiwu1.vip,成人小说文本,文本小说,9,2024-08-22,3,ZGQ-inc/source_repo,,https://m.yuzhaiwu1.vip,可达
海棠书屋,www.haitangshufang.com,成人小说文本,站群模板/文本小说,9,2024-08-22,2,ZGQ-inc/source_repo|aoaostar/legado,,https://www.haitangshufang.com,可达
🔰 海棠书屋,m.haitang4.com,成人小说文本,站群模板/文本小说,9,2024-08-22,2,ZGQ-inc/source_repo,,https://m.haitang4.com,可达
🔰 海棠书屋,m.9n9h.com,成人小说文本,站群模板/文本小说,9,2024-08-22,2,ZGQ-inc/source_repo,,https://m.9n9h.com,可达
🔰 海棠书屋,m.no1xs.com,成人小说文本,站群模板/文本小说,9,2024-08-22,2,ZGQ-inc/source_repo,,https://m.no1xs.com,超时
🍀 海棠文学③,m.haitangxiaoshuo.com,成人小说文本,文本小说,9,2024-08-22,2,ZGQ-inc/source_repo,,https://m.haitangxiaoshuo.com/,连接失败
🔰 海棠文学,m.haitangwx.com,成人小说文本,文本小说,9,2024-08-22,4,ZGQ-inc/source_repo,,https://m.haitangwx.com,可达
🔰 笔翠小说,m.bicuix.com,成人小说文本,文本小说,9,2024-08-22,1,ZGQ-inc/source_repo,,https://m.bicuix.com,可达
🔰 新御书屋,m.yswnovel.com,成人小说文本,站群模板/文本小说,9,2024-08-22,4,ZGQ-inc/source_repo,,https://m.yswnovel.com,可达
🔰 新御书屋,m.po18q.com,成人小说文本,站群模板/文本小说,9,2024-08-22,2,ZGQ-inc/source_repo,,https://m.po18q.com,可达
🔰 新御书屋,m.po18rr.com,成人小说文本,站群模板/文本小说,9,2024-08-22,2,ZGQ-inc/source_repo,,https://m.po18rr.com,可达
🔰 新御书屋,www.yushuwx.com,成人小说文本,站群模板/文本小说,9,2024-08-22,2,ZGQ-inc/source_repo,,https://www.yushuwx.com,可达
🔰 新御书屋,m.yushuwu.asia,成人小说文本,站群模板/文本小说,9,2024-08-22,21,ZGQ-inc/source_repo|aoaostar/legado|daiaji/LegadoSource|oli-fa/YueDuBackup/master|pindaCrazy/BookSourceForReader3.0|xdd666t/MyData,,https://m.yushuwu.asia,可达
🔰 新御书屋,m.po18g.com,成人小说文本,站群模板/文本小说,9,2024-08-22,4,ZGQ-inc/source_repo,,https://m.po18g.com,可达
🔰 新御书屋,www.vipyzw.com,成人小说文本,站群模板/文本小说,9,2024-08-22,4,ZGQ-inc/source_repo,,https://www.vipyzw.com,可达
🔰 新御书屋,m.u9mm.com,成人小说文本,站群模板/女频言情/文本小说,9,2024-08-22,8,ZGQ-inc/source_repo|aoaostar/legado|daiaji/LegadoSource,,https://m.u9mm.com,可达
🔰 新御书屋,www.quyushuwu.xyz,成人小说文本,站群模板/文本小说,9,2024-08-22,3,ZGQ-inc/source_repo,,https://www.quyushuwu.xyz,可达
🔰 新御书屋,www.myushuwu.me,成人小说文本,站群模板/文本小说,9,2024-08-22,3,ZGQ-inc/source_repo,,https://www.myushuwu.me,超时
🔰 新御书屋,m.yushuwu.club,成人小说文本,站群模板/文本小说,9,2024-08-22,4,ZGQ-inc/source_repo|aoaostar/legado,,https://m.yushuwu.club,可达
🔰 新御书屋,m.eyushuwu.vip,成人小说文本,站群模板/文本小说,9,2024-08-22,4,ZGQ-inc/source_repo|aoaostar/legado,,https://m.eyushuwu.vip,可达
🔰 新御书屋,m.xyushuwu1.com,成人小说文本,站群模板/文本小说,9,2024-08-22,2,ZGQ-inc/source_repo,,https://m.xyushuwu1.com,可达
👔 御书屋⑥,m.rourouwu16.com,成人小说文本,站群模板/文本小说,9,2024-08-22,2,ZGQ-inc/source_repo,,https://m.rourouwu16.com,可达
🔰 新御宅屋,www.yuzhaiwuh.xyz,成人小说文本,文本小说,9,2024-08-22,2,ZGQ-inc/source_repo,,https://www.yuzhaiwuh.xyz,可达
🔰 新御宅屋,www.layuzhaiwu.xyz,成人小说文本,女频言情/文本小说,9,2024-08-22,2,ZGQ-inc/source_repo,,https://www.layuzhaiwu.xyz,可达
🔰 新御宅屋,m.yuzhaiwx.com,成人小说文本,站群模板/文本小说,9,2024-08-22,4,ZGQ-inc/source_repo,,https://m.yuzhaiwx.com,可达
👔 新御宅屋⑧🖥,www.xyuzhaiwu8.com,成人小说文本,站群模板/文本小说,9,2024-08-22,2,ZGQ-inc/source_repo,,https://www.xyuzhaiwu8.com,可达
🔰 新御宅屋,m.xyuzhaiwu8.com,成人小说文本,站群模板/文本小说,9,2024-08-22,3,ZGQ-inc/source_repo,,https://m.xyuzhaiwu8.com,连接失败
🔰 新御宅屋,m.xyuzhaiwu6.com,成人小说文本,文本小说,9,2024-08-22,3,ZGQ-inc/source_repo,,https://m.xyuzhaiwu6.com,可达
🔰 新御宅屋,m.nprouwen.net,成人小说文本,站群模板/文本小说,9,2024-08-22,9,ZGQ-inc/source_repo|aoaostar/legado|daiaji/LegadoSource,,https://m.nprouwen.net,可达
🔰 新御宅屋,m.xyuzhaiwu4.com,成人小说文本,站群模板/文本小说,9,2024-08-22,8,ZGQ-inc/source_repo|daiaji/LegadoSource,,https://m.xyuzhaiwu4.com,可达
👔 新御宅屋③,m.xyuzhaiwu3.com,成人小说文本,站群模板/女频言情/文本小说,9,2024-08-22,6,ZGQ-inc/source_repo|aoaostar/legado|daiaji/LegadoSource,,https://m.xyuzhaiwu3.com,可达
🔰 新御宅屋,www.xyuzhaiwu2.com,成人小说文本,文本小说,9,2024-08-22,2,ZGQ-inc/source_repo,,https://www.xyuzhaiwu2.com,可达
🔰 新御宅屋,m.xyuzhaiwu1.com,成人小说文本,站群模板/文本小说,9,2024-08-22,5,ZGQ-inc/source_repo,,https://m.xyuzhaiwu1.com,可达
🔰 御宅屋,m.yushuge123.com,成人小说文本,女频言情/文本小说,9,2024-08-22,2,ZGQ-inc/source_repo,,http://m.yushuge123.com,可达
🚬 肉肉屋,m.rourouwu5.com,成人小说文本,站群模板/文本小说,9,2024-08-22,2,ZGQ-inc/source_repo,,https://m.rourouwu5.com,可达
👔 肉肉屋②,m.rourouwu2.com,成人小说文本,文本小说,9,2024-08-22,3,ZGQ-inc/source_repo|aoaostar/legado,,https://m.rourouwu2.com,超时
🚬 肉肉屋,www.rourouwu1.com,成人小说文本,站群模板/文本小说,9,2024-08-22,5,ZGQ-inc/source_repo,,https://www.rourouwu1.com,可达
🚬 肉文屋,m.nprouwen.org,成人小说文本,站群模板/文本小说,9,2024-08-22,4,ZGQ-inc/source_repo,,https://m.nprouwen.org,超时
🚬 肉文屋,m.rouwenwu16.com,成人小说文本,文本小说,9,2024-08-22,4,ZGQ-inc/source_repo,,https://m.rouwenwu16.com,可达
🚬 肉文屋,m.rouwenwu14.com,成人小说文本,文本小说,9,2024-08-22,5,ZGQ-inc/source_repo|aoaostar/legado,,https://m.rouwenwu14.com,可达
🚬 肉文屋,m.rouwenwu1.com,成人小说文本,站群模板/女频言情/文本小说,9,2024-08-22,3,ZGQ-inc/source_repo,,https://m.rouwenwu1.com,可达
👔 肉文NP②,www.rouwennp.org,成人小说文本,文本小说,9,2024-08-22,7,ZGQ-inc/source_repo|aoaostar/legado,,https://www.rouwennp.org,可达
🚬 肉宅屋,m.rouzhaiwu.net,成人小说文本,站群模板/文本小说,9,2024-08-22,1,ZGQ-inc/source_repo,,https://m.rouzhaiwu.net,可达
🎉 笔趣阁,m.lazhaiwu.com,成人小说文本,站群模板/社区推荐/文本小说,9,2024-08-22,15,ZGQ-inc/source_repo|aoaostar/legado|daiaji/LegadoSource|oli-fa/YueDuBackup/master|xdd666t/MyData,,https://m.lazhaiwu.com,可达
🚬 ️PO脸红心跳,m.zpo18.com,成人小说文本,文本小说,9,2024-08-22,4,ZGQ-inc/source_repo,,https://m.zpo18.com,可达
❤️ PO脸红心跳⑥,m.huanxiwu.com,成人小说文本,文本小说,9,2024-08-22,4,ZGQ-inc/source_repo,,https://m.huanxiwu.com,可达
🚬 ️PO脸红心跳,m.po18yu.com,成人小说文本,文本小说,9,2024-08-22,17,ZGQ-inc/source_repo|aoaostar/legado|daiaji/LegadoSource|oli-fa/YueDuBackup/master|pindaCrazy/BookSourceForReader3.0|xdd666t/MyData|zimkyes/legado_source,,https://m.po18yu.com,超时
👔 肉文阁②,m.rouwenge.com,成人小说文本,站群模板/文本小说,9,2024-08-22,12,ZGQ-inc/source_repo|aoaostar/legado|daiaji/LegadoSource|oli-fa/YueDuBackup/master|xdd666t/MyData,,https://m.rouwenge.com,超时
👔 PO文学⑥,www.po18e.com,成人小说文本,文本小说,9,2024-08-22,4,ZGQ-inc/source_repo,,https://www.po18e.com,可达
🚬 PO18文学,m.po18at.com,成人小说文本,文本小说,9,2024-08-22,1,ZGQ-inc/source_repo,,https://m.po18at.com,可达
🚬 PO18文学,www.po18gv.vip,成人小说文本,文本小说,9,2024-08-22,1,ZGQ-inc/source_repo,,https://www.po18gv.vip,可达
🚬 PO18文学,www.po18f.com,成人小说文本,文本小说,9,2024-08-22,4,ZGQ-inc/source_repo,,https://www.po18f.com,可达
🚬 PO18文学,www.po18w.vip,成人小说文本,站群模板/文本小说,9,2024-08-22,2,ZGQ-inc/source_repo,,https://www.po18w.vip,可达
🚬 PO18文学,www.po18info.com,成人小说文本,文本小说,9,2024-08-22,7,ZGQ-inc/source_repo|aoaostar/legado,,https://www.po18info.com,可达
🚬 PO18文学,www.po18.asia,成人小说文本,文本小说,9,2024-08-22,4,ZGQ-inc/source_repo,,https://www.po18.asia,可达
👔 PO18文学⑩,m.ya49.com,成人小说文本,文本小说,9,2024-08-22,12,ZGQ-inc/source_repo|aoaostar/legado|daiaji/LegadoSource|oli-fa/YueDuBackup/master|xdd666t/MyData,,https://m.ya49.com,超时
👔 PO18文学⑨,m.po18wen.xyz,成人小说文本,站群模板/文本小说,9,2024-08-22,6,ZGQ-inc/source_repo|aoaostar/legado,,https://m.po18wen.xyz,可达
🚬 PO18文学,www.po18m.vip,成人小说文本,文本小说,9,2024-08-22,4,ZGQ-inc/source_repo,,https://www.po18m.vip,可达
🚬 PO18文学,m.po18gw.com,成人小说文本,站群模板/文本小说,9,2024-08-22,4,ZGQ-inc/source_repo,,https://m.po18gw.com,可达
👔 PO18文学④,m.xunhuanli.com,成人小说文本,文本小说,9,2024-08-22,2,ZGQ-inc/source_repo,,https://m.xunhuanli.com,可达
👔 PO18全本,www.sougou.work,成人小说文本,站群模板/文本小说,9,2024-08-22,4,ZGQ-inc/source_repo,,https://www.sougou.work,可达
👔 PO18完本②,m.po18vip.me,成人小说文本,站群模板/文本小说,9,2024-08-22,15,ZGQ-inc/source_repo|aoaostar/legado|oli-fa/YueDuBackup/master|xdd666t/MyData|zimkyes/legado_source,,https://m.po18vip.me,可达
🚬 PO18言情,m.po18yq.com,成人小说文本,站群模板/女频言情/文本小说,9,2024-08-22,4,ZGQ-inc/source_repo,,https://m.po18yq.com,可达
👔 PO文学⑦,www.powenwu15.com,成人小说文本,文本小说,9,2024-08-22,5,ZGQ-inc/source_repo,,https://www.powenwu15.com,可达
🏠新御宅,www.xyuzhaiwu.club,成人小说文本,文本小说,9,2024-08-10,2,ZGQ-inc/source_repo,,https://www.xyuzhaiwu.club,可达
🔞 PO完本 po18vip.cloud,www.po18vip.cloud,成人小说文本,站群模板/文本小说,9,2024-08-09,3,LM-Firefly/booksource|ZGQ-inc/source_repo,,https://www.po18vip.cloud,可达
👔 新御宅屋,m.fqyxs.com,成人小说文本,文本小说,9,2024-08-08,7,ZGQ-inc/source_repo|daiaji/LegadoSource,,https://m.fqyxs.com/,超时
🥙肉宅屋,m.rouzhaiwu.org,成人小说文本,文本小说,9,2024-08-07,2,ZGQ-inc/source_repo,,https://m.rouzhaiwu.org,可达
📝UAA·文学[重发],www.uaa.com,成人小说文本,文本小说,9,2024-08-06,1,ZGQ-inc/source_repo,是,https://www.uaa.com/##📖📖,有响应(拦截)
书耽🎃,app.shubl.com,成人小说文本,文本小说,9,2024-08-05,1,ZGQ-inc/source_repo,,https://app.shubl.com#🎃,可达
👔 乐文看书,www.lewenlook.com,成人小说文本,文本小说,9,2024-08-04,1,ZGQ-inc/source_repo,,https://www.lewenlook.com,超时
🙈东南书,www.dongnanshu.com,成人小说文本,文本小说,9,2024-08-04,2,ZGQ-inc/source_repo,,https://www.dongnanshu.com,超时
🔞 易读,yidubk.com,成人小说文本,文本小说,9,2024-08-04,12,ZGQ-inc/source_repo|aoaostar/legado|daiaji/LegadoSource|oli-fa/YueDuBackup/master|xdd666t/MyData,是,https://yidubk.com,超时
UAA•文学,www.uaa.com,成人小说文本,文本小说,9,2024-08-03,1,ZGQ-inc/source_repo,,https://www.uaa.com/##我是尾巴,有响应(拦截)
寂寞书库,m.jimoshuku.com,成人小说文本,站群模板/文本小说,9,2024-08-03,2,ZGQ-inc/source_repo,,http://m.jimoshuku.com,异常状态
👔 御宅屋,yzwmi.com,成人小说文本,文本小说,9,2024-08-02,5,ZGQ-inc/source_repo|daiaji/LegadoSource,,https://yzwmi.com/,可达
肉文NP②,www.rouwennp.org,成人小说文本,文本小说,9,2024-08-02,2,ZGQ-inc/source_repo|aoaostar/legado,,https://www.rouwennp.org/#🚀,可达
PO18文学⑦,m.po18yq.com,成人小说文本,站群模板/文本小说,9,2024-08-02,1,ZGQ-inc/source_repo,,https://m.po18yq.com/#🚀,可达
PO18文学⑬,www.po18vip.cloud,成人小说文本,站群模板/文本小说,9,2024-08-02,1,ZGQ-inc/source_repo,,https://www.po18vip.cloud/#🚀,可达
新御书屋⑥,m.yushuwu.club,成人小说文本,站群模板/文本小说,9,2024-08-02,1,ZGQ-inc/source_repo,,https://m.yushuwu.club/#🚀,可达
御宅屋⑥,m.read52.com,成人小说文本,文本小说,9,2024-08-02,1,ZGQ-inc/source_repo,,https://m.read52.com/#🚀,超时
御宅屋①,m.yuzhaiwu1.vip,成人小说文本,文本小说,9,2024-08-02,1,ZGQ-inc/source_repo,,https://m.yuzhaiwu1.vip/#🚀,可达
肉书屋⑤,m.powenxue9.com,成人小说文本,站群模板/文本小说,9,2024-08-02,2,ZGQ-inc/source_repo,,https://m.powenxue9.com/#🚀,可达
肉文阁②,m.rouwenge.com,成人小说文本,站群模板/文本小说,9,2024-08-02,1,ZGQ-inc/source_repo,,https://m.rouwenge.com/#🚀,超时
御书屋🎃#2,m.po18xs.com,成人小说文本,站群模板/文本小说,9,2024-08-02,1,ZGQ-inc/source_repo,,https://m.po18xs.com#🎃,可达
看小说🎃,m.read52.com,成人小说文本,文本小说,9,2024-08-02,1,ZGQ-inc/source_repo,,https://m.read52.com#🎃,超时
懒人小说,m.lrxs.org,成人小说文本,文本小说,9,2024-08-02,1,ZGQ-inc/source_repo,,https://m.lrxs.org#1,可达
PO18 #一程,m.po18.xyz,成人小说文本,文本小说,9,2024-08-02,5,ZGQ-inc/source_repo|aoaostar/legado|oli-fa/YueDuBackup/master,,https://m.po18.xyz#♤yc,可达
🚬 肉书屋,m.roushuwu.com,成人小说文本,站群模板/文本小说,9,2024-08-02,3,ZGQ-inc/source_repo|aoaostar/legado|oli-fa/YueDuBackup/master,,https://m.roushuwu.com#yc1101,可达
第一版主17,i.12bz.net,成人小说文本,文本小说,9,2024-08-02,7,ZGQ-inc/source_repo|daiaji/LegadoSource|oli-fa/YueDuBackup/master|xdd666t/MyData,,https://i.12bz.net/,可达
肉宅屋网🎃,m.rouzhaiwu.info,成人小说文本,文本小说,9,2024-08-02,1,ZGQ-inc/source_repo,,https://m.rouzhaiwu.info#🎃,可达
第一版主⑦,m.diyibanzhu.buzz,成人小说文本,文本小说,9,2024-08-02,9,ZGQ-inc/source_repo|aoaostar/legado|oli-fa/YueDuBackup/master|pindaCrazy/BookSourceForReader3.0|xdd666t/MyData,,http://m.diyibanzhu.buzz,可达
🍉 御书屋网,m.3322t.com,成人小说文本,站群模板/文本小说,9,2024-08-02,7,ZGQ-inc/source_repo|aoaostar/legado|oli-fa/YueDuBackup/master|pindaCrazy/BookSourceForReader3.0|xdd666t/MyData,,http://m.3322t.com,可达
废文小说🎃,www.sofunlib.com,成人小说文本,文本小说,9,2024-08-02,3,ZGQ-inc/source_repo,,https://www.sofunlib.com#🎃,连接失败
肉肉屋🎃#2,m.rourouwu10.com,成人小说文本,文本小说,9,2024-08-02,1,ZGQ-inc/source_repo,,https://m.rourouwu10.com#🎃,可达
PO脸红心跳⑧,m.po18kan.com,成人小说文本,文本小说,9,2024-08-02,4,ZGQ-inc/source_repo,,https://m.po18kan.com/#🚀,连接失败
PO18文学④,m.po18gw.com,成人小说文本,站群模板/文本小说,9,2024-08-02,1,ZGQ-inc/source_repo,,https://m.po18gw.com/#🚀,可达
👔 海棠搜书,www.haitangsoushu.com,成人小说文本,正版出版/文本小说,9,2024-08-02,4,ZGQ-inc/source_repo|oli-fa/YueDuBackup/master|xdd666t/MyData|zimkyes/legado_source,,https://www.haitangsoushu.com##简介换源,可达
新御宅屋②,mm.xyuzhaiwu.xyz,成人小说文本,文本小说,9,2024-08-02,2,ZGQ-inc/source_repo|aoaostar/legado,,https://mm.xyuzhaiwu.xyz/#🚀,可达
新御宅屋①,m.xyuzhaiwu1.com,成人小说文本,站群模板/文本小说,9,2024-08-02,1,ZGQ-inc/source_repo,,https://m.xyuzhaiwu1.com/#🚀,超时
肉文屋⑦,m.nprouwen.org,成人小说文本,文本小说,9,2024-08-02,1,ZGQ-inc/source_repo,,https://m.nprouwen.org/#🚀,超时
御书屋③,m.yushuwu.uk,成人小说文本,站群模板/文本小说,9,2024-08-02,1,ZGQ-inc/source_repo,,https://m.yushuwu.uk/#🚀,可达
御书屋④,m.wmp8.com,成人小说文本,站群模板/文本小说,9,2024-08-02,1,ZGQ-inc/source_repo,,https://m.wmp8.com/#🚀,可达
新御书屋⑫,www.xyushuwu.in,成人小说文本,站群模板/女频言情/文本小说,9,2024-08-02,1,ZGQ-inc/source_repo,,https://www.xyushuwu.in/#🚀,连接失败
PO18全本xyz,www.po18xyz.com,成人小说文本,站群模板/文本小说,9,2024-08-02,5,ZGQ-inc/source_repo|oli-fa/YueDuBackup/master|xdd666t/MyData,,https://www.po18xyz.com#遇安,连接失败
笔趣阁小说yoke,m.tasim.net,成人小说文本,站群模板/社区推荐/文本小说,9,2024-08-02,1,ZGQ-inc/source_repo,,https://m.tasim.net,超时
🔞 挺好的,www.tinghao8.com,成人小说文本,文本小说,9,2024-08-01,2,ZGQ-inc/source_repo,,https://www.tinghao8.com,可达
肉文np,www.rouwennp.club,成人小说文本,文本小说,9,2024-08-01,18,ZGQ-inc/source_repo|aoaostar/legado|daiaji/LegadoSource|pindaCrazy/BookSourceForReader3.0|xdd666t/MyData|zimkyes/legado_source,,https://www.rouwennp.club/,超时
肉书屋①,m.roushuwu.com,成人小说文本,站群模板/文本小说,9,2024-08-01,1,ZGQ-inc/source_repo,,https://m.roushuwu.com/#🚀,可达
色色葫芦,gsdg.sesehulu7.top,成人小说文本,文本小说,9,2024-08-01,2,ZGQ-inc/source_repo,,https://gsdg.sesehulu7.top,可达
桃色小说①,www.powenwu2.com,成人小说文本,站群模板/文本小说,9,2024-08-01,2,ZGQ-inc/source_repo,,https://www.powenwu2.com,可达
新御宅屋⑧,m.xyuzhaiwu8.com,成人小说文本,站群模板/文本小说,9,2024-08-01,1,ZGQ-inc/source_repo,,https://m.xyuzhaiwu8.com/#🚀,连接失败
💝桃色小说,www.rishuwu.com,成人小说文本,站群模板/文本小说,9,2024-08-01,3,ZGQ-inc/source_repo,,https://www.rishuwu.com,可达
🚬 御宅屋,yuzhaiwu.life,成人小说文本,文本小说,9,2024-08-01,11,ZGQ-inc/source_repo|aoaostar/legado|daiaji/LegadoSource|pindaCrazy/BookSourceForReader3.0|xdd666t/MyData,,https://yuzhaiwu.life,可达
PO18-www,www.po18.xyz,成人小说文本,文本小说,9,2024-08-01,2,ZGQ-inc/source_repo,,https://www.po18.xyz,可达
新御书屋②,m.xinyushuwu2.com,成人小说文本,站群模板/文本小说,9,2024-08-01,1,ZGQ-inc/source_repo,,https://m.xinyushuwu2.com/#🚀,可达
肉肉屋⑥,wap.powenwu6.com,成人小说文本,文本小说,9,2024-08-01,2,ZGQ-inc/source_repo|aoaostar/legado,,https://wap.powenwu6.com/#🚀,可达
肉肉屋⑤,www.rourouwu.info,成人小说文本,文本小说,9,2024-08-01,1,ZGQ-inc/source_repo,,https://www.rourouwu.info/#🚀,连接失败
PO18文学⑳,www.po18.asia,成人小说文本,文本小说,9,2024-08-01,1,ZGQ-inc/source_repo,,https://www.po18.asia/#🚀,可达
PO18文学⑯,m.po18be.com,成人小说文本,文本小说,9,2024-08-01,1,ZGQ-inc/source_repo,,https://m.po18be.com/#🚀,可达
PO18文学⑤,www.powenwu15.com,成人小说文本,站群模板/文本小说,9,2024-08-01,1,ZGQ-inc/source_repo,,https://www.powenwu15.com/#🚀,可达
笔翠小说🎃,www.bicuix.com,成人小说文本,文本小说,9,2024-08-01,1,ZGQ-inc/source_repo,,https://www.bicuix.com#🎃,可达
🍊虫虫书屋,www.0794r.com,成人小说文本,站群模板/文本小说,9,2024-07-31,1,ZGQ-inc/source_repo,,http://www.0794r.com##修正,其它错误
海棠搜书「破文」,www.shenyeso.net,成人小说文本,正版出版/女频言情/文本小说,9,2024-07-31,7,ZGQ-inc/source_repo|daiaji/LegadoSource|oli-fa/YueDuBackup/master|xdd666t/MyData,,https://www.shenyeso.net,可达
🙈 八毛小说,m.bamxs.com,成人小说文本,文本小说,9,2024-07-26,6,ZGQ-inc/source_repo|aoaostar/legado|oli-fa/YueDuBackup/master|pindaCrazy/BookSourceForReader3.0|xdd666t/MyData,,http://m.bamxs.com,有响应(拦截)
海棠书屋,www.myhaitang.cc,成人小说文本,站群模板/文本小说,9,2024-07-23,5,ZGQ-inc/source_repo|aoaostar/legado,,https://www.myhaitang.cc,可达
po18,m.po18yun.com,成人小说文本,文本小说,9,2024-07-23,8,ZGQ-inc/source_repo|aoaostar/legado|pindaCrazy/BookSourceForReader3.0,,https://m.po18yun.com,连接失败
UAA·小说,api.uaa.com,成人小说文本,文本小说,9,2024-07-23,3,ZGQ-inc/source_repo|pindaCrazy/BookSourceForReader3.0,,https://api.uaa.com,有响应(拦截)
御宅屋🎃,blnovelhub.com,成人小说文本,文本小说,9,2024-07-21,1,ZGQ-inc/source_repo,,https://blnovelhub.com#🎃,可达
PO脸红心跳⑤,m.po18yu.com,成人小说文本,文本小说,9,2024-07-18,1,ZGQ-inc/source_repo,,https://m.po18yu.com/#🚀,超时
PO文屋,m.powenwu8.com,成人小说文本,文本小说,9,2024-07-18,3,ZGQ-inc/source_repo,,https://m.powenwu8.com/,可达
PO文屋,m.powenwu8.com,成人小说文本,文本小说,9,2024-07-18,1,ZGQ-inc/source_repo,,https://m.powenwu8.com/#🚀,可达
桃色小说②,www.win10city.com,成人小说文本,站群模板/文本小说,9,2024-07-18,1,ZGQ-inc/source_repo,,https://www.win10city.com/#🚀,可达
桃色小说①,www.taosexs.com,成人小说文本,站群模板/文本小说,9,2024-07-18,1,ZGQ-inc/source_repo,,https://www.taosexs.com/#🚀,可达
欲望社②,m.yuwangshe.one,成人小说文本,文本小说,9,2024-07-18,1,ZGQ-inc/source_repo,,https://m.yuwangshe.one/#🚀,可达
欲望社①,www.yuwangshe.in,成人小说文本,文本小说,9,2024-07-18,1,ZGQ-inc/source_repo,,https://www.yuwangshe.in/#🚀,可达
海棠文学③,m.haitangwx.com,成人小说文本,文本小说,9,2024-07-18,1,ZGQ-inc/source_repo,,https://m.haitangwx.com/#🚀,可达
海棠文学②,m.no1xs.com,成人小说文本,文本小说,9,2024-07-18,1,ZGQ-inc/source_repo,,https://m.no1xs.com/#🚀,超时
海棠文学①,wap.haitangshuwu.info,成人小说文本,文本小说,9,2024-07-18,1,ZGQ-inc/source_repo,,https://wap.haitangshuwu.info/#🚀,可达
新御书屋⑯,m.yushuwu.asia,成人小说文本,站群模板/文本小说,9,2024-07-18,1,ZGQ-inc/source_repo,,https://m.yushuwu.asia/#🚀,可达
新御书屋⑭,m.po18g.com,成人小说文本,站群模板/文本小说,9,2024-07-18,1,ZGQ-inc/source_repo,,https://m.po18g.com/#🚀,可达
新御书屋⑬,www.vipyzw.com,成人小说文本,站群模板/文本小说,9,2024-07-18,1,ZGQ-inc/source_repo,,https://www.vipyzw.com/#🚀,可达
新御书屋⑪,m.yswnovel.com,成人小说文本,站群模板/文本小说,9,2024-07-18,1,ZGQ-inc/source_repo,,https://m.yswnovel.com/#🚀,可达
新御书屋⑩,m.u9mm.com,成人小说文本,站群模板/女频言情/文本小说,9,2024-07-18,1,ZGQ-inc/source_repo,,https://m.u9mm.com/#🚀,可达
新御书屋⑨,www.quyushuwu.xyz,成人小说文本,站群模板/文本小说,9,2024-07-18,1,ZGQ-inc/source_repo,,https://www.quyushuwu.xyz/#🚀,可达
新御书屋⑧,www.myushuwu.me,成人小说文本,站群模板/文本小说,9,2024-07-18,1,ZGQ-inc/source_repo,,https://www.myushuwu.me/#🚀,超时
新御书屋⑦,m.xyushuwu.me,成人小说文本,站群模板/文本小说,9,2024-07-18,1,ZGQ-inc/source_repo,,https://m.xyushuwu.me/#🚀,可达
新御书屋⑤,m.eyushuwu.vip,成人小说文本,站群模板/文本小说,9,2024-07-18,1,ZGQ-inc/source_repo,,https://m.eyushuwu.vip/#🚀,可达
新御书屋③,m.eyushuwu.com,成人小说文本,站群模板/文本小说,9,2024-07-18,1,ZGQ-inc/source_repo,,https://m.eyushuwu.com/#🚀,可达
新御书屋①,m.ayushuwu.com,成人小说文本,站群模板/文本小说,9,2024-07-18,1,ZGQ-inc/source_repo,,https://m.ayushuwu.com/#🚀,可达
御书屋①,m.po18xs.com,成人小说文本,站群模板/文本小说,9,2024-07-18,1,ZGQ-inc/source_repo,,https://m.po18xs.com/#🚀,可达
新御宅屋⑫,m.yuzhaiwx.com,成人小说文本,站群模板/文本小说,9,2024-07-18,1,ZGQ-inc/source_repo,,https://m.yuzhaiwx.com/#🚀,可达
新御宅屋⑪,m.yuzhaiwude.com,成人小说文本,站群模板/文本小说,9,2024-07-18,1,ZGQ-inc/source_repo,,https://m.yuzhaiwude.com/#🚀,超时
新御宅屋⑩,m.xyuzhaiwu10.com,成人小说文本,文本小说,9,2024-07-18,1,ZGQ-inc/source_repo,,https://m.xyuzhaiwu10.com/#🚀,可达
新御宅屋⑨,m.fqyxs.com,成人小说文本,文本小说,9,2024-07-18,1,ZGQ-inc/source_repo,,https://m.fqyxs.com/#🚀,超时
新御宅屋⑦,m.yy228.com,成人小说文本,站群模板/文本小说,9,2024-07-18,1,ZGQ-inc/source_repo,,https://m.yy228.com/#🚀,可达
新御宅屋⑥,m.xyuzhaiwu6.com,成人小说文本,文本小说,9,2024-07-18,1,ZGQ-inc/source_repo,,https://m.xyuzhaiwu6.com/#🚀,可达
新御宅屋⑤,m.nprouwen.net,成人小说文本,站群模板/文本小说,9,2024-07-18,1,ZGQ-inc/source_repo,,https://m.nprouwen.net/#🚀,可达
新御宅屋④,m.xyuzhaiwu4.com,成人小说文本,站群模板/文本小说,9,2024-07-18,1,ZGQ-inc/source_repo,,https://m.xyuzhaiwu4.com/#🚀,可达
新御宅屋③,m.xyuzhaiwu3.com,成人小说文本,站群模板/女频言情/文本小说,9,2024-07-18,1,ZGQ-inc/source_repo,,https://m.xyuzhaiwu3.com/#🚀,可达
御宅屋⑫,m.yushuwu12.com,成人小说文本,文本小说,9,2024-07-18,1,ZGQ-inc/source_repo,,http://m.yushuwu12.com/#🚀,可达
御宅屋⑩,yuzhaiwu.life,成人小说文本,文本小说,9,2024-07-18,1,ZGQ-inc/source_repo,,https://yuzhaiwu.life/#🚀,可达
御宅屋⑨,m.123yuzhaiwu.com,成人小说文本,站群模板/文本小说,9,2024-07-18,1,ZGQ-inc/source_repo,,https://m.123yuzhaiwu.com/#🚀,可达
御宅屋⑧,m.yushuge123.com,成人小说文本,女频言情/文本小说,9,2024-07-18,1,ZGQ-inc/source_repo,,http://m.yushuge123.com/#🚀,可达
御宅屋⑦,m.xbbxs.com,成人小说文本,文本小说,9,2024-07-18,1,ZGQ-inc/source_repo,,http://m.xbbxs.com/#🚀,超时
御宅屋④,www.po18xs.com,成人小说文本,文本小说,9,2024-07-18,17,ZGQ-inc/source_repo|aoaostar/legado|daiaji/LegadoSource|oli-fa/YueDuBackup/master|xdd666t/MyData,,https://www.po18xs.com/#🚀,可达
御宅屋④,www.po18xs.com,成人小说文本,文本小说,9,2024-07-18,15,ZGQ-inc/source_repo|aoaostar/legado|daiaji/LegadoSource|oli-fa/YueDuBackup/master|xdd666t/MyData,,https://www.po18xs.com/,可达
御宅屋③,m.yuzhaiwu520.org,成人小说文本,文本小说,9,2024-07-18,11,ZGQ-inc/source_repo|aoaostar/legado|daiaji/LegadoSource|oli-fa/YueDuBackup/master|xdd666t/MyData,,http://m.yuzhaiwu520.org/,可达
御宅屋③,m.yuzhaiwu520.org,成人小说文本,文本小说,9,2024-07-18,1,ZGQ-inc/source_repo,,http://m.yuzhaiwu520.org/#🚀,可达
御宅屋②,m.yuzhaiwuone.com,成人小说文本,文本小说,9,2024-07-18,1,ZGQ-inc/source_repo,,https://m.yuzhaiwuone.com/#🚀,可达
肉肉屋①,www.rourouwu1.com,成人小说文本,文本小说,9,2024-07-18,1,ZGQ-inc/source_repo,,https://www.rourouwu1.com/#🚀,可达
肉文屋⑥,m.rouwenwu16.com,成人小说文本,文本小说,9,2024-07-18,1,ZGQ-inc/source_repo,,https://m.rouwenwu16.com/#🚀,可达
肉文屋⑤,m.rouwenwu14.com,成人小说文本,文本小说,9,2024-07-18,1,ZGQ-inc/source_repo,,https://m.rouwenwu14.com/#🚀,可达
肉文屋④,www.rouwenwu12.com,成人小说文本,站群模板/文本小说,9,2024-07-18,1,ZGQ-inc/source_repo,,https://www.rouwenwu12.com/#🚀,可达
肉文屋③,www.rouwenwu7.com,成人小说文本,站群模板/文本小说,9,2024-07-18,2,ZGQ-inc/source_repo,,https://www.rouwenwu7.com/#🚀,超时
肉文屋③,www.rouwenwu7.com,成人小说文本,站群模板/文本小说,9,2024-07-18,1,ZGQ-inc/source_repo,,https://www.rouwenwu7.com/,可达
肉文屋②,m.powenwu4.com,成人小说文本,文本小说,9,2024-07-18,1,ZGQ-inc/source_repo,,https://m.powenwu4.com/#🚀,可达
肉文屋①,m.rouwenwu1.com,成人小说文本,站群模板/文本小说,9,2024-07-18,1,ZGQ-inc/source_repo,,https://m.rouwenwu1.com/#🚀,超时
肉文NP③,www.rouwennp.me,成人小说文本,站群模板/文本小说,9,2024-07-18,1,ZGQ-inc/source_repo,,https://www.rouwennp.me/#🚀,连接失败
肉文NP①,www.powenxue3.com,成人小说文本,文本小说,9,2024-07-18,2,ZGQ-inc/source_repo|aoaostar/legado,,https://www.powenxue3.com/#🚀,可达
肉宅屋②,m.rouzhaiwu.org,成人小说文本,文本小说,9,2024-07-18,1,ZGQ-inc/source_repo,,https://m.rouzhaiwu.org/#🚀,可达
肉宅屋①,m.rouzhaiwu.info,成人小说文本,站群模板/文本小说,9,2024-07-18,1,ZGQ-inc/source_repo,,https://m.rouzhaiwu.info/#🚀,可达
肉书屋⑤,m.powenxue9.com,成人小说文本,站群模板/文本小说,9,2024-07-18,1,ZGQ-inc/source_repo,,https://m.powenxue9.com/,可达
肉书屋④,m.roushuwu4.com,成人小说文本,站群模板/文本小说,9,2024-07-18,2,ZGQ-inc/source_repo,,https://m.roushuwu4.com/#🚀,可达
肉书屋③,www.roushuwu8.com,成人小说文本,站群模板/文本小说,9,2024-07-18,2,ZGQ-inc/source_repo,,https://www.roushuwu8.com/#🚀,连接失败
肉书屋③,www.roushuwu8.com,成人小说文本,站群模板/文本小说,9,2024-07-18,1,ZGQ-inc/source_repo,,https://www.roushuwu8.com/,连接失败
PO脸红心跳⑩,m.po18bb.com,成人小说文本,站群模板/女频言情/文本小说,9,2024-07-18,1,ZGQ-inc/source_repo,,https://m.po18bb.com/#🚀,可达
PO脸红心跳⑨,m.zpo18.com,成人小说文本,文本小说,9,2024-07-18,1,ZGQ-inc/source_repo,,https://m.zpo18.com/#🚀,可达
PO脸红心跳⑧,m.po18kan.com,成人小说文本,文本小说,9,2024-07-18,2,ZGQ-inc/source_repo,,https://m.po18kan.com/,连接失败
PO脸红心跳⑦,m.po18vip.xyz,成人小说文本,文本小说,9,2024-07-18,2,ZGQ-inc/source_repo,,https://m.po18vip.xyz/,可达
PO脸红心跳⑦,m.po18vip.xyz,成人小说文本,文本小说,9,2024-07-18,1,ZGQ-inc/source_repo,,https://m.po18vip.xyz/#🚀,可达
PO脸红心跳⑥,m.huanxiwu.com,成人小说文本,文本小说,9,2024-07-18,1,ZGQ-inc/source_repo,,https://m.huanxiwu.com/#🚀,可达
PO脸红心跳④,m.po18yun.com,成人小说文本,站群模板/文本小说,9,2024-07-18,1,ZGQ-inc/source_repo,,https://m.po18yun.com/#🚀,连接失败
PO脸红心跳③,m.mpo18.com,成人小说文本,文本小说,9,2024-07-18,1,ZGQ-inc/source_repo,,https://m.mpo18.com/#🚀,可达
PO脸红心跳②,m.po18.xyz,成人小说文本,文本小说,9,2024-07-18,1,ZGQ-inc/source_repo,,https://m.po18.xyz/#🚀,可达
PO脸红心跳①,m.popofree.com,成人小说文本,站群模板/文本小说,9,2024-07-18,1,ZGQ-inc/source_repo,,https://m.popofree.com/#🚀,可达
PO18文学②②,www.po18d.com,成人小说文本,文本小说,9,2024-07-18,2,ZGQ-inc/source_repo,,https://www.po18d.com/#🚀,可达
PO18文学②②,www.po18d.com,成人小说文本,文本小说,9,2024-07-18,1,ZGQ-inc/source_repo,,https://www.po18d.com/,可达
PO18文学②①,www.po18e.com,成人小说文本,文本小说,9,2024-07-18,1,ZGQ-inc/source_repo,,https://www.po18e.com/#🚀,可达
PO18文学⑲,www.po18f.com,成人小说文本,文本小说,9,2024-07-18,1,ZGQ-inc/source_repo,,https://www.po18f.com/#🚀,可达
PO18文学⑱,www.po18w.vip,成人小说文本,文本小说,9,2024-07-18,1,ZGQ-inc/source_repo,,https://www.po18w.vip/#🚀,可达
PO18文学⑰,www.po18ww.com,成人小说文本,文本小说,9,2024-07-18,1,ZGQ-inc/source_repo,,https://www.po18ww.com/#🚀,可达
PO18文学⑮,www.po18info.com,成人小说文本,文本小说,9,2024-07-18,2,ZGQ-inc/source_repo|aoaostar/legado,,https://www.po18info.com/#🚀,可达
PO18文学⑭,m.ya49.com,成人小说文本,文本小说,9,2024-07-18,1,ZGQ-inc/source_repo,,https://m.ya49.com/#🚀,可达
PO18文学⑫,m.po18wen.xyz,成人小说文本,站群模板/文本小说,9,2024-07-18,1,ZGQ-inc/source_repo,,https://m.po18wen.xyz/#🚀,可达
PO18文学⑪,m.powenxue11.com,成人小说文本,站群模板/文本小说,9,2024-07-18,2,ZGQ-inc/source_repo,,https://m.powenxue11.com/,可达
PO18文学⑪,m.powenxue11.com,成人小说文本,站群模板/文本小说,9,2024-07-18,1,ZGQ-inc/source_repo,,https://m.powenxue11.com/#🚀,可达
PO18文学⑩,www.po18m.vip,成人小说文本,文本小说,9,2024-07-18,1,ZGQ-inc/source_repo,,https://www.po18m.vip/#🚀,可达
PO18文学⑨,m.po18.info,成人小说文本,文本小说,9,2024-07-18,14,ZGQ-inc/source_repo|aoaostar/legado|daiaji/LegadoSource|oli-fa/YueDuBackup/master|pindaCrazy/BookSourceForReader3.0|xdd666t/MyData|zimkyes/legado_source,,https://m.po18.info/#🚀,超时
PO18文学⑥,m.po18vip.me,成人小说文本,站群模板/文本小说,9,2024-07-18,1,ZGQ-inc/source_repo,,https://m.po18vip.me/#🚀,可达
PO18文学③,wap.po18.club,成人小说文本,站群模板/文本小说,9,2024-07-18,1,ZGQ-inc/source_repo,,https://wap.po18.club/#🚀,可达
PO18文学②,www.po18m.com,成人小说文本,站群模板/文本小说,9,2024-07-18,2,ZGQ-inc/source_repo,,https://www.po18m.com/,可达
PO18文学②,www.po18m.com,成人小说文本,站群模板/文本小说,9,2024-07-18,5,ZGQ-inc/source_repo|aoaostar/legado,,https://www.po18m.com/#🚀,可达
有爱小说,api.uaa.com,成人小说文本,文本小说,9,2024-07-18,1,ZGQ-inc/source_repo,,https://api.uaa.com##,有响应(拦截)
废文小说,www.sofunlib.com,成人小说文本,文本小说,9,2024-07-17,2,ZGQ-inc/source_repo,,https://www.sofunlib.com,连接失败
书耽一程,m.shubl.com,成人小说文本,文本小说,9,2024-07-17,2,ZGQ-inc/source_repo|oli-fa/YueDuBackup/master,,http://m.shubl.com#♤yc,可达
书耽小说,app.shubl.com♤yuan,成人小说文本,文本小说,9,2024-07-17,1,ZGQ-inc/source_repo,是,https://app.shubl.com♤yuan,其它错误
书耽小说,app.shubl.com,成人小说文本,文本小说,9,2024-07-17,5,ZGQ-inc/source_repo|aoaostar/legado,是,https://app.shubl.com#♤yuan,可达
福书网🎃,www.fushucun.com,成人小说文本,站群模板/文本小说,9,2024-07-15,1,ZGQ-inc/source_repo,,https://www.fushucun.com#🎃,可达
新御宅屋⑦,m.yuzhaiwuvip.com,成人小说文本,文本小说,9,2024-07-13,1,ZGQ-inc/source_repo,,https://m.yuzhaiwuvip.com/#🏠,可达
新御宅屋④,m.xyuzhaiwu4.com,成人小说文本,站群模板/文本小说,9,2024-07-13,1,ZGQ-inc/source_repo,,https://m.xyuzhaiwu4.com/#🏠,可达
新御宅屋①,m.xyuzhaiwu1.com,成人小说文本,站群模板/文本小说,9,2024-07-13,1,ZGQ-inc/source_repo,,https://m.xyuzhaiwu1.com/#🏠,可达
废文网,www.sadfunsad.com,成人小说文本,正版出版/文本小说,9,2024-07-06,1,ZGQ-inc/source_repo,,https://www.sadfunsad.com/#去重复,可达
肉肉屋①,www.rourouwu1.com,成人小说文本,文本小说,9,2024-07-06,1,ZGQ-inc/source_repo,,https://www.rourouwu1.com/#去重复,可达
UAA🎗🪜,api.uaa.com,成人小说文本,文本小说,9,2024-07-01,5,ZGQ-inc/source_repo|aoaostar/legado,,https://api.uaa.com##旅途,有响应(拦截)
📖PO18文,www.po18po.com,成人小说文本,文本小说,9,2024-06-28,6,ZGQ-inc/source_repo|aoaostar/legado,,https://www.po18po.com/#,可达
📖PO18文,www.po18r.com,成人小说文本,文本小说,9,2024-06-28,17,ZGQ-inc/source_repo|aoaostar/legado|daiaji/LegadoSource|oli-fa/YueDuBackup/master|xdd666t/MyData|zimkyes/legado_source,,https://www.po18r.com/#,可达
📖PO18脸红心跳,m.po18wx.com,成人小说文本,文本小说,9,2024-06-28,18,ZGQ-inc/source_repo|aoaostar/legado|daiaji/LegadoSource|oli-fa/YueDuBackup/master|pindaCrazy/BookSourceForReader3.0|xdd666t/MyData|zimkyes/legado_source,,https://m.po18wx.com/#,可达
📖御宅屋,m.yuzhaiwu.asia,成人小说文本,站群模板/文本小说,9,2024-06-27,11,ZGQ-inc/source_repo|aoaostar/legado|daiaji/LegadoSource,,https://m.yuzhaiwu.asia/#,可达
🔞肉宅屋🙈,m.rouzhaiwu.info,成人小说文本,文本小说,9,2024-06-26,1,ZGQ-inc/source_repo,,https://m.rouzhaiwu.info/⛔️,其它错误
📖肉文阁①,m.rouwenge.com,成人小说文本,文本小说,9,2024-06-25,1,ZGQ-inc/source_repo,,https://m.rouwenge.com/#🍖,连接失败
📖肉文阁②,www.rouwenwu19.com,成人小说文本,文本小说,9,2024-06-25,1,ZGQ-inc/source_repo,,https://www.rouwenwu19.com/#🍖,可达
📖肉文N P ②,www.rouwennp.org,成人小说文本,文本小说,9,2024-06-25,1,ZGQ-inc/source_repo,,https://www.rouwennp.org/#🍖,可达
📖肉文N P ①,www.powenxue3.com,成人小说文本,文本小说,9,2024-06-25,1,ZGQ-inc/source_repo,,https://www.powenxue3.com/#🍖,可达
📖肉肉屋③,m.rourouwu.de,成人小说文本,文本小说,9,2024-06-25,1,ZGQ-inc/source_repo,,https://m.rourouwu.de/#🍖,可达
📖肉肉屋②,m.rourouwu10.com,成人小说文本,文本小说,9,2024-06-25,1,ZGQ-inc/source_repo,,https://m.rourouwu10.com/#🍖,可达
📖肉肉屋①,www.rourouwu.info,成人小说文本,文本小说,9,2024-06-25,1,ZGQ-inc/source_repo,,https://www.rourouwu.info/#🍖,连接失败
📖肉宅屋,m.rouzhaiwu.info,成人小说文本,文本小说,9,2024-06-25,1,ZGQ-inc/source_repo,,https://m.rouzhaiwu.info/#🍖,可达
🚫三九书屋,m.sanjiushuwu.com,成人小说文本,站群模板/文本小说,9,2024-06-24,1,ZGQ-inc/source_repo,,https://m.sanjiushuwu.com/#📳,可达
🔞笔趣阁xsbqg.net[24.06.24已修],www.xsbqg.net,成人小说文本,站群模板/文本小说,9,2024-06-24,1,ZGQ-inc/source_repo,,http://www.xsbqg.net,可达
肉文小说🎃,www.rouwennp.org,成人小说文本,文本小说,9,2024-06-21,1,ZGQ-inc/source_repo,,https://www.rouwennp.org#🎃,可达
🚬 PO18脸红心跳,m.huanxiwu.com,成人小说文本,文本小说,9,2024-06-20,1,ZGQ-inc/source_repo,,https://m.huanxiwu.com/💝,可达
🚬 PO18脸红心跳,www.powenwu15.com,成人小说文本,文本小说,9,2024-06-20,1,ZGQ-inc/source_repo,,https://www.powenwu15.com/💝,可达
🚬 PO18脸红心跳,m.po18wx.com,成人小说文本,文本小说,9,2024-06-20,1,ZGQ-inc/source_repo,,https://m.po18wx.com/💝,可达
📖PO18脸红心跳③,m.mpo18.com,成人小说文本,文本小说,9,2024-06-20,1,ZGQ-inc/source_repo,,https://m.mpo18.com/💝,可达
📖PO18脸红心跳②,m.po18.xyz,成人小说文本,文本小说,9,2024-06-20,1,ZGQ-inc/source_repo,,https://m.po18.xyz/💝,可达
📖PO18脸红心跳①,m.popofree.com,成人小说文本,文本小说,9,2024-06-20,1,ZGQ-inc/source_repo,,https://m.popofree.com/💝,可达
🚬 PO18文学,m.ya49.com,成人小说文本,文本小说,9,2024-06-20,1,ZGQ-inc/source_repo,,https://m.ya49.com/💝,可达
🚬 PO18文学,www.sougou.work,成人小说文本,文本小说,9,2024-06-20,1,ZGQ-inc/source_repo,,https://www.sougou.work/💝,可达
📖PO18文学⑦,www.po18yq.com,成人小说文本,文本小说,9,2024-06-20,1,ZGQ-inc/source_repo,,https://www.po18yq.com/💝,可达
🚬 PO18文学,m.po18vip.me,成人小说文本,文本小说,9,2024-06-20,1,ZGQ-inc/source_repo,,https://m.po18vip.me/💝,可达
🚬 PO18文学,www.po18r.com,成人小说文本,文本小说,9,2024-06-20,1,ZGQ-inc/source_repo,,https://www.po18r.com/💝,可达
📖PO18文学④,wap.po18bl.com,成人小说文本,文本小说,9,2024-06-20,1,ZGQ-inc/source_repo,,https://wap.po18bl.com/💝,可达
📖PO18文学②,m.po18.info,成人小说文本,文本小说,9,2024-06-20,1,ZGQ-inc/source_repo,,https://m.po18.info/💝,超时
📖御宅屋③,m.yuzhaiwu520.org,成人小说文本,文本小说,9,2024-06-20,1,ZGQ-inc/source_repo,,http://m.yuzhaiwu520.org/💝,可达
🔰 御宅屋,m.yuzhaiwu1.vip,成人小说文本,文本小说,9,2024-06-20,1,ZGQ-inc/source_repo,,https://m.yuzhaiwu1.vip/💝,可达
🔰 御宅屋,yuzhaiwu1.life,成人小说文本,文本小说,9,2024-06-20,1,ZGQ-inc/source_repo,,https://yuzhaiwu1.life/💝,可达
海棠,www.haitang123.com,成人小说文本,文本小说,9,2024-06-12,9,ZGQ-inc/source_repo|aoaostar/legado|daiaji/LegadoSource|oli-fa/YueDuBackup/master|xdd666t/MyData,,https://www.haitang123.com,可达
📖PO18文学③,www.po18gw.com,成人小说文本,文本小说,9,2024-06-05,11,ZGQ-inc/source_repo|aoaostar/legado|daiaji/LegadoSource|oli-fa/YueDuBackup/master|xdd666t/MyData,,https://www.po18gw.com,可达
📖PO18文学②,m.po18.info,成人小说文本,文本小说,9,2024-06-05,12,ZGQ-inc/source_repo|aoaostar/legado|daiaji/LegadoSource|oli-fa/YueDuBackup/master|pindaCrazy/BookSourceForReader3.0|xdd666t/MyData|zimkyes/legado_source,,https://m.po18.info,超时
📖UAA小说·小改,api.uaa.com,成人小说文本,文本小说,9,2024-06-02,1,ZGQ-inc/source_repo,,https://api.uaa.com/novel,有响应(拦截)
笔趣阁bqgege,www.bqgege.com,成人小说文本,站群模板/文本小说,9,2024-05-27,1,ZGQ-inc/source_repo,,http://www.bqgege.com##必应搜索,可达
🚬 po18城,www.po18.city,成人小说文本,文本小说,9,2024-05-20,3,ZGQ-inc/source_repo,,https://www.po18.city,超时
📖海棠文学,www.longmabookcn.com,成人小说文本,正版出版/文本小说,9,2024-05-15,3,ZGQ-inc/source_repo|oli-fa/YueDuBackup/master|xdd666t/MyData,是,https://www.longmabookcn.com,可达
书耽中文,m.shubl.com,成人小说文本,文本小说,9,2024-05-11,1,ZGQ-inc/source_repo,,http://m.shubl.com#一程,可达
飞言情小说网🎗,www.gofeiyanqing.com,成人小说文本,站群模板/女频言情/文本小说,9,2024-05-08,2,ZGQ-inc/source_repo,,https://www.gofeiyanqing.com/,可达
📓UAA·小说,api.uaa.com,成人小说文本,文本小说,9,2024-05-02,1,ZGQ-inc/source_repo,,https://api.uaa.com##旅途％,有响应(拦截)
友爱,uaa文学,成人小说文本,文本小说,9,2024-05-02,1,ZGQ-inc/source_repo,,UAA文学,其它错误
友爱目录+图,ua,成人小说文本,文本小说,9,2024-05-02,1,ZGQ-inc/source_repo,,UA,域名解析失败
🚬 U A A,uaa(1),成人小说文本,文本小说,9,2024-05-02,1,ZGQ-inc/source_repo,,UAA(1),域名解析失败
海棠搜书🎗,www.haitangss.com,成人小说文本,社区标记失效/文本小说,9,2024-04-11,6,ZGQ-inc/source_repo|aoaostar/legado|oli-fa/YueDuBackup/master|xdd666t/MyData,,https://www.haitangss.com,可达
御书房文学,m.ysfwxc.com,成人小说文本,文本小说,9,2024-03-09,4,ZGQ-inc/source_repo|aoaostar/legado,,https://m.ysfwxc.com/,可达
笔趣阁18,m.yncgw.com,成人小说文本,站群模板/文本小说,9,2024-02-25,2,ZGQ-inc/source_repo,,https://m.yncgw.com,可达
红袖招,hongxiud.com,成人小说文本,文本小说,9,2024-02-19,6,ZGQ-inc/source_repo|daiaji/LegadoSource,,https://hongxiud.com,超时
📗 缤纷幻想,colorful-fantasybooks.com,成人小说文本,社区标记失效/正版出版/文本小说,9,2024-02-14,39,MajoSissi/legado-source|ZGQ-inc/source_repo|ZWolken/Light-Novel-Yuedu-Source|aoaostar/legado|daiaji/LegadoSource|entr0pia/MyLegadoSource|fmpfmp/YueDuBackup|oli-fa/YueDuBackup/master|xdd666t/MyData|zimkyes/legado_source,,https://colorful-fantasybooks.com,超时
UAA小说(H),api.uaa.com,成人小说文本,文本小说,9,2024-02-08,1,ZGQ-inc/source_repo,,https://api.uaa.com#007,有响应(拦截)
🌁popo,www.po18yun.com,成人小说文本,文本小说,9,2024-02-01,22,ZGQ-inc/source_repo|daiaji/LegadoSource|oli-fa/YueDuBackup/master|someok/booksources|xdd666t/MyData|zimkyes/legado_source,,https://www.po18yun.com,可达
🈲新欲望社,yuwangshe.in,成人小说文本,文本小说,9,2024-01-06,14,ZGQ-inc/source_repo|aoaostar/legado|daiaji/LegadoSource|oli-fa/YueDuBackup/master|xdd666t/MyData|zimkyes/legado_source,,https://yuwangshe.in,可达
疯情书库,fqbook.cc,成人小说文本,正版出版/文本小说,9,2024-01-05,7,LM-Firefly/booksource|ZGQ-inc/source_repo|daiaji/LegadoSource,,https://fqbook.cc/,可达
⭐️7766小说🔞,m.qiliuzw.info,成人小说文本,文本小说,9,2023-12-30,2,ZGQ-inc/source_repo,,http://m.qiliuzw.info/,超时
⭐️广安中文🔞,m.tianshuwx.com,成人小说文本,文本小说,9,2023-12-30,3,ZGQ-inc/source_repo,,http://m.tianshuwx.com,有响应(拦截)
笔趣阁qq🈲,m.bqgqq.com,成人小说文本,站群模板/文本小说,9,2023-12-25,1,ZGQ-inc/source_repo,,https://m.bqgqq.com,可达
🚬 优特小说🈲,m.utexs.com,成人小说文本,文本小说,9,2023-12-25,1,ZGQ-inc/source_repo,,https://m.utexs.com,超时
⭐️西西文学🔞,m.xixiwx.net,成人小说文本,文本小说,9,2023-12-25,1,ZGQ-inc/source_repo,,http://m.xixiwx.net,有响应(拦截)
⭐️30小说🔞,m.30xs.net,成人小说文本,文本小说,9,2023-12-25,3,ZGQ-inc/source_repo,,http://m.30xs.net,可达
⭐微风小说🈲,www.wfxs.tw,成人小说文本,文本小说,9,2023-12-10,14,ZGQ-inc/source_repo|aoaostar/legado|daiaji/LegadoSource|oli-fa/YueDuBackup/master|xdd666t/MyData,,https://www.wfxs.tw,可达
冷门小说,www.lengmen.org,成人小说文本,文本小说,9,2023-12-09,1,ZGQ-inc/source_repo,,https://www.lengmen.org##🔞,可达
🚬 po18⁷,po18wen.vip,成人小说文本,文本小说,9,2023-12-08,15,ZGQ-inc/source_repo|aoaostar/legado|daiaji/LegadoSource|oli-fa/YueDuBackup/master|xdd666t/MyData,,https://po18wen.vip,可达
海棠搜书🈲 #关耳,www.haitangsoushu.com,成人小说文本,正版出版/女频言情/文本小说,9,2023-12-07,2,ZGQ-inc/source_repo|xdd666t/MyData,,https://www.haitangsoushu.com#md♤guaner,可达
🚬 新御书屋,m.xinyushuwu.cc,成人小说文本,站群模板/文本小说,9,2023-12-07,2,ZGQ-inc/source_repo,,https://m.xinyushuwu.cc,有响应(拦截)
PO18全本,www.po18xyz.com,成人小说文本,站群模板/文本小说,9,2023-12-02,1,ZGQ-inc/source_repo,,https://www.po18xyz.com,连接失败
PO18脸红心跳,m.po18in.com,成人小说文本,文本小说,9,2023-11-28,3,ZGQ-inc/source_repo|oli-fa/YueDuBackup/master,,https://m.po18in.com/,连接失败
🚬 珀斯白瓦,www.po18v.com,成人小说文本,文本小说,9,2023-11-25,17,ZGQ-inc/source_repo|aoaostar/legado|daiaji/LegadoSource|oli-fa/YueDuBackup/master|xdd666t/MyData|zimkyes/legado_source,,https://www.po18v.com,超时
河圖文化*书库,www.hotupub.net,成人小说文本,文本小说,9,2023-11-25,1,ZGQ-inc/source_repo,,https://www.hotupub.net/,可达
梅语中文,m.kxiaoshuo.com,成人小说文本,文本小说,9,2023-11-24,4,ZGQ-inc/source_repo|aoaostar/legado,,https://m.kxiaoshuo.com/,可达
✈️ 海棠,ebook.longmabook.com,成人小说文本,正版出版/文本小说,9,2023-11-18,1,ZGQ-inc/source_repo,,https://ebook.longmabook.com,可达
🚬 广安中文网,m.scamssm.com,成人小说文本,文本小说,9,2023-11-12,24,ZGQ-inc/source_repo|aoaostar/legado|daiaji/LegadoSource|oli-fa/YueDuBackup/master|pindaCrazy/BookSourceForReader3.0|xdd666t/MyData,,http://m.scamssm.com,异常状态
🔞🔲第一版主（书多）,www.4yydstxt178.com,成人小说文本,社区标记失效/文本小说,9,2023-11-10,1,ZGQ-inc/source_repo,是,https://www.4yydstxt178.com/shuku/0-postdate-0-7.html,可达
海棠网Ⓒ,www.myhaitang.net,成人小说文本,社区标记失效/文本小说,9,2023-11-09,5,ZGQ-inc/source_repo|daiaji/LegadoSource,,https://www.myhaitang.net/,超时
PO18⑧,www.po18gw.com,成人小说文本,社区标记失效/文本小说,9,2023-11-09,1,ZGQ-inc/source_repo,,https://www.po18gw.com#md-guaner,可达
🔞第一版主178,www.1yydstxt178.com,成人小说文本,社区标记失效/文本小说,9,2023-11-09,1,ZGQ-inc/source_repo,是,https://www.1yydstxt178.com/,超时
🚬 第一版主（书多）,www.99yydstxt226.com,成人小说文本,社区标记失效/文本小说,9,2023-11-09,1,ZGQ-inc/source_repo,是,https://www.99yydstxt226.com/shuku/0-postdate-0-7.html,可达
🚬 月亮小说,yueliang25.buzz,成人小说文本,社区标记失效/文本小说,9,2023-11-03,6,ZGQ-inc/source_repo|aoaostar/legado,,https://yueliang25.buzz,可达
🌸御宅屋网,m.yuzhaiwu.vip,成人小说文本,社区推荐/文本小说,9,2023-11-01,2,ZGQ-inc/source_repo,,https://m.yuzhaiwu.vip,有响应(拦截)
🚬 火书屋,www.huosw.com,成人小说文本,站群模板/文本小说,9,2023-10-30,1,ZGQ-inc/source_repo,,https://www.huosw.com,连接失败
🚬 港岛妹小说,www.yiw88.com,成人小说文本,文本小说,9,2023-10-22,1,ZGQ-inc/source_repo,,http://www.yiw88.com,异常状态
🔞 第一版主178,www.2yydstxt234.com,成人小说文本,社区标记失效/男频网文/文本小说,9,2023-10-16,1,ZGQ-inc/source_repo,是,https://www.2yydstxt234.com/,可达
海棠书屋,www.489d.com,成人小说文本,站群模板/文本小说,9,2023-10-15,1,aoaostar/legado,,https://www.489d.com,可达
🚬 海棠书屋,www.haitang123.co,成人小说文本,站群模板/文本小说,9,2023-10-13,21,ZGQ-inc/source_repo|aoaostar/legado|daiaji/LegadoSource|e101406/booksources/master|oli-fa/YueDuBackup/master|xdd666t/MyData|zimkyes/legado_source,,https://www.haitang123.co,超时
🍉 第一版主（书多）,www.1yydstxt226.com,成人小说文本,社区标记失效/男频网文/文本小说,9,2023-10-09,1,ZGQ-inc/source_repo,是,https://www.1yydstxt226.com/shuku/0-postdate-0-7.html,可达
🔞 笔趣阁,m.liquge.com,成人小说文本,站群模板/文本小说,9,2023-09-18,7,ZGQ-inc/source_repo|aoaostar/legado|oli-fa/YueDuBackup/master|xdd666t/MyData,,http://m.liquge.com,超时
🎋PO18小说🎋,m.popofree.com,成人小说文本,文本小说,9,2023-09-15,3,ZGQ-inc/source_repo|oli-fa/YueDuBackup/master|xdd666t/MyData,,https://m.popofree.com/##响海,可达
🚬 疯情书库,www.aastory.space,成人小说文本,社区标记失效/文本小说,9,2023-09-14,6,ZGQ-inc/source_repo|aoaostar/legado|oli-fa/YueDuBackup/master|xdd666t/MyData,,http://www.aastory.space,可达
疯情书库,www.aastory.space,成人小说文本,社区标记失效/正版出版/文本小说,9,2023-09-14,15,ZGQ-inc/source_repo|aoaostar/legado|daiaji/LegadoSource|oli-fa/YueDuBackup/master|xdd666t/MyData,,https://www.aastory.space,可达
我要书单🍊虫虫书屋,www.emoshuwu.com,成人小说文本,站群模板/文本小说,9,2023-09-02,2,ZGQ-inc/source_repo,,https://www.emoshuwu.com##修正,其它错误
我要书单🍊虫虫书屋,www.emoshuwu.com,成人小说文本,站群模板/文本小说,9,2023-09-02,1,ZGQ-inc/source_repo,,https://www.emoshuwu.com,其它错误
🍊虫虫书屋,www.51menu.com,成人小说文本,站群模板/文本小说,9,2023-09-02,1,ZGQ-inc/source_repo,,http://www.51menu.com##@尐哖,其它错误
搜书吧🍊虫虫书屋,m.lhh360.com,成人小说文本,站群模板/文本小说,9,2023-09-02,2,ZGQ-inc/source_repo,,http://m.lhh360.com/##修正,可达
搜书吧🍊虫虫书屋,m.lhh360.com,成人小说文本,站群模板/文本小说,9,2023-09-02,1,ZGQ-inc/source_repo,,http://m.lhh360.com/,可达
脸红心跳🎃,m.po18yun.com,成人小说文本,文本小说,9,2023-09-01,1,ZGQ-inc/source_repo,,https://m.po18yun.com#🎃,连接失败
🔞🔲第一版主,www.diyibanzhu444.com,成人小说文本,社区标记失效/文本小说,9,2023-08-30,1,ZGQ-inc/source_repo,是,https://www.diyibanzhu444.com/shuku/,可达
🔰 po18文学,wap.po18.work,成人小说文本,文本小说,9,2023-08-29,2,ZGQ-inc/source_repo|aoaostar/legado,,https://wap.po18.work,可达
🚀阅批站-禁漫,yuepizhan.com,成人小说文本,文本小说,9,2023-08-18,2,ZGQ-inc/source_repo,,https://yuepizhan.com/#,可达
新暖才文学网,54.39.102.42,成人小说文本,站群模板/文本小说,9,2023-08-17,1,ZGQ-inc/source_repo,,http://54.39.102.42/,可达
皮皮虾,www.ppxxs.com,成人小说文本,文本小说,9,2023-08-17,1,ZGQ-inc/source_repo,是,https://www.ppxxs.com,连接失败
🚀版主⚠️看注释,m.diyibanzhu.me,成人小说文本,文本小说,9,2023-08-15,26,ZGQ-inc/source_repo|fmpfmp/YueDuBackup|oevery/Source/master|oli-fa/YueDuBackup/master|xdd666t/MyData,是,https://m.diyibanzhu.me,有响应(拦截)
🔞 书包网,wap.ebookbao.org,成人小说文本,社区标记失效/正版出版/文本小说,9,2023-07-25,3,ZGQ-inc/source_repo,,https://wap.ebookbao.org/,有响应(拦截)
🍇 海棠看书（有海棠作话）,www.wukongkanshu.com,成人小说文本,女频言情/文本小说,9,2023-07-11,9,ZGQ-inc/source_repo|aoaostar/legado|daiaji/LegadoSource,,https://www.wukongkanshu.com,可达
废文,xn--pxtr7m.com,成人小说文本,文本小说,9,2023-07-05,1,ZGQ-inc/source_repo,是,https://xn--pxtr7m.com/##,可达
🔞 御书宅屋,www.miaodu5.com,成人小说文本,文本小说,9,2023-06-26,16,LM-Firefly/booksource|ZGQ-inc/source_repo|daiaji/LegadoSource|fmpfmp/YueDuBackup|oli-fa/YueDuBackup/master|xdd666t/MyData,,https://www.miaodu5.com,异常状态
📓UAA·小说 new,www.uaa.com,成人小说文本,文本小说,9,2023-06-20,1,ZGQ-inc/source_repo,,https://www.uaa.com##旅途,有响应(拦截)
☘️海棠1☘️,www.haitang123.co,成人小说文本,社区标记失效/文本小说,9,2023-06-16,4,ZGQ-inc/source_repo|e101406/booksources/master|oli-fa/YueDuBackup/master,,https://www.haitang123.co#响海,超时
po18biz,www.po18.biz,成人小说文本,文本小说,9,2023-06-08,1,ZGQ-inc/source_repo,,https://www.po18.biz,可达
⚠️海棠搜书,www.haitangsoushu.com,成人小说文本,社区标记失效/文本小说,9,2023-06-07,1,ZGQ-inc/source_repo,,https://www.haitangsoushu.com/#乃星,可达
🔞 红袖招,hongxiue.com,成人小说文本,社区标记失效/文本小说,9,2023-06-04,1,ZGQ-inc/source_repo,,https://hongxiue.com,可达
海棠书房,www.yuzhaiwula.com,成人小说文本,社区标记失效/文本小说,9,2023-06-03,15,ZGQ-inc/source_repo|daiaji/LegadoSource|fmpfmp/YueDuBackup|oli-fa/YueDuBackup/master|xdd666t/MyData,,https://www.yuzhaiwula.com,连接失败
💗 夜天连看,m.yetianlian.org,成人小说文本,文本小说,9,2023-06-02,5,ZGQ-inc/source_repo|aoaostar/legado,,http://m.yetianlian.org/,异常状态
👔 爱娃阅读,m.aiwaxs.org,成人小说文本,正版出版/文本小说,9,2023-06-01,4,ZGQ-inc/source_repo|daiaji/LegadoSource,,https://m.aiwaxs.org/,有响应(拦截)
UAA小说(H),api.uaa.com,成人小说文本,文本小说,9,2023-05-30,1,ZGQ-inc/source_repo,,https://api.uaa.com#001,有响应(拦截)
废文小站sadhub,www.sadhub.org,成人小说文本,社区标记失效/文本小说,9,2023-05-24,5,ZGQ-inc/source_repo|daiaji/LegadoSource,,https://www.sadhub.org,可达
po18yun②,www.po18yun.com,成人小说文本,社区标记失效/文本小说,9,2023-05-23,2,ZGQ-inc/source_repo|oli-fa/YueDuBackup/master,,https://www.po18yun.com#♤yc,可达
po18yun①,www.po18yun.com,成人小说文本,社区标记失效/文本小说,9,2023-05-23,2,ZGQ-inc/source_repo|oli-fa/YueDuBackup/master,,https://www.po18yun.com#yc1101,可达
海棠书房①,www.haitangkan.com,成人小说文本,社区标记失效/文本小说,9,2023-05-23,5,ZGQ-inc/source_repo|daiaji/LegadoSource,,https://www.haitangkan.com,可达
海棠搜书③,www.haitangsoushu.com,成人小说文本,社区标记失效/文本小说,9,2023-05-23,1,ZGQ-inc/source_repo,,https://www.haitangsoushu.com#wy1,可达
🈲海棠书房,www.yuzhaiwula.com,成人小说文本,社区标记失效/文本小说,9,2023-05-16,1,ZGQ-inc/source_repo,,https://www.yuzhaiwula.com#乃星,连接失败
👔 海棠书屋,m.haitangshuwu.me,成人小说文本,站群模板/文本小说,9,2023-05-16,4,ZGQ-inc/source_repo|daiaji/LegadoSource,,https://m.haitangshuwu.me/,连接失败
👔 海棠文学,www.htlvbooks.com,成人小说文本,正版出版/女频言情/文本小说,9,2023-05-16,10,ZGQ-inc/source_repo|aoaostar/legado|daiaji/LegadoSource|oli-fa/YueDuBackup/master|xdd666t/MyData|zimkyes/legado_source|zmn001125/booksources,是,https://www.htlvbooks.com/,可达
👔 新御宅屋,m.xinyushuwu.net,成人小说文本,文本小说,9,2023-05-13,4,ZGQ-inc/source_repo|daiaji/LegadoSource,,https://m.xinyushuwu.net/,连接失败
💠 文心阁网,m.wenxinge520.com,成人小说文本,正版出版/文本小说,9,2023-05-13,1,ZGQ-inc/source_repo,,https://m.wenxinge520.com/,可达
👔 海棠搜书,www.sohaitang.com,成人小说文本,社区标记失效/文本小说,9,2023-05-10,4,ZGQ-inc/source_repo|daiaji/LegadoSource,,https://www.sohaitang.com/,可达
👔 御宅屋,m.iyuzhaiwu.xyz,成人小说文本,社区标记失效/文本小说,9,2023-05-09,5,ZGQ-inc/source_repo|daiaji/LegadoSource,,https://m.iyuzhaiwu.xyz/,超时
👔 御宅屋,wap.yushuhai.com,成人小说文本,文本小说,9,2023-05-09,4,ZGQ-inc/source_repo|daiaji/LegadoSource,,https://wap.yushuhai.com/,连接失败
🔞🔲第一版主【8yydstxt234 by812@221012】,8yydstxt234.com,成人小说文本,文本小说,9,2023-05-06,1,ZGQ-inc/source_repo,是,https://8yydstxt234.com/,超时
🔞 寂寞书屋📖,www.jmshuwu.net,成人小说文本,站群模板/社区标记失效/文本小说,9,2023-05-04,1,ZGQ-inc/source_repo,,http://www.jmshuwu.net,可达
👔 脸红心跳,po18bl.com,成人小说文本,社区标记失效/文本小说,9,2023-04-11,6,ZGQ-inc/source_repo|oli-fa/YueDuBackup/master|xdd666t/MyData,,https://po18bl.com,可达
👔 御宅屋网,m.quyuzhaiwu.com,成人小说文本,文本小说,9,2023-04-10,7,ZGQ-inc/source_repo|aoaostar/legado|daiaji/LegadoSource,,https://m.quyuzhaiwu.com/,连接失败
👔 御书屋网,m.yuzhaiwuh.com,成人小说文本,站群模板/社区标记失效/文本小说,9,2023-04-10,5,ZGQ-inc/source_repo|daiaji/LegadoSource,,https://m.yuzhaiwuh.com/,连接失败
👔 海棠书屋,www.haitang123.tv,成人小说文本,站群模板/文本小说,9,2023-04-10,3,ZGQ-inc/source_repo|oli-fa/YueDuBackup/master|xdd666t/MyData,,https://www.haitang123.tv,可达
👔 御宅屋,m.pozhaiwu.info,成人小说文本,文本小说,9,2023-04-09,5,ZGQ-inc/source_repo|daiaji/LegadoSource,,https://m.pozhaiwu.info/,可达
👔 新御宅屋,m.xyuzhaiwu.me,成人小说文本,文本小说,9,2023-04-09,5,ZGQ-inc/source_repo|daiaji/LegadoSource,,https://m.xyuzhaiwu.me/,连接失败
👔 御书屋,m.txtyuzhaiwu.com,成人小说文本,站群模板/社区标记失效/文本小说,9,2023-04-09,5,ZGQ-inc/source_repo|daiaji/LegadoSource,,https://m.txtyuzhaiwu.com/,可达
🚬 御宅屋,m.hyuzhaiwu.com,成人小说文本,文本小说,9,2023-04-09,1,ZGQ-inc/source_repo,,https://m.hyuzhaiwu.com,连接失败
🚬 御宅屋,m.yuzhaiwu.uk,成人小说文本,文本小说,9,2023-04-09,4,ZGQ-inc/source_repo|daiaji/LegadoSource,,https://m.yuzhaiwu.uk,超时
🚀 3H淫书,hhhbook.com,成人小说文本,正版出版/文本小说,9,2023-04-03,5,ZGQ-inc/source_repo|oli-fa/YueDuBackup/master,,http://hhhbook.com,可达
🚀 废文Ⅵ,www.sosad.fun,成人小说文本,文本小说,9,2023-04-03,1,ZGQ-inc/source_repo,,https://www.sosad.fun/🍑,可达
🚀 废文Ⅲ,www.sosad.fun,成人小说文本,文本小说,9,2023-04-03,8,ZGQ-inc/source_repo|fmpfmp/YueDuBackup|oli-fa/YueDuBackup/master,,https://www.sosad.fun,可达
🚀 脸红心跳,www.po18ks.com,成人小说文本,文本小说,9,2023-04-03,4,ZGQ-inc/source_repo|oli-fa/YueDuBackup/master,,https://www.po18ks.com,连接失败
🚀 脸红心跳,www.po18ks.com,成人小说文本,文本小说,9,2023-04-03,1,ZGQ-inc/source_repo,,https://www.po18ks.com/🍑,连接失败
🌸 海棠书屋,m.haitangshuwu.in,成人小说文本,站群模板/女频言情/文本小说,9,2023-04-03,3,ZGQ-inc/source_repo|oli-fa/YueDuBackup/master|xdd666t/MyData,,https://m.haitangshuwu.in,可达
🌸 海棠书屋,haitang123.co,成人小说文本,站群模板/文本小说,9,2023-04-03,3,ZGQ-inc/source_repo|xdd666t/MyData,,https://haitang123.co,可达
🚬 下书网,www.shutxt.com,成人小说文本,站群模板/文本小说,9,2023-03-25,18,ZGQ-inc/source_repo|daiaji/LegadoSource|entr0pia/MyLegadoSource|oli-fa/YueDuBackup/master|someok/booksources|xdd666t/MyData|zimkyes/legado_source,,http://www.shutxt.com,超时
挺好的,www.tinghaode123.com,成人小说文本,社区推荐/正版出版/文本小说,9,2023-03-18,6,ZGQ-inc/source_repo|oli-fa/YueDuBackup/master|xdd666t/MyData|zimkyes/legado_source,,https://www.tinghaode123.com/,可达
红袖招,hongxiud.com（已修复下一页问题）,成人小说文本,文本小说,9,2023-03-18,1,ZGQ-inc/source_repo,,https://hongxiud.com（已修复下一页问题）,其它错误
🔖海棠书屋③,www.bijibaba.com,成人小说文本,站群模板/文本小说,9,2023-03-13,7,ZGQ-inc/source_repo|oli-fa/YueDuBackup/master|xdd666t/MyData|zimkyes/legado_source,,https://www.bijibaba.com/,可达
🔖海棠书屋①,haitang123.biz,成人小说文本,站群模板/社区标记失效/文本小说,9,2023-03-13,6,ZGQ-inc/source_repo|oli-fa/YueDuBackup/master|xdd666t/MyData,,https://haitang123.biz,连接失败
🔖海棠搜书,www.henhaoso.org,成人小说文本,社区标记失效/文本小说,9,2023-03-13,6,ZGQ-inc/source_repo|oli-fa/YueDuBackup/master|xdd666t/MyData,,https://www.henhaoso.org,可达
🔖御宅屋,txtnovel.life,成人小说文本,社区标记失效/文本小说,9,2023-03-13,3,ZGQ-inc/source_repo|oli-fa/YueDuBackup/master|xdd666t/MyData,,https://txtnovel.life,连接失败
🔞 禁忌书屋,m.43tg.com,成人小说文本,站群模板/文本小说,9,2023-03-12,8,ZGQ-inc/source_repo|oli-fa/YueDuBackup/master|xdd666t/MyData,,https://m.43tg.com,连接失败
🔞 疯情阅读,m.aaread.club,成人小说文本,文本小说,9,2023-03-12,30,ZGQ-inc/source_repo|aoaostar/legado|fmpfmp/YueDuBackup|oevery/Source/master|oli-fa/YueDuBackup/master|someok/booksources|xdd666t/MyData,,https://m.aaread.club,可达
🔞 顶点小说,wap.maxreader.net,成人小说文本,站群模板/文本小说,9,2023-03-12,23,ZGQ-inc/source_repo|aoaostar/legado|daiaji/LegadoSource|fmpfmp/YueDuBackup|oli-fa/YueDuBackup/master|xdd666t/MyData,,https://wap.maxreader.net,超时
🔞 云读小说网,www.yundu9.com,成人小说文本,站群模板/社区标记失效/文本小说,9,2023-03-12,4,ZGQ-inc/source_repo|daiaji/LegadoSource,,https://www.yundu9.com,超时
🔞 饭饭txt,bbs.fanfanx.com,成人小说文本,社区标记失效/文本小说,9,2023-03-12,1,ZGQ-inc/source_repo,,https://bbs.fanfanx.com/,超时
🌁 PO18,m.po18.work,成人小说文本,文本小说,9,2023-03-10,22,ZGQ-inc/source_repo|fmpfmp/YueDuBackup|oli-fa/YueDuBackup/master|someok/booksources|xdd666t/MyData|zmn001125/booksources,,https://m.po18.work#一程,连接失败
🚬 7766小说网,w.qiliuxs.com,成人小说文本,站群模板/社区标记失效/文本小说,9,2023-03-05,2,ZGQ-inc/source_repo|xdd666t/MyData,,https://w.qiliuxs.com,超时
🔞 米读小说④,www.mdxs123.com,成人小说文本,社区标记失效/文本小说,9,2023-03-05,1,ZGQ-inc/source_repo,,https://www.mdxs123.com/#♤pb,可达
🔞 海棠书屋⑤,www.haitang123.top,成人小说文本,站群模板/文本小说,9,2023-03-05,8,ZGQ-inc/source_repo|daiaji/LegadoSource|oli-fa/YueDuBackup/master|xdd666t/MyData,,https://www.haitang123.top,可达
🚬 海棠书屋③,www.haitang123.top,成人小说文本,站群模板/文本小说,9,2023-03-05,2,ZGQ-inc/source_repo|oli-fa/YueDuBackup/master,,https://www.haitang123.top#修复,可达
☘️🔞海棠小说网🔞☘️,m.7shuwu.cc,成人小说文本,站群模板/文本小说,9,2023-03-01,1,ZGQ-inc/source_repo,,https://m.7shuwu.cc/,可达
💠 暖才文学,www.xncwxw.com,成人小说文本,文本小说,9,2023-02-26,28,ZGQ-inc/source_repo|fmpfmp/YueDuBackup|oevery/Source/master|oli-fa/YueDuBackup/master|xdd666t/MyData,,https://www.xncwxw.com,可达
海棠书房 (m.haitangshufang.com),m.haitangshufang.com,成人小说文本,文本小说,9,2023-02-24,1,ZGQ-inc/source_repo,,https://m.haitangshufang.com,可达
欲望文,wap.yuwangwen.com,成人小说文本,文本小说,9,2023-02-22,8,ZGQ-inc/source_repo|oli-fa/YueDuBackup/master|xdd666t/MyData,,https://wap.yuwangwen.com,连接失败
🌸PO18脸红心跳,m.po18.work,成人小说文本,文本小说,9,2023-02-22,17,ZGQ-inc/source_repo|fmpfmp/YueDuBackup|oli-fa/YueDuBackup/master|someok/booksources|xdd666t/MyData|zmn001125/booksources,,https://m.po18.work,连接失败
肉文NP🎃,www.rouwennp.club,成人小说文本,文本小说,9,2023-02-19,1,ZGQ-inc/source_repo,,https://www.rouwennp.club#🎃,超时
🚬 海棠书屋③,haitang123.net,成人小说文本,站群模板/文本小说,9,2023-02-14,1,ZGQ-inc/source_repo,,https://haitang123.net#修复,可达
🍑 鲤鱼乡②,www.liyuxiang.cc,成人小说文本,文本小说,9,2023-02-13,11,ZGQ-inc/source_repo|aoaostar/legado|oli-fa/YueDuBackup/master|xdd666t/MyData,,http://www.liyuxiang.cc,可达
友爱,www.uaa.com,成人小说文本,社区推荐/文本小说,9,2023-02-12,1,ZGQ-inc/source_repo,,https://www.uaa.com#UAA,有响应(拦截)
🍑秋日蝉鸣🍑,www.ztgauntong.com,成人小说文本,文本小说,9,2023-02-08,11,ZGQ-inc/source_repo|oli-fa/YueDuBackup/master|someok/booksources|xdd666t/MyData|zimkyes/legado_source|zmn001125/booksources,,https://www.ztgauntong.com,可达
🍊御宅屋la,www.yuzhaiwula.com已整理,成人小说文本,社区标记失效/文本小说,9,2023-01-19,1,ZGQ-inc/source_repo,,https://www.yuzhaiwula.com已整理,其它错误
🔴UAA小说,m.uaa.com,成人小说文本,文本小说,9,2023-01-03,5,ZGQ-inc/source_repo|oli-fa/YueDuBackup/master|xdd666t/MyData|zimkyes/legado_source,,https://m.uaa.com,有响应(拦截)
🔞 看客网（获取目录失败 求修复）,www.kankeo.cc,成人小说文本,文本小说,9,2022-12-31,10,ZGQ-inc/source_repo|oli-fa/YueDuBackup/master|xdd666t/MyData|zimkyes/legado_source,,http://www.kankeo.cc,异常状态
第一版主,m.sinodan.link,成人小说文本,文本小说,9,2022-12-31,3,ZGQ-inc/source_repo|oli-fa/YueDuBackup/master|xdd666t/MyData,,https://m.sinodan.link,可达
海棠看书,www.haitangkanshu.com,成人小说文本,女频言情/文本小说,9,2022-12-06,12,ZGQ-inc/source_repo|daiaji/LegadoSource|oli-fa/YueDuBackup/master|xdd666t/MyData|zimkyes/legado_source,,https://www.haitangkanshu.com,超时
PO18VIPME❤,www.po18vip.me,成人小说文本,文本小说,9,2022-12-06,1,ZGQ-inc/source_repo,,https://www.po18vip.me/,可达
🚬 新御书屋,m.xyushu5.com,成人小说文本,站群模板/女频言情/文本小说,9,2022-11-18,4,ZGQ-inc/source_repo|oli-fa/YueDuBackup/master|xdd666t/MyData,,https://m.xyushu5.com,可达
🚬 杏吧资源,sex8.ga,成人小说文本,文本小说,9,2022-11-18,3,ZGQ-inc/source_repo|oli-fa/YueDuBackup/master|xdd666t/MyData,,https://sex8.ga,连接失败
💵 POPO,www.popo.tw,成人小说文本,女频言情/文本小说,9,2022-11-18,2,ZGQ-inc/source_repo|xdd666t/MyData,是,https://www.popo.tw##,可达
🚬 蛋文库,danwenku.com,成人小说文本,女频言情/文本小说,9,2022-11-18,3,ZGQ-inc/source_repo|oli-fa/YueDuBackup/master|xdd666t/MyData,,http://danwenku.com,异常状态
🏷️ 北极圈社,www.polarsocietyofcreator.com,成人小说文本,女频言情/文本小说,9,2022-11-18,4,ZGQ-inc/source_repo|xdd666t/MyData|zimkyes/legado_source,,https://www.polarsocietyofcreator.com,超时
🚬 色小说,www.sexiaoshuo8.com,成人小说文本,文本小说,9,2022-11-17,2,ZGQ-inc/source_repo|xdd666t/MyData,,https://www.sexiaoshuo8.com,可达
💵 海棠文学,ebook.lmbooks.com,成人小说文本,正版出版/女频言情/文本小说,9,2022-11-16,5,ZGQ-inc/source_repo|oli-fa/YueDuBackup/master|xdd666t/MyData|zmn001125/booksources,是,https://ebook.lmbooks.com,可达
🚬 xchina,tw.xchina.co,成人小说文本,文本小说,9,2022-11-15,4,ZGQ-inc/source_repo|e101406/booksources/master|xdd666t/MyData,,https://tw.xchina.co,有响应(拦截)
🚬 NOoneBZ,www.01bz9999.xyz,成人小说文本,文本小说,9,2022-11-15,4,ZGQ-inc/source_repo|xdd666t/MyData,,http://www.01bz9999.xyz,可达
🚬 18小说,www.kyankanshu.com,成人小说文本,文本小说,9,2022-11-14,3,ZGQ-inc/source_repo|oli-fa/YueDuBackup/master|xdd666t/MyData,,https://www.kyankanshu.com,可达
🚬 笔趣阁popo,m.xp578.com,成人小说文本,站群模板/文本小说,9,2022-11-14,4,ZGQ-inc/source_repo|oli-fa/YueDuBackup/master|xdd666t/MyData,,https://m.xp578.com,连接失败
🚬 No.1bz,www.diyibanzhu55.com,成人小说文本,文本小说,9,2022-11-14,7,ZGQ-inc/source_repo|oli-fa/YueDuBackup/master|xdd666t/MyData,,http://www.diyibanzhu55.com,可达
🚬 神书网,wap.shenshu.info,成人小说文本,站群模板/女频言情/文本小说,9,2022-11-14,3,ZGQ-inc/source_repo|oli-fa/YueDuBackup/master|xdd666t/MyData,,http://wap.shenshu.info,超时
🚬 po18脸红心跳,m.po18s.com,成人小说文本,文本小说,9,2022-11-14,8,ZGQ-inc/source_repo|oli-fa/YueDuBackup/master|xdd666t/MyData,,https://m.po18s.com,超时
🍊 海棠书屋,www.haitangshuwu.net,成人小说文本,站群模板/女频言情/文本小说,9,2022-11-13,3,ZGQ-inc/source_repo|oli-fa/YueDuBackup/master|xdd666t/MyData,,https://www.haitangshuwu.net,可达
🚬 爱巴士,www.18sbook.com,成人小说文本,正版出版/女频言情/文本小说,9,2022-11-13,6,ZGQ-inc/source_repo|oli-fa/YueDuBackup/master|someok/booksources|xdd666t/MyData|zimkyes/legado_source,,https://www.18sbook.com,超时
🚬 易下书库,aabook.cc,成人小说文本,正版出版/文本小说,9,2022-11-13,17,ZGQ-inc/source_repo|oli-fa/YueDuBackup/master|someok/booksources|xdd666t/MyData|zimkyes/legado_source,,https://aabook.cc,可达
🚬 御宅屋二,m.miaodu5.com,成人小说文本,女频言情/文本小说,9,2022-11-13,26,ZGQ-inc/source_repo|fmpfmp/YueDuBackup|oevery/Source/master|oli-fa/YueDuBackup/master|xdd666t/MyData,,http://m.miaodu5.com,异常状态
🚬 第二书包网,m.shubao202.com,成人小说文本,文本小说,9,2022-11-13,8,ZGQ-inc/source_repo|oli-fa/YueDuBackup/master|xdd666t/MyData,,http://m.shubao202.com,超时
🚬 疯情书库,www.aabook.cc,成人小说文本,社区推荐/正版出版/文本小说,9,2022-11-12,11,ZGQ-inc/source_repo|oli-fa/YueDuBackup/master|someok/booksources|xdd666t/MyData|zimkyes/legado_source,,https://www.aabook.cc,可达
🚬 疯情书库,aabook.xyz,成人小说文本,正版出版/文本小说,9,2022-11-12,3,ZGQ-inc/source_repo|oli-fa/YueDuBackup/master|xdd666t/MyData,,https://aabook.xyz,可达
🚬 什么看书屋,www.shenmekan.top,成人小说文本,站群模板/文本小说,9,2022-11-12,3,ZGQ-inc/source_repo|oli-fa/YueDuBackup/master|xdd666t/MyData,,https://www.shenmekan.top,可达
🚬 疯情阅读,www.aaread.club-正则,成人小说文本,文本小说,9,2022-11-12,3,ZGQ-inc/source_repo|oli-fa/YueDuBackup/master|xdd666t/MyData,,https://www.aaread.club-正则:🚬刘备入川,其它错误
🚬 求书帮,m.qiushubang.me,成人小说文本,文本小说,9,2022-11-12,3,ZGQ-inc/source_repo|oli-fa/YueDuBackup/master|xdd666t/MyData,,m.qiushubang.me,异常状态
🚬 榕秋水黛,rrread.xyz,成人小说文本,女频言情/文本小说,9,2022-11-12,3,ZGQ-inc/source_repo|xdd666t/MyData|zimkyes/legado_source,,https://rrread.xyz,连接失败
🚬 海棠书屋,www.dad18.com,成人小说文本,站群模板/女频言情/文本小说,9,2022-11-11,3,ZGQ-inc/source_repo|oli-fa/YueDuBackup/master|xdd666t/MyData,,https://www.dad18.com,连接失败
🚬 肉肉书,m.rouroushu.com,成人小说文本,文本小说,9,2022-11-11,7,ZGQ-inc/source_repo|oli-fa/YueDuBackup/master|xdd666t/MyData,,https://m.rouroushu.com,连接失败
🚬 红袖招,hongxiuzhao.me,成人小说文本,女频言情/文本小说,9,2022-11-11,4,ZGQ-inc/source_repo|oli-fa/YueDuBackup/master|someok/booksources|xdd666t/MyData,,https://hongxiuzhao.me,可达
🚬 情豆书坊,m.qd9.net,成人小说文本,文本小说,9,2022-11-11,3,ZGQ-inc/source_repo|oli-fa/YueDuBackup/master|xdd666t/MyData,,https://m.qd9.net,可达
🚬 鲤鱼乡,m.bimo123.com,成人小说文本,文本小说,9,2022-11-11,7,ZGQ-inc/source_repo|oli-fa/YueDuBackup/master|xdd666t/MyData,,http://m.bimo123.com,可达
🔞 五二书屋,www.52shuwu.me,成人小说文本,站群模板/文本小说,9,2022-11-04,2,ZGQ-inc/source_repo|oli-fa/YueDuBackup/master,,https://www.52shuwu.me#一程,可达
🔥 肉书屋📖,www.roushuwu.me,成人小说文本,站群模板/文本小说,9,2022-11-03,6,ZGQ-inc/source_repo|oli-fa/YueDuBackup/master|xdd666t/MyData,,https://www.roushuwu.me/,可达
🚬 御宅屋,91yy.info,成人小说文本,女频言情/文本小说,9,2022-11-03,8,ZGQ-inc/source_repo|oli-fa/YueDuBackup/master|xdd666t/MyData|zimkyes/legado_source,,https://91yy.info/,有响应(拦截)
🔞 PO18①,m.po18.biz,成人小说文本,文本小说,9,2022-11-03,10,ZGQ-inc/source_repo|oli-fa/YueDuBackup/master|someok/booksources|xdd666t/MyData,,https://m.po18.biz,可达
赵,www.aabook.cc,成人小说文本,正版出版/文本小说,9,2022-11-01,1,oli-fa/YueDuBackup/master,,https://www.aabook.cc#♤yc,可达
📒御宅屋,m.yzwxs.org,成人小说文本,文本小说,9,2022-10-30,5,ZGQ-inc/source_repo|oli-fa/YueDuBackup/master|xdd666t/MyData,,http://m.yzwxs.org,异常状态
🔞 肉文小说,m.rouwen.club,成人小说文本,文本小说,9,2022-10-29,9,ZGQ-inc/source_repo|daiaji/LegadoSource|oli-fa/YueDuBackup/master|xdd666t/MyData|zimkyes/legado_source,,https://m.rouwen.club,可达
🔞 第一版主,www.01bz2222.xyz,成人小说文本,文本小说,9,2022-10-28,4,ZGQ-inc/source_repo|oli-fa/YueDuBackup/master|xdd666t/MyData|zimkyes/legado_source,,http://www.01bz2222.xyz,可达
🚬 肉文屋,www.rouwenwu.com,成人小说文本,文本小说,9,2022-10-24,3,ZGQ-inc/source_repo|oli-fa/YueDuBackup/master|xdd666t/MyData,,https://www.rouwenwu.com,可达
🔞 宝文吧,www.baowen8.net,成人小说文本,文本小说,9,2022-10-24,4,ZGQ-inc/source_repo|oli-fa/YueDuBackup/master,,https://www.baowen8.net,可达
👔 海棠搜书,www.haitangsoshu.com,成人小说文本,社区标记失效/文本小说,9,2022-10-24,4,ZGQ-inc/source_repo|daiaji/LegadoSource,,https://www.haitangsoshu.com/,可达
🔞 一曲书斋,www.yiqushu.org,成人小说文本,社区推荐/文本小说,9,2022-10-23,7,ZGQ-inc/source_repo|oli-fa/YueDuBackup/master|someok/booksources|xdd666t/MyData,,https://www.yiqushu.org,可达
秦,www.tz659.com,成人小说文本,文本小说,9,2022-10-21,2,ZGQ-inc/source_repo|oli-fa/YueDuBackup/master,,http://www.tz659.com/#812,可达
🔞 第一版主②📖,www.dybzvip7.cc,成人小说文本,文本小说,9,2022-10-19,3,ZGQ-inc/source_repo|oli-fa/YueDuBackup/master|xdd666t/MyData,,http://www.dybzvip7.cc,超时
🔞 第一版主③📖,www.01bzvip6.cc,成人小说文本,文本小说,9,2022-10-19,3,ZGQ-inc/source_repo|oli-fa/YueDuBackup/master|xdd666t/MyData,,http://www.01bzvip6.cc,异常状态
🔞 欲望社,www.win10city.com,成人小说文本,文本小说,9,2022-10-18,2,ZGQ-inc/source_repo|oli-fa/YueDuBackup/master,,https://www.win10city.com#一程,可达
🔞 宝文吧,www.baowen8.net,成人小说文本,文本小说,9,2022-10-14,2,ZGQ-inc/source_repo|oli-fa/YueDuBackup/master,,https://www.baowen8.net#一程,可达
🔞🔲第一版主【by812@221012】,www.bz3333.xyz,成人小说文本,文本小说,9,2022-10-12,5,ZGQ-inc/source_repo|xdd666t/MyData|zimkyes/legado_source,,www.bz3333.xyz,可达
🔞🔲第一版主【不知道行不行】,www.diyibanzhuvip4.cc,成人小说文本,文本小说,9,2022-10-12,1,ZGQ-inc/source_repo,,www.diyibanzhuvip4.cc,可达
🚬 肉肉屋,m.rourouwu.com,成人小说文本,文本小说,9,2022-10-05,10,ZGQ-inc/source_repo|aoaostar/legado|daiaji/LegadoSource|oli-fa/YueDuBackup/master|xdd666t/MyData,,https://m.rourouwu.com,可达
🚬 PO18脸红心跳④,po18xyz.com,成人小说文本,女频言情/文本小说,9,2022-10-04,3,ZGQ-inc/source_repo|oli-fa/YueDuBackup/master|xdd666t/MyData,,https://po18xyz.com,连接失败
🚬 第一版主,www.01bz3333.xyz,成人小说文本,文本小说,9,2022-09-25,3,ZGQ-inc/source_repo|xdd666t/MyData|zimkyes/legado_source,,http://www.01bz3333.xyz,可达
🔞 第一版主,www.01bzvip7.cc,成人小说文本,社区标记失效/文本小说,9,2022-09-21,1,ZGQ-inc/source_repo,,http://www.01bzvip7.cc/,可达
🚬 脸红心跳,m.po18txt.com,成人小说文本,女频言情/文本小说,9,2022-09-19,4,ZGQ-inc/source_repo|oli-fa/YueDuBackup/master|xdd666t/MyData|zimkyes/legado_source,,https://m.po18txt.com,连接失败
🚬 第一版主,www.bz3333.xyz,成人小说文本,文本小说,9,2022-09-19,4,ZGQ-inc/source_repo|xdd666t/MyData|zimkyes/legado_source,,http://www.bz3333.xyz,可达
🚬 深锁清秋,www.po18.club,成人小说文本,女频言情/文本小说,9,2022-09-17,4,ZGQ-inc/source_repo|oli-fa/YueDuBackup/master|xdd666t/MyData|zimkyes/legado_source,,https://www.po18.club,可达
🔞 新御书屋,m.yuzhaiwen.com,成人小说文本,站群模板/社区标记失效/文本小说,9,2022-09-15,1,ZGQ-inc/source_repo,,https://m.yuzhaiwen.com#一程,可达
🔞 自制疯情书库📖,m.kavbook.com,成人小说文本,正版出版/文本小说,9,2022-09-10,7,ZGQ-inc/source_repo|oli-fa/YueDuBackup/master|xdd666t/MyData,,http://m.kavbook.com,有响应(拦截)
🔞 御书文,m.yushuwu.cloud,成人小说文本,文本小说,9,2022-09-10,3,ZGQ-inc/source_repo|oli-fa/YueDuBackup/master|xdd666t/MyData,,https://m.yushuwu.cloud/#一程,可达
🔥 酮体小说,www.tongti2.com,成人小说文本,文本小说,9,2022-08-31,2,ZGQ-inc/source_repo|zimkyes/legado_source,,https://www.tongti2.com,可达
🔞 百书楼,www.bsl666.cc,成人小说文本,文本小说,9,2022-08-11,4,ZGQ-inc/source_repo|xdd666t/MyData|zimkyes/legado_source,,https://www.bsl666.cc,有响应(拦截)
🔥 POPO原创,wap.popo.city,成人小说文本,文本小说,9,2022-07-31,6,ZGQ-inc/source_repo|oli-fa/YueDuBackup/master|zimkyes/legado_source,,https://wap.popo.city,连接失败
🚬 365富书,www.fushuwang365.com,成人小说文本,文本小说,9,2022-07-24,5,ZGQ-inc/source_repo|oli-fa/YueDuBackup/master|xdd666t/MyData,,http://www.fushuwang365.com,超时
🔞 龙腾小说①,www.8qwx.com,成人小说文本,文本小说,9,2022-07-24,2,ZGQ-inc/source_repo|oli-fa/YueDuBackup/master,,http://www.8qwx.com#一程,超时
🔞新御书屋,m.xinyushuwu.com,成人小说文本,站群模板/文本小说,9,2022-07-11,1,ZGQ-inc/source_repo,,https://m.xinyushuwu.com/,有响应(拦截)
特·六欲小说,m.6yu6.com,成人小说文本,社区标记失效/文本小说,9,2022-07-07,1,ZGQ-inc/source_repo,,http://m.6yu6.com,可达
🔞 第一版主,www.01bz6666.xyz,成人小说文本,文本小说,9,2022-06-30,1,ZGQ-inc/source_repo,,http://www.01bz6666.xyz,可达
🔞 五洲文学,www.5zwx.com,成人小说文本,文本小说,9,2022-06-30,3,ZGQ-inc/source_repo,,https://www.5zwx.com,可达
🔥 酮体小说,www.tongti1.com,成人小说文本,文本小说,9,2022-06-30,2,ZGQ-inc/source_repo|zimkyes/legado_source,,https://www.tongti1.com,可达
特·御宅屋²,sixiwz.com,成人小说文本,文本小说,9,2022-06-13,1,ZGQ-inc/source_repo,,https://sixiwz.com,连接失败
油污小说网,m.uwuxs.com,成人小说文本,站群模板/文本小说,9,2022-06-01,1,ZGQ-inc/source_repo,,http://m.uwuxs.com/,可达
🔞 书书屋,m.shushuwuxs.org,成人小说文本,站群模板/文本小说,9,2022-05-31,11,ZGQ-inc/source_repo|fmpfmp/YueDuBackup|oli-fa/YueDuBackup/master|someok/booksources|xdd666t/MyData,,http://m.shushuwuxs.org,有响应(拦截)
🔞 御宅屋,m.yuzhaiwus.com,成人小说文本,文本小说,9,2022-05-31,1,ZGQ-inc/source_repo,,https://m.yuzhaiwus.com,可达
🚬 三Z小说,www.zzzxs8.com,成人小说文本,文本小说,9,2022-05-15,4,ZGQ-inc/source_repo|oli-fa/YueDuBackup/master|xdd666t/MyData|zimkyes/legado_source,,http://www.zzzxs8.com,异常状态
🚬 第3,www.3diyibanzhu.xyz,成人小说文本,文本小说,9,2022-05-01,4,ZGQ-inc/source_repo|e101406/booksources/master|xdd666t/MyData,,http://www.3diyibanzhu.xyz,可达
🔞 瑶池小说,www.yaochixs.net,成人小说文本,文本小说,9,2022-04-30,8,ZGQ-inc/source_repo|oli-fa/YueDuBackup/master|someok/booksources|zimkyes/legado_source,,http://www.yaochixs.net,异常状态
🚬 锦衣玉令,m.5tns.com,成人小说文本,女频言情/文本小说,9,2022-04-29,11,ZGQ-inc/source_repo|fmpfmp/YueDuBackup|oli-fa/YueDuBackup/master|xdd666t/MyData|zimkyes/legado_source,,https://m.5tns.com,连接失败
御宅屋,girl-love.online,成人小说文本,文本小说,9,2022-04-24,2,ZGQ-inc/source_repo,,https://girl-love.online/,连接失败
🚬 第一版主us,www.01bzw.us,成人小说文本,文本小说,9,2022-04-21,4,ZGQ-inc/source_repo|xdd666t/MyData|zimkyes/legado_source,,http://www.01bzw.us,可达
🚬 第一版主①,www.01bz8888.xyz,成人小说文本,正版出版/文本小说,9,2022-04-20,3,ZGQ-inc/source_repo|xdd666t/MyData,,http://www.01bz8888.xyz,可达
🔞 御书屋②,www.eyushuwu.com,成人小说文本,站群模板/社区标记失效/文本小说,9,2022-04-16,1,ZGQ-inc/source_repo,,https://www.eyushuwu.com#一程,可达
🚬 第一版主77(๑>؂<๑）,bz6666.xyz,成人小说文本,正版出版/文本小说,9,2022-04-15,3,ZGQ-inc/source_repo|xdd666t/MyData,,https://bz6666.xyz,可达
🎋情色小说网🎋,www.book18.org,成人小说文本,站群模板/正版出版/文本小说,9,2022-03-29,2,ZGQ-inc/source_repo,,https://www.book18.org/,可达
🎋情色小说网🎋,www.book18.org,成人小说文本,站群模板/正版出版/文本小说,9,2022-03-29,3,ZGQ-inc/source_repo,,https://www.book18.org/##响海,可达
🔞 366小说,www.366xiaoshuowang.com,成人小说文本,文本小说,9,2022-03-17,9,ZGQ-inc/source_repo|oli-fa/YueDuBackup/master|someok/booksources|zimkyes/legado_source,,https://www.366xiaoshuowang.com,可达
🔥 甜梦文库②,www.zjkyem.com,成人小说文本,文本小说,9,2022-03-14,1,ZGQ-inc/source_repo,,http://www.zjkyem.com,有响应(拦截)
🔞 大众小说,www.dzxs.org,成人小说文本,文本小说,9,2022-02-28,1,ZGQ-inc/source_repo,,https://www.dzxs.org,可达
废文-有趣有品有点丧,xn--pxtr7m5ny.com,成人小说文本,文本小说,9,2022-02-17,2,ZGQ-inc/source_repo|oli-fa/YueDuBackup/master,,https://xn--pxtr7m5ny.com/,可达
🚬 闻香书吧,www.wxzhe.com,成人小说文本,站群模板/文本小说,9,2022-01-28,3,ZGQ-inc/source_repo|oli-fa/YueDuBackup/master|xdd666t/MyData,,http://www.wxzhe.com,可达
🚬 霸气书屋②修复,www.87shuwu.in,成人小说文本,站群模板/社区标记失效/文本小说,9,2022-01-27,3,ZGQ-inc/source_repo|oli-fa/YueDuBackup/master,,https://www.87shuwu.in,连接失败
🚬 AK小说,m.akjujia.com,成人小说文本,文本小说,9,2022-01-27,2,ZGQ-inc/source_repo|xdd666t/MyData,,http://m.akjujia.com,可达
🚬 新书包网,m.xsbbb.com,成人小说文本,文本小说,9,2022-01-27,3,ZGQ-inc/source_repo|xdd666t/MyData,,http://m.xsbbb.com,异常状态
🚬 挺好的,fegdad.com,成人小说文本,社区标记失效/文本小说,9,2022-01-27,1,ZGQ-inc/source_repo,是,https://fegdad.com,可达
🚬 肉文屋,m.gb84.com,成人小说文本,女频言情/文本小说,9,2022-01-27,3,ZGQ-inc/source_repo|oli-fa/YueDuBackup/master|xdd666t/MyData,,https://m.gb84.com,连接失败
🚬 久书网,www.9shu.cc,成人小说文本,站群模板/文本小说,9,2022-01-27,23,ZGQ-inc/source_repo|fmpfmp/YueDuBackup|oevery/Source/master|oli-fa/YueDuBackup/master|xdd666t/MyData,,https://www.9shu.cc,可达
🚬 屌丝小说网,m.diaosixs.net,成人小说文本,站群模板/女频言情/文本小说,9,2022-01-27,3,ZGQ-inc/source_repo|oli-fa/YueDuBackup/master|xdd666t/MyData,,http://m.diaosixs.net,可达
🚬 三好小说网,m.sanhao1.com,成人小说文本,站群模板/社区标记失效/文本小说,9,2022-01-27,7,ZGQ-inc/source_repo|fmpfmp/YueDuBackup|oli-fa/YueDuBackup/master,,http://m.sanhao1.com,异常状态
🚬 592书库,m.592shuku.com,成人小说文本,文本小说,9,2022-01-27,2,ZGQ-inc/source_repo|xdd666t/MyData,,http://m.592shuku.com,可达
🚬 乡村迷,m.xcxsmi.com,成人小说文本,社区标记失效/文本小说,9,2022-01-27,2,ZGQ-inc/source_repo|oli-fa/YueDuBackup/master,,http://m.xcxsmi.com,有响应(拦截)
📡 No.1版主,www.diyibanzhuvip7.xyz,成人小说文本,社区标记失效/文本小说,9,2022-01-26,1,ZGQ-inc/source_repo,,http://www.diyibanzhuvip7.xyz,可达
💵 泡泡看书,www.paopaokanshu.com,成人小说文本,女频言情/文本小说,9,2022-01-26,8,ZGQ-inc/source_repo|oli-fa/YueDuBackup/master|xdd666t/MyData,,https://www.paopaokanshu.com,连接失败
💵 废文7m签到,xn--pxtr7m.com,成人小说文本,社区标记失效/文本小说,9,2022-01-25,1,ZGQ-inc/source_repo,是,https://xn--pxtr7m.com/签到,其它错误
💵 海棠文学城ur✈,www.urhtbooks.com,成人小说文本,社区标记失效/正版出版/文本小说,9,2022-01-25,9,ZGQ-inc/source_repo|oli-fa/YueDuBackup/master,,http://www.urhtbooks.com,可达
m.po18.one/需翻,m.po18.one,成人小说文本,文本小说,9,2022-01-15,1,ZGQ-inc/source_repo,,https://m.po18.one/,可达
小强H文,www.xiaoqiangxs.org,成人小说文本,文本小说,9,2022-01-12,24,ZGQ-inc/source_repo|fmpfmp/YueDuBackup|oevery/Source/master|oli-fa/YueDuBackup/master|xdd666t/MyData,,http://www.xiaoqiangxs.org,可达
🔞 翠微居📖,wap.cuiweiju777.com,成人小说文本,文本小说,9,2022-01-07,14,ZGQ-inc/source_repo|oli-fa/YueDuBackup/master|xdd666t/MyData,,http://wap.cuiweiju777.com,可达
㊕ 第一版主② #一程,www.fengyuan8.com,成人小说文本,文本小说,9,2022-01-02,2,ZGQ-inc/source_repo|oli-fa/YueDuBackup/master,,http://www.fengyuan8.com#yc1101,异常状态
㊕禁忌书屋 #一程▼需挂梯,www.jinjishuwu.com,成人小说文本,站群模板/文本小说,9,2022-01-02,1,ZGQ-inc/source_repo,,https://www.jinjishuwu.com#yc1101,连接失败
㊕一起色 #一程▼需挂梯,www.s5217.net,成人小说文本,文本小说,9,2022-01-02,1,ZGQ-inc/source_repo,,http://www.s5217.net#yc1101,可达
PO18 脸红心跳🎃,m.po18.xyz,成人小说文本,文本小说,9,2022-01-01,2,ZGQ-inc/source_repo|aoaostar/legado,,https://m.po18.xyz#🎃,可达
㊕ 挥笔书屋 #一程1101,m.hbpas.org,成人小说文本,站群模板/文本小说,9,2021-12-27,1,ZGQ-inc/source_repo,,http://m.hbpas.org#yc1101,可达
河图文化M☯,m.htubook.com,成人小说文本,正版出版/文本小说,9,2021-12-27,5,ZGQ-inc/source_repo|e101406/booksources/master,是,https://m.htubook.com?lang=zh-Hans,连接失败
河图文化M,m.htubook.com,成人小说文本,正版出版/文本小说,9,2021-12-27,11,ZGQ-inc/source_repo|e101406/booksources/master|oli-fa/YueDuBackup/master,是,https://m.htubook.com,连接失败
🍈 凤18小说,www.mc18.cc,成人小说文本,社区标记失效/文本小说,9,2021-12-24,4,ZGQ-inc/source_repo|oli-fa/YueDuBackup/master,,http://www.mc18.cc,异常状态
㊕ 第一版主① #一程1101,hdyp.net,成人小说文本,文本小说,9,2021-12-19,1,ZGQ-inc/source_repo,,http://hdyp.net#yc1101,异常状态
㊕ 麦子学院 #一程1101,www.maizixueyuan.com,成人小说文本,文本小说,9,2021-12-17,1,ZGQ-inc/source_repo,,http://www.maizixueyuan.com#yc1101,可达
🚬 第一版主,www.banzhu555.xyz,成人小说文本,社区标记失效/文本小说,9,2021-12-16,2,ZGQ-inc/source_repo,,http://www.banzhu555.xyz,可达
🔞 三人小说,m.sanreng8.com,成人小说文本,社区标记失效/文本小说,9,2021-12-16,1,ZGQ-inc/source_repo,,http://m.sanreng8.com,异常状态
百漫谷,129.204.202.152,成人小说文本,文本小说,9,2021-12-16,1,ZGQ-inc/source_repo,,http://129.204.202.152/,超时
🔞玉米文学📖,www.335xs.info,成人小说文本,文本小说,9,2021-12-12,1,ZGQ-inc/source_repo,,http://www.335xs.info,异常状态
🔞言情多📖,www.yanqingduo.com,成人小说文本,女频言情/文本小说,9,2021-12-12,6,ZGQ-inc/source_repo|oli-fa/YueDuBackup/master,,http://www.yanqingduo.com,有响应(拦截)
🚬 新暖才,www.xncwxw2.com,成人小说文本,文本小说,9,2021-12-12,4,ZGQ-inc/source_repo|oli-fa/YueDuBackup/master|xdd666t/MyData,,http://www.xncwxw2.com,有响应(拦截)
🔞闲暇书屋📖,xvlog.xyz,成人小说文本,站群模板/文本小说,9,2021-12-12,5,ZGQ-inc/source_repo|oli-fa/YueDuBackup/master,,https://xvlog.xyz,可达
🔞歪傳書屋📖,waizhuan2.cc,成人小说文本,文本小说,9,2021-12-12,5,ZGQ-inc/source_repo|oli-fa/YueDuBackup/master,,https://waizhuan2.cc,有响应(拦截)
🔞 三好小说网,www.sanhaoxs.net,成人小说文本,站群模板/社区标记失效/文本小说,9,2021-12-12,14,ZGQ-inc/source_repo|fmpfmp/YueDuBackup|oli-fa/YueDuBackup/master,,http://www.sanhaoxs.net,可达
🔞青豆小说📖,m.qdxiaoshuo.net,成人小说文本,文本小说,9,2021-12-12,24,ZGQ-inc/source_repo|fmpfmp/YueDuBackup|oevery/Source/master|oli-fa/YueDuBackup/master|xdd666t/MyData,,http://m.qdxiaoshuo.net,异常状态
🔞极品小说📖,www.jipinzw.cc,成人小说文本,文本小说,9,2021-12-12,3,ZGQ-inc/source_repo|oli-fa/YueDuBackup/master,,https://www.jipinzw.cc,连接失败
🔞灰太狼小说📖,www.niusha.cc,成人小说文本,文本小说,9,2021-12-12,5,ZGQ-inc/source_repo|oli-fa/YueDuBackup/master,,http://www.niusha.cc,可达
🔞宝文吧📖,www.baowen8.com,成人小说文本,文本小说,9,2021-12-12,6,ZGQ-inc/source_repo|oli-fa/YueDuBackup/master,,https://www.baowen8.com,可达
🔞39小说📖,m.xyshuk.com,成人小说文本,文本小说,9,2021-12-12,3,ZGQ-inc/source_repo|oli-fa/YueDuBackup/master,,http://m.xyshuk.com,超时
📜 御宅屋,m.yuzhaiwu.co,成人小说文本,文本小说,9,2021-12-11,8,ZGQ-inc/source_repo|oli-fa/YueDuBackup/master|someok/booksources,,https://m.yuzhaiwu.co,有响应(拦截)
🔞 第一版主②📖,www.dybz2.vip,成人小说文本,文本小说,9,2021-12-11,2,ZGQ-inc/source_repo,,http://www.dybz2.vip/,超时
🔞 邪恶道📖,m.baobaoman.com,成人小说文本,文本小说,9,2021-12-11,1,ZGQ-inc/source_repo,,http://m.baobaoman.com,可达
🔞 鲁鲁小说📖,www.luluwx.com,成人小说文本,文本小说,9,2021-12-11,1,ZGQ-inc/source_repo,,http://www.luluwx.com,可达
🔞 霸气书库📖,www.shukucn.com,成人小说文本,文本小说,9,2021-12-11,4,ZGQ-inc/source_repo|oli-fa/YueDuBackup/master,,http://www.shukucn.com,超时
🔞第1版主📖,www.dybz9.net,成人小说文本,社区标记失效/文本小说,9,2021-12-11,2,ZGQ-inc/source_repo|oli-fa/YueDuBackup/master,,http://www.dybz9.net,可达
🔞 第一版主网📖,www.banzhuer.org,成人小说文本,文本小说,9,2021-12-11,6,ZGQ-inc/source_repo|oli-fa/YueDuBackup/master,,http://www.banzhuer.org,有响应(拦截)
🔞 六欲小说📖,www.6yu6.com,成人小说文本,文本小说,9,2021-12-11,10,ZGQ-inc/source_repo|fmpfmp/YueDuBackup|oli-fa/YueDuBackup/master,,http://www.6yu6.com,可达
㊕ 辣妹小说 #一程,www.lamei2.com,成人小说文本,文本小说,9,2021-12-06,1,ZGQ-inc/source_repo,,https://www.lamei2.com#yc1101,可达
㊕ PO18② #一程1101,m.po18.work,成人小说文本,文本小说,9,2021-12-05,2,ZGQ-inc/source_repo|oli-fa/YueDuBackup/master,,https://m.po18.work#yc1101,连接失败
㊕ PO18② #一程,m.po18.work,成人小说文本,文本小说,9,2021-12-05,1,oli-fa/YueDuBackup/master,,https://m.po18.work#♤yc,连接失败
㊕ 第二书包 #一程1101,wap.shubaoan.com,成人小说文本,文本小说,9,2021-12-01,10,ZGQ-inc/source_repo|e101406/booksources/master|fmpfmp/YueDuBackup|oli-fa/YueDuBackup/master|someok/booksources,,https://wap.shubaoan.com#yc1101,可达
🔞 第二书包,wap.shubaoan.com,成人小说文本,文本小说,9,2021-12-01,8,ZGQ-inc/source_repo|e101406/booksources/master|fmpfmp/YueDuBackup|oli-fa/YueDuBackup/master|someok/booksources,,https://wap.shubaoan.com,有响应(拦截)
㊓✾废文网 #关耳 ▼需登录,xn--pxtr7m.com,成人小说文本,社区标记失效/女频言情/文本小说,9,2021-11-29,1,ZGQ-inc/source_repo,是,https://xn--pxtr7m.com#guaner,可达
百漫谷,106.52.105.28,成人小说文本,文本小说,9,2021-11-27,1,ZGQ-inc/source_repo,,http://106.52.105.28/,超时
🔞 一世书城📖,m.1114txt.com,成人小说文本,文本小说,9,2021-11-27,3,ZGQ-inc/source_repo|oli-fa/YueDuBackup/master,,https://m.1114txt.com,有响应(拦截)
🔞 龙腾小说②📖,www.longteng2.org,成人小说文本,文本小说,9,2021-11-27,10,ZGQ-inc/source_repo|fmpfmp/YueDuBackup|oli-fa/YueDuBackup/master,,http://www.longteng2.org,有响应(拦截)
🔞御宅屋四,m.yuzhaiwu11.cc,成人小说文本,文本小说,9,2021-11-24,6,ZGQ-inc/source_repo|oli-fa/YueDuBackup/master,,http://m.yuzhaiwu11.cc,异常状态
🔞 暖才文学,www.nuancaiwx.cc,成人小说文本,文本小说,9,2021-11-24,21,ZGQ-inc/source_repo|fmpfmp/YueDuBackup|oevery/Source/master|oli-fa/YueDuBackup/master|xdd666t/MyData,,http://www.nuancaiwx.cc,可达
🔞翠微居520,www.cuiweiju7.com,成人小说文本,文本小说,9,2021-11-24,6,ZGQ-inc/source_repo|oli-fa/YueDuBackup/master|xdd666t/MyData,,http://www.cuiweiju7.com/,可达
🎀唐画南坊,tinghao.info,成人小说文本,文本小说,9,2021-11-23,1,ZGQ-inc/source_repo,,https://tinghao.info/,连接失败
🔞 肉色屋,m.rousewu.xyz,成人小说文本,文本小说,9,2021-11-21,5,ZGQ-inc/source_repo|oevery/Source/master|xdd666t/MyData,,https://m.rousewu.xyz,连接失败
🔞 第一版主,www.11banzhu.net,成人小说文本,文本小说,9,2021-11-21,8,ZGQ-inc/source_repo|fmpfmp/YueDuBackup|oli-fa/YueDuBackup/master,,http://www.11banzhu.net,可达
🔞 四四小说网,s4444.cc,成人小说文本,站群模板/文本小说,9,2021-11-21,15,ZGQ-inc/source_repo|oevery/Source/master|xdd666t/MyData,,http://s4444.cc,可达
🔞 四四小说网,44xsw.net,成人小说文本,站群模板/文本小说,9,2021-11-21,6,ZGQ-inc/source_repo|oevery/Source/master|xdd666t/MyData,,http://44xsw.net,异常状态
🔞 下载楼,www.xiazailou88.com,成人小说文本,文本小说,9,2021-11-21,23,ZGQ-inc/source_repo|fmpfmp/YueDuBackup|oevery/Source/master|oli-fa/YueDuBackup/master|xdd666t/MyData,,https://www.xiazailou88.com,超时
🔞 奇塔文学,www.qtshu.la,成人小说文本,文本小说,9,2021-11-21,21,ZGQ-inc/source_repo|fmpfmp/YueDuBackup|oevery/Source/master|oli-fa/YueDuBackup/master|xdd666t/MyData,,https://www.qtshu.la,超时
🔞39小说,m.sanjiuzw.com,成人小说文本,社区标记失效/文本小说,9,2021-11-21,1,ZGQ-inc/source_repo,,https://m.sanjiuzw.com,超时
🔞肉肉屋,www.b1txt.org,成人小说文本,文本小说,9,2021-11-21,2,ZGQ-inc/source_repo|oli-fa/YueDuBackup/master,,http://www.b1txt.org,异常状态
🔞海棠书屋,haitang123.vip,成人小说文本,站群模板/文本小说,9,2021-11-21,1,ZGQ-inc/source_repo,,https://haitang123.vip,超时
🔞 82小说,www.82xs.cc,成人小说文本,文本小说,9,2021-11-21,40,ZGQ-inc/source_repo|fmpfmp/YueDuBackup|oevery/Source/master|oli-fa/YueDuBackup/master|xdd666t/MyData,,https://www.82xs.cc,连接失败
🔞 海岸线文学网,www.haxbook.org,成人小说文本,站群模板/正版出版/文本小说,9,2021-11-21,1,ZGQ-inc/source_repo,,https://www.haxbook.org,连接失败
🔞 第一版主18瞬间,www.diyibanzhu5.xyz,成人小说文本,文本小说,9,2021-11-21,1,ZGQ-inc/source_repo,,https://www.diyibanzhu5.xyz,可达
🔞 三好小说③,3hao3.net,成人小说文本,文本小说,9,2021-11-21,1,ZGQ-inc/source_repo,,http://3hao3.net,异常状态
🔞 第二书包网,m.shubaodd.com,成人小说文本,社区标记失效/文本小说,9,2021-11-21,26,ZGQ-inc/source_repo|fmpfmp/YueDuBackup|oevery/Source/master|oli-fa/YueDuBackup/master|xdd666t/MyData,,https://m.shubaodd.com,连接失败
📖海棠文学,newhtbook.com,成人小说文本,正版出版/文本小说,9,2021-11-21,1,ZGQ-inc/source_repo,是,https://newhtbook.com/,可达
🔞 乡村小说,m.xcxsw.cc,成人小说文本,文本小说,9,2021-11-19,2,ZGQ-inc/source_repo|someok/booksources,,http://m.xcxsw.cc,可达
🔞 易读网,www.yidudu.me,成人小说文本,社区标记失效/文本小说,9,2021-11-19,2,ZGQ-inc/source_repo|someok/booksources,,http://www.yidudu.me,异常状态
御宅书屋,www.ibookzw.com,成人小说文本,站群模板/正版出版/文本小说,9,2021-11-12,5,ZGQ-inc/source_repo|oli-fa/YueDuBackup/master|xdd666t/MyData,,https://www.ibookzw.com/##by_夏尔,连接失败
🎉八一中文▪APP🔞💜💜💜🔎速,api.81zwapp.com,成人小说文本,文本小说,9,2021-11-10,1,ZGQ-inc/source_repo,,https://api.81zwapp.com#haxc82md,连接失败
🚬 第一版主,www.bz9999.xyz,成人小说文本,文本小说,9,2021-11-08,3,ZGQ-inc/source_repo|xdd666t/MyData,,http://www.bz9999.xyz,可达
高辣肉文小说③,www.chataowanjia.com,成人小说文本,文本小说,9,2021-11-04,5,ZGQ-inc/source_repo|fmpfmp/YueDuBackup|oli-fa/YueDuBackup/master,,http://www.chataowanjia.com,异常状态
废文网,www.feiwenwang.org,成人小说文本,文本小说,9,2021-11-03,2,ZGQ-inc/source_repo|oli-fa/YueDuBackup/master,,https://www.feiwenwang.org,超时
🖤老猫小说▪︎APP ♛♛♛✘,api.laomaoxs.net,成人小说文本,正版出版/女频言情/男频网文/文本小说,9,2021-11-02,1,ZGQ-inc/source_repo,,https://api.laomaoxs.net#ag2s-md1030,连接失败
🚬 第一版主77(๑>؂<๑）,www.banzhu333.xyz,成人小说文本,社区标记失效/正版出版/文本小说,9,2021-11-01,2,ZGQ-inc/source_repo,,http://www.banzhu333.xyz,可达
第一版主77(๑>؂<๑）,www.diyibanzhu777.xyz,成人小说文本,正版出版/文本小说,9,2021-11-01,1,ZGQ-inc/source_repo,,http://www.diyibanzhu777.xyz,可达
御宅书屋(电脑版),www.ibookzw.com,成人小说文本,站群模板/正版出版/文本小说,9,2021-10-27,4,ZGQ-inc/source_repo|oli-fa/YueDuBackup/master|xdd666t/MyData,,http://www.ibookzw.com/,超时
🎉 老猫小说,api.laomaoxs.com,成人小说文本,文本小说,9,2021-10-19,8,ZGQ-inc/source_repo|oli-fa/YueDuBackup/master,,https://api.laomaoxs.com,连接失败
🎉 新笔趣阁,www.xquge.com,成人小说文本,站群模板/文本小说,9,2021-10-15,16,ZGQ-inc/source_repo|fmpfmp/YueDuBackup|oli-fa/YueDuBackup/master|someok/booksources,,https://www.xquge.com,可达
小强小说网,m.xiaoqiangla.cc,成人小说文本,站群模板/文本小说,9,2021-10-14,4,ZGQ-inc/source_repo|oli-fa/YueDuBackup/master,,http://m.xiaoqiangla.cc/,可达
PO18脸红心跳,www.po18in.com,成人小说文本,文本小说,9,2021-10-14,2,ZGQ-inc/source_repo,,https://www.po18in.com/,连接失败
㊕ 瑶池小说 #一程1101,www.yaochixs.net,成人小说文本,文本小说,9,2021-10-14,1,ZGQ-inc/source_repo,,http://www.yaochixs.net#yc1101,异常状态
㊕ 八仙小说 #一程1101,m.8xianxs.com,成人小说文本,文本小说,9,2021-10-14,2,ZGQ-inc/source_repo|oli-fa/YueDuBackup/master,,http://m.8xianxs.com#yc1101,有响应(拦截)
㊕ PO18① #一程1101,m.po18.biz,成人小说文本,文本小说,9,2021-10-14,2,ZGQ-inc/source_repo|oli-fa/YueDuBackup/master,,https://m.po18.biz#yc1101,可达
㊕ 海岸线 #一程1101,www.haxwx5.com,成人小说文本,文本小说,9,2021-10-14,2,ZGQ-inc/source_repo|oli-fa/YueDuBackup/master,,http://www.haxwx5.com#yc1101,有响应(拦截)
㊕ 海岸线 #一程,www.haxwx5.com,成人小说文本,文本小说,9,2021-10-14,1,oli-fa/YueDuBackup/master,,http://www.haxwx5.com#♤yc,有响应(拦截)
㊕ 启皓网 #一程1101,www.qihaoqihao.net,成人小说文本,文本小说,9,2021-10-14,2,ZGQ-inc/source_repo|oli-fa/YueDuBackup/master,,http://www.qihaoqihao.net#yc1101,可达
㊕ 366小说 #一程1101,www.366xiaoshuowang.com,成人小说文本,文本小说,9,2021-10-12,1,ZGQ-inc/source_repo,,https://www.366xiaoshuowang.com#yc1101,可达
㊕ 52书屋 #一程1101,www.52shuwu.me,成人小说文本,站群模板/文本小说,9,2021-10-12,1,ZGQ-inc/source_repo,,https://www.52shuwu.me#yc1101,可达
㊕ 人文书库 #一程1101,www.rwsk.net,成人小说文本,文本小说,9,2021-10-12,2,ZGQ-inc/source_repo|oli-fa/YueDuBackup/master,,http://www.rwsk.net#yc1101,有响应(拦截)
㊕ 疯情书库 #一程1101,www.aabook.cc,成人小说文本,正版出版/文本小说,9,2021-10-12,2,ZGQ-inc/source_repo|oli-fa/YueDuBackup/master,,https://www.aabook.cc#yc1101,可达
㊕ 御宅屋 #一程1101,m.yuzhaiwu.co,成人小说文本,文本小说,9,2021-10-12,1,ZGQ-inc/source_repo,,https://m.yuzhaiwu.co#yc1101,有响应(拦截)
📚 赤壁小说 💡,www.cbxs.net,成人小说文本,文本小说,9,2021-10-12,12,ZGQ-inc/source_repo|fmpfmp/YueDuBackup|oli-fa/YueDuBackup/master|someok/booksources,,https://www.cbxs.net,可达
🎉 迷了书吧,www.milepub.com,成人小说文本,站群模板/文本小说,9,2021-10-12,2,ZGQ-inc/source_repo|someok/booksources,,http://www.milepub.com,异常状态
㊕ 52书库 #一程,www.52shukuw.com,成人小说文本,文本小说,9,2021-10-11,1,ZGQ-inc/source_repo,,https://www.52shukuw.com#yc1101,连接失败
🔰 笔趣阁,www.liquge.com,成人小说文本,站群模板/文本小说,9,2021-10-10,6,ZGQ-inc/source_repo|oli-fa/YueDuBackup/master|someok/booksources,,http://www.liquge.com,可达
㊕ 一曲书斋 #一程1101,www.yiqushu.org,成人小说文本,文本小说,9,2021-10-10,1,ZGQ-inc/source_repo,,https://www.yiqushu.org#yc1101,可达
㊕ 渣男小说 #一程1101,m.zhananxs.net,成人小说文本,文本小说,9,2021-10-10,4,ZGQ-inc/source_repo|someok/booksources|xdd666t/MyData,,http://m.zhananxs.net#yc1101,有响应(拦截)
🔞 渣男小说,m.zhananxs.net,成人小说文本,文本小说,9,2021-10-10,3,ZGQ-inc/source_repo|someok/booksources|xdd666t/MyData,,http://m.zhananxs.net,有响应(拦截)
㊕ 宝文吧 #一程1101,www.baigujing001.com,成人小说文本,文本小说,9,2021-10-08,2,ZGQ-inc/source_repo|oli-fa/YueDuBackup/master,,https://www.baigujing001.com#yc1101,可达
㊕ 宝文吧 #一程,www.baigujing001.com,成人小说文本,文本小说,9,2021-10-08,2,ZGQ-inc/source_repo|oli-fa/YueDuBackup/master,,https://www.baigujing001.com#♤yc,可达
速阅,api.suyuexs.com,成人小说文本,文本小说,9,2021-10-08,4,ZGQ-inc/source_repo|oli-fa/YueDuBackup/master,,https://api.suyuexs.com,连接失败
㊕ 书书屋 #一程1101,m.shushuwuxs.org,成人小说文本,站群模板/文本小说,9,2021-10-07,2,ZGQ-inc/source_repo|oli-fa/YueDuBackup/master,,http://m.shushuwuxs.org#yc1101,有响应(拦截)
❗️海棠小说,www.shengtelu.com,成人小说文本,社区标记失效/文本小说,9,2021-10-07,1,ZGQ-inc/source_repo,,http://www.shengtelu.com/,异常状态
✐    256 文 学,www.256wxc.com,成人小说文本,女频言情/文本小说,9,2021-09-30,7,ZGQ-inc/source_repo|oli-fa/YueDuBackup/master|someok/booksources,,https://www.256wxc.com,连接失败
🍑 18书屋,www.18shuwu.cc,成人小说文本,站群模板/文本小说,9,2021-09-30,1,ZGQ-inc/source_repo,,https://www.18shuwu.cc,有响应(拦截)
🚬 小小书楼,m.xxshulou.com,成人小说文本,文本小说,9,2021-09-30,3,ZGQ-inc/source_repo|oli-fa/YueDuBackup/master,,http://m.xxshulou.com,异常状态
🚬 第一版主[仅发现],www.diyibanzhu3.me,成人小说文本,文本小说,9,2021-09-30,4,ZGQ-inc/source_repo|oli-fa/YueDuBackup/master,,http://www.diyibanzhu3.me,异常状态
🚬 凤舞小说,m.fengwug.com,成人小说文本,文本小说,9,2021-09-27,3,ZGQ-inc/source_repo|oli-fa/YueDuBackup/master,,http://m.fengwug.com,可达
🚬 霸气书库,www.87txt.net,成人小说文本,文本小说,9,2021-09-27,9,ZGQ-inc/source_repo|fmpfmp/YueDuBackup|oli-fa/YueDuBackup/master,,http://www.87txt.net,超时
🚬 麒麟书城,www.qlsc2.com,成人小说文本,文本小说,9,2021-09-27,3,ZGQ-inc/source_repo,,http://www.qlsc2.com,异常状态
🚬 麒麟书城,www.qlsc2.com,成人小说文本,文本小说,9,2021-09-27,1,ZGQ-inc/source_repo,,www.qlsc2.com,异常状态
🔞 肉色电子书,www.rstxt.com已整理,成人小说文本,社区标记失效/文本小说,9,2021-09-27,1,ZGQ-inc/source_repo,,http://www.rstxt.com已整理,其它错误
🔞 PO18脸红心跳②,www.po18yq.com已整理,成人小说文本,文本小说,9,2021-09-27,1,ZGQ-inc/source_repo,,https://www.po18yq.com已整理,其它错误
🚬 乐文书院②,m.znsxs.com,成人小说文本,站群模板/文本小说,9,2021-09-27,23,ZGQ-inc/source_repo|fmpfmp/YueDuBackup|oevery/Source/master|oli-fa/YueDuBackup/master|xdd666t/MyData,,http://m.znsxs.com,超时
御书屋🎃,www.po18xs.com,成人小说文本,站群模板/文本小说,9,2021-09-25,1,ZGQ-inc/source_repo,,https://www.po18xs.com#🎃,可达
🚬 神书网,www.shenshu.la,成人小说文本,站群模板/文本小说,9,2021-09-24,10,ZGQ-inc/source_repo|oli-fa/YueDuBackup/master|xdd666t/MyData,,http://www.shenshu.la,超时
第二版主,m.dierbanzhu1.com,成人小说文本,文本小说,9,2021-09-23,6,ZGQ-inc/source_repo|oli-fa/YueDuBackup/master,,http://m.dierbanzhu1.com,页面不存在
第一版主,www.diyibanzhume9.com,成人小说文本,文本小说,9,2021-09-23,3,ZGQ-inc/source_repo|oli-fa/YueDuBackup/master,,http://www.diyibanzhume9.com/,可达
🧐第一版主online,m.diyibanzhu.online,成人小说文本,文本小说,9,2021-09-23,3,ZGQ-inc/source_repo|oli-fa/YueDuBackup/master,,http://m.diyibanzhu.online/,有响应(拦截)
笔趣阁🔞,m.yqzw5.com,成人小说文本,站群模板/文本小说,9,2021-09-23,3,ZGQ-inc/source_repo|oli-fa/YueDuBackup/master,,https://m.yqzw5.com,可达
易读,m.yidudu.me,成人小说文本,文本小说,9,2021-09-23,1,ZGQ-inc/source_repo,,http://m.yidudu.me,异常状态
🚬 自制第一版主,m.banzhu1.org,成人小说文本,文本小说,9,2021-09-18,6,ZGQ-inc/source_repo|oli-fa/YueDuBackup/master,,https://m.banzhu1.org,连接失败
🚬 第一版主01,m.bz01.cc,成人小说文本,文本小说,9,2021-09-18,2,ZGQ-inc/source_repo,,http://m.bz01.cc,超时
🚬 第二版主网,www.banzhul.com,成人小说文本,文本小说,9,2021-09-18,2,ZGQ-inc/source_repo,,https://www.banzhul.com,连接失败
🚬 海棠书屋⑤,m.haitang1.com,成人小说文本,站群模板/文本小说,9,2021-09-15,1,ZGQ-inc/source_repo,,https://m.haitang1.com,连接失败
🚬 新御书屋xyushu5,www.xyushu5.com,成人小说文本,站群模板/文本小说,9,2021-09-15,10,ZGQ-inc/source_repo|oli-fa/YueDuBackup/master|xdd666t/MyData,,https://www.xyushu5.com,可达
💵 长佩分类,m.gongzicp.com,成人小说文本,文本小说,9,2021-09-15,1,ZGQ-inc/source_repo,,https://m.gongzicp.com/分类,其它错误
🚬 海棠书屋123,m.haitang123.club,成人小说文本,站群模板/文本小说,9,2021-09-11,3,ZGQ-inc/source_repo|oli-fa/YueDuBackup/master,,https://m.haitang123.club,连接失败
🚬 第二书包288,www.shubao288.com,成人小说文本,文本小说,9,2021-09-10,19,ZGQ-inc/source_repo|fmpfmp/YueDuBackup|oevery/Source/master|xdd666t/MyData,,https://www.shubao288.com,连接失败
🚬 第主官网[仅发现],www.diyibanzhume7.com,成人小说文本,文本小说,9,2021-09-10,6,ZGQ-inc/source_repo|oli-fa/YueDuBackup/master,,http://www.diyibanzhume7.com,超时
🚬 特·霸气书屋™,www.87shuwu9.com,成人小说文本,站群模板/文本小说,9,2021-09-10,3,ZGQ-inc/source_repo|oli-fa/YueDuBackup/master|xdd666t/MyData,,http://www.87shuwu9.com,可达
龙腾5200,www.longteng5252.com,成人小说文本,文本小说,9,2021-09-10,2,ZGQ-inc/source_repo|oli-fa/YueDuBackup/master,,http://www.longteng5252.com,异常状态
🚬 我的书窝,m.wodeshuwo1.com,成人小说文本,文本小说,9,2021-09-09,5,ZGQ-inc/source_repo|oli-fa/YueDuBackup/master,,http://m.wodeshuwo1.com,可达
📡 No.1版主,www.diyibanzhu888.xyz,成人小说文本,文本小说,9,2021-09-09,1,ZGQ-inc/source_repo,,http://www.diyibanzhu888.xyz,可达
🚬 去看贴[慢],m.qkantie.com,成人小说文本,文本小说,9,2021-09-09,4,ZGQ-inc/source_repo|e101406/booksources/master|oli-fa/YueDuBackup/master,,https://m.qkantie.com,有响应(拦截)
🚬 366小说[仅发现],www.366xiaoshuowang.com,成人小说文本,文本小说,9,2021-09-08,5,ZGQ-inc/source_repo|oli-fa/YueDuBackup/master,,http://www.366xiaoshuowang.com,可达
🚬 甜梦文库,www.tmxs.net,成人小说文本,女频言情/文本小说,9,2021-09-08,7,ZGQ-inc/source_repo|oli-fa/YueDuBackup/master|someok/booksources|xdd666t/MyData,,http://www.tmxs.net,异常状态
🚬 乡村小说.xcxs4,m.xcxs4.com,成人小说文本,文本小说,9,2021-09-08,3,ZGQ-inc/source_repo|oli-fa/YueDuBackup/master|xdd666t/MyData,,http://m.xcxs4.com,超时
🚬 笔趣阁.05[仅发现],m.biquge05.com,成人小说文本,站群模板/文本小说,9,2021-09-08,1,ZGQ-inc/source_repo,,https://m.biquge05.com,连接失败
🚬 神书网,www.shenshu.la,成人小说文本,站群模板/文本小说,9,2021-09-07,3,ZGQ-inc/source_repo|xdd666t/MyData,,https://www.shenshu.la,连接失败
🔞 乐文阅读,www.97gn.com,成人小说文本,社区标记失效/文本小说,9,2021-09-07,1,ZGQ-inc/source_repo,,http://www.97gn.com,异常状态
🚬 御宅屋小说,www.yushuwu520.org,成人小说文本,文本小说,9,2021-09-07,8,ZGQ-inc/source_repo|oli-fa/YueDuBackup/master|xdd666t/MyData,,http://www.yushuwu520.org,有响应(拦截)
💵 废文Ⅱ,废文.com,成人小说文本,女频言情/文本小说,9,2021-09-05,4,ZGQ-inc/source_repo|oli-fa/YueDuBackup/master,是,https://废文.com/,其它错误
💵 废文Ⅱ,废文网.com,成人小说文本,女频言情/文本小说,9,2021-09-05,1,ZGQ-inc/source_repo,是,https://废文网.com/,其它错误
🚬 海棠书屋✈,www.swin10.net,成人小说文本,站群模板/文本小说,9,2021-09-03,3,ZGQ-inc/source_repo|oli-fa/YueDuBackup/master,,https://www.swin10.net,连接失败
🚬 小强小说网②,www.xiaoqiang520.cc,成人小说文本,站群模板/文本小说,9,2021-09-03,24,ZGQ-inc/source_repo|fmpfmp/YueDuBackup|oevery/Source/master|oli-fa/YueDuBackup/master|xdd666t/MyData,,http://www.xiaoqiang520.cc,有响应(拦截)
🚬 31bz.org,www.31bz.org,成人小说文本,文本小说,9,2021-09-03,8,ZGQ-inc/source_repo|oli-fa/YueDuBackup/master|xdd666t/MyData,,https://www.31bz.org,有响应(拦截)
👍 宁一中文,www.ningyi.org,成人小说文本,文本小说,9,2021-09-01,2,ZGQ-inc/source_repo|someok/booksources,,https://www.ningyi.org,超时
🔞 霸气书库,m.shukucn.com,成人小说文本,文本小说,9,2021-08-27,1,ZGQ-inc/source_repo,,http://m.shukucn.com,超时
🔞 渣男小说,m.zhananxs.com,成人小说文本,文本小说,9,2021-08-26,5,ZGQ-inc/source_repo|oli-fa/YueDuBackup/master,,https://m.zhananxs.com,连接失败
🚬 疯情书库,aavbook.club,成人小说文本,正版出版/文本小说,9,2021-08-15,58,ZGQ-inc/source_repo|fmpfmp/YueDuBackup|oevery/Source/master|oli-fa/YueDuBackup/master|xdd666t/MyData,,http://aavbook.club,可达
📙辣妹小说,www.lameixs.com,成人小说文本,社区标记失效/文本小说,9,2021-08-15,9,ZGQ-inc/source_repo|fmpfmp/YueDuBackup|oli-fa/YueDuBackup/master,,http://www.lameixs.com,可达
一流书屋,www.16book1.com,成人小说文本,站群模板/正版出版/文本小说,9,2021-08-15,2,ZGQ-inc/source_repo|oli-fa/YueDuBackup/master,,https://www.16book1.com,可达
🔞 小说坊,www.50xsf.net,成人小说文本,社区标记失效/文本小说,9,2021-08-10,2,ZGQ-inc/source_repo|oli-fa/YueDuBackup/master,,http://www.50xsf.net,异常状态
🔞 御书屋,m.22c22.com,成人小说文本,站群模板/文本小说,9,2021-07-29,6,ZGQ-inc/source_repo|oli-fa/YueDuBackup/master,,https://m.22c22.com,可达
🔞 我的书阁,m.myshuge.org,成人小说文本,文本小说,9,2021-07-15,12,ZGQ-inc/source_repo|fmpfmp/YueDuBackup|oevery/Source/master|oli-fa/YueDuBackup/master|xdd666t/MyData,,http://m.myshuge.org,异常状态
🌸御书文,www.yushuwen.com,成人小说文本,文本小说,9,2021-07-09,11,ZGQ-inc/source_repo|fmpfmp/YueDuBackup|oli-fa/YueDuBackup/master,,https://www.yushuwen.com,可达
网红小说,m.wanghongxs.com,成人小说文本,文本小说,9,2021-06-26,5,ZGQ-inc/source_repo|oli-fa/YueDuBackup/master,,http://m.wanghongxs.com,异常状态
小说亭,new.novelcontent.api.emmmn.com,成人小说文本,文本小说,9,2021-06-24,5,ZGQ-inc/source_repo|oli-fa/YueDuBackup/master,,http://new.novelcontent.api.emmmn.com/,页面不存在
8bqg,b.8bqg.net,成人小说文本,文本小说,9,2021-06-15,6,ZGQ-inc/source_repo|oli-fa/YueDuBackup/master,,https://b.8bqg.net,连接失败
🔰 纯粹,m.jjwxc.net,成人小说文本,女频言情/文本小说,9,2021-06-08,6,ZGQ-inc/source_repo|oli-fa/YueDuBackup/master,,https://m.jjwxc.net/✨,其它错误
☄️ 萌文库,xs.kdays.net,成人小说文本,文本小说,9,2021-06-08,6,ZGQ-inc/source_repo|fmpfmp/YueDuBackup|oli-fa/YueDuBackup/master,,http://xs.kdays.net,异常状态
366,www.366xsw.com,成人小说文本,社区标记失效/男频网文/文本小说,9,2021-06-04,7,ZGQ-inc/source_repo|fmpfmp/YueDuBackup|oli-fa/YueDuBackup/master,,http://www.366xsw.com,超时
歪歪小说,www.yyxuri.com,成人小说文本,社区标记失效/文本小说,9,2021-06-03,2,ZGQ-inc/source_repo|oli-fa/YueDuBackup/master,,http://www.yyxuri.com,异常状态
晨晖小说网2(精),www.chinammra.com,成人小说文本,站群模板/文本小说,9,2021-05-31,2,ZGQ-inc/source_repo|oli-fa/YueDuBackup/master,,https://www.chinammra.com,有响应(拦截)
🔥霸气书屋,www.87shuwu.in,成人小说文本,站群模板/文本小说,9,2021-05-31,1,ZGQ-inc/source_repo,,http://www.87shuwu.in,异常状态
🚬 乡土小说网,www.xiagtxsw.com,成人小说文本,站群模板/文本小说,9,2021-05-25,4,ZGQ-inc/source_repo|oli-fa/YueDuBackup/master|xdd666t/MyData,,https://www.xiagtxsw.com,连接失败
💠晋江,,成人小说文本,正版出版/女频言情/文本小说,9,2021-05-20,4,ZGQ-inc/source_repo|aoaostar/legado|oli-fa/YueDuBackup/master,,晋江：APP搜索 纯爱/无cp标签,其它错误
🔞 小强小说 💡,www.xiaoqiangla.net,成人小说文本,文本小说,9,2021-05-15,8,ZGQ-inc/source_repo|oli-fa/YueDuBackup/master,,http://www.xiaoqiangla.net,可达
🔞 荷包小说,www.hebao520.com,成人小说文本,文本小说,9,2021-05-14,5,ZGQ-inc/source_repo|fmpfmp/YueDuBackup|oli-fa/YueDuBackup/master,,http://www.hebao520.com,异常状态
🔥 福书网①,www.fushuu.com,成人小说文本,站群模板/文本小说,9,2021-05-12,2,ZGQ-inc/source_repo|oli-fa/YueDuBackup/master,,https://www.fushuu.com,连接失败
小强小说,xiaoqiangla.net,成人小说文本,文本小说,9,2021-05-04,3,ZGQ-inc/source_repo|oli-fa/YueDuBackup/master,,http://xiaoqiangla.net/,可达
躺着看小说网,www.tzkxs5.com,成人小说文本,站群模板/文本小说,9,2021-05-04,3,ZGQ-inc/source_repo|oli-fa/YueDuBackup/master,,https://www.tzkxs5.com/,连接失败
躺着看小说,tangzhekan.info,成人小说文本,文本小说,9,2021-05-04,2,ZGQ-inc/source_repo|oli-fa/YueDuBackup/master,,http://tangzhekan.info,可达
🚬 第一版主(手机版),m.diyibanzhu.store,成人小说文本,文本小说,9,2021-05-04,2,ZGQ-inc/source_repo|oli-fa/YueDuBackup/master,,m.diyibanzhu.store,有响应(拦截)
🔥疯情书库,www.aavbook,成人小说文本,正版出版/文本小说,9,2021-05-04,24,ZGQ-inc/source_repo|fmpfmp/YueDuBackup|oevery/Source/master|oli-fa/YueDuBackup/master|xdd666t/MyData,,https://www.aavbook,连接失败
寂寞书屋,m.jmshuwu.cc,成人小说文本,站群模板/文本小说,9,2021-05-03,2,ZGQ-inc/source_repo|oli-fa/YueDuBackup/master,,http://m.jmshuwu.cc,有响应(拦截)
💰 长佩文学#onede,m.gongzicp.com,成人小说文本,文本小说,9,2021-05-02,1,ZGQ-inc/source_repo,,https://m.gongzicp.com/#onede,可达
🔞 暖才文学📱,m.nuancaiwx.cc,成人小说文本,文本小说,9,2021-05-02,3,ZGQ-inc/source_repo|oli-fa/YueDuBackup/master,,http://m.nuancaiwx.cc/,可达
🚬 第二书包,www.diershubao.org,成人小说文本,文本小说,9,2021-05-01,16,ZGQ-inc/source_repo|e101406/booksources/master|oli-fa/YueDuBackup/master,,http://www.diershubao.org,超时
🔞御宅屋™,bl-novel.in,成人小说文本,文本小说,9,2021-04-15,18,ZGQ-inc/source_repo|fmpfmp/YueDuBackup|oevery/Source/master|oli-fa/YueDuBackup/master|xdd666t/MyData,,https://bl-novel.in,可达
🌼长佩,m.gongzicp.com。。,成人小说文本,文本小说,9,2021-04-12,1,ZGQ-inc/source_repo,,https://m.gongzicp.com。。,其它错误
🚬 第一版主网[仅发现],www.diyibanzhu2.in,成人小说文本,文本小说,9,2021-04-12,5,ZGQ-inc/source_repo|oli-fa/YueDuBackup/master,,http://www.diyibanzhu2.in,异常状态
🚬 第一版主③[仅发现],www.diyibanzhu1.in,成人小说文本,文本小说,9,2021-04-12,2,ZGQ-inc/source_repo|oli-fa/YueDuBackup/master,,http://www.diyibanzhu1.in,异常状态
🚬 乡村小说,www.xcxsw.net,成人小说文本,文本小说,9,2021-04-12,2,ZGQ-inc/source_repo|oli-fa/YueDuBackup/master,,https://www.xcxsw.net,连接失败
🍑 第六书包,m.e7007.net,成人小说文本,文本小说,9,2021-04-12,6,ZGQ-inc/source_repo|oli-fa/YueDuBackup/master,,http://m.e7007.net,异常状态
神书网,wap.skyzww.com,成人小说文本,站群模板/文本小说,9,2021-04-12,3,ZGQ-inc/source_repo|oli-fa/YueDuBackup/master|xdd666t/MyData,,http://wap.skyzww.com,超时
🚬 三四中文网,m.3434zw.com,成人小说文本,文本小说,9,2021-04-12,6,ZGQ-inc/source_repo|oli-fa/YueDuBackup/master,,http://m.3434zw.com,异常状态
乐文小说,m.lwxs11.com,成人小说文本,文本小说,9,2021-04-12,2,ZGQ-inc/source_repo|oli-fa/YueDuBackup/master,,https://m.lwxs11.com,连接失败
🚬 海棠书屋123,m.haitang123.vip,成人小说文本,站群模板/文本小说,9,2021-04-11,1,ZGQ-inc/source_repo,,https://m.haitang123.vip,超时
🚬 自走棋小说[仅发现],www.zizouqixs.com,成人小说文本,文本小说,9,2021-04-11,2,ZGQ-inc/source_repo|oli-fa/YueDuBackup/master,,http://www.zizouqixs.com,可达
🚬 366小说[仅发现],www.366xsw.cc,成人小说文本,文本小说,9,2021-04-11,2,ZGQ-inc/source_repo|oli-fa/YueDuBackup/master,,http://www.366xsw.cc,可达
🚬 屌丝小说网,m.ecoccm.com,成人小说文本,站群模板/文本小说,9,2021-04-11,1,ZGQ-inc/source_repo,,http://m.ecoccm.com,连接失败
🚬 翠微居,wap.cuiweiju6.com,成人小说文本,文本小说,9,2021-04-11,8,ZGQ-inc/source_repo|oli-fa/YueDuBackup/master|xdd666t/MyData,,http://wap.cuiweiju6.com,异常状态
🚬 第二书包网,m.shubaowang123.cc,成人小说文本,文本小说,9,2021-04-11,39,ZGQ-inc/source_repo|fmpfmp/YueDuBackup|oevery/Source/master|oli-fa/YueDuBackup/master|xdd666t/MyData,,http://m.shubaowang123.cc,超时
🔞 哈西文学,www.haxixs.com,成人小说文本,社区标记失效/文本小说,9,2021-03-29,1,ZGQ-inc/source_repo,,http://www.haxixs.com,异常状态
🔞 疯情书库,www.aabook.work,成人小说文本,社区标记失效/正版出版/文本小说,9,2021-03-29,4,ZGQ-inc/source_repo|oli-fa/YueDuBackup/master,,https://www.aabook.work,可达
🔥 PO18,m.po18.xyz,成人小说文本,社区标记失效/文本小说,9,2021-03-21,2,ZGQ-inc/source_repo|aoaostar/legado,,https://m.po18.xyz#一程,可达
🔞 性艺私塾,www.nonao.com,成人小说文本,社区标记失效/文本小说,9,2021-03-21,1,ZGQ-inc/source_repo,,https://www.nonao.com#一程,可达
🔞 霸气书库,www.shukucn.com,成人小说文本,社区标记失效/文本小说,9,2021-03-21,1,ZGQ-inc/source_repo,,http://www.shukucn.com#一程,超时
🔞 小强小说,www.xiaoqiangla.net,成人小说文本,社区标记失效/文本小说,9,2021-03-21,1,ZGQ-inc/source_repo,,http://www.xiaoqiangla.net#一程,可达
🔞 五二书库,www.52shukuw.com,成人小说文本,社区标记失效/文本小说,9,2021-03-21,1,ZGQ-inc/source_repo,,https://www.52shukuw.com#一程,连接失败
🔞 第二书包,wap.shubaoan.com,成人小说文本,社区标记失效/文本小说,9,2021-03-21,1,ZGQ-inc/source_repo,,https://wap.shubaoan.com#一程,可达
🔞 荷包小说,www.hebao520.com,成人小说文本,社区标记失效/文本小说,9,2021-03-21,1,ZGQ-inc/source_repo,,http://www.hebao520.com#一程,异常状态
🔞 书书屋,m.shushuwuxs.org,成人小说文本,站群模板/社区标记失效/文本小说,9,2021-03-21,1,ZGQ-inc/source_repo,,http://m.shushuwuxs.org#一程,超时
🔞 一世书城,m.1114txt.com,成人小说文本,文本小说,9,2021-03-21,1,ZGQ-inc/source_repo,,https://m.1114txt.com#一程,有响应(拦截)
🔞 海岸线,www.haxwx5.com,成人小说文本,文本小说,9,2021-03-21,1,oli-fa/YueDuBackup/master,,http://www.haxwx5.com#一程,有响应(拦截)
🔞 御书屋①,m.wmp8.com,成人小说文本,站群模板/文本小说,9,2021-03-21,1,ZGQ-inc/source_repo,,https://m.wmp8.com#一程,可达
🔞 龙腾小说②,www.longteng2.org,成人小说文本,社区标记失效/文本小说,9,2021-03-21,1,ZGQ-inc/source_repo,,http://www.longteng2.org#一程,有响应(拦截)
🔞 老司机小说 国内,www.laosijixs.com,成人小说文本,文本小说,9,2021-03-16,5,ZGQ-inc/source_repo|fmpfmp/YueDuBackup|oli-fa/YueDuBackup/master,,http://www.laosijixs.com,可达
否初小说网~R18,www.fouchu.com,成人小说文本,站群模板/文本小说,9,2021-03-07,1,ZGQ-inc/source_repo,,http://www.fouchu.com/#🌱,可达
乡村小说.xcxs520#玄奇21.0202艳情,m.xcxs520.com,成人小说文本,社区标记失效/文本小说,9,2021-03-04,1,ZGQ-inc/source_repo,,http://m.xcxs520.com#玄奇21.0202,可达
📒PO18脸红心跳③,po18wen.vip,成人小说文本,文本小说,9,2021-03-03,1,ZGQ-inc/source_repo,,https://po18wen.vip#乃星,可达
📒PO18脸红心跳②,m.po18wx.com,成人小说文本,社区推荐/文本小说,9,2021-03-03,1,ZGQ-inc/source_repo,,https://m.po18wx.com#乃星,可达
📒PO18脸红心跳①,m.po18.xyz,成人小说文本,社区标记失效/文本小说,9,2021-03-03,2,ZGQ-inc/source_repo|aoaostar/legado,,https://m.po18.xyz#乃星,可达
🔰书耽,www.shubl.com,成人小说文本,文本小说,9,2021-03-03,1,ZGQ-inc/source_repo,是,https://www.shubl.com#乃星,可达
🔥 甜梦文,www.tianmengwen8.com,成人小说文本,社区标记失效/文本小说,9,2021-02-28,2,ZGQ-inc/source_repo|oli-fa/YueDuBackup/master,,http://www.tianmengwen8.com,异常状态
🔞 冷书网,www.youdianlen.com,成人小说文本,站群模板/文本小说,9,2021-02-27,1,ZGQ-inc/source_repo,,https://www.youdianlen.com,可达
🔞 366小说,www.366xiaoshuow.com,成人小说文本,文本小说,9,2021-02-27,1,ZGQ-inc/source_repo,,http://www.366xiaoshuow.com,有响应(拦截)
美文书屋🙈#南笙21.0101,m.62ru.com,成人小说文本,站群模板/社区标记失效/文本小说,9,2021-02-19,1,ZGQ-inc/source_repo,,https://m.62ru.com#南笙21.0101,连接失败
八零小说🙈#南笙21.0101,www.balingtxt.com,成人小说文本,社区标记失效/文本小说,9,2021-02-19,1,ZGQ-inc/source_repo,,http://www.balingtxt.com#南笙21.0101,可达
三好小说🙈#南笙21.0101,m.sanhao1.com,成人小说文本,社区标记失效/文本小说,9,2021-02-19,1,ZGQ-inc/source_repo,,http://m.sanhao1.com#南笙21.0101,异常状态
🔞 蓝柔小说,www.lanrou8.com,成人小说文本,文本小说,9,2021-02-11,2,ZGQ-inc/source_repo|oli-fa/YueDuBackup/master,,http://www.lanrou8.com,异常状态
🔞 瑶池小说,www.yaochixs.com,成人小说文本,文本小说,9,2021-02-11,24,ZGQ-inc/source_repo|fmpfmp/YueDuBackup|oevery/Source/master|oli-fa/YueDuBackup/master|xdd666t/MyData,,http://www.yaochixs.com,可达
翠微居,www.cuiweijubook.cc,成人小说文本,正版出版/文本小说,9,2021-02-09,4,ZGQ-inc/source_repo|fmpfmp/YueDuBackup|oli-fa/YueDuBackup/master,,https://www.cuiweijubook.cc,有响应(拦截)
🚬 御宅屋,www.ainan8.com,成人小说文本,文本小说,9,2021-02-08,2,ZGQ-inc/source_repo|oli-fa/YueDuBackup/master,,https://www.ainan8.com,可达
🚬 易读,m.yidudu1.org,成人小说文本,文本小说,9,2021-02-08,2,ZGQ-inc/source_repo|oli-fa/YueDuBackup/master,,http://m.yidudu1.org,异常状态
黛妃书屋,www.dytxts.com,成人小说文本,站群模板/社区标记失效/文本小说,9,2021-02-07,8,ZGQ-inc/source_repo|fmpfmp/YueDuBackup|oli-fa/YueDuBackup/master,,http://www.dytxts.com,超时
🚬 TXT小说,www.txtyzw.com,成人小说文本,站群模板/文本小说,9,2021-02-04,8,ZGQ-inc/source_repo|fmpfmp/YueDuBackup|oli-fa/YueDuBackup/master|xdd666t/MyData,,https://www.txtyzw.com,可达
🚬 烧书阁,m.shaoshuge8.com,成人小说文本,文本小说,9,2021-02-01,1,ZGQ-inc/source_repo,,http://m.shaoshuge8.com,连接失败
PO18,www.po-18.com,成人小说文本,社区标记失效/文本小说,9,2021-01-16,2,ZGQ-inc/source_repo|oli-fa/YueDuBackup/master,,https://www.po-18.com,可达
第一版主4,www.diyibanzhu4.in,成人小说文本,文本小说,9,2021-01-07,9,ZGQ-inc/source_repo|oli-fa/YueDuBackup/master,,http://www.diyibanzhu4.in,异常状态
第™🔞瞬间,www.dybz8.me,成人小说文本,文本小说,9,2021-01-04,4,ZGQ-inc/source_repo|oli-fa/YueDuBackup/master,,https://www.dybz8.me/,可达
小说神站,www.xiaoshuoshenzhan.com,成人小说文本,文本小说,9,2021-01-01,6,ZGQ-inc/source_repo|fmpfmp/YueDuBackup|oli-fa/YueDuBackup/master,,https://www.xiaoshuoshenzhan.com,连接失败
🚬 第一版主6™,www.diyibanzhu6.net,成人小说文本,文本小说,9,2020-12-25,1,ZGQ-inc/source_repo,,http://www.diyibanzhu6.net,异常状态
🚬 小说阅读网,www.chenhuixsh.com,成人小说文本,站群模板/文本小说,9,2020-12-24,2,ZGQ-inc/source_repo|oli-fa/YueDuBackup/master,,https://www.chenhuixsh.com,连接失败
海棠书屋,www.dafaxs.com,成人小说文本,站群模板/女频言情/文本小说,9,2020-12-16,3,ZGQ-inc/source_repo|e101406/booksources/master|oli-fa/YueDuBackup/master,,https://www.dafaxs.com,有响应(拦截)
🚬 御书宅[仅发现],wap.fjxs.net,成人小说文本,社区标记失效/文本小说,9,2020-12-12,2,ZGQ-inc/source_repo|oli-fa/YueDuBackup/master,,http://wap.fjxs.net,超时
🚬 小强小说网④[仅发现],www.335xs.in,成人小说文本,站群模板/文本小说,9,2020-12-11,5,ZGQ-inc/source_repo|oli-fa/YueDuBackup/master,,http://www.335xs.in,异常状态
💰 起点中文网,www.qidian.com图标,成人小说文本,正版出版/文本小说,9,2020-12-11,1,ZGQ-inc/source_repo,,"https://www.qidian.com
图标:㊕㊝🔍📖📚🎨🔞💯🎖️🏅🏆🥇🥈🥉
🎉🎊🎈🎶🎧",其它错误
🔞 文心阁,wxg2019.xyz,成人小说文本,文本小说,9,2020-12-10,2,ZGQ-inc/source_repo|oli-fa/YueDuBackup/master,,https://wxg2019.xyz,连接失败
🔞 翠微居,www.cuiweiju777.com,成人小说文本,社区标记失效/文本小说,9,2020-12-03,1,ZGQ-inc/source_repo,,http://www.cuiweiju777.com/,可达
💵 HI!喵,www.hicat.co,成人小说文本,文本小说,9,2020-12-02,2,ZGQ-inc/source_repo|oli-fa/YueDuBackup/master,,http://www.hicat.co,异常状态
🚬 宜搜小说网[仅发现],www.yisouxsf.com,成人小说文本,站群模板/文本小说,9,2020-12-02,2,ZGQ-inc/source_repo|oli-fa/YueDuBackup/master,,http://www.yisouxsf.com,可达
🚬 第一版主555[仅发现],www.diyibanzhu555.com,成人小说文本,社区标记失效/文本小说,9,2020-11-30,2,ZGQ-inc/source_repo|oli-fa/YueDuBackup/master,,https://www.diyibanzhu555.com,超时
🔞 55小说网,www.55xiaoshuod.com,成人小说文本,站群模板/文本小说,9,2020-11-30,2,ZGQ-inc/source_repo|oli-fa/YueDuBackup/master,,https://www.55xiaoshuod.com,超时
🚬 不凡小说网,www.bufan8.com,成人小说文本,站群模板/文本小说,9,2020-11-28,2,ZGQ-inc/source_repo|oli-fa/YueDuBackup/master,,https://www.bufan8.com,连接失败
🚬 左右小说网,www.zuoyou2.com,成人小说文本,站群模板/文本小说,9,2020-11-28,2,ZGQ-inc/source_repo|oli-fa/YueDuBackup/master,,http://www.zuoyou2.com,异常状态
🚬 辣文小说,m.lawen24.com,成人小说文本,文本小说,9,2020-11-28,2,ZGQ-inc/source_repo|oli-fa/YueDuBackup/master,,http://m.lawen24.com,有响应(拦截)
🚬 小说520,www.xs520f.com,成人小说文本,文本小说,9,2020-11-28,2,ZGQ-inc/source_repo|oli-fa/YueDuBackup/master,,https://www.xs520f.com,超时
🚬 甜梦文库网,m.tianmengwenku.org,成人小说文本,文本小说,9,2020-11-28,6,ZGQ-inc/source_repo|fmpfmp/YueDuBackup|oli-fa/YueDuBackup/master,,https://m.tianmengwenku.org,超时
书书屋小说,www.shushuwu.cc,成人小说文本,站群模板/社区标记失效/文本小说,9,2020-11-28,1,ZGQ-inc/source_repo,,https://www.shushuwu.cc,可达
爬书网,wap.xywxs.com,成人小说文本,站群模板/社区标记失效/文本小说,9,2020-11-26,2,ZGQ-inc/source_repo|oli-fa/YueDuBackup/master,,http://wap.xywxs.com,可达
🔞 小强小说,www.damawx.org,成人小说文本,文本小说,9,2020-11-20,1,ZGQ-inc/source_repo,,http://www.damawx.org,可达
🚬 斗书阁[仅发现],www.doushuge.com,成人小说文本,文本小说,9,2020-11-16,10,ZGQ-inc/source_repo|fmpfmp/YueDuBackup|oli-fa/YueDuBackup/master|xdd666t/MyData,,http://www.doushuge.com,异常状态
🚬 笔趣下书,m.biquxiashu.com,成人小说文本,站群模板/文本小说,9,2020-11-11,2,ZGQ-inc/source_repo|oli-fa/YueDuBackup/master,,https://m.biquxiashu.com,有响应(拦截)
🚬 恶魔六点[论坛],8.emoyiyi.com,成人小说文本,文本小说,9,2020-11-11,1,ZGQ-inc/source_repo,,http://8.emoyiyi.com,异常状态
🚬 夜夜小说,m.yeyexsw.com,成人小说文本,文本小说,9,2020-11-10,2,ZGQ-inc/source_repo|oli-fa/YueDuBackup/master,,http://m.yeyexsw.com,可达
🔞 玉米文学,www.335xs.xyz,成人小说文本,文本小说,9,2020-11-09,6,ZGQ-inc/source_repo|fmpfmp/YueDuBackup|oli-fa/YueDuBackup/master,,http://www.335xs.xyz,可达
🚬 疯情小说[仅发现],crazyfiction.xyz,成人小说文本,文本小说,9,2020-11-09,2,ZGQ-inc/source_repo|oli-fa/YueDuBackup/master,,https://crazyfiction.xyz,可达
🔥 幅书吧,www.fushuwb.com,成人小说文本,站群模板/文本小说,9,2020-11-08,1,ZGQ-inc/source_repo,,http://www.fushuwb.com,异常状态
🚬 和包网,m.72book.com,成人小说文本,正版出版/文本小说,9,2020-10-31,1,ZGQ-inc/source_repo,,https://m.72book.com,连接失败
🔞 懒人小说,m.lrxs.org已整理,成人小说文本,社区推荐/文本小说,9,2020-10-30,1,ZGQ-inc/source_repo,,https://m.lrxs.org已整理,其它错误
🚬 锦书楼,m.jinshulou.net,成人小说文本,文本小说,9,2020-10-28,2,ZGQ-inc/source_repo|oli-fa/YueDuBackup/master,,https://m.jinshulou.net,连接失败
🚬 御宅屋[仅发现],novel-bl.org,成人小说文本,文本小说,9,2020-10-18,6,ZGQ-inc/source_repo|fmpfmp/YueDuBackup|oli-fa/YueDuBackup/master,,https://novel-bl.org,超时
🚬 小强小说②[仅发现],www.123xiaoqiang.me,成人小说文本,文本小说,9,2020-10-18,6,ZGQ-inc/source_repo|fmpfmp/YueDuBackup|oli-fa/YueDuBackup/master,,http://www.123xiaoqiang.me,有响应(拦截)
🍺 千千小说网,www.15xs.com,成人小说文本,站群模板/文本小说,9,2020-10-18,19,ZGQ-inc/source_repo|fmpfmp/YueDuBackup|oevery/Source/master|oli-fa/YueDuBackup/master|xdd666t/MyData,,https://www.15xs.com,可达
🚬 吃鸡文学网(正文乱码),m.haobanzhu.info,成人小说文本,站群模板/文本小说,9,2020-10-18,6,ZGQ-inc/source_repo|oli-fa/YueDuBackup/master,,http://m.haobanzhu.info,可达
🛠️ 元尊小书屋[缺页],m.xsw55.com,成人小说文本,站群模板/文本小说,9,2020-10-18,8,ZGQ-inc/source_repo|fmpfmp/YueDuBackup|oli-fa/YueDuBackup/master,,https://m.xsw55.com/,连接失败
🛠️ 和包网[缺页],72book,成人小说文本,正版出版/文本小说,9,2020-10-18,2,ZGQ-inc/source_repo|oli-fa/YueDuBackup/master,,72book,域名解析失败
📚 一百本书,www.100ben.net,成人小说文本,文本小说,9,2020-10-18,2,ZGQ-inc/source_repo|oli-fa/YueDuBackup/master,,www.100ben.net,超时
📥 宝书[仅发现],www.baoshuu.com，，,成人小说文本,文本小说,9,2020-10-18,6,ZGQ-inc/source_repo|fmpfmp/YueDuBackup|oli-fa/YueDuBackup/master,,https://www.baoshuu.com，，,其它错误
📥 奇书网,www.qishus.com,成人小说文本,站群模板/文本小说,9,2020-10-18,6,ZGQ-inc/source_repo|fmpfmp/YueDuBackup|oli-fa/YueDuBackup/master,,https://www.qishus.com,连接失败
🚬 小强小说网[仅发现],m.xiaoqiangxs.org,成人小说文本,站群模板/文本小说,9,2020-10-18,2,ZGQ-inc/source_repo|oli-fa/YueDuBackup/master,,http://m.xiaoqiangxs.org,可达
🚬 斗书阁[仅发现],m.doushuge.com,成人小说文本,文本小说,9,2020-10-18,8,ZGQ-inc/source_repo|e101406/booksources/master|fmpfmp/YueDuBackup|oli-fa/YueDuBackup/master,,http://m.doushuge.com,异常状态
🚬 第一版主9[仅发现],www.diyibanzhu9.pro,成人小说文本,文本小说,9,2020-10-18,6,ZGQ-inc/source_repo|fmpfmp/YueDuBackup|oli-fa/YueDuBackup/master,,https://www.diyibanzhu9.pro#,连接失败
🚬 第一版主8[仅发现],www.diyibanzhu8.pro,成人小说文本,文本小说,9,2020-10-18,2,ZGQ-inc/source_repo|oli-fa/YueDuBackup/master,,https://www.diyibanzhu8.pro##,连接失败
🚬 寂寞书屋[仅发现],m.jmshuwu.com,成人小说文本,站群模板/文本小说,9,2020-10-17,4,ZGQ-inc/source_repo|fmpfmp/YueDuBackup|oli-fa/YueDuBackup/master,,http://m.jmshuwu.com,异常状态
🚬 花月文库[仅发现],www.huayuewenku.com,成人小说文本,文本小说,9,2020-10-17,2,ZGQ-inc/source_repo|oli-fa/YueDuBackup/master,,http://www.huayuewenku.com,异常状态
🚬 乐文小说[仅发现],m.00lewen.com,成人小说文本,文本小说,9,2020-10-17,6,ZGQ-inc/source_repo|fmpfmp/YueDuBackup|oli-fa/YueDuBackup/master,,http://m.00lewen.com,异常状态
🚬 烧书阁[仅发现],m.shaoshuge.xyz,成人小说文本,文本小说,9,2020-10-17,2,ZGQ-inc/source_repo|oli-fa/YueDuBackup/master,,http://m.shaoshuge.xyz,可达
🚬 霸气书屋,www.87shuwu.cc,成人小说文本,站群模板/女频言情/文本小说,9,2020-10-17,5,ZGQ-inc/source_repo|fmpfmp/YueDuBackup|oli-fa/YueDuBackup/master|xdd666t/MyData,,http://www.87shuwu.cc,可达
🚬 第二书包,m.shubao23.net,成人小说文本,文本小说,9,2020-10-17,2,ZGQ-inc/source_repo|oli-fa/YueDuBackup/master,,https://m.shubao23.net/s.php,连接失败
🚬 霸气书屋™猫猫,www.87shuwu.com,成人小说文本,站群模板/文本小说,9,2020-10-17,16,ZGQ-inc/source_repo|fmpfmp/YueDuBackup|oevery/Source/master|xdd666t/MyData,,http://www.87shuwu.com,可达
🚬 新书包网lashubao.org,www.lashubao.org,成人小说文本,文本小说,9,2020-10-17,2,ZGQ-inc/source_repo|oli-fa/YueDuBackup/master,,http://www.lashubao.org,异常状态
🚬 有点冷,wap.youdianlen.com,成人小说文本,文本小说,9,2020-10-17,2,ZGQ-inc/source_repo|oli-fa/YueDuBackup/master,,http://wap.youdianlen.com,可达
🍑 EZ看书[仅发现],m.ezkanshu.com,成人小说文本,文本小说,9,2020-10-16,4,ZGQ-inc/source_repo|oli-fa/YueDuBackup/master,,https://m.ezkanshu.com,连接失败
🎉 书海阁[仅发现],www.shuhaige.com,成人小说文本,文本小说,9,2020-10-16,27,ZGQ-inc/source_repo|fmpfmp/YueDuBackup|oevery/Source/master|oli-fa/YueDuBackup/master|xdd666t/MyData,,https://www.shuhaige.com,页面不存在
🎉 滴答小说,m.didaxiaoshuo.cc,成人小说文本,文本小说,9,2020-10-16,4,ZGQ-inc/source_repo|e101406/booksources/master|oli-fa/YueDuBackup/master,,http://m.didaxiaoshuo.cc,可达
🚬 170小说网,www.grname.xyz,成人小说文本,站群模板/文本小说,9,2020-10-15,2,ZGQ-inc/source_repo|oli-fa/YueDuBackup/master,,http://www.grname.xyz,可达
🚬 我的书包,www.wodeshubao.org,成人小说文本,文本小说,9,2020-10-08,2,ZGQ-inc/source_repo|oli-fa/YueDuBackup/master,,http://www.wodeshubao.org,可达
🚬 第二书包网123,m.shubaowang123.cc,成人小说文本,文本小说,9,2020-10-05,17,ZGQ-inc/source_repo|fmpfmp/YueDuBackup|oevery/Source/master|oli-fa/YueDuBackup/master|xdd666t/MyData,,https://m.shubaowang123.cc,超时
🚬 棉花糖,www.mhtla.com,成人小说文本,文本小说,9,2020-10-03,22,ZGQ-inc/source_repo|fmpfmp/YueDuBackup|oevery/Source/master|oli-fa/YueDuBackup/master|xdd666t/MyData,,https://www.mhtla.com,连接失败
长佩文学,m.gongzicp.com,成人小说文本,文本小说,9,2020-09-13,1,ZGQ-inc/source_repo,,https://m.gongzicp.com#myself,可达
R PO 文屋🐶,wap.po18free.com,成人小说文本,文本小说,9,未知,1,ZGQ-inc/source_repo,,https://wap.po18free.com##Rosiapng,可达
涩涩俱乐部🎃,novel.seseclub.com,成人小说文本,文本小说,9,未知,1,ZGQ-inc/source_repo,,https://novel.seseclub.com#🎃,连接失败
禁漫大王🎃,jmdw6.org,成人小说文本,文本小说,9,未知,2,ZGQ-inc/source_repo|aoaostar/legado,,https://jmdw6.org#🎃,可达
新御宅屋🎃#2,www.xyuzhaiwu8.com,成人小说文本,文本小说,9,未知,1,ZGQ-inc/source_repo,,https://www.xyuzhaiwu8.com#🎃,可达
海棠书屋🎃#2,m.xshaitang.com,成人小说文本,站群模板/文本小说,9,未知,1,ZGQ-inc/source_repo,,http://m.xshaitang.com#🎃,可达
新御书屋🎃#2,m.xyushuwu.one,成人小说文本,站群模板/文本小说,9,未知,1,ZGQ-inc/source_repo,,https://m.xyushuwu.one#🎃,可达
🎃PO18文学🎃#4,www.po18.asia,成人小说文本,文本小说,9,未知,1,ZGQ-inc/source_repo,,https://www.po18.asia#🎃,可达
书耽🎃#2,m.shubl.com,成人小说文本,文本小说,9,未知,1,ZGQ-inc/source_repo,,https://m.shubl.com#🎃,可达
🎃PO18文学🎃#6,www.po18.in,成人小说文本,文本小说,9,未知,2,ZGQ-inc/source_repo|aoaostar/legado,,https://www.po18.in#🎃,可达
🎃要福利🎃,1fuli.one,成人小说文本,文本小说,9,未知,1,ZGQ-inc/source_repo,,https://1fuli.one#🎃,可达
新御宅屋🎃#5,m.yuzhaiwude.com,成人小说文本,文本小说,9,未知,1,ZGQ-inc/source_repo,,https://m.yuzhaiwude.com#🎃,可达
色欲文🎃,m.seyuwen.com,成人小说文本,文本小说,9,未知,1,ZGQ-inc/source_repo,,https://m.seyuwen.com#🎃,超时
66成人小说🎃,66story.com,成人小说文本,文本小说,9,未知,1,ZGQ-inc/source_repo,,https://66story.com#🎃,有响应(拦截)
🎃笔趣阁🎃#64,m.xyuzhaiwu9.com,成人小说文本,站群模板/文本小说,9,未知,1,ZGQ-inc/source_repo,,https://m.xyuzhaiwu9.com#🎃,可达
笔趣阁🎃#58,m.xyuzhaiwu7.com,成人小说文本,站群模板/文本小说,9,未知,1,ZGQ-inc/source_repo,,https://m.xyuzhaiwu7.com#🎃,可达
🎃肉肉屋🎃#3,www.rourouwu1.com,成人小说文本,文本小说,9,未知,1,ZGQ-inc/source_repo,,https://www.rourouwu1.com#🎃,可达
笔趣阁小说网🎃,www.honeyhoneywedding.com,成人小说文本,站群模板/文本小说,9,未知,1,ZGQ-inc/source_repo,,https://www.honeyhoneywedding.com#🎃,可达
🎃第一版主🎃#9,7778877.com,成人小说文本,文本小说,9,未知,1,ZGQ-inc/source_repo,,https://7778877.com#🎃,可达
PO文学🎃,m.powenxue2.com,成人小说文本,文本小说,9,未知,1,ZGQ-inc/source_repo,,https://m.powenxue2.com#🎃,超时
PO18文学🎃#12,m.po18co.com,成人小说文本,文本小说,9,未知,1,ZGQ-inc/source_repo,,https://m.po18co.com#🎃,可达
新御书屋🎃#6,wap.xyushuwu11.com,成人小说文本,站群模板/文本小说,9,未知,1,ZGQ-inc/source_repo,,https://wap.xyushuwu11.com#🎃,可达
🎃PO18文学🎃#17,wap.po18vip.in,成人小说文本,文本小说,9,未知,1,ZGQ-inc/source_repo,,https://wap.po18vip.in#🎃,可达
🎃PO18文学🎃#14,www.po18m.com,成人小说文本,文本小说,9,未知,1,ZGQ-inc/source_repo,,https://www.po18m.com#🎃,可达
🎃PO18文学🎃#19,www.po18f.com,成人小说文本,文本小说,9,未知,1,ZGQ-inc/source_repo,,https://www.po18f.com#🎃,可达
PO18文学🎃#23,wap.po18cx.com,成人小说文本,文本小说,9,未知,1,ZGQ-inc/source_repo,,https://wap.po18cx.com#🎃,可达
海棠书屋🎃#3,wap.haitangshuwu.info,成人小说文本,站群模板/文本小说,9,未知,1,ZGQ-inc/source_repo,,https://wap.haitangshuwu.info#🎃,可达
肉肉屋🎃#5,m.rouwenwu3.com,成人小说文本,文本小说,9,未知,1,ZGQ-inc/source_repo,,https://m.rouwenwu3.com#🎃,可达
色色葫芦🎃,gsdg.sesehulu7.top,成人小说文本,文本小说,9,未知,1,ZGQ-inc/source_repo,,https://gsdg.sesehulu7.top#🎃,可达
7wav🎃,www.7wav.com,成人小说文本,文本小说,9,未知,1,ZGQ-inc/source_repo,,https://www.7wav.com#🎃,可达
肉书屋🎃#4,m.roushuwu4.com,成人小说文本,站群模板/文本小说,9,未知,1,ZGQ-inc/source_repo,,https://m.roushuwu4.com#🎃,可达
肉肉屋🎃#6,m.rourouwu8.com,成人小说文本,文本小说,9,未知,1,ZGQ-inc/source_repo,,https://m.rourouwu8.com#🎃,可达
海棠搜书蓝海搜书🎃,www.lanlanbo.com,成人小说文本,文本小说,9,未知,1,ZGQ-inc/source_repo,,https://www.lanlanbo.com#🎃,可达
PO18完本🎃#3,wap.rouwennp.me,成人小说文本,文本小说,9,未知,1,ZGQ-inc/source_repo,,https://wap.rouwennp.me#🎃,连接失败
🎃长佩文学🎃,www.gongzicp.com,成人小说文本,文本小说,9,未知,1,ZGQ-inc/source_repo,,https://www.gongzicp.com#🎃,可达
禁漫天堂🎃,www.18mh.net,成人小说文本,文本小说,9,未知,1,ZGQ-inc/source_repo,,https://www.18mh.net#🎃,可达
肉文屋🎃,www.powenxue15.com,成人小说文本,文本小说,9,未知,1,ZGQ-inc/source_repo,,https://www.powenxue15.com#🎃,可达
新御书屋🎃#9,m.xyushuwu1.com,成人小说文本,站群模板/文本小说,9,未知,1,ZGQ-inc/source_repo,,https://m.xyushuwu1.com#🎃,可达
笔趣阁🎃#84,m.yuzhai.life,成人小说文本,站群模板/文本小说,9,未知,1,ZGQ-inc/source_repo,,https://m.yuzhai.life#🎃,可达
废文网🎃,www.sadfunsad.com,成人小说文本,文本小说,9,未知,1,ZGQ-inc/source_repo,,https://www.sadfunsad.com#🎃,可达
肉肉屋🎃#6,m.rourouwu3.com,成人小说文本,文本小说,9,未知,1,ZGQ-inc/source_repo,,https://m.rourouwu3.com#🎃,可达
UAA·小说🎃,www.uaa004.com,成人小说文本,文本小说,9,未知,1,ZGQ-inc/source_repo,,https://www.uaa004.com#🎃,有响应(拦截)
笔趣阁🎃#86,m.yuzhai.info,成人小说文本,站群模板/文本小说,9,未知,1,ZGQ-inc/source_repo,,https://m.yuzhai.info#🎃,可达
PO18文学🎃#28,wap.po18bc.com,成人小说文本,文本小说,9,未知,1,ZGQ-inc/source_repo,,https://wap.po18bc.com#🎃,可达
肉书屋🎃#2,m.roushuwu7.com,成人小说文本,站群模板/文本小说,9,未知,1,ZGQ-inc/source_repo,,https://m.roushuwu7.com#🎃,超时
PO18文学🎃,www.po18site.com,成人小说文本,文本小说,9,未知,2,ZGQ-inc/source_repo|aoaostar/legado,,https://www.po18site.com#🎃,可达
御宅屋🎃,m.yushuwu12.com,成人小说文本,文本小说,9,未知,1,ZGQ-inc/source_repo,,http://m.yushuwu12.com#🎃,可达
🎃PO18文学🎃#27,wap.po18.in,成人小说文本,文本小说,9,未知,1,ZGQ-inc/source_repo,,https://wap.po18.in#🎃,可达
PO18文学-幕惜🎃,m.txtyzw.com,成人小说文本,文本小说,9,未知,1,ZGQ-inc/source_repo,,https://m.txtyzw.com#🎃,可达
🎃PO18文学🎃#29,wap.po18free.com,成人小说文本,文本小说,9,未知,1,ZGQ-inc/source_repo,,https://wap.po18free.com#🎃,可达
🎃肉文屋🎃#2,m.rouwenwu14.com,成人小说文本,文本小说,9,未知,1,ZGQ-inc/source_repo,,https://m.rouwenwu14.com#🎃,可达
精品小说网🔞~m.jpxs123.com,m.jpxs123.com,成人小说文本,站群模板/社区推荐/文本小说,9,未知,1,ZGQ-inc/source_repo,,https://m.jpxs123.com,可达
桃色小说🎃#2,www.powenwu2.com,成人小说文本,文本小说,9,未知,1,ZGQ-inc/source_repo,,https://www.powenwu2.com#🎃,可达
海岸线文学网🔞~m.haxdu.org,m.haxdu.org,成人小说文本,站群模板/文本小说,9,未知,1,ZGQ-inc/source_repo,,https://m.haxdu.org,连接失败
新御宅屋🎃,www.layuzhaiwu.xyz,成人小说文本,文本小说,9,未知,1,ZGQ-inc/source_repo,,https://www.layuzhaiwu.xyz#🎃,可达
PO18文学🎃#4,www.po18e.vip,成人小说文本,文本小说,9,未知,1,ZGQ-inc/source_repo,,https://www.po18e.vip#🎃,可达
御宅屋🎃#2,m.yuzhaiwuone.com,成人小说文本,文本小说,9,未知,1,ZGQ-inc/source_repo,,https://m.yuzhaiwuone.com#🎃,可达
新御宅🎃,www.xyuzhaiwu.club,成人小说文本,文本小说,9,未知,1,ZGQ-inc/source_repo,,https://www.xyuzhaiwu.club#🎃,可达
新御宅屋🎃#2,www.yuzhaiwuh.xyz,成人小说文本,文本小说,9,未知,1,ZGQ-inc/source_repo,,https://www.yuzhaiwuh.xyz#🎃,可达
海棠书屋🎃,www.haitang77.com,成人小说文本,站群模板/文本小说,9,未知,1,ZGQ-inc/source_repo,,https://www.haitang77.com#🎃,超时
肉文屋🎃,m.nprouwen.org,成人小说文本,文本小说,9,未知,1,ZGQ-inc/source_repo,,https://m.nprouwen.org#🎃,超时
PO18文学🎃#7,www.po18.xyz,成人小说文本,文本小说,9,未知,1,ZGQ-inc/source_repo,,https://www.po18.xyz#🎃,可达
新御宅屋🎃#2,m.fqyxs.com,成人小说文本,文本小说,9,未知,1,ZGQ-inc/source_repo,,https://m.fqyxs.com#🎃,超时
🎃PO18文学🎃#7,www.po18info.com,成人小说文本,文本小说,9,未知,2,ZGQ-inc/source_repo|aoaostar/legado,,https://www.po18info.com#🎃,可达
🎃PO18文学🎃#18,m.po18vip.me,成人小说文本,文本小说,9,未知,2,ZGQ-inc/source_repo|aoaostar/legado,,https://m.po18vip.me#🎃,可达
PO18文学🎃#19,m.po18.info,成人小说文本,文本小说,9,未知,1,ZGQ-inc/source_repo,,https://m.po18.info#🎃,超时
御宅屋🎃#2,m.yuzhaiwu.asia,成人小说文本,文本小说,9,未知,1,ZGQ-inc/source_repo,,https://m.yuzhaiwu.asia#🎃,可达
肉文屋🎃,m.rouwenwu16.com,成人小说文本,文本小说,9,未知,1,ZGQ-inc/source_repo,,https://m.rouwenwu16.com#🎃,可达
📓UAA·小小说,m.uaa.com,成人小说文本,文本小说,9,未知,1,ZGQ-inc/source_repo,,https://m.uaa.com##旅途,有响应(拦截)
PO文屋🎃,m.powenwu16.com,成人小说文本,文本小说,9,未知,1,ZGQ-inc/source_repo,,https://m.powenwu16.com#🎃,可达
PO18文学🎃#4,m.po18sf.com,成人小说文本,文本小说,9,未知,1,ZGQ-inc/source_repo,,https://m.po18sf.com#🎃,可达
新御宅屋🎃#4,m.yuzhaiwx.com,成人小说文本,文本小说,9,未知,1,ZGQ-inc/source_repo,,https://m.yuzhaiwx.com#🎃,可达
PO18文学🎃#20,www.po18mx.com,成人小说文本,文本小说,9,未知,1,ZGQ-inc/source_repo,,https://www.po18mx.com#🎃,可达
PO18文学🎃#8,m.po18as.com,成人小说文本,文本小说,9,未知,1,ZGQ-inc/source_repo,,https://m.po18as.com#🎃,可达
PO18文学🎃#2,m.po18kan.com,成人小说文本,文本小说,9,未知,1,ZGQ-inc/source_repo,,https://m.po18kan.com#🎃,连接失败
🎃肉肉屋🎃#3,wap.powenwu6.com,成人小说文本,文本小说,9,未知,2,ZGQ-inc/source_repo|aoaostar/legado,,https://wap.powenwu6.com#🎃,可达
小黄书 xChina🎃,xchina.biz,成人小说文本,文本小说,9,未知,1,ZGQ-inc/source_repo,,https://xchina.biz#🎃,有响应(拦截)
PO18文学🎃#9,www.po18m.vip,成人小说文本,文本小说,9,未知,1,ZGQ-inc/source_repo,,https://www.po18m.vip#🎃,可达
PO18文学🎃#24,m.po18yq.com,成人小说文本,文本小说,9,未知,1,ZGQ-inc/source_repo,,https://m.po18yq.com#🎃,可达
御宅屋🎃,www.hyuzhaiwu.com,成人小说文本,文本小说,9,未知,1,ZGQ-inc/source_repo,,https://www.hyuzhaiwu.com#🎃,可达
新御宅屋🎃#10,m.xyuzhaiwu1.com,成人小说文本,文本小说,9,未知,1,ZGQ-inc/source_repo,,https://m.xyuzhaiwu1.com#🎃,超时
海棠书屋🎃#2,m.5haitang.com,成人小说文本,站群模板/文本小说,9,未知,1,ZGQ-inc/source_repo,,https://m.5haitang.com#🎃,可达
海棠书屋🎃#3,m.haitang4.com,成人小说文本,站群模板/文本小说,9,未知,1,ZGQ-inc/source_repo,,https://m.haitang4.com#🎃,可达
PO18文学🎃#12,www.po18to.com,成人小说文本,文本小说,9,未知,1,ZGQ-inc/source_repo,,https://www.po18to.com#🎃,可达
PO18文学🎃#6,www.po18po.com,成人小说文本,文本小说,9,未知,2,ZGQ-inc/source_repo|aoaostar/legado,,https://www.po18po.com#🎃,可达
海棠文学🎃,m.haitangwx.com,成人小说文本,文本小说,9,未知,1,ZGQ-inc/source_repo,,https://m.haitangwx.com#🎃,可达
🎃新御宅屋🎃,m.nprouwen.net,成人小说文本,文本小说,9,未知,2,ZGQ-inc/source_repo|aoaostar/legado,,https://m.nprouwen.net#🎃,可达
PO18文学🎃#14,m.po18gw.com,成人小说文本,文本小说,9,未知,1,ZGQ-inc/source_repo,,https://m.po18gw.com#🎃,可达
PO18文学🎃#17,m.po18bb.com,成人小说文本,文本小说,9,未知,1,ZGQ-inc/source_repo,,https://m.po18bb.com#🎃,可达
PO18文学🎃#18,m.po18rr.com,成人小说文本,文本小说,9,未知,1,ZGQ-inc/source_repo,,https://m.po18rr.com#🎃,可达
PO18文学🎃#19,m.po18g.com,成人小说文本,文本小说,9,未知,1,ZGQ-inc/source_repo,,https://m.po18g.com#🎃,可达
海棠书屋🎃#4,m.9n9h.com,成人小说文本,站群模板/文本小说,9,未知,1,ZGQ-inc/source_repo,,https://m.9n9h.com#🎃,可达
新御宅屋🎃#8,www.xyuzhaiwu2.com,成人小说文本,文本小说,9,未知,1,ZGQ-inc/source_repo,,https://www.xyuzhaiwu2.com#🎃,可达
PO18文学🎃#21,m.po18q.com,成人小说文本,文本小说,9,未知,1,ZGQ-inc/source_repo,,https://m.po18q.com#🎃,可达
PO18文学🎃#5,www.po18e.com,成人小说文本,文本小说,9,未知,1,ZGQ-inc/source_repo,,https://www.po18e.com#🎃,可达
御宅屋🎃#5,m.123yuzhaiwu.com,成人小说文本,文本小说,9,未知,1,ZGQ-inc/source_repo,,https://m.123yuzhaiwu.com#🎃,可达
PO18文学🎃#22,m.zpo18.com,成人小说文本,文本小说,9,未知,1,ZGQ-inc/source_repo,,https://m.zpo18.com#🎃,可达
新御宅屋🎃#9,m.zuijile.com,成人小说文本,文本小说,9,未知,1,ZGQ-inc/source_repo,,https://m.zuijile.com#🎃,可达
御宅屋🎃#3,m.ibbxs.com,成人小说文本,文本小说,9,未知,2,ZGQ-inc/source_repo|aoaostar/legado,,https://m.ibbxs.com#🎃,可达
御宅屋🎃#6,m.jilehai.com,成人小说文本,文本小说,9,未知,1,ZGQ-inc/source_repo,,https://m.jilehai.com#🎃,连接失败
新御宅🎃,m.xyuzhaiwu10.com,成人小说文本,文本小说,9,未知,1,ZGQ-inc/source_repo,,https://m.xyuzhaiwu10.com#🎃,可达
成人小说网🎃,crxs.me,成人小说文本,站群模板/文本小说,9,未知,1,ZGQ-inc/source_repo,,https://crxs.me#🎃,可达
新御宅屋🎃#3,m.xyuzhaiwu4.com,成人小说文本,文本小说,9,未知,1,ZGQ-inc/source_repo,,https://m.xyuzhaiwu4.com#🎃,可达
肉文NP🎃,www.powenxue3.com,成人小说文本,文本小说,9,未知,1,ZGQ-inc/source_repo,,https://www.powenxue3.com#🎃,可达
桃色小说🎃,www.taosexs.com,成人小说文本,文本小说,9,未知,1,ZGQ-inc/source_repo,,https://www.taosexs.com#🎃,可达
PO18文学🎃#9,m.po18wen.xyz,成人小说文本,文本小说,9,未知,1,ZGQ-inc/source_repo,,https://m.po18wen.xyz#🎃,可达
欲望社🎃#3,www.yuwangshe.in,成人小说文本,文本小说,9,未知,1,ZGQ-inc/source_repo,,https://www.yuwangshe.in#🎃,可达
PO18文学🎃,wap.po18bl.com,成人小说文本,文本小说,9,未知,1,ZGQ-inc/source_repo,,https://wap.po18bl.com#🎃,可达
脸红心跳🎃,www.powenwu15.com,成人小说文本,文本小说,9,未知,1,ZGQ-inc/source_repo,,https://www.powenwu15.com#🎃,超时
书耽中文🎃,m.shubl.com,成人小说文本,文本小说,9,未知,1,ZGQ-inc/source_repo,,http://m.shubl.com#🎃,可达
po18城🎃,www.po18.city,成人小说文本,文本小说,9,未知,1,ZGQ-inc/source_repo,,https://www.po18.city#🎃,超时
PO18全本🎃,www.sougou.work,成人小说文本,站群模板/文本小说,9,未知,1,ZGQ-inc/source_repo,,https://www.sougou.work#🎃,可达
脸红心跳🎃#2,m.mpo18.com,成人小说文本,文本小说,9,未知,1,ZGQ-inc/source_repo,,https://m.mpo18.com#🎃,可达
肉文阁🎃,m.rouwenge.com,成人小说文本,文本小说,9,未知,1,ZGQ-inc/source_repo,,https://m.rouwenge.com#🎃,连接失败
_漫蛙🔞,manwa.one,成人小说文本,文本小说,9,未知,1,ZGQ-inc/source_repo,,https://manwa.one,超时
水_漫蛙🔞,manwa4.site,成人小说文本,文本小说,9,未知,1,ZGQ-inc/source_repo,,https://manwa4.site,连接失败
漫蛙🔞,manwa2.cc,成人小说文本,文本小说,9,未知,1,ZGQ-inc/source_repo,,https://manwa2.cc,有响应(拦截)
🔞 第一版主⑦,www.diyibanzhu7.xyz,成人小说文本,文本小说,9,未知,1,ZGQ-inc/source_repo,,http://www.diyibanzhu7.xyz,异常状态
🔞 第一版主⑥,www.diyibanzhu6.pro,成人小说文本,文本小说,9,未知,1,ZGQ-inc/source_repo,,http://www.diyibanzhu6.pro,异常状态
🔞 第一版主⑤,www.diyibanzhu5.pro,成人小说文本,文本小说,9,未知,1,ZGQ-inc/source_repo,,https://www.diyibanzhu5.pro,连接失败
河图文化☯,www.htubook.com,成人小说文本,社区标记失效/正版出版/文本小说,9,未知,1,ZGQ-inc/source_repo,,https://www.htubook.com?lang=zh-Hans,连接失败
河图文化☯,www.htubook.com,成人小说文本,社区标记失效/正版出版/文本小说,9,未知,2,ZGQ-inc/source_repo,,https://www.htubook.com/,连接失败
六情小说🔞~sixqing.com,sixqing.com,成人小说文本,社区标记失效/文本小说,9,未知,1,ZGQ-inc/source_repo,,http://sixqing.com,异常状态
🔞 第一版主,www.diyibanzhu4.pro,成人小说文本,文本小说,9,未知,2,ZGQ-inc/source_repo|oli-fa/YueDuBackup/master,,https://www.diyibanzhu4.pro,连接失败
东方小说网,www.dfyuedu.org,成人小说文本,站群模板/文本小说,9,未知,2,ZGQ-inc/source_repo|oli-fa/YueDuBackup/master,,http://www.dfyuedu.org,异常状态
第一版主🔞~diyibanzhu4.xyz,diyibanzhu4.xyz,成人小说文本,社区标记失效/文本小说,9,未知,1,ZGQ-inc/source_repo,,http://diyibanzhu4.xyz,异常状态
翠微居②™🔞,www.cuiweijuk.com,成人小说文本,文本小说,9,未知,1,ZGQ-inc/source_repo,,http://www.cuiweijuk.com,异常状态
河图小说,www.hetu3.com,成人小说文本,文本小说,9,未知,3,ZGQ-inc/source_repo|oli-fa/YueDuBackup/master,,http://www.hetu3.com,异常状态
大漠阁,www.damoge.cc,成人小说文本,文本小说,9,未知,6,ZGQ-inc/source_repo|fmpfmp/YueDuBackup|oli-fa/YueDuBackup/master,,http://www.damoge.cc,异常状态
第一版主⑤,www.diyibanzhu7.net,成人小说文本,文本小说,9,未知,6,ZGQ-inc/source_repo|fmpfmp/YueDuBackup|oli-fa/YueDuBackup/master,,https://www.diyibanzhu7.net,可达
飞言情,m.fyq18.com,成人小说文本,女频言情/文本小说,9,未知,4,ZGQ-inc/source_repo|fmpfmp/YueDuBackup|oli-fa/YueDuBackup/master,,https://m.fyq18.com,连接失败
华文在线,wap.chinesezj.net,成人小说文本,文本小说,9,未知,1,ZGQ-inc/source_repo,,https://wap.chinesezj.net,连接失败
禁忌书屋,www.42wg.com,成人小说文本,站群模板/文本小说,9,未知,1,ZGQ-inc/source_repo,,https://www.42wg.com,连接失败
躺着看②,tangzhekan.cc,成人小说文本,文本小说,9,未知,4,ZGQ-inc/source_repo|fmpfmp/YueDuBackup|oli-fa/YueDuBackup/master,,http://tangzhekan.cc,可达
一曲书斋,www.yiqushu.com,成人小说文本,文本小说,9,未知,6,ZGQ-inc/source_repo|fmpfmp/YueDuBackup|oli-fa/YueDuBackup/master,,http://www.yiqushu.com,可达
一世书城,m.114txt.cc,成人小说文本,文本小说,9,未知,4,ZGQ-inc/source_repo|fmpfmp/YueDuBackup|oli-fa/YueDuBackup/master,,https://m.114txt.cc,连接失败
ACOME,www.b1txt.net,成人小说文本,文本小说,9,未知,4,ZGQ-inc/source_repo|fmpfmp/YueDuBackup|oli-fa/YueDuBackup/master,,http://www.b1txt.net,异常状态
韩漫家,www.xiximh.com,成人小说文本,社区标记失效/文本小说,9,未知,1,ZGQ-inc/source_repo,,https://www.xiximh.com,页面不存在
书包族🔞~m.shubaozu.com,www.shubaozu.com,成人小说文本,社区标记失效/文本小说,9,未知,1,ZGQ-inc/source_repo,,http://www.shubaozu.com,有响应(拦截)
荷包网🔞~hebaoz.com,www.hebaoz.com,成人小说文本,社区标记失效/文本小说,9,未知,1,ZGQ-inc/source_repo,,https://www.hebaoz.com,可达
🔞 第一版主,diyibanzhu9.net,成人小说文本,文本小说,9,未知,8,ZGQ-inc/source_repo|fmpfmp/YueDuBackup|oli-fa/YueDuBackup/master,,http://diyibanzhu9.net,可达
🔞 第一版主③,www.diyibanzhu9.net,成人小说文本,文本小说,9,未知,4,ZGQ-inc/source_repo|fmpfmp/YueDuBackup|oli-fa/YueDuBackup/master,,http://www.diyibanzhu9.net,可达
啃星书库,www.kenxings.com,成人小说文本,文本小说,9,未知,4,ZGQ-inc/source_repo|fmpfmp/YueDuBackup|oli-fa/YueDuBackup/master,,https://www.kenxings.com,连接失败
傅书网,www.fushu66.com,成人小说文本,站群模板/文本小说,9,未知,1,ZGQ-inc/source_repo,,https://www.fushu66.com,连接失败
📚御宅屋,novel-bl.me,成人小说文本,社区标记失效/文本小说,9,未知,1,ZGQ-inc/source_repo,,https://novel-bl.me,连接失败
灰太狼小说,www.niushas.com,成人小说文本,文本小说,9,未知,1,ZGQ-inc/source_repo,,http://www.niushas.com,异常状态
河图小说,www.hetu4.com,成人小说文本,文本小说,9,未知,1,ZGQ-inc/source_repo,,http://www.hetu4.com,异常状态
最新小说网,m.5pxs.com,成人小说文本,站群模板/文本小说,9,未知,1,ZGQ-inc/source_repo,,https://m.5pxs.com,超时
4020电子书①,m.wurexs.com,成人小说文本,文本小说,9,未知,2,ZGQ-inc/source_repo|oli-fa/YueDuBackup/master,,http://m.wurexs.com,超时
棉花糖小说③,www.jiujiushuwang.com,成人小说文本,文本小说,9,未知,1,ZGQ-inc/source_repo,,http://www.jiujiushuwang.com,异常状态
UC中文网,m.47uc.com,成人小说文本,文本小说,9,未知,1,ZGQ-inc/source_repo,,http://m.47uc.com,异常状态
爱读小说网,www.52dus.org,成人小说文本,站群模板/文本小说,9,未知,1,ZGQ-inc/source_repo,,https://www.52dus.org,连接失败
豪横文学,m.haohengwx.ne,成人小说文本,文本小说,9,未知,1,ZGQ-inc/source_repo,,http://m.haohengwx.ne,异常状态
五二小说网,www.22222xs.net,成人小说文本,站群模板/文本小说,9,未知,1,ZGQ-inc/source_repo,,https://www.22222xs.net,可达
小强小说网②,www.xiaoqiangshuku.com,成人小说文本,站群模板/文本小说,9,未知,1,ZGQ-inc/source_repo,,http://www.xiaoqiangshuku.com,可达
第六书包,m.e7006.net,成人小说文本,文本小说,9,未知,1,ZGQ-inc/source_repo,,http://m.e7006.net,异常状态
🎃PO18文学🎃#18,wap.po18.work,成人小说文本,文本小说,9,未知,1,aoaostar/legado,,https://wap.po18.work#🎃,可达
废文网,sosad.fun,成人小说文本,社区标记失效/文本小说,9,未知,2,oli-fa/YueDuBackup/master,,https://sosad.fun,可达
玄幻阁小说网[NSFW],www.xuanhuange.info,成人小说文本,站群模板/男频网文/文本小说,9,未知,2,speauty/legado.sources,是,http://www.xuanhuange.info/,超时
废文网,www.sosadfun.org,成人小说文本,文本小说,8,2221-12-31,14,ZGQ-inc/source_repo|aoaostar/legado|daiaji/LegadoSource|oli-fa/YueDuBackup/master|xdd666t/MyData,,https://www.sosadfun.org,超时
肉文小说,www.xn--7dv141d.com,成人小说文本,文本小说,8,2026-03-01,1,aoaostar/legado,,https://www.xn--7dv141d.com/,有响应(拦截)
🚭 相思阁,www.xsbook.top,成人小说文本,正版出版/文本小说,8,2025-08-21,3,ZGQ-inc/source_repo,,https://www.xsbook.top,可达
🔞 第一版主网 diyibanzhu.online,www.diyibanzhu.online,成人小说文本,文本小说,8,2025-08-15,6,LM-Firefly/booksource|ZGQ-inc/source_repo,,http://www.diyibanzhu.online,有响应(拦截)
优质粉嫩鲍,czy.yzfnb6.help,成人小说文本,社区推荐/文本小说,8,2025-08-08,2,ZGQ-inc/source_repo,,https://czy.yzfnb6.help/cn/home/web/,可达
🍑若晨文学🍑,www.ruochenwenxue.com,成人小说文本,文本小说,8,2025-08-07,2,ZGQ-inc/source_repo,,https://www.ruochenwenxue.com,可达
🍑十八书屋,www.shibashuwu.net,成人小说文本,站群模板/文本小说,8,2025-08-07,9,ZGQ-inc/source_repo|aoaostar/legado|daiaji/LegadoSource,,https://www.shibashuwu.net/,可达
中文成人文学,xbookcn.org,成人小说文本,正版出版/文本小说,8,2025-07-29,2,ZGQ-inc/source_repo,,https://xbookcn.org,可达
xo福利🈲🈲🔍,op-lake-rope.xoxiaoshuo-102.com,成人小说文本,文本小说,8,2025-07-14,1,ZGQ-inc/source_repo,,https://op-lake-rope.xoxiaoshuo-102.com,可达
风月文🈲,m.drshunse.cfd,成人小说文本,文本小说,8,2025-07-13,1,ZGQ-inc/source_repo,,https://m.drshunse.cfd/,连接失败
海棠书屋,234.234516.xyz,成人小说文本,站群模板/文本小说,8,2025-07-13,1,ZGQ-inc/source_repo,,https://234.234516.xyz,可达
🌈海棠搜书/蓝海⊙明月⊙,www.haitangsoushu.com,成人小说文本,文本小说,8,2025-07-12,39,ZGQ-inc/source_repo|aoaostar/legado|daiaji/LegadoSource|kooofu/yueduyuan|oli-fa/YueDuBackup/master|xdd666t/MyData|zimkyes/legado_source|zmn001125/booksources,,https://www.haitangsoushu.com,可达
🎈po18分站,m.zjlskls.com,成人小说文本,文本小说,8,2025-07-05,4,ZGQ-inc/source_repo|zmn001125/booksources,,http://m.zjlskls.com/,其它错误
🎈海棠搜书「PO文」,🎈海棠搜书「po文」,成人小说文本,文本小说,8,2025-07-04,1,zmn001125/booksources,,🎈海棠搜书「PO文」,其它错误
欲书台,58rom.org,成人小说文本,文本小说,8,2025-07-04,3,ZGQ-inc/source_repo,,https://58rom.org/,超时
禁漫天堂,www.18mh.net,成人小说文本,文本小说,8,2025-06-24,1,ZGQ-inc/source_repo,,https://www.18mh.net##,可达
UAA·小说,www.uaa004.com,成人小说文本,文本小说,8,2025-06-24,4,ZGQ-inc/source_repo,,https://www.uaa004.com,有响应(拦截)
🔞八叉书库,www.8xbook.org,成人小说文本,正版出版/文本小说,8,2025-06-24,2,ZGQ-inc/source_repo,,https://www.8xbook.org,连接失败
🧚‍♀️p18free自制😜,wap.po18free.com,成人小说文本,文本小说,8,2025-06-24,4,ZGQ-inc/source_repo,,https://wap.po18free.com,可达
要撸小说🎃代理,yaoluxs.com,成人小说文本,文本小说,8,2025-06-24,1,ZGQ-inc/source_repo,,https://yaoluxs.com#🎃,超时
肉文ＮP,www.powenxue3.com,成人小说文本,文本小说,8,2025-06-24,7,ZGQ-inc/source_repo|aoaostar/legado,,https://www.powenxue3.com,超时
PO18site,www.po18site.com,成人小说文本,文本小说,8,2025-06-24,4,ZGQ-inc/source_repo|aoaostar/legado,,https://www.po18site.com,可达
🚬新御宅屋,mm.xyuzhaiwu.xyz,成人小说文本,文本小说,8,2025-06-24,11,ZGQ-inc/source_repo|aoaostar/legado|oli-fa/YueDuBackup/master|xdd666t/MyData,,https://mm.xyuzhaiwu.xyz,可达
笔趣阁🎃88,m.xyuzhaiwu3.com,成人小说文本,站群模板/文本小说,8,2025-06-24,8,ZGQ-inc/source_repo|aoaostar/legado|daiaji/LegadoSource,,https://m.xyuzhaiwu3.com#🎃,可达
PO18完本🎃,www.popo.city,成人小说文本,文本小说,8,2025-06-24,6,ZGQ-inc/source_repo|daiaji/LegadoSource,,https://www.popo.city#🎃,可达
🚬肉文屋,www.po18e.vip,成人小说文本,文本小说,8,2025-06-24,2,ZGQ-inc/source_repo,,https://www.po18e.vip,可达
📖废文网,xn--pxtr7m.com,成人小说文本,文本小说,8,2025-06-24,9,ZGQ-inc/source_repo|aoaostar/legado|xdd666t/MyData|zmn001125/booksources,,https://xn--pxtr7m.com,可达
书耽中文,m.shubl.com,成人小说文本,文本小说,8,2025-06-24,23,ZGQ-inc/source_repo|aoaostar/legado|daiaji/LegadoSource|fmpfmp/YueDuBackup|oli-fa/YueDuBackup/master|someok/booksources|xdd666t/MyData|zimkyes/legado_source,,http://m.shubl.com#,可达
十八言情,www.po18yq.com,成人小说文本,女频言情/文本小说,8,2025-06-24,17,ZGQ-inc/source_repo|aoaostar/legado|daiaji/LegadoSource|oli-fa/YueDuBackup/master|xdd666t/MyData,,https://www.po18yq.com#🎃,可达
po18文学,wap.po18.work,成人小说文本,文本小说,8,2025-06-24,5,ZGQ-inc/source_repo|aoaostar/legado,,https://wap.po18.work/##彩虹,可达
S文网(18+),www.sw1100.top,成人小说文本,文本小说,8,2025-06-24,3,ZGQ-inc/source_repo,,https://www.sw1100.top,可达
📖新御宅屋,m.yuzhaiwuvip.com,成人小说文本,文本小说,8,2025-06-24,5,ZGQ-inc/source_repo,,https://m.yuzhaiwuvip.com/#,可达
📖御宅屋⑤,blnovelhub.com,成人小说文本,文本小说,8,2025-06-24,1,ZGQ-inc/source_repo,,https://blnovelhub.com/💝,可达
💝桃色小说[修复],www.taosexs.com,成人小说文本,文本小说,8,2025-06-24,4,ZGQ-inc/source_repo,,https://www.taosexs.com,可达
PO18文学🎃5,www.po18gv.vip,成人小说文本,文本小说,8,2025-06-24,2,ZGQ-inc/source_repo,,https://www.po18gv.vip#🎃,可达
PO18文学🎃,www.po18w.vip,成人小说文本,文本小说,8,2025-06-24,4,ZGQ-inc/source_repo,,https://www.po18w.vip#🎃,可达
🏡新御宅,m.xyuzhaiwu10.com,成人小说文本,文本小说,8,2025-06-24,4,ZGQ-inc/source_repo,,https://m.xyuzhaiwu10.com,可达
PO脸红❤️,m.po18bb.com,成人小说文本,文本小说,8,2025-06-24,5,LM-Firefly/booksource|ZGQ-inc/source_repo,,https://m.po18bb.com,可达
PO18文学🎃8,m.po18vip.xyz,成人小说文本,文本小说,8,2025-06-24,4,ZGQ-inc/source_repo,,https://m.po18vip.xyz#🎃,可达
御宅屋🎃4,m.xyuzhaiwu5.com,成人小说文本,文本小说,8,2025-06-24,7,ZGQ-inc/source_repo|aoaostar/legado|daiaji/LegadoSource,,https://m.xyuzhaiwu5.com#🎃,可达
海棠书房🎃,www.haitangshufang.com,成人小说文本,文本小说,8,2025-06-24,3,ZGQ-inc/source_repo|aoaostar/legado,,https://www.haitangshufang.com#🎃,可达
新欲望社🎃,m.yuwangshe.net,成人小说文本,文本小说,8,2025-06-24,2,ZGQ-inc/source_repo|aoaostar/legado,,https://m.yuwangshe.net#🎃,可达
海棠小说🎃,m.haitangxiaoshuo.com,成人小说文本,社区推荐/文本小说,8,2025-06-24,3,ZGQ-inc/source_repo,,https://m.haitangxiaoshuo.com#🎃,连接失败
PO18文学🎃21,m.po18wx.com,成人小说文本,文本小说,8,2025-06-24,20,ZGQ-inc/source_repo|aoaostar/legado|daiaji/LegadoSource|oli-fa/YueDuBackup/master|pindaCrazy/BookSourceForReader3.0|xdd666t/MyData|zimkyes/legado_source,,https://m.po18wx.com#🎃,可达
海棠书屋🎃2,www.haitang123.com,成人小说文本,站群模板/文本小说,8,2025-06-24,10,ZGQ-inc/source_repo|aoaostar/legado|daiaji/LegadoSource|oli-fa/YueDuBackup/master|xdd666t/MyData,,https://www.haitang123.com#🎃,可达
欲望社,www.yuwangshe.net,成人小说文本,文本小说,8,2025-06-24,36,ZGQ-inc/source_repo|aoaostar/legado|daiaji/LegadoSource|fmpfmp/YueDuBackup|oevery/Source/master|oli-fa/YueDuBackup/master|pindaCrazy/BookSourceForReader3.0|xdd666t/MyData,,http://www.yuwangshe.net,可达
🚬海棠书屋,haitang123.net,成人小说文本,站群模板/文本小说,8,2025-06-24,16,ZGQ-inc/source_repo|aoaostar/legado|daiaji/LegadoSource|fmpfmp/YueDuBackup|oli-fa/YueDuBackup/master|xdd666t/MyData,,https://haitang123.net,可达
八叉书库🔞,833330.xyz,成人小说文本,文本小说,8,2025-06-24,2,ZGQ-inc/source_repo,,https://833330.xyz,连接失败
🔞御宅文,www.yuzhaiwen.com,成人小说文本,文本小说,8,2025-06-24,10,ZGQ-inc/source_repo|fmpfmp/YueDuBackup|oli-fa/YueDuBackup/master,,https://www.yuzhaiwen.com,可达
海棠小说网,www.7shuwu.org,成人小说文本,站群模板/女频言情/文本小说,8,2025-05-28,3,ZGQ-inc/source_repo|aoaostar/legado,,https://www.7shuwu.org,可达
月亮小说，字体解密〖𝕄𝕦〗#书源.com,ylxs.de,成人小说文本,文本小说,8,2025-05-04,1,aoaostar/legado,,https://ylxs.de,可达
🔞 第二书包网,www.shubaoju.cc,成人小说文本,文本小说,8,2025-05-02,9,LM-Firefly/booksource|ZGQ-inc/source_repo|daiaji/LegadoSource|oli-fa/YueDuBackup/master|xdd666t/MyData,,https://www.shubaoju.cc,可达
🔰 总裁,mobile.zongcai666.com,成人小说文本,文本小说,8,2025-04-28,5,ZGQ-inc/source_repo|aoaostar/legado,,https://mobile.zongcai666.com,可达
欲望社,www.win10city.com,成人小说文本,文本小说,8,2025-04-28,14,LM-Firefly/booksource|ZGQ-inc/source_repo|oli-fa/YueDuBackup/master|pindaCrazy/BookSourceForReader3.0|someok/booksources|xdd666t/MyData|zimkyes/legado_source,,https://www.win10city.com,可达
欲望社🎃#2,www.win10city.com,成人小说文本,女频言情/文本小说,8,2025-04-28,21,LM-Firefly/booksource|ZGQ-inc/source_repo|oli-fa/YueDuBackup/master|pindaCrazy/BookSourceForReader3.0|someok/booksources|xdd666t/MyData|zimkyes/legado_source,,https://www.win10city.com#🎃,可达
po18文学壬二酸,m.po18co.com,成人小说文本,女频言情/文本小说,8,2025-04-28,5,ZGQ-inc/source_repo,,https://m.po18co.com/,可达
读读看m[自写],m.duduaa.com,成人小说文本,文本小说,8,2025-04-11,2,ZGQ-inc/source_repo,,https://m.duduaa.com/,可达
福利小说,crabs-hide-shell.xoxiaoshuo5nnn555.xyz,成人小说文本,文本小说,8,2025-04-03,3,ZGQ-inc/source_repo,,https://crabs-hide-shell.xoxiaoshuo5nnn555.xyz,可达
笔趣阁(pck.tvguaa.com),m.honeyhoneywedding.com,成人小说文本,站群模板/文本小说,8,2025-02-19,2,ZGQ-inc/source_repo,,https://m.honeyhoneywedding.com,可达
笔趣阁09,www.bq09.cc,成人小说文本,站群模板/文本小说,8,2025-02-08,3,ZGQ-inc/source_repo,,https://www.bq09.cc/,有响应(拦截)
笔趣阁bqgga,www.bqgga.com,成人小说文本,站群模板/文本小说,8,2025-02-06,3,ZGQ-inc/source_repo,,https://www.bqgga.com/,可达
色情小说〖𝕄𝕦〗,www.seqingxiaoshuo.net,成人小说文本,文本小说,8,2025-02-02,1,ZGQ-inc/source_repo,,https://www.seqingxiaoshuo.net/,可达
PO文屋,wap.po18free.com,成人小说文本,文本小说,8,2025-01-31,1,ZGQ-inc/source_repo,,https://wap.po18free.com/s.php,连接失败
kadokado 角角者🎃,www.kadokado.com.tw,成人小说文本,文本小说,8,2025-01-16,3,ZGQ-inc/source_repo,,https://www.kadokado.com.tw#🎃,可达
🔰 新雨王社,www.yuwangshe.in,成人小说文本,文本小说,8,2024-12-31,18,ZGQ-inc/source_repo|aoaostar/legado|daiaji/LegadoSource|oli-fa/YueDuBackup/master|xdd666t/MyData|zimkyes/legado_source,,https://www.yuwangshe.in,可达
📖 肉文屋<十九>,www.rouwenwu19.com,成人小说文本,文本小说,8,2024-12-15,2,ZGQ-inc/source_repo,,https://www.rouwenwu19.com,可达
悸花阅读,api.lestory.cn关耳edit,成人小说文本,女频言情/文本小说,8,2024-11-26,1,ZGQ-inc/source_repo,是,http://api.lestory.cn关耳edit,其它错误
悸花阅读,api.lestory.cn,成人小说文本,女频言情/文本小说,8,2024-11-26,1,ZGQ-inc/source_repo,是,http://api.lestory.cn#关耳edit,异常状态
TXTxi成人小说,www.txtxi.com,成人小说文本,站群模板/文本小说,8,2024-11-19,1,ZGQ-inc/source_repo,,https://www.txtxi.com,可达
第一版主18,www.111bz.cc,成人小说文本,文本小说,8,2024-10-28,18,ZGQ-inc/source_repo|aoaostar/legado|daiaji/LegadoSource|oli-fa/YueDuBackup/master|pindaCrazy/BookSourceForReader3.0|xdd666t/MyData,,https://www.111bz.cc/,可达
第一版主🎃#2,www.111bz.cc,成人小说文本,文本小说,8,2024-10-28,1,ZGQ-inc/source_repo,,https://www.111bz.cc#🎃,可达
笔趣阁,wapk.tvguaa.com,成人小说文本,站群模板/文本小说,8,2024-10-07,5,ZGQ-inc/source_repo,,https://wapk.tvguaa.com/##自制,可达
👔 狂人小说,m.kr365.org,成人小说文本,文本小说,8,2024-10-03,5,ZGQ-inc/source_repo|daiaji/LegadoSource,是,https://m.kr365.org/,超时
🔞 kadokado 角角者,www.kadokado.com.tw,成人小说文本,文本小说,8,2024-08-22,2,ZGQ-inc/source_repo,,https://www.kadokado.com.tw/,可达
海棠搜书🎃#2,www.gohaitang.icu,成人小说文本,文本小说,8,2024-08-19,6,ZGQ-inc/source_repo|daiaji/LegadoSource,,https://www.gohaitang.icu,可达
㊕ 欲望社 #一程1101,www.win10city.com,成人小说文本,文本小说,8,2024-08-02,2,ZGQ-inc/source_repo|oli-fa/YueDuBackup/master,,https://www.win10city.com#yc1101,可达
popo原创,blpopo.vip,成人小说文本,文本小说,8,2024-08-02,1,ZGQ-inc/source_repo,,https://blpopo.vip,超时
就爱POPO①,m.92popo.cc,成人小说文本,文本小说,8,2024-07-21,1,ZGQ-inc/source_repo,,http://m.92popo.cc#🎃,可达
色情小说,yazhouseba.co,成人小说文本,文本小说,8,2024-07-21,5,ZGQ-inc/source_repo|daiaji/LegadoSource,,https://yazhouseba.co/,超时
学渣接口,www.uaa.com,成人小说文本,文本小说,8,2024-07-20,1,ZGQ-inc/source_repo,,https://www.uaa.com##源仓库,有响应(拦截)
肉文阁①,www.rouwenwu19.com,成人小说文本,文本小说,8,2024-07-18,1,ZGQ-inc/source_repo,,https://www.rouwenwu19.com/#🚀,可达
废文网吧,www.nosadnofun.com,成人小说文本,文本小说,8,2024-07-17,4,ZGQ-inc/source_repo,,https://www.nosadnofun.com#修复,可达
海棠看书,www.bookhaitang.com,成人小说文本,正版出版/文本小说,8,2024-05-27,3,ZGQ-inc/source_repo,,https://www.bookhaitang.com/,有响应(拦截)
读书族小说（修复搜索）,wapk.tvguaa.com,成人小说文本,文本小说,8,2024-05-24,3,ZGQ-inc/source_repo,,https://wapk.tvguaa.com,可达
废文网,www.mysadfun.com,成人小说文本,文本小说,8,2024-05-20,3,ZGQ-inc/source_repo,,https://www.mysadfun.com#,可达
废文网站,www.nosadnofun.com,成人小说文本,文本小说,8,2024-05-20,2,ZGQ-inc/source_repo,,https://www.nosadnofun.com#,可达
🎉御宅屋小说,www.9173wg.com,成人小说文本,文本小说,8,2024-05-06,1,ZGQ-inc/source_repo,,http://www.9173wg.com/,连接失败
🎉落花小说①,www.luohuaa.com,成人小说文本,文本小说,8,2024-05-06,8,ZGQ-inc/source_repo|oli-fa/YueDuBackup/master,,http://www.luohuaa.com/,异常状态
UAA有爱爱🎃,www.uaa.com,成人小说文本,文本小说,8,2024-05-02,1,ZGQ-inc/source_repo,,https://www.uaa.com#🎃,有响应(拦截)
有爱爱小说,m.uaa.com,成人小说文本,文本小说,8,2024-05-02,1,ZGQ-inc/source_repo,,https://m.uaa.com/novel,有响应(拦截)
🔞肉色屋,m.62ru.com,成人小说文本,文本小说,8,2024-05-02,27,ZGQ-inc/source_repo|fmpfmp/YueDuBackup|oevery/Source/master|oli-fa/YueDuBackup/master|xdd666t/MyData,,https://m.62ru.com,连接失败
4UAA,会员上传4,成人小说文本,文本小说,8,2024-05-02,1,ZGQ-inc/source_repo,,会员上传4,其它错误
3UAA,会员上传3,成人小说文本,文本小说,8,2024-05-02,1,ZGQ-inc/source_repo,,会员上传3,其它错误
2UAA,会员上传2,成人小说文本,文本小说,8,2024-05-02,1,ZGQ-inc/source_repo,,会员上传2,其它错误
1UAA,会员上传1,成人小说文本,文本小说,8,2024-05-02,1,ZGQ-inc/source_repo,,会员上传1,其它错误
AO3-3,archiveofourown.org,成人小说文本,文本小说,8,2024-04-23,11,ZGQ-inc/source_repo|e101406/booksources/master|oli-fa/YueDuBackup/master|pindaCrazy/BookSourceForReader3.0|xdd666t/MyData|zmn001125/booksources,是,https://archiveofourown.org,可达
书书读,www.shushudu.com,成人小说文本,文本小说,8,2024-03-20,1,ZGQ-inc/source_repo,,https://www.shushudu.com/,可达
废文网SosadFun,www.feiwen123.com,成人小说文本,文本小说,8,2024-01-26,14,ZGQ-inc/source_repo|aoaostar/legado|daiaji/LegadoSource|oli-fa/YueDuBackup/master|xdd666t/MyData,,https://www.feiwen123.com#修复,超时
废文网,www.feiwen123.com,成人小说文本,文本小说,8,2024-01-26,11,ZGQ-inc/source_repo|aoaostar/legado|daiaji/LegadoSource|oli-fa/YueDuBackup/master|xdd666t/MyData,,https://www.feiwen123.com,超时
废文网sadfunfun,www.sadfunfun.com,成人小说文本,文本小说,8,2023-12-17,1,pindaCrazy/BookSourceForReader3.0,,https://www.sadfunfun.com,可达
🚬 疯情书库,fqbook.cc,成人小说文本,正版出版/文本小说,8,2023-11-17,1,ZGQ-inc/source_repo,,https://fqbook.cc/m/index.php,可达
🔞 文心阁,wap.wenxinge.org,成人小说文本,社区标记失效/文本小说,8,2023-11-10,5,ZGQ-inc/source_repo|oli-fa/YueDuBackup/master|xdd666t/MyData,,https://wap.wenxinge.org,可达
海棠网Ⓙ,www.baikedu.com,成人小说文本,社区标记失效/文本小说,8,2023-11-10,1,ZGQ-inc/source_repo,,https://www.baikedu.com/,超时
新快眼小说①,www.hscwyy.com,成人小说文本,社区标记失效/正版出版/女频言情/文本小说,8,2023-11-09,8,ZGQ-inc/source_repo|oli-fa/YueDuBackup/master,,https://www.hscwyy.com/,连接失败
乐文,m.lewen12.com,成人小说文本,社区标记失效/正版出版/女频言情/文本小说,8,2023-11-09,2,ZGQ-inc/source_repo|oli-fa/YueDuBackup/master,,https://m.lewen12.com,连接失败
🍑笔趣阁,wap.bequgew.com,成人小说文本,站群模板/文本小说,8,2023-11-09,1,ZGQ-inc/source_repo,,https://wap.bequgew.com,超时
海棠搜书,www.haitangsoushu.com,成人小说文本,社区标记失效/文本小说,8,2023-11-09,4,ZGQ-inc/source_repo|aoaostar/legado|oli-fa/YueDuBackup/master,,https://www.haitangsoushu.com#未月十八改,可达
PO18脸红心跳①【分卷】 #未月十八1001,www.po18v.com,成人小说文本,文本小说,8,2023-11-09,2,ZGQ-inc/source_repo|oli-fa/YueDuBackup/master,,https://www.po18v.com#wy18-1001,超时
海棠书屋jmshuwu,m.jmshuwu.net,成人小说文本,站群模板/文本小说,8,2023-11-03,10,ZGQ-inc/source_repo|aoaostar/legado|daiaji/LegadoSource|oli-fa/YueDuBackup/master|pindaCrazy/BookSourceForReader3.0|xdd666t/MyData,,http://m.jmshuwu.net,可达
cwj,www.cwjjj.com,成人小说文本,社区标记失效/文本小说,8,2023-10-18,2,ZGQ-inc/source_repo,,https://www.cwjjj.com/,连接失败
🍉 玉彩网,m.yucaizw.com,成人小说文本,社区标记失效/男频网文/文本小说,8,2023-10-07,8,ZGQ-inc/source_repo|daiaji/LegadoSource|oli-fa/YueDuBackup/master|xdd666t/MyData,,https://m.yucaizw.com,连接失败
🎈1gtxt,www.haitangzhu.com,成人小说文本,社区标记失效/文本小说,8,2023-09-02,4,ZGQ-inc/source_repo|aoaostar/legado,,https://www.haitangzhu.com,超时
🚀色情小说-亚洲色吧,yazhouse8.com,成人小说文本,文本小说,8,2023-08-17,1,ZGQ-inc/source_repo,,https://yazhouse8.com/,超时
海棠书屋2,wap.haitangshuwu.vip,成人小说文本,站群模板/文本小说,8,2023-06-07,7,ZGQ-inc/source_repo|daiaji/LegadoSource|oli-fa/YueDuBackup/master|xdd666t/MyData,,https://wap.haitangshuwu.vip,连接失败
🚀🔞 三啪文学,3pxs.xyz,成人小说文本,文本小说,8,2023-05-27,7,ZGQ-inc/source_repo|oli-fa/YueDuBackup/master|xdd666t/MyData|zimkyes/legado_source,,https://3pxs.xyz/,超时
御宅屋①,www.yzwxs.org,成人小说文本,文本小说,8,2023-05-23,7,ZGQ-inc/source_repo|daiaji/LegadoSource|oli-fa/YueDuBackup/master|xdd666t/MyData,,http://www.yzwxs.org,可达
海棠书屋10,haitang123.tv,成人小说文本,站群模板/社区标记失效/文本小说,8,2023-05-23,24,ZGQ-inc/source_repo|daiaji/LegadoSource|oli-fa/YueDuBackup/master|xdd666t/MyData,,https://haitang123.tv#未月十八repair#wy18-1001,可达
海棠书屋15,haitang123.tv,成人小说文本,站群模板/社区标记失效/文本小说,8,2023-05-23,13,ZGQ-inc/source_repo|daiaji/LegadoSource|oli-fa/YueDuBackup/master|xdd666t/MyData,,https://haitang123.tv,可达
海棠书屋7,haitang123.tv,成人小说文本,站群模板/社区标记失效/文本小说,8,2023-05-23,3,ZGQ-inc/source_repo|oli-fa/YueDuBackup/master|xdd666t/MyData,,https://haitang123.tv#未月十八改,可达
海棠书屋1,haitang123.tv,成人小说文本,站群模板/社区标记失效/文本小说,8,2023-05-23,3,ZGQ-inc/source_repo|oli-fa/YueDuBackup/master|xdd666t/MyData,,https://haitang123.tv#未月十八repair,可达
🚬 污书屋(目录验证码),www.wanbenh.com,成人小说文本,站群模板/文本小说,8,2023-05-09,4,ZGQ-inc/source_repo|oli-fa/YueDuBackup/master|xdd666t/MyData,,http://www.wanbenh.com,可达
👔 御宅屋,www.yuzhaiwu.vip,成人小说文本,文本小说,8,2023-05-09,5,ZGQ-inc/source_repo|daiaji/LegadoSource,,https://www.yuzhaiwu.vip,有响应(拦截)
🔞思怡小说,m.siyixs.com,成人小说文本,社区标记失效/文本小说,8,2023-05-08,1,ZGQ-inc/source_repo,,https://m.siyixs.com##尐哖,有响应(拦截)
🔞 雨枫轩,www.rain8.com,成人小说文本,社区标记失效/文本小说,8,2023-05-07,7,ZGQ-inc/source_repo|aoaostar/legado|daiaji/LegadoSource,,https://www.rain8.com/,超时
👔 海棠书屋,www.haitangshuwu.in,成人小说文本,站群模板/文本小说,8,2023-05-07,4,ZGQ-inc/source_repo|daiaji/LegadoSource,,https://www.haitangshuwu.in/,可达
🍶 海棠网Ⓕ,www.biquge886.com,成人小说文本,社区标记失效/文本小说,8,2023-04-29,1,ZGQ-inc/source_repo,,https://www.biquge886.com/,异常状态
Ⓜ️幻想 (短篇),txt.hxtxt.top,成人小说文本,社区标记失效/文本小说,8,2023-04-24,1,ZGQ-inc/source_repo,,https://txt.hxtxt.top,连接失败
极酷（魔法源）,m.jku.cc,成人小说文本,文本小说,8,2023-04-13,2,ZGQ-inc/source_repo,,https://m.jku.cc,异常状态
🚬 小黄文,www.xhwxsw.com,成人小说文本,文本小说,8,2023-03-31,3,ZGQ-inc/source_repo|oli-fa/YueDuBackup/master|xdd666t/MyData,,https://www.xhwxsw.com,超时
TS人生,halfts.com,成人小说文本,文本小说,8,2023-03-21,2,ZGQ-inc/source_repo,,http://halfts.com,异常状态
🔖欲望书,www.yuwangshu.com,成人小说文本,文本小说,8,2023-03-13,5,ZGQ-inc/source_repo|oli-fa/YueDuBackup/master|xdd666t/MyData,,https://www.yuwangshu.com/,可达
🔞 E小说网,www.ecc6.com,成人小说文本,站群模板/社区标记失效/文本小说,8,2023-03-12,4,ZGQ-inc/source_repo|daiaji/LegadoSource,,https://www.ecc6.com/,连接失败
🔞 海阅小说③,www.haiyue8.com,成人小说文本,社区标记失效/文本小说,8,2023-03-05,2,ZGQ-inc/source_repo|oli-fa/YueDuBackup/master,,http://www.haiyue8.com#未月十八改,可达
UAA,www.uaa.com,成人小说文本,文本小说,8,2023-02-24,1,ZGQ-inc/source_repo,,https://www.uaa.com#Api接口,有响应(拦截)
🍑肉文屋3🍑,www.gb84.com已整理,成人小说文本,文本小说,8,2023-02-09,1,ZGQ-inc/source_repo,,https://www.gb84.com已整理,其它错误
海棠,www.haitang123.cyou,成人小说文本,社区推荐/文本小说,8,2022-11-23,1,ZGQ-inc/source_repo,,https://www.haitang123.cyou/,可达
🚬 SSR正妹,goodav17.com,成人小说文本,文本小说,8,2022-11-18,3,ZGQ-inc/source_repo|xdd666t/MyData,,http://goodav17.com,可达
🚬 羞涩小说,www.xiusexx.xyz,成人小说文本,文本小说,8,2022-11-18,16,ZGQ-inc/source_repo|oli-fa/YueDuBackup/master|someok/booksources|xdd666t/MyData|zimkyes/legado_source,,http://www.xiusexx.xyz,可达
🚬 蔡萝莉,3mtn6.xyz,成人小说文本,文本小说,8,2022-11-17,3,ZGQ-inc/source_repo|oli-fa/YueDuBackup/master|xdd666t/MyData,,https://3mtn6.xyz,可达
🚬 海岸线文学网,m.3twx.com,成人小说文本,站群模板/文本小说,8,2022-11-14,23,ZGQ-inc/source_repo|fmpfmp/YueDuBackup|oevery/Source/master|oli-fa/YueDuBackup/master|xdd666t/MyData,,http://m.3twx.com,有响应(拦截)
"韩漫。 
历飞雨大佬",tuwenhanman.com,成人小说文本,社区推荐/文本小说,8,2022-11-13,1,ZGQ-inc/source_repo,,https://tuwenhanman.com,有响应(拦截)
🚬 海棠小说网,m.7shuwu.cc,成人小说文本,站群模板/女频言情/文本小说,8,2022-11-12,6,ZGQ-inc/source_repo|oli-fa/YueDuBackup/master|xdd666t/MyData,,https://m.7shuwu.cc/hot/haitangxiaoshuowang,页面不存在
🚬 新八一中文网,www.81new.net,成人小说文本,文本小说,8,2022-11-12,10,ZGQ-inc/source_repo|oli-fa/YueDuBackup/master|xdd666t/MyData,,https://www.81new.net,可达
海棠搜书🎃,www.haitangsoushu.com,成人小说文本,文本小说,8,2022-11-12,1,ZGQ-inc/source_repo,,https://www.haitangsoushu.com#🎃,可达
🚬 御书屋,m.yushuwuu.com,成人小说文本,站群模板/文本小说,8,2022-11-11,3,ZGQ-inc/source_repo|oli-fa/YueDuBackup/master|xdd666t/MyData,,https://m.yushuwuu.com,超时
🚬 逆流小说网①,m.niliuxs.org,成人小说文本,站群模板/文本小说,8,2022-11-11,7,ZGQ-inc/source_repo|oli-fa/YueDuBackup/master|xdd666t/MyData,,http://m.niliuxs.org,异常状态
金黄色情,www.xpsale.net,成人小说文本,文本小说,8,2022-10-04,1,ZGQ-inc/source_repo,,https://www.xpsale.net,连接失败
海棠搜,www.shenyeso.com,成人小说文本,文本小说,8,2022-08-27,5,ZGQ-inc/source_repo|oli-fa/YueDuBackup/master|xdd666t/MyData,,https://www.shenyeso.com/,可达
海棠搜书（修复）,www.henhaoso.org,成人小说文本,文本小说,8,2022-08-14,1,xdd666t/MyData,,https://www.henhaoso.org/#修复,可达
🚬 ⑱ 海棠书屋,www.beiyongzhan.me,成人小说文本,站群模板/文本小说,8,2022-08-06,5,ZGQ-inc/source_repo|oli-fa/YueDuBackup/master|xdd666t/MyData|zmn001125/booksources,是,https://www.beiyongzhan.me,有响应(拦截)
🔞污书屋(目录验证码),www.waijiao.org,成人小说文本,站群模板/文本小说,8,2022-06-22,1,ZGQ-inc/source_repo,,http://www.waijiao.org/,可达
🚬 海棠书屋②,www.haitang123.biz,成人小说文本,站群模板/女频言情/文本小说,8,2022-06-11,3,ZGQ-inc/source_repo|oli-fa/YueDuBackup/master|xdd666t/MyData,,https://www.haitang123.biz,连接失败
☘️🔞海棠书屋🔞☘️,m.vipfun.cc,成人小说文本,站群模板/文本小说,8,2022-03-29,1,ZGQ-inc/source_repo,,http://m.vipfun.cc,异常状态
☘️🔞海棠书屋2🔞☘️,www.shugm.com,成人小说文本,站群模板/社区标记失效/文本小说,8,2022-02-25,1,ZGQ-inc/source_repo,,https://www.shugm.com,超时
☘️🔞海棠小说网2🔞☘️,m.htwxs.com,成人小说文本,站群模板/文本小说,8,2022-02-23,1,ZGQ-inc/source_repo,,https://m.htwxs.com,可达
🚬 肉肉阅读,xxread.club,成人小说文本,女频言情/文本小说,8,2022-01-27,3,ZGQ-inc/source_repo|oli-fa/YueDuBackup/master|xdd666t/MyData,,https://xxread.club,可达
🚬 御宅屋5tns.com,www.5tns.com,成人小说文本,文本小说,8,2022-01-27,8,ZGQ-inc/source_repo|fmpfmp/YueDuBackup|oli-fa/YueDuBackup/master,,https://www.5tns.com,连接失败
新御宅屋🎃,mm.xyuzhaiwu.xyz,成人小说文本,文本小说,8,2022-01-25,2,ZGQ-inc/source_repo|aoaostar/legado,,https://mm.xyuzhaiwu.xyz#🎃,可达
读零零,www.du00.com,成人小说文本,文本小说,8,2022-01-22,31,ZGQ-inc/source_repo|fmpfmp/YueDuBackup|oevery/Source/master|oli-fa/YueDuBackup/master|xdd666t/MyData,,https://www.du00.com,可达
鹧鸪哨,www.zhegushao.com,成人小说文本,文本小说,8,2022-01-18,1,ZGQ-inc/source_repo,,www.zhegushao.com,超时
鹧鸪哨,www.zhegushao.com,成人小说文本,文本小说,8,2022-01-18,2,ZGQ-inc/source_repo,,https://www.zhegushao.com/,超时
㊕风月文学 #一程▼需挂梯,www.h528.com,成人小说文本,文本小说,8,2022-01-02,1,ZGQ-inc/source_repo,,http://www.h528.com#yc1101,可达
新18小说,www.0335jjlm.com,成人小说文本,社区标记失效/文本小说,8,2021-12-24,4,ZGQ-inc/source_repo|oli-fa/YueDuBackup/master,,https://www.0335jjlm.com/,可达
🔞百草小说📖,www.bcsy1.com,成人小说文本,文本小说,8,2021-12-12,1,ZGQ-inc/source_repo,,https://www.bcsy1.com,连接失败
🔞高肉H小说网📖,www.grxyz.xyz,成人小说文本,站群模板/文本小说,8,2021-12-11,4,ZGQ-inc/source_repo|oli-fa/YueDuBackup/master,,https://www.grxyz.xyz/,可达
18av小说网,maa1807.com,成人小说文本,站群模板/文本小说,8,2021-11-28,4,ZGQ-inc/source_repo,,https://maa1807.com/##小说by_夏尔,连接失败
18av小说网,maa1807.com,成人小说文本,站群模板/文本小说,8,2021-11-28,1,ZGQ-inc/source_repo,,https://maa1807.com/,连接失败
🔞 情色小说,www.m7s6.com,成人小说文本,文本小说,8,2021-11-21,2,ZGQ-inc/source_repo|oli-fa/YueDuBackup/master,,https://www.m7s6.com,可达
🔞 91落寞,91ccc91.com,成人小说文本,文本小说,8,2021-11-21,1,ZGQ-inc/source_repo,,http://91ccc91.com,可达
㊕三啪文学 #一程,3pxs.xyz,成人小说文本,文本小说,8,2021-11-16,1,ZGQ-inc/source_repo,,https://3pxs.xyz#yc1101,超时
综合文学,www.23uup.com,成人小说文本,文本小说,8,2021-11-07,1,ZGQ-inc/source_repo,,https://www.23uup.com/,有响应(拦截)
肉肉屋,www.rourouwu.com,成人小说文本,文本小说,8,2021-11-05,13,ZGQ-inc/source_repo|fmpfmp/YueDuBackup|oli-fa/YueDuBackup/master,,https://www.rourouwu.com,可达
海棠线上,www.c9txt.com,成人小说文本,社区标记失效/文本小说,8,2021-10-23,2,ZGQ-inc/source_repo|oli-fa/YueDuBackup/master,,http://www.c9txt.com,可达
高辣肉文小说,www.thegadgent.com,成人小说文本,文本小说,8,2021-10-13,2,ZGQ-inc/source_repo|oli-fa/YueDuBackup/master,,https://www.thegadgent.com,可达
㊕ 羞涩小说 #一程1101,www.xiusexx.xyz,成人小说文本,文本小说,8,2021-10-11,2,ZGQ-inc/source_repo|oli-fa/YueDuBackup/master,,http://www.xiusexx.xyz#yc1101,可达
搜书网,www.soshuw.com,成人小说文本,站群模板/文本小说,8,2021-10-08,1,ZGQ-inc/source_repo,,https://www.soshuw.com,超时
🚬 龙腾小说,www.6qwx.com,成人小说文本,文本小说,8,2021-10-05,12,ZGQ-inc/source_repo|fmpfmp/YueDuBackup|oli-fa/YueDuBackup/master|xdd666t/MyData,,http://www.6qwx.com,有响应(拦截)
卡诺提,www.popoxs.com,成人小说文本,文本小说,8,2021-10-01,10,ZGQ-inc/source_repo|fmpfmp/YueDuBackup|oli-fa/YueDuBackup/master,,https://www.popoxs.com,可达
🔞 爱尚文学网,www.958250.com已校验,成人小说文本,站群模板/社区标记失效/文本小说,8,2021-09-29,1,ZGQ-inc/source_repo,,http://www.958250.com已校验,其它错误
🔞 97阅读②,www.bokcms.com已整理,成人小说文本,社区标记失效/文本小说,8,2021-09-29,1,ZGQ-inc/source_repo,,http://www.bokcms.com已整理,其它错误
🍺 零二书屋,www.02shu.cc,成人小说文本,站群模板/文本小说,8,2021-09-29,5,ZGQ-inc/source_repo|oli-fa/YueDuBackup/master,,http://www.02shu.cc,有响应(拦截)
🚬 静苪小说,m.jruqcg.com,成人小说文本,文本小说,8,2021-09-27,7,ZGQ-inc/source_repo|oli-fa/YueDuBackup/master,,http://m.jruqcg.com,有响应(拦截)
🚬 八叉小说[仅发现],8x1928x.com,成人小说文本,文本小说,8,2021-09-27,5,ZGQ-inc/source_repo|oli-fa/YueDuBackup/master,,https://8x1928x.com,连接失败
🚬 平板电子书,www.pbtxt.info,成人小说文本,文本小说,8,2021-09-27,3,ZGQ-inc/source_repo|oli-fa/YueDuBackup/master|xdd666t/MyData,,http://www.pbtxt.info,可达
🚬 久久文学,www.99wenku.org,成人小说文本,文本小说,8,2021-09-27,7,ZGQ-inc/source_repo|oli-fa/YueDuBackup/master|xdd666t/MyData,,https://www.99wenku.org,超时
🍑 海棠书屋,haitang123.tv已整理,成人小说文本,站群模板/社区标记失效/文本小说,8,2021-09-26,1,ZGQ-inc/source_repo,,https://haitang123.tv已整理,其它错误
🚬 乐文小说⑯,m.11lewen.com,成人小说文本,文本小说,8,2021-09-24,1,ZGQ-inc/source_repo,,http://m.11lewen.com,超时
🍑 御宅屋co,m.yuzhaiwu.co,成人小说文本,文本小说,8,2021-09-24,1,ZGQ-inc/source_repo,,http://m.yuzhaiwu.co,有响应(拦截)
🚬 花书包小说网,www.huashubao.org,成人小说文本,站群模板/社区标记失效/文本小说,8,2021-09-23,6,ZGQ-inc/source_repo|oli-fa/YueDuBackup/master,,http://www.huashubao.org,可达
✾.Ⓒ 飞言情【分卷】 #未月十八1001,www.fyq99.net,成人小说文本,女频言情/文本小说,8,2021-09-20,1,ZGQ-inc/source_repo,,https://www.fyq99.net#wy18-1001,连接失败
Ⓒ 新御宅屋,www.hdt99.net,成人小说文本,文本小说,8,2021-09-20,9,ZGQ-inc/source_repo|e101406/booksources/master|oli-fa/YueDuBackup/master|someok/booksources,,https://www.hdt99.net,连接失败
🚬 龙腾小说网⑤,wap.longtengxs.org,成人小说文本,站群模板/文本小说,8,2021-09-18,8,ZGQ-inc/source_repo|fmpfmp/YueDuBackup|oli-fa/YueDuBackup/master,,https://wap.longtengxs.org,超时
🚬 海棠书屋,www.haitangshuwu.vip,成人小说文本,站群模板/文本小说,8,2021-09-18,7,ZGQ-inc/source_repo|fmpfmp/YueDuBackup|oli-fa/YueDuBackup/master,,https://www.haitangshuwu.vip,可达
♜落花小说 #破冰1101,www.luohuaa.com,成人小说文本,社区标记失效/文本小说,8,2021-09-16,1,ZGQ-inc/source_repo,,http://www.luohuaa.com/#pb1101,异常状态
艾利浩斯学院 图书馆,alhs.fun,成人小说文本,文本小说,8,2021-09-11,1,ZGQ-inc/source_repo,,https://alhs.fun/,连接失败
🔞 二书包网杂牌,www.shubaoju.cc已校验,成人小说文本,文本小说,8,2021-09-10,1,ZGQ-inc/source_repo,,https://www.shubaoju.cc已校验,其它错误
你懂的,www.120xsw.com,成人小说文本,文本小说,8,2021-09-10,5,ZGQ-inc/source_repo|oli-fa/YueDuBackup/master,,http://www.120xsw.com,异常状态
🚬 落秋中文luoqiuzw.cc,www.luoqiuzw.cc,成人小说文本,文本小说,8,2021-09-09,10,ZGQ-inc/source_repo|fmpfmp/YueDuBackup|oli-fa/YueDuBackup/master,,https://www.luoqiuzw.cc,可达
🔞躺着看 (正文有图),www.tzkxs33.com,成人小说文本,社区标记失效/文本小说,8,2021-09-07,1,ZGQ-inc/source_repo,,http://www.tzkxs33.com/,异常状态
🍃 飘天文学,www.piaotian5.com-axin,成人小说文本,社区推荐/正版出版/女频言情/文本小说,8,2021-09-06,10,ZGQ-inc/source_repo|fmpfmp/YueDuBackup|oli-fa/YueDuBackup/master,,http://www.piaotian5.com-axin,异常状态
🍑 新丝路文学,www.xunsilu.cc,成人小说文本,文本小说,8,2021-09-06,1,ZGQ-inc/source_repo,,https://www.xunsilu.cc,可达
🚬 爱小说网,www.ixiaos.com,成人小说文本,站群模板/文本小说,8,2021-09-03,15,ZGQ-inc/source_repo|fmpfmp/YueDuBackup|oevery/Source/master|oli-fa/YueDuBackup/master|xdd666t/MyData,,http://www.ixiaos.com,可达
🚬 躺着看,tangzhekan4.xyz,成人小说文本,文本小说,8,2021-09-02,5,ZGQ-inc/source_repo|fmpfmp/YueDuBackup|oli-fa/YueDuBackup/master|xdd666t/MyData,,http://tangzhekan4.xyz,可达
🔥 鲤鱼乡①,awubooks.com,成人小说文本,正版出版/文本小说,8,2021-08-26,6,ZGQ-inc/source_repo|oli-fa/YueDuBackup/master,,http://awubooks.com,异常状态
📙百书楼,www.bzxsw.com,成人小说文本,文本小说,8,2021-08-15,27,ZGQ-inc/source_repo|fmpfmp/YueDuBackup|oevery/Source/master|oli-fa/YueDuBackup/master|xdd666t/MyData,,http://www.bzxsw.com,可达
UPU小说网,www.upuxsw.com,成人小说文本,站群模板/文本小说,8,2021-08-15,4,ZGQ-inc/source_repo|fmpfmp/YueDuBackup|oli-fa/YueDuBackup/master,,https://www.upuxsw.com,连接失败
艾咪,iiav.club,成人小说文本,文本小说,8,2021-08-15,13,ZGQ-inc/source_repo|fmpfmp/YueDuBackup|oli-fa/YueDuBackup/master,,https://iiav.club/,可达
海棠精品小说网,wodeshuwo1.com,成人小说文本,站群模板/社区标记失效/文本小说,8,2021-08-13,5,ZGQ-inc/source_repo|fmpfmp/YueDuBackup|oli-fa/YueDuBackup/master,,http://wodeshuwo1.com,可达
书书屋小说,hemi.cc,成人小说文本,站群模板/社区标记失效/文本小说,8,2021-08-11,1,ZGQ-inc/source_repo,,http://hemi.cc/,可达
🌼新18,www.0335jjlm.com,成人小说文本,文本小说,8,2021-08-10,3,ZGQ-inc/source_repo|oli-fa/YueDuBackup/master,,http://www.0335jjlm.com/,可达
🔞 性艺私塾,www.nonao.com,成人小说文本,文本小说,8,2021-07-29,7,ZGQ-inc/source_repo|oli-fa/YueDuBackup/master,,https://www.nonao.com,可达
🌸笔趣阁⑥,www.fairso.com,成人小说文本,站群模板/文本小说,8,2021-07-09,1,ZGQ-inc/source_repo,,http://www.fairso.com,超时
🌸笔趣阁⑦,www.ac7000.com,成人小说文本,站群模板/文本小说,8,2021-07-09,5,ZGQ-inc/source_repo|oli-fa/YueDuBackup/master,,http://www.ac7000.com,异常状态
🌸txt之梦,www.11dream.net,成人小说文本,文本小说,8,2021-07-09,5,ZGQ-inc/source_repo|oli-fa/YueDuBackup/master,,https://www.11dream.net,连接失败
🚬 海棠书屋,www.haitang123.me,成人小说文本,站群模板/社区标记失效/文本小说,8,2021-07-02,1,ZGQ-inc/source_repo,,https://www.haitang123.me,有响应(拦截)
🌼丫丫阅读,❀.yayayd,成人小说文本,文本小说,8,2021-06-25,8,ZGQ-inc/source_repo|oli-fa/YueDuBackup/master,,❀.yayayd,其它错误
海棠书屋,www.haitangshuwo.com,成人小说文本,站群模板/文本小说,8,2021-06-22,3,ZGQ-inc/source_repo,,https://www.haitangshuwo.com,超时
翠微居,www.cuiweijuxs.com,成人小说文本,社区标记失效/文本小说,8,2021-06-16,16,ZGQ-inc/source_repo|fmpfmp/YueDuBackup|oevery/Source/master|oli-fa/YueDuBackup/master|xdd666t/MyData,,https://www.cuiweijuxs.com,可达
看书耽,m.ksdwx.com,成人小说文本,文本小说,8,2021-05-31,2,ZGQ-inc/source_repo|oli-fa/YueDuBackup/master,,http://m.ksdwx.com,超时
🚬 青豆小说网②,www.qdxiaoshuo.net,成人小说文本,站群模板/社区标记失效/文本小说,8,2021-05-31,4,ZGQ-inc/source_repo|fmpfmp/YueDuBackup|oli-fa/YueDuBackup/master,,http://www.qdxiaoshuo.net,有响应(拦截)
有色小说网,www.mm39.cc,成人小说文本,站群模板/社区标记失效/文本小说,8,2021-05-24,1,ZGQ-inc/source_repo,,http://www.mm39.cc,异常状态
🚬 易读yiduks.com,yiduks.com,成人小说文本,文本小说,8,2021-05-04,18,ZGQ-inc/source_repo|fmpfmp/YueDuBackup|oevery/Source/master|oli-fa/YueDuBackup/master|xdd666t/MyData,,https://yiduks.com,可达
55读书①,www.changdusk.com,成人小说文本,文本小说,8,2021-05-01,1,ZGQ-inc/source_repo,,http://www.changdusk.com,超时
福利小说~亲测3.0完美可用,www.huang86.xyz,成人小说文本,文本小说,8,2021-04-27,2,ZGQ-inc/source_repo|oli-fa/YueDuBackup/master,,http://www.huang86.xyz,可达
玫瑰小说,www.m-zu.com,成人小说文本,文本小说,8,2021-04-22,6,ZGQ-inc/source_repo|oli-fa/YueDuBackup/master,,http://www.m-zu.com,可达
🚬 书书屋小说[优],www.shushuwuxs.cc,成人小说文本,站群模板/文本小说,8,2021-04-12,2,ZGQ-inc/source_repo|oli-fa/YueDuBackup/master,,http://www.shushuwuxs.cc,可达
🚬 米库小说,m.mikuwx.com,成人小说文本,文本小说,8,2021-04-12,2,ZGQ-inc/source_repo|oli-fa/YueDuBackup/master,,http://m.mikuwx.com,超时
🚬 第二版主2,www.dybz1.vip,成人小说文本,文本小说,8,2021-04-12,3,ZGQ-inc/source_repo|oli-fa/YueDuBackup/master,,http://www.dybz1.vip,超时
🍒 言情888,❀.yanqing-888,成人小说文本,女频言情/文本小说,8,2021-04-11,3,ZGQ-inc/source_repo|oli-fa/YueDuBackup/master,,❀.yanqing-888,其它错误
🔞 海警学院,www.hjgzf.com,成人小说文本,社区标记失效/文本小说,8,2021-03-21,1,ZGQ-inc/source_repo,,https://www.hjgzf.com#一程,有响应(拦截)
🚬 书书屋小说,www.shushuwu520.com,成人小说文本,站群模板/文本小说,8,2021-03-20,9,ZGQ-inc/source_repo|fmpfmp/YueDuBackup|oli-fa/YueDuBackup/master,,http://www.shushuwu520.com,异常状态
海棠书屋#南笙21.0101,m.33bk.cn,成人小说文本,站群模板/社区标记失效/文本小说,8,2021-02-19,1,ZGQ-inc/source_repo,,http://m.33bk.cn#南笙21.0101,可达
🔞 敌敌畏,qqbook.co,成人小说文本,正版出版/文本小说,8,2021-02-11,4,ZGQ-inc/source_repo|oli-fa/YueDuBackup/master,,https://qqbook.co,超时
🚬 15小说网,www.15xsw.net,成人小说文本,站群模板/文本小说,8,2021-02-04,27,ZGQ-inc/source_repo|fmpfmp/YueDuBackup|oevery/Source/master|oli-fa/YueDuBackup/master|xdd666t/MyData,,http://www.15xsw.net,异常状态
🚬 00言情小说网,m.00ui.cc,成人小说文本,站群模板/女频言情/文本小说,8,2021-02-04,7,ZGQ-inc/source_repo|fmpfmp/YueDuBackup|oli-fa/YueDuBackup/master|xdd666t/MyData,,http://m.00ui.cc,有响应(拦截)
🍑 肉色屋③,m.rousewu.info,成人小说文本,文本小说,8,2021-02-04,4,ZGQ-inc/source_repo|fmpfmp/YueDuBackup|oli-fa/YueDuBackup/master,,https://m.rousewu.info,有响应(拦截)
🔞 青青书屋,www.qqbook.co,成人小说文本,站群模板/社区标记失效/正版出版/文本小说,8,2020-12-13,2,ZGQ-inc/source_repo|oli-fa/YueDuBackup/master,,https://www.qqbook.co,超时
🚬 R级小说屋,xiaoshuowu.org,成人小说文本,文本小说,8,2020-12-01,2,ZGQ-inc/source_repo|oli-fa/YueDuBackup/master,,xiaoshuowu.org,可达
🚬 河图小说,www.hetunxs.com,成人小说文本,文本小说,8,2020-12-01,2,ZGQ-inc/source_repo|oli-fa/YueDuBackup/master,,http://www.hetunxs.com,可达
🚬 六情小说,www.6qing6.com,成人小说文本,文本小说,8,2020-11-28,2,ZGQ-inc/source_repo|oli-fa/YueDuBackup/master,,http://www.6qing6.com,可达
🚬 躺着看③,tangzhekan.in,成人小说文本,文本小说,8,2020-11-16,4,ZGQ-inc/source_repo|fmpfmp/YueDuBackup|oli-fa/YueDuBackup/master,,http://tangzhekan.in,异常状态
🚬 老二小说,www.lexs.xyz,成人小说文本,文本小说,8,2020-11-16,2,ZGQ-inc/source_repo|oli-fa/YueDuBackup/master,,http://www.lexs.xyz,可达
🚬 第二书包,www.shubao33.org,成人小说文本,文本小说,8,2020-11-16,7,ZGQ-inc/source_repo|fmpfmp/YueDuBackup|oli-fa/YueDuBackup/master,,https://www.shubao33.org,可达
🚬 大陆文学,www.dnxiaoshuoa.com,成人小说文本,文本小说,8,2020-11-16,4,ZGQ-inc/source_repo|fmpfmp/YueDuBackup|oli-fa/YueDuBackup/master,,https://www.dnxiaoshuoa.com,超时
🚬 易读,www.yidudu1.cc,成人小说文本,文本小说,8,2020-11-16,6,ZGQ-inc/source_repo|fmpfmp/YueDuBackup|oli-fa/YueDuBackup/master,,http://www.yidudu1.cc,异常状态
🚬 第二书包网,www.shubao33.org,成人小说文本,文本小说,8,2020-11-16,1,ZGQ-inc/source_repo,,http://www.shubao33.org,可达
🚬 RNG小说[无正文],www.rngxs.com,成人小说文本,社区标记失效/文本小说,8,2020-11-16,4,ZGQ-inc/source_repo|fmpfmp/YueDuBackup|oli-fa/YueDuBackup/master,,http://www.rngxs.com,可达
🧾笔趣阁,www.b5200.net-by dark,成人小说文本,站群模板/文本小说,8,2020-11-15,19,ZGQ-inc/source_repo|fmpfmp/YueDuBackup|oevery/Source/master|oli-fa/YueDuBackup/master|xdd666t/MyData,,http://www.b5200.net-By Dark,异常状态
🚬 31看书网,www.31ksw.net,成人小说文本,站群模板/文本小说,8,2020-11-10,4,ZGQ-inc/source_repo|fmpfmp/YueDuBackup|oli-fa/YueDuBackup/master,,http://www.31ksw.net,超时
🍒 00有爱,www.00ui.cc,成人小说文本,女频言情/文本小说,8,2020-11-10,10,ZGQ-inc/source_repo|fmpfmp/YueDuBackup|oli-fa/YueDuBackup/master,,http://www.00ui.cc,超时
🚬 醉书楼,www.zslxsw.net,成人小说文本,文本小说,8,2020-11-09,2,ZGQ-inc/source_repo|oli-fa/YueDuBackup/master,,https://www.zslxsw.net,可达
🚬 路人书吧,www.lurenshu8.net,成人小说文本,站群模板/文本小说,8,2020-10-28,2,ZGQ-inc/source_repo|oli-fa/YueDuBackup/master,,http://www.lurenshu8.net,可达
🚬 百书楼,www.baishulou99.com,成人小说文本,文本小说,8,2020-10-28,2,ZGQ-inc/source_repo|oli-fa/YueDuBackup/master,,https://www.baishulou99.com,连接失败
御宅屋①™🔥,www.yuzhaiwu.info,成人小说文本,文本小说,8,2020-10-20,21,ZGQ-inc/source_repo|fmpfmp/YueDuBackup|oevery/Source/master|oli-fa/YueDuBackup/master|xdd666t/MyData,,https://www.yuzhaiwu.info,可达
👍 衍墨轩,www.ymoxuan.com-by dark,成人小说文本,文本小说,8,2020-10-18,16,ZGQ-inc/source_repo|fmpfmp/YueDuBackup|oevery/Source/master|oli-fa/YueDuBackup/master,,https://www.ymoxuan.com-By Dark,连接失败
🚬 第一版主,www.bz222.org,成人小说文本,文本小说,8,2020-10-18,9,ZGQ-inc/source_repo|fmpfmp/YueDuBackup|oli-fa/YueDuBackup/master,,http://www.bz222.org,可达
🚬 情色小说[仅发现],www.9b891394df5b.com,成人小说文本,文本小说,8,2020-10-18,2,ZGQ-inc/source_repo|oli-fa/YueDuBackup/master,,https://www.9b891394df5b.com,可达
🚬 尤物小说[仅发现],www.youwuxs.com,成人小说文本,文本小说,8,2020-10-17,3,ZGQ-inc/source_repo|oli-fa/YueDuBackup/master,,http://www.youwuxs.com,超时
🚬 扒开射,8kshe.com,成人小说文本,文本小说,8,2020-10-17,2,ZGQ-inc/source_repo|oli-fa/YueDuBackup/master,,https://8kshe.com,可达
🚬 乐文小说⑧,www.66lewen.com,成人小说文本,文本小说,8,2020-10-17,4,ZGQ-inc/source_repo|fmpfmp/YueDuBackup|oli-fa/YueDuBackup/master,,http://www.66lewen.com,异常状态
🚬 霸气书屋™备用,m.87shuwu.com,成人小说文本,站群模板/文本小说,8,2020-10-17,19,ZGQ-inc/source_repo|fmpfmp/YueDuBackup|oevery/Source/master|xdd666t/MyData,,http://m.87shuwu.com,异常状态
🚬 乐文中文,www.lewen55.com,成人小说文本,文本小说,8,2020-10-17,24,ZGQ-inc/source_repo|fmpfmp/YueDuBackup|oevery/Source/master|oli-fa/YueDuBackup/master|xdd666t/MyData,,http://www.lewen55.com,异常状态
🎉 书屋,www.shu05.com,成人小说文本,站群模板/文本小说,8,2020-10-16,1,ZGQ-inc/source_repo,,http://www.shu05.com#tbody tr!0,可达
🔰 乐阅读,m.lread.net,成人小说文本,文本小说,8,2020-10-13,13,ZGQ-inc/source_repo|oevery/Source/master|oli-fa/YueDuBackup/master|xdd666t/MyData,,https://m.lread.net,可达
"格格党ggd,缺页",62326.net,成人小说文本,文本小说,8,2020-10-07,2,ZGQ-inc/source_repo|oli-fa/YueDuBackup/master,,https://62326.net,可达
🎉 书楼,www.leduzww.com,成人小说文本,文本小说,8,2020-10-06,2,ZGQ-inc/source_repo|oli-fa/YueDuBackup/master,,http://www.leduzww.com,异常状态
歪歪,www.huangshiruanbao.com,成人小说文本,文本小说,8,2020-10-06,6,ZGQ-inc/source_repo|e101406/booksources/master|fmpfmp/YueDuBackup|oli-fa/YueDuBackup/master,,https://www.huangshiruanbao.com,连接失败
🔞 941小说,gnr.wodeapi001.xyz,成人小说文本,社区标记失效/文本小说,8,2020-10-06,6,ZGQ-inc/source_repo|fmpfmp/YueDuBackup|oli-fa/YueDuBackup/master,,http://gnr.wodeapi001.xyz,可达
🚬 久久文学,www.99wenku.com,成人小说文本,文本小说,8,2020-10-05,17,ZGQ-inc/source_repo|fmpfmp/YueDuBackup|oevery/Source/master|oli-fa/YueDuBackup/master|xdd666t/MyData,,https://www.99wenku.com,可达
🚬 御书楼,www.yubook.la,成人小说文本,正版出版/文本小说,8,2020-10-05,4,ZGQ-inc/source_repo|fmpfmp/YueDuBackup|oli-fa/YueDuBackup/master,,https://www.yubook.la,连接失败
🚬 第二书包网,m.shubao222.cc,成人小说文本,文本小说,8,2020-10-05,6,ZGQ-inc/source_repo|fmpfmp/YueDuBackup|oli-fa/YueDuBackup/master,,http://m.shubao222.cc,连接失败
🚬 吾爱看书,www.52kshu.info,成人小说文本,文本小说,8,2020-10-05,5,ZGQ-inc/source_repo|oli-fa/YueDuBackup/master,,http://www.52kshu.info,有响应(拦截)
🚬 吾爱看书,www.52kshu.com,成人小说文本,文本小说,8,2020-10-03,6,ZGQ-inc/source_repo|fmpfmp/YueDuBackup|oli-fa/YueDuBackup/master,,https://www.52kshu.com,连接失败
🚬 甜美文库,www.tianmengwenku.org,成人小说文本,文本小说,8,2020-10-03,6,ZGQ-inc/source_repo|fmpfmp/YueDuBackup|oli-fa/YueDuBackup/master,,https://www.tianmengwenku.org,超时
🚬 快眼小说网,www.kyxs5.com,成人小说文本,站群模板/文本小说,8,2020-09-28,1,ZGQ-inc/source_repo,,https://www.kyxs5.com,连接失败
笔趣小说,www.biqugeso.info,成人小说文本,站群模板/文本小说,8,2020-09-25,1,ZGQ-inc/source_repo,,http://www.biqugeso.info,可达
优优阅读,www.uutxt.vip,成人小说文本,文本小说,8,2020-09-25,1,ZGQ-inc/source_repo,,http://www.uutxt.vip,可达
🚬 UPU小说网,www.upu.cc,成人小说文本,站群模板/文本小说,8,2020-09-25,9,ZGQ-inc/source_repo|oevery/Source/master|xdd666t/MyData,,https://www.upu.cc,超时
🚬 辣文鲜文,www.9xianwen.com,成人小说文本,文本小说,8,2020-09-25,4,ZGQ-inc/source_repo|fmpfmp/YueDuBackup|oli-fa/YueDuBackup/master,,http://www.9xianwen.com,异常状态
🚬 小说坊,www.50xsf.com,成人小说文本,文本小说,8,2020-09-24,5,ZGQ-inc/source_repo|oli-fa/YueDuBackup/master,,http://www.50xsf.com,可达
🚬 总裁小说网™,www.zongcaixiaoshuo2.com,成人小说文本,站群模板/文本小说,8,2020-09-24,12,ZGQ-inc/source_repo|oevery/Source/master|oli-fa/YueDuBackup/master|xdd666t/MyData,,http://www.zongcaixiaoshuo2.com,异常状态
R 66成人小说🐶,66story.com,成人小说文本,文本小说,8,未知,1,ZGQ-inc/source_repo,,https://66story.com/##RosiaPng,有响应(拦截)
色文网🎃,www.sw1100.top,成人小说文本,文本小说,8,未知,1,ZGQ-inc/source_repo,,https://www.sw1100.top#🎃,可达
66成人小说🎃,www.66story.com,成人小说文本,文本小说,8,未知,1,ZGQ-inc/source_repo,,http://www.66story.com#🎃,有响应(拦截)
福利小说🎃,crabs-hide-shell.xoxiaoshuo5nnn555.xyz,成人小说文本,文本小说,8,未知,1,ZGQ-inc/source_repo,,https://crabs-hide-shell.xoxiaoshuo5nnn555.xyz#🎃,可达
🎃全本免费小说🎃,m.qbmfxs.com,成人小说文本,站群模板/文本小说,8,未知,1,ZGQ-inc/source_repo,,https://m.qbmfxs.com#🎃,可达
欲书台🎃,58rom.org,成人小说文本,文本小说,8,未知,1,ZGQ-inc/source_repo,,https://58rom.org#🎃,超时
读读看m🎃,m.duduaa.com,成人小说文本,文本小说,8,未知,1,ZGQ-inc/source_repo,,https://m.duduaa.com#🎃,可达
🎃海棠书屋🎃#2,www.haitangshuwu.vip,成人小说文本,站群模板/文本小说,8,未知,1,ZGQ-inc/source_repo,,https://www.haitangshuwu.vip#🎃,可达
福利少女吧🖥🔞,xeshaonv.com,成人小说文本,社区标记失效/文本小说,8,未知,1,ZGQ-inc/source_repo,,https://xeshaonv.com,可达
笔趣阁小说网🎃#2,m.honeyhoneywedding.com,成人小说文本,站群模板/文本小说,8,未知,1,ZGQ-inc/source_repo,,https://m.honeyhoneywedding.com#🎃,可达
欲望社🎃,www.yuwangshe.net,成人小说文本,文本小说,8,未知,1,ZGQ-inc/source_repo,,https://www.yuwangshe.net#🎃,可达
海棠书屋🎃,www.haitangshuwo.com,成人小说文本,站群模板/文本小说,8,未知,1,ZGQ-inc/source_repo,,https://www.haitangshuwo.com#🎃,超时
po18分站🎃,m.zjlskls.com,成人小说文本,文本小说,8,未知,1,ZGQ-inc/source_repo,,http://m.zjlskls.com#🎃,其它错误
御宅屋🎃#2,yuzhaiwu.life,成人小说文本,文本小说,8,未知,1,ZGQ-inc/source_repo,,https://yuzhaiwu.life#🎃,可达
读书族小说🎃,wapk.tvguaa.com,成人小说文本,文本小说,8,未知,1,ZGQ-inc/source_repo,,https://wapk.tvguaa.com#🎃,可达
欲望社网🎃,www.yuwangshe.net,成人小说文本,文本小说,8,未知,1,ZGQ-inc/source_repo,,http://www.yuwangshe.net#🎃,可达
中文成人文学🎃,xbookcn.org,成人小说文本,正版出版/文本小说,8,未知,1,ZGQ-inc/source_repo,,https://xbookcn.org#🎃,可达
PO18文学🎃#8,www.po18r.com,成人小说文本,文本小说,8,未知,1,ZGQ-inc/source_repo,,https://www.po18r.com#🎃,可达
废文网🎃,www.sosadfun.org,成人小说文本,文本小说,8,未知,1,ZGQ-inc/source_repo,,https://www.sosadfun.org#🎃,超时
废文网站🎃,www.nosadnofun.com,成人小说文本,文本小说,8,未知,1,ZGQ-inc/source_repo,,https://www.nosadnofun.com#🎃,可达
废文网🎃,www.mysadfun.com,成人小说文本,文本小说,8,未知,1,ZGQ-inc/source_repo,,https://www.mysadfun.com#🎃,可达
情色小说论坛🎃,www.ibbs.pro,成人小说文本,文本小说,8,未知,1,ZGQ-inc/source_repo,,https://www.ibbs.pro#🎃,可达
海棠搜书🎃#2,www.gohaitang.icu,成人小说文本,文本小说,8,未知,1,ZGQ-inc/source_repo,,https://www.gohaitang.icu#🎃,可达
海棠看书🎃,www.bookhaitang.com,成人小说文本,正版出版/文本小说,8,未知,1,ZGQ-inc/source_repo,,https://www.bookhaitang.com#🎃,有响应(拦截)
UU小说网🔞~uu234.cc,www.uu234.cc,成人小说文本,站群模板/文本小说,8,未知,1,ZGQ-inc/source_repo,,http://www.uu234.cc,异常状态
♜落花小说 #破冰,www.luohuaa.com,成人小说文本,社区标记失效/文本小说,8,未知,1,ZGQ-inc/source_repo,,http://www.luohuaa.com/#♤pb,异常状态
200书城📎,www.200shucheng.com,成人小说文本,文本小说,8,未知,1,ZGQ-inc/source_repo,,https://www.200shucheng.com,连接失败
🚬 新龙腾小说,www.longtengxs.org,成人小说文本,文本小说,8,未知,4,ZGQ-inc/source_repo|fmpfmp/YueDuBackup|oli-fa/YueDuBackup/master,,http://www.longtengxs.org,有响应(拦截)
凯辛文学,www.ixkczb.com,成人小说文本,文本小说,8,未知,2,ZGQ-inc/source_repo|oli-fa/YueDuBackup/master,,http://www.ixkczb.com,异常状态
爱上ASMR,www.asasmr.com,成人小说文本,文本小说,8,未知,1,ZGQ-inc/source_repo,,https://www.asasmr.com,异常状态
海棠书屋,www.haitang123.site,成人小说文本,站群模板/文本小说,8,未知,1,ZGQ-inc/source_repo,,https://www.haitang123.site,可达
PO18🔞,m.po18.in,成人小说文本,文本小说,8,未知,6,ZGQ-inc/source_repo|fmpfmp/YueDuBackup|oli-fa/YueDuBackup/master,,https://m.po18.in,连接失败
小说阅读网™🔞九天之狼,www.hrb6b.com,成人小说文本,站群模板/文本小说,8,未知,1,ZGQ-inc/source_repo,,https://www.hrb6b.com,连接失败
一对一辣文™🔞九天之狼,www.699294.net,成人小说文本,文本小说,8,未知,1,ZGQ-inc/source_repo,,http://www.699294.net/wap,异常状态
御宅屋③™🔞九天之狼,i.yushu5.org,成人小说文本,文本小说,8,未知,1,ZGQ-inc/source_repo,,https://i.yushu5.org,连接失败
金羚文学™🔞九天之狼,wap.chinajinlingc.com,成人小说文本,文本小说,8,未知,1,ZGQ-inc/source_repo,,https://wap.chinajinlingc.com,连接失败
爱看黄文™🔞九天之狼,www.kantu88.com,成人小说文本,文本小说,8,未知,1,ZGQ-inc/source_repo,,http://www.kantu88.com,异常状态
云中书屋™🔞九天之狼,m.428516.cn,成人小说文本,站群模板/文本小说,8,未知,1,ZGQ-inc/source_repo,,http://m.428516.cn,可达
第二书包网①™🔞九天之狼,m.2shubao.net,成人小说文本,文本小说,8,未知,1,ZGQ-inc/source_repo,,http://m.2shubao.net,有响应(拦截)
一曲书斋③™🔞九天之狼,www.fooxs.com,成人小说文本,文本小说,8,未知,1,ZGQ-inc/source_repo,,https://www.fooxs.com,可达
海棠精品小说网,www.f6txt.net,成人小说文本,站群模板/社区推荐/文本小说,8,未知,1,ZGQ-inc/source_repo,,http://www.f6txt.net,异常状态
爱小说网,www.ireadxs.com,成人小说文本,站群模板/文本小说,8,未知,4,ZGQ-inc/source_repo|fmpfmp/YueDuBackup|oli-fa/YueDuBackup/master,,http://www.ireadxs.com,异常状态
躲着看,www.duozhekan.com,成人小说文本,文本小说,8,未知,6,ZGQ-inc/source_repo|fmpfmp/YueDuBackup|oli-fa/YueDuBackup/master,,http://www.duozhekan.com,有响应(拦截)
海棠书屋②,www.haitang123.cc,成人小说文本,站群模板/文本小说,8,未知,1,ZGQ-inc/source_repo,,https://www.haitang123.cc,连接失败
荷包网,www.hebaoi.com,成人小说文本,文本小说,8,未知,6,ZGQ-inc/source_repo|fmpfmp/YueDuBackup|oli-fa/YueDuBackup/master,,https://www.hebaoi.com,有响应(拦截)
幻世小说,www.h4xs.com,成人小说文本,文本小说,8,未知,1,ZGQ-inc/source_repo,,https://www.h4xs.com,可达
吉林小说网①,i.jilin55.com,成人小说文本,站群模板/文本小说,8,未知,6,ZGQ-inc/source_repo|fmpfmp/YueDuBackup|oli-fa/YueDuBackup/master,,https://i.jilin55.com,可达
吉林小说网②,www.jilin55.com,成人小说文本,站群模板/文本小说,8,未知,6,ZGQ-inc/source_repo|fmpfmp/YueDuBackup|oli-fa/YueDuBackup/master,,https://www.jilin55.com,可达
小强文学①,m.335xs.in,成人小说文本,文本小说,8,未知,1,ZGQ-inc/source_repo,,http://m.335xs.in,异常状态
🔞 欲望社,www.win10.city,成人小说文本,文本小说,8,未知,2,ZGQ-inc/source_repo|oli-fa/YueDuBackup/master,,https://www.win10.city,可达
版主网,www.banzhuwang.org,成人小说文本,文本小说,8,未知,1,ZGQ-inc/source_repo,,https://www.banzhuwang.org,有响应(拦截)
第二书包网③™🔞九天之狼,www.shubao2s.net,成人小说文本,文本小说,8,未知,6,ZGQ-inc/source_repo|fmpfmp/YueDuBackup|oli-fa/YueDuBackup/master,,http://www.shubao2s.net,可达
第二书包网③™🔞九天之狼,www.shubao2s.net0,成人小说文本,文本小说,8,未知,6,ZGQ-inc/source_repo|fmpfmp/YueDuBackup|oli-fa/YueDuBackup/master,,http://www.shubao2s.net0,异常状态
乡村小说网②™,m.xiangcunxiaoshuo.la,成人小说文本,站群模板/文本小说,8,未知,1,ZGQ-inc/source_repo,,http://m.xiangcunxiaoshuo.la,异常状态
就爱来小说网™,m.9ilai.com,成人小说文本,站群模板/文本小说,8,未知,1,ZGQ-inc/source_repo,,http://m.9ilai.com,异常状态
躺着看,tangzhekan.vip,成人小说文本,文本小说,8,未知,4,ZGQ-inc/source_repo|fmpfmp/YueDuBackup|oli-fa/YueDuBackup/master,,http://tangzhekan.vip,可达
荷包网,m.hebaor.com,成人小说文本,文本小说,8,未知,1,ZGQ-inc/source_repo,,https://m.hebaor.com,连接失败
辣文网,m.1lawen.com,成人小说文本,文本小说,8,未知,1,ZGQ-inc/source_repo,,http://m.1lawen.com,可达
辣文鲜文网,www.9xianwen.net,成人小说文本,文本小说,8,未知,1,ZGQ-inc/source_repo,,http://www.9xianwen.net,异常状态
乐文小说⑬,www.88lewen.com,成人小说文本,文本小说,8,未知,1,ZGQ-inc/source_repo,,http://www.88lewen.com,异常状态
情色小说,www.f489f380fac2.com,成人小说文本,文本小说,8,未知,1,ZGQ-inc/source_repo,,https://www.f489f380fac2.com,可达
🔞 PO18,m.po18.me,成人小说文本,文本小说,8,未知,4,ZGQ-inc/source_repo|fmpfmp/YueDuBackup|oli-fa/YueDuBackup/master,,https://m.po18.me,可达
34看书网,www.34ksw.com,成人小说文本,站群模板/文本小说,8,未知,1,ZGQ-inc/source_repo,,https://www.34ksw.com,连接失败
扒开射小说,www.9kshe.com,成人小说文本,文本小说,8,未知,1,ZGQ-inc/source_repo,,https://www.9kshe.com,连接失败
你懂得,www.120x.cc,成人小说文本,文本小说,8,未知,5,ZGQ-inc/source_repo|oli-fa/YueDuBackup/master,,http://www.120x.cc,可达
奇塔文学①,www.qqtshu.com,成人小说文本,文本小说,8,未知,1,ZGQ-inc/source_repo,,http://www.qqtshu.com,异常状态
小黄文,www.xhwxs.xyz,成人小说文本,文本小说,8,未知,1,ZGQ-inc/source_repo,,https://www.xhwxs.xyz,可达
尤物小说,www.youwuxs.com,成人小说文本,文本小说,8,未知,1,ZGQ-inc/source_repo,,https://www.youwuxs.com,有响应(拦截)
翠微居②,m.cuiweijuxi.com,成人小说文本,文本小说,8,未知,1,ZGQ-inc/source_repo,,http://m.cuiweijuxi.com,异常状态
吉林小说网①,m.jilin567.com,成人小说文本,站群模板/文本小说,8,未知,1,ZGQ-inc/source_repo,,http://m.jilin567.com,可达
情色小说,www.0398b9950a6b.com,成人小说文本,文本小说,8,未知,1,ZGQ-inc/source_repo,,https://www.0398b9950a6b.com,可达
小强文学①,m.335xs.info,成人小说文本,文本小说,8,未知,1,ZGQ-inc/source_repo,,http://m.335xs.info,异常状态
爱看书③,m.bqg.cc,成人小说文本,文本小说,8,未知,1,ZGQ-inc/source_repo,,https://m.bqg.cc,连接失败
辣文网,m.lawenn.com,成人小说文本,文本小说,8,未知,5,ZGQ-inc/source_repo|oli-fa/YueDuBackup/master,,http://m.lawenn.com,异常状态
翠微居②,m.xincuiweiju.cc,成人小说文本,文本小说,8,未知,1,ZGQ-inc/source_repo,,http://m.xincuiweiju.cc,异常状态
翠微居③,www.cuiweijuxs.org,成人小说文本,文本小说,8,未知,1,ZGQ-inc/source_repo,,http://www.cuiweijuxs.org,页面不存在
海棠精品小说网,www.y83.net,成人小说文本,站群模板/社区推荐/文本小说,8,未知,1,ZGQ-inc/source_repo,,http://www.y83.net,异常状态
乐文小说③,m.lewenwx.net,成人小说文本,文本小说,8,未知,1,ZGQ-inc/source_repo,,http://m.lewenwx.net,异常状态
书书屋,www.fqbot.com,成人小说文本,站群模板/文本小说,8,未知,1,ZGQ-inc/source_repo,,http://www.fqbot.com,超时
情色小说,www.ec9673818754.com,成人小说文本,社区标记失效/文本小说,8,未知,1,ZGQ-inc/source_repo,,https://www.ec9673818754.com,可达
御宅屋,bl-novel.org,成人小说文本,文本小说,8,未知,1,oli-fa/YueDuBackup/master,,https://bl-novel.org,可达
淫色🈲🔍,c8ksx--e3w.yinse1xiaoshuo.com,成人小说文本,文本小说,7,2025-07-20,1,ZGQ-inc/source_repo,,https://c8ksx--e3w.yinse1xiaoshuo.com,连接失败
小h书🈲,xchina.co,成人小说文本,文本小说,7,2025-07-13,5,ZGQ-inc/source_repo|oli-fa/YueDuBackup/master|pindaCrazy/BookSourceForReader3.0|xdd666t/MyData,,https://xchina.co/,有响应(拦截)
情色小说论坛,www.ibbs.pro,成人小说文本,文本小说,7,2025-06-24,3,ZGQ-inc/source_repo,,https://www.ibbs.pro,可达
书耽小说,www.shubl.com,成人小说文本,文本小说,7,2025-06-24,17,ZGQ-inc/source_repo|aoaostar/legado|fmpfmp/YueDuBackup|oli-fa/YueDuBackup/master|xdd666t/MyData,,https://www.shubl.com#,可达
肉文阁🎃,www.rouwenwu19.com,成人小说文本,文本小说,7,2025-06-24,5,ZGQ-inc/source_repo,,https://www.rouwenwu19.com#🎃,可达
nhentai,nhentai.net,成人小说文本,文本小说,7,2025-04-05,17,ZGQ-inc/source_repo|aoaostar/legado|fmpfmp/YueDuBackup|oevery/Source/master|oli-fa/YueDuBackup/master|xdd666t/MyData,,https://nhentai.net,有响应(拦截)
顶点小说36,www.qklady.com,成人小说文本,站群模板/文本小说,7,2024-10-22,6,ZGQ-inc/source_repo|aoaostar/legado|pindaCrazy/BookSourceForReader3.0,,https://www.qklady.com/,超时
🥥 耽梦小说,www.haitangmeng.com,成人小说文本,文本小说,7,2024-02-27,2,ZGQ-inc/source_repo,,https://www.haitangmeng.com,可达
🔰撸图屋小说网,lutuwu.cn,成人小说文本,站群模板/社区标记失效/文本小说,7,2023-11-10,1,ZGQ-inc/source_repo,,http://lutuwu.cn,异常状态
✈小h书xchina,xchina.co,成人小说文本,文本小说,7,2023-10-31,1,pindaCrazy/BookSourceForReader3.0,,https://xchina.co##小说,有响应(拦截)
🍑 CP文库,www.cpwenku.com,成人小说文本,正版出版/文本小说,7,2023-02-25,9,ZGQ-inc/source_repo|aoaostar/legado|oli-fa/YueDuBackup/master,,https://www.cpwenku.com#bookbox,超时
🚬 3Z小说网,www.3zxsw.com,成人小说文本,站群模板/文本小说,7,2022-11-18,12,ZGQ-inc/source_repo|e101406/booksources/master|fmpfmp/YueDuBackup|oli-fa/YueDuBackup/master|someok/booksources|xdd666t/MyData,,http://www.3zxsw.com,可达
🚬 第二书包202,www.shubao202.com,成人小说文本,文本小说,7,2022-11-12,10,ZGQ-inc/source_repo|fmpfmp/YueDuBackup|oli-fa/YueDuBackup/master|xdd666t/MyData,,http://www.shubao202.com,超时
🚬 第二书包网,www.bookbao2.net,成人小说文本,正版出版/文本小说,7,2022-11-03,3,ZGQ-inc/source_repo|oli-fa/YueDuBackup/master|xdd666t/MyData,,https://www.bookbao2.net,可达
RIJI8,novel.riji8.com,成人小说文本,文本小说,7,2021-10-08,10,ZGQ-inc/source_repo|fmpfmp/YueDuBackup|oli-fa/YueDuBackup/master,,https://novel.riji8.com,有响应(拦截)
中文书城,lightapp-bookstore.cread.com,成人小说文本,正版出版/文本小说,7,2021-10-08,7,ZGQ-inc/source_repo|oli-fa/YueDuBackup/master,,http://lightapp-bookstore.cread.com,可达
E小说,www.zwda.com,成人小说文本,文本小说,7,2021-10-08,71,ZGQ-inc/source_repo|fmpfmp/YueDuBackup|oevery/Source/master|oli-fa/YueDuBackup/master|xdd666t/MyData,,https://www.zwda.com,有响应(拦截)
H国度,www.hguodu.net,成人小说文本,文本小说,7,2021-08-15,2,ZGQ-inc/source_repo|oli-fa/YueDuBackup/master,,http://www.hguodu.net,可达
🚬 辣文合集[仅发现],www.jfyxsh.com,成人小说文本,文本小说,7,2020-10-18,6,ZGQ-inc/source_repo|fmpfmp/YueDuBackup|oli-fa/YueDuBackup/master,,http://www.jfyxsh.com,超时
🚬 烧书阁,www.shaoshuge.vip,成人小说文本,文本小说,7,2020-09-24,2,ZGQ-inc/source_repo|oli-fa/YueDuBackup/master,,http://www.shaoshuge.vip,可达
书耽🎃,www.shubl.com,成人小说文本,文本小说,7,未知,1,ZGQ-inc/source_repo,,https://www.shubl.com#🎃,可达
耽梦小说🎃,www.haitangmeng.com,成人小说文本,文本小说,7,未知,1,ZGQ-inc/source_repo,,https://www.haitangmeng.com#🎃,可达
👍 小说城,story-api-729🔥 耽美05.ap-northeast-1.elb.amazonaws.com,成人小说文本,社区推荐/正版出版/女频言情/文本小说,7,未知,1,ZGQ-inc/source_repo,,http://story-api-729🔥 耽美05.ap-northeast-1.elb.amazonaws.com:80,域名解析失败
笔趣阁(2bqg),m.2bqg.com,成人小说文本,站群模板/文本小说,7,未知,5,ZGQ-inc/source_repo|fmpfmp/YueDuBackup|oli-fa/YueDuBackup/master,,https://m.2bqg.com,连接失败
蓝柔小说网™🔞,www.lanrouxs.net,成人小说文本,站群模板/文本小说,7,未知,1,ZGQ-inc/source_repo,,http://www.lanrouxs.net,异常状态
躺着看™🔞九天之狼,www.tangzhekan8.xyz,成人小说文本,文本小说,7,未知,1,ZGQ-inc/source_repo,,https://www.tangzhekan8.xyz,可达
第九书包网™🔞九天之狼,www.shubao96.com,成人小说文本,文本小说,7,未知,1,ZGQ-inc/source_repo,,http://www.shubao96.com,可达
百书楼①,www.cuan800.cc,成人小说文本,文本小说,7,未知,6,ZGQ-inc/source_repo|fmpfmp/YueDuBackup|oli-fa/YueDuBackup/master,,https://www.cuan800.cc,连接失败
第一版主⑨,www.diyibanzhu2.pro,成人小说文本,文本小说,7,未知,3,ZGQ-inc/source_repo|fmpfmp/YueDuBackup|oli-fa/YueDuBackup/master,,https://www.diyibanzhu2.pro,连接失败
烧书阁,www.shaoshuge.net,成人小说文本,文本小说,7,未知,4,ZGQ-inc/source_repo|fmpfmp/YueDuBackup|oli-fa/YueDuBackup/master,,http://www.shaoshuge.net,异常状态
👍小说城,story-api-729耽美05.ap-northeast-1.elb.amazonaws.com,成人小说文本,社区标记失效/正版出版/女频言情/文本小说,7,未知,5,fmpfmp/YueDuBackup|oli-fa/YueDuBackup/master,,http://story-api-729耽美05.ap-northeast-1.elb.amazonaws.com:80,其它错误
杏吧-作者榜,www.d18xshu.xyz,成人小说文本,文本小说,6,2023-08-18,1,ZGQ-inc/source_repo,,https://www.d18xshu.xyz/(,连接失败
PO18①,www.po18n.com,成人小说文本,文本小说,6,2023-08-17,1,ZGQ-inc/source_repo,,https://www.po18n.com,超时
中文成人🔞,blog.xbookcn.net,成人小说文本,正版出版/文本小说,6,2023-05-01,1,ZGQ-inc/source_repo,,https://blog.xbookcn.net##,可达
纯肉网,mm28.cc,成人小说文本,文本小说,6,2022-11-03,4,ZGQ-inc/source_repo|aoaostar/legado|oli-fa/YueDuBackup/master,,https://mm28.cc,异常状态
🔞 皮皮文学,www.ppwxs.com,成人小说文本,文本小说,6,2022-02-20,1,ZGQ-inc/source_repo,,http://www.ppwxs.com,可达
🔞五洲文学（发现）,www.5zwx.com,成人小说文本,文本小说,6,2022-02-07,1,ZGQ-inc/source_repo,,http://www.5zwx.com,可达
39小说网?,m.sanjiuxs.com,成人小说文本,站群模板/社区标记失效/文本小说,6,2021-12-24,6,ZGQ-inc/source_repo|fmpfmp/YueDuBackup|oli-fa/YueDuBackup/master,,https://m.sanjiuxs.com,超时
🔰 02书屋,www.02shu.cc,成人小说文本,站群模板/文本小说,6,2021-12-19,20,ZGQ-inc/source_repo|fmpfmp/YueDuBackup|oli-fa/YueDuBackup/master|someok/booksources|xdd666t/MyData,,https://www.02shu.cc,有响应(拦截)
🍄 公众号,gzh,成人小说文本,订阅RSS/文本小说,6,2021-09-09,7,ZGQ-inc/source_repo|oli-fa/YueDuBackup/master,,gzh,域名解析失败
🔞 启皓网 💡,www.qihaoqihao.net,成人小说文本,文本小说,6,2021-03-21,1,oli-fa/YueDuBackup/master,,http://www.qihaoqihao.net#一程,可达
🚬 17book[仅发现],www.17books.net,成人小说文本,正版出版/文本小说,6,2020-10-31,2,ZGQ-inc/source_repo|oli-fa/YueDuBackup/master,,http://www.17books.net,可达
🚬 17book[仅发现],www.17books.net,成人小说文本,正版出版/文本小说,6,2020-10-17,2,ZGQ-inc/source_repo|oli-fa/YueDuBackup/master,,http://www.17books.net/wap,可达
🔞 拔插小说,8x5818x.com,成人小说文本,文本小说,6,2020-10-06,1,ZGQ-inc/source_repo,,https://8x5818x.com,连接失败
🔞 拔插小说,8x3188x.com,成人小说文本,文本小说,6,未知,2,ZGQ-inc/source_repo|oli-fa/YueDuBackup/master,,https://8x3188x.com/html/category/fiction/,可达
撸撸文学🈲,a3b4c5d6.luluw012.cc,成人小说文本,文本小说,5,2025-07-17,1,ZGQ-inc/source_repo,,https://a3b4c5d6.luluw012.cc,可达
✈情色阅读8d8d,www.8d8d.me,成人小说文本,文本小说,5,2023-12-14,4,ZGQ-inc/source_repo|oli-fa/YueDuBackup/master|pindaCrazy/BookSourceForReader3.0|xdd666t/MyData,,https://www.8d8d.me/index.php?target=text,连接失败
🔥XChina｜论坛美图-目录化⚠️看注释,,成人小说文本,文本小说,5,2023-08-22,1,ZGQ-inc/source_repo,是,X成人论坛https://xbbs.me/,其它错误
🚬 桃色小说,www.paa04.com,成人小说文本,文本小说,5,2022-11-03,7,ZGQ-inc/source_repo|oli-fa/YueDuBackup/master|xdd666t/MyData,,https://www.paa04.com,连接失败
52∧∨图文小说频道(仅发现),d52e18t83xan.xyz,成人小说文本,文本小说,5,2022-11-03,2,ZGQ-inc/source_repo|oli-fa/YueDuBackup/master,,https://d52e18t83xan.xyz:52888,连接失败
🚬 情色文學-δ,www.8d8d.me,成人小说文本,文本小说,5,2022-10-19,3,ZGQ-inc/source_repo|oli-fa/YueDuBackup/master|xdd666t/MyData,,https://www.8d8d.me/index.php?target=text2,连接失败
🚬 52AVAV图片频道(仅发现),www.5jg6awtnneb78spk.com,成人小说文本,文本小说,5,2022-02-16,6,ZGQ-inc/source_repo|oli-fa/YueDuBackup/master,,https://www.5jg6awtnneb78spk.com,连接失败
BT伙计(仅发现),q1.f238605b.org,成人小说文本,文本小说,5,2021-12-17,5,ZGQ-inc/source_repo|aoaostar/legado|oli-fa/YueDuBackup/master,,https://q1.f238605b.org/,连接失败
草榴(仅发现)看图关净化,cl.2790z.xyz,成人小说文本,文本小说,5,2021-12-17,5,ZGQ-inc/source_repo|aoaostar/legado|oli-fa/YueDuBackup/master,,https://cl.2790z.xyz/,超时
98堂(仅发现无长篇连载),etertrrewe4wr.xyz,成人小说文本,正版出版/文本小说,5,2021-11-17,4,ZGQ-inc/source_repo|oli-fa/YueDuBackup/master,,https://etertrrewe4wr.xyz/,超时
🚬 52AVAV小说频道[仅发现],t526uh0j52y985mn.com,成人小说文本,文本小说,5,2021-09-27,5,ZGQ-inc/source_repo|oli-fa/YueDuBackup/master,,https://t526uh0j52y985mn.com,连接失败
🚬 BT伙计[仅发现],q1.colin1994.xyz,成人小说文本,文本小说,5,2021-09-26,4,ZGQ-inc/source_repo|oli-fa/YueDuBackup/master,,https://q1.colin1994.xyz,连接失败
🚬 草榴[仅发现],cl.qs37.xyz,成人小说文本,文本小说,5,2021-09-26,6,ZGQ-inc/source_repo|oli-fa/YueDuBackup/master,,https://cl.qs37.xyz,可达
好色客,www.99pbec.com,成人小说文本,文本小说,5,2021-08-15,1,ZGQ-inc/source_repo,,http://www.99pbec.com/,可达
妖精,www.yjsp33.com,成人小说文本,文本小说,5,2021-08-15,1,ZGQ-inc/source_repo,,https://www.yjsp33.com/,可达
Xiao77论坛(有bug，待修),x77162.com,成人小说文本,社区标记失效/文本小说,5,2021-07-18,4,ZGQ-inc/source_repo|oli-fa/YueDuBackup/master,,http://x77162.com,可达
69色堂(仅发现),www.30tang.top,成人小说文本,文本小说,5,2021-07-15,4,ZGQ-inc/source_repo|oli-fa/YueDuBackup/master,,https://www.30tang.top,连接失败
🔞四色(仅发现),www.8468134cbe394a05.com,成人小说文本,文本小说,5,2021-03-12,2,ZGQ-inc/source_repo|oli-fa/YueDuBackup/master,,https://www.8468134cbe394a05.com/index/home.html,连接失败
小黄书,www.40fb7103453e.com,成人小说文本,文本小说,5,2021-01-01,2,ZGQ-inc/source_repo|oli-fa/YueDuBackup/master,,https://www.40fb7103453e.com/index/home.html,可达
5789,www.6789fo.com,成人小说文本,文本小说,5,未知,1,ZGQ-inc/source_repo,,https://www.6789fo.com/,连接失败
💵 红薯中文[榜单],ku.mumuceo.com,成人小说文本,文本小说,1,2020-10-14,4,ZGQ-inc/source_repo|fmpfmp/YueDuBackup|oli-fa/YueDuBackup/master,,http://ku.mumuceo.com/红薯中文网by木木,其它错误
八毛小说网,www.bamxs.com,成人小说文本,站群模板/文本小说,0,2025-07-18,12,ZGQ-inc/source_repo|aoaostar/legado|daiaji/LegadoSource|fmpfmp/YueDuBackup|oli-fa/YueDuBackup/master|pindaCrazy/BookSourceForReader3.0|xdd666t/MyData,,http://www.bamxs.com,有响应(拦截)
🚬 成人,https,成人小说文本,正版出版/文本小说,0,2023-05-13,3,ZGQ-inc/source_repo|oli-fa/YueDuBackup/master,,https:/blog.xbookcn.net,域名解析失败
🔞看客网,www.kankeo.com,成人小说文本,文本小说,0,2023-05-09,2,ZGQ-inc/source_repo,,http://www.kankeo.com,可达
海岸线文学网,www.hax988.com,成人小说文本,站群模板/文本小说,0,2023-02-25,4,ZGQ-inc/source_repo|aoaostar/legado|oli-fa/YueDuBackup/master,,http://www.hax988.com,超时
第一版主18,m.bz001.org,成人小说文本,文本小说,0,2023-02-25,6,ZGQ-inc/source_repo|aoaostar/legado|oli-fa/YueDuBackup/master,,http://m.bz001.org,超时
🔞131tb🔞[qa455355],www.131tb.com,成人小说文本,文本小说,0,2023-02-25,7,ZGQ-inc/source_repo|fmpfmp/YueDuBackup|oli-fa/YueDuBackup/master,,https://www.131tb.com,可达
🔞 就是要爱,avouo.com,成人小说文本,文本小说,0,2022-12-12,3,ZGQ-inc/source_repo|oli-fa/YueDuBackup/master,,https://avouo.com/,连接失败
福利漫🌐,www.177pic.info,成人小说文本,文本小说,0,2022-11-03,2,ZGQ-inc/source_repo|oli-fa/YueDuBackup/master,,http://www.177pic.info,可达
八叉小说,8x1928x.com,成人小说文本,文本小说,0,2022-11-03,4,ZGQ-inc/source_repo|oli-fa/YueDuBackup/master,,https://8x1928x.com/html/category/fiction,连接失败
新小说阅读网🔞,www.682684.net,成人小说文本,站群模板/文本小说,0,2022-10-22,6,ZGQ-inc/source_repo|fmpfmp/YueDuBackup|oli-fa/YueDuBackup/master,,http://www.682684.net/,异常状态
PO18脸红心跳①,www.po18wen.de,成人小说文本,文本小说,0,2022-10-16,6,ZGQ-inc/source_repo|oli-fa/YueDuBackup/master,,https://www.po18wen.de,可达
欲望社,wap.win10city.com,成人小说文本,文本小说,0,2022-10-16,3,ZGQ-inc/source_repo|oli-fa/YueDuBackup/master|xdd666t/MyData,,https://wap.win10city.com,连接失败
海棠文学城,www.myhtlmebook.com,成人小说文本,正版出版/文本小说,0,2021-11-24,7,ZGQ-inc/source_repo|aoaostar/legado|oli-fa/YueDuBackup/master,,http://www.myhtlmebook.com,可达
绝色,iiqk.club,成人小说文本,文本小说,0,2020-02-29,6,ZGQ-inc/source_repo|fmpfmp/YueDuBackup|oli-fa/YueDuBackup/master,,https://iiqk.club,连接失败
三匹,3p5i.club,成人小说文本,文本小说,0,2020-02-29,6,ZGQ-inc/source_repo|fmpfmp/YueDuBackup|oli-fa/YueDuBackup/master,,https://3p5i.club,可达
福利小说,m.fltxt.com,成人小说文本,文本小说,0,2020-02-29,9,ZGQ-inc/source_repo|fmpfmp/YueDuBackup|oli-fa/YueDuBackup/master,,http://m.fltxt.com,可达
易读🔞,www.yidudu.cc,成人小说文本,旧版格式/文本小说,0,2020-01-10,20,ZGQ-inc/source_repo|fmpfmp/YueDuBackup|oevery/Source/master|xdd666t/MyData,,http://www.yidudu.cc,可达
爱上中文🔞,www.aszw.org,成人小说文本,旧版格式/文本小说,0,2019-12-29,36,ZGQ-inc/source_repo|fmpfmp/YueDuBackup|oevery/Source/master|oli-fa/YueDuBackup/master|xdd666t/MyData,,http://www.aszw.org,异常状态
book88小说🔥,www.book88.org,成人小说文本,旧版格式/正版出版/文本小说,0,2019-12-29,21,ZGQ-inc/source_repo|fmpfmp/YueDuBackup|oevery/Source/master|oli-fa/YueDuBackup/master|xdd666t/MyData,,http://www.book88.org,可达
🔞 甜梦文库,m.tmwk8.com,成人小说文本,旧版格式/文本小说,0,2019-12-28,6,ZGQ-inc/source_repo|fmpfmp/YueDuBackup|oli-fa/YueDuBackup/master,,http://m.tmwk8.com,可达
🔞 禁忌书屋,m.42wg.com,成人小说文本,旧版格式/站群模板/文本小说,0,2019-12-28,6,ZGQ-inc/source_repo|fmpfmp/YueDuBackup|oli-fa/YueDuBackup/master,,https://m.42wg.com,连接失败
追书帮,wap.zhuishubang.com,成人小说文本,文本小说,0,2019-12-28,1,ZGQ-inc/source_repo,,https://wap.zhuishubang.com,连接失败
阿甘小说网™🔞九天之狼,m.agxsw.net,成人小说文本,旧版格式/站群模板/文本小说,0,2019-11-30,6,ZGQ-inc/source_repo|fmpfmp/YueDuBackup|oli-fa/YueDuBackup/master,,https://m.agxsw.net,超时
福书,www.fushutuan.net,成人小说文本,旧版格式/文本小说,0,2019-11-30,6,ZGQ-inc/source_repo|fmpfmp/YueDuBackup|oli-fa/YueDuBackup/master,,https://www.fushutuan.net,连接失败
七情小说,www.7qing7.com,成人小说文本,旧版格式/文本小说,0,2019-11-23,13,ZGQ-inc/source_repo|fmpfmp/YueDuBackup|oli-fa/YueDuBackup/master,,http://www.7qing7.com,可达
霸气书屋,m.87shuwu.com,成人小说文本,旧版格式/站群模板/文本小说,0,2019-11-09,11,ZGQ-inc/source_repo|fmpfmp/YueDuBackup|oevery/Source/master|xdd666t/MyData,,https://m.87shuwu.com,连接失败
55中文网,www.55zw.co,成人小说文本,旧版格式/文本小说,0,2019-09-29,6,ZGQ-inc/source_repo|fmpfmp/YueDuBackup|oli-fa/YueDuBackup/master,,http://www.55zw.co,可达
H小说吧🔞,www.hbook.win,成人小说文本,旧版格式/正版出版/文本小说,0,2019-08-11,16,ZGQ-inc/source_repo|fmpfmp/YueDuBackup|oevery/Source/master|oli-fa/YueDuBackup/master|xdd666t/MyData,,http://www.hbook.win,异常状态
乡土小说🔞,www.xiangtuxsw.com,成人小说文本,旧版格式/文本小说,0,2019-08-11,10,ZGQ-inc/source_repo|oevery/Source/master|oli-fa/YueDuBackup/master|xdd666t/MyData,,http://www.xiangtuxsw.com,有响应(拦截)
鲜网🔞,www.xianwangs.cc,成人小说文本,旧版格式/文本小说,0,2019-08-11,14,ZGQ-inc/source_repo|fmpfmp/YueDuBackup|oevery/Source/master|oli-fa/YueDuBackup/master|xdd666t/MyData,,http://www.xianwangs.cc,异常状态
我的书阁②🔞,m.myshuge.cc,成人小说文本,旧版格式/文本小说,0,2019-08-11,17,ZGQ-inc/source_repo|fmpfmp/YueDuBackup|oevery/Source/master|oli-fa/YueDuBackup/master|xdd666t/MyData,,http://m.myshuge.cc,可达
我的书阁①🔞,www.myshuge.cc,成人小说文本,旧版格式/文本小说,0,2019-08-11,13,ZGQ-inc/source_repo|fmpfmp/YueDuBackup|oevery/Source/master|oli-fa/YueDuBackup/master|xdd666t/MyData,,http://www.myshuge.cc,可达
破万卷🔞,www.powanjuan.org,成人小说文本,旧版格式/文本小说,0,2019-08-11,24,ZGQ-inc/source_repo|fmpfmp/YueDuBackup|oevery/Source/master|oli-fa/YueDuBackup/master|xdd666t/MyData,,http://www.powanjuan.org,超时
锦书楼🔞,www.jinshulou.com,成人小说文本,旧版格式/文本小说,0,2019-08-11,15,ZGQ-inc/source_repo|fmpfmp/YueDuBackup|oevery/Source/master|oli-fa/YueDuBackup/master|xdd666t/MyData,,https://www.jinshulou.com,连接失败
第一版主网,www.banzhuer.com,成人小说文本,旧版格式/文本小说,0,2019-08-11,19,ZGQ-inc/source_repo|fmpfmp/YueDuBackup|oevery/Source/master|oli-fa/YueDuBackup/master|xdd666t/MyData,,https://www.banzhuer.com,连接失败
HH读书网,www.hhdush.com,成人小说文本,旧版格式/站群模板/社区标记失效/文本小说,0,2019-08-11,8,ZGQ-inc/source_repo|fmpfmp/YueDuBackup|oevery/Source/master|oli-fa/YueDuBackup/master|xdd666t/MyData,,https://www.hhdush.com,连接失败
书包网🔞,www.shubao22.net,成人小说文本,旧版格式/社区标记失效/文本小说,0,2019-08-11,13,ZGQ-inc/source_repo|oevery/Source/master|xdd666t/MyData,,https://www.shubao22.net,可达
长佩,api1.changpeiguoji.com,成人小说文本,旧版格式/文本小说,0,2019-08-09,7,ZGQ-inc/source_repo|fmpfmp/YueDuBackup|oevery/Source/master|xdd666t/MyData,,https://api1.changpeiguoji.com,连接失败
书包族[表情],www.laibuyi.com,成人小说文本,旧版格式/文本小说,0,2019-08-09,6,ZGQ-inc/source_repo|oevery/Source/master|xdd666t/MyData,,http://www.laibuyi.com,异常状态
一书阁[表情],www.yishuge.cc,成人小说文本,旧版格式/文本小说,0,2019-08-09,8,ZGQ-inc/source_repo|oevery/Source/master|xdd666t/MyData,,http://www.yishuge.cc,异常状态
阿甘小说网[表情],m.agxsw.com,成人小说文本,旧版格式/站群模板/文本小说,0,2019-08-09,8,ZGQ-inc/source_repo|oevery/Source/master|xdd666t/MyData,,https://m.agxsw.com,可达
小强小说网🔞,www.xiaoqiangxs.cc,成人小说文本,旧版格式/站群模板/文本小说,0,2019-08-09,9,ZGQ-inc/source_repo|oevery/Source/master|xdd666t/MyData,,http://www.xiaoqiangxs.cc,异常状态
舍兔文学最新更新[表情],www.niusha.net,成人小说文本,旧版格式/文本小说,0,2019-08-09,8,ZGQ-inc/source_repo|oevery/Source/master|xdd666t/MyData,,http://www.niusha.net,异常状态
躺着看[表情],m.tangzhekan2.net,成人小说文本,旧版格式/文本小说,0,2019-08-09,8,ZGQ-inc/source_repo|oevery/Source/master|xdd666t/MyData,,http://m.tangzhekan2.net,异常状态
八零电子书[表情],www.80txt.com,成人小说文本,旧版格式/文本小说,0,2019-08-09,8,ZGQ-inc/source_repo|oevery/Source/master|xdd666t/MyData,,https://www.80txt.com,超时
你懂得小说网[表情],www.120w.cc,成人小说文本,旧版格式/站群模板/文本小说,0,2019-08-09,8,ZGQ-inc/source_repo|oevery/Source/master|xdd666t/MyData,,http://www.120w.cc,有响应(拦截)
龙腾小说网🔞~longteng32.com,www.longteng32.com,成人小说文本,旧版格式/站群模板/文本小说,0,2019-08-08,16,ZGQ-inc/source_repo|fmpfmp/YueDuBackup|oevery/Source/master|oli-fa/YueDuBackup/master|xdd666t/MyData,,http://www.longteng32.com,异常状态
御宅屋,pm.bl-novel.com,成人小说文本,旧版格式/文本小说,0,2019-07-30,7,ZGQ-inc/source_repo|fmpfmp/YueDuBackup|oevery/Source/master|xdd666t/MyData,,https://pm.bl-novel.com,连接失败
书楼吧,www.shulouba.org,成人小说文本,旧版格式/文本小说,0,2019-07-30,21,ZGQ-inc/source_repo|fmpfmp/YueDuBackup|oevery/Source/master|oli-fa/YueDuBackup/master|xdd666t/MyData,,https://www.shulouba.org,连接失败
94小说网,www.94xsw.net,成人小说文本,旧版格式/站群模板/文本小说,0,2019-07-30,30,ZGQ-inc/source_repo|fmpfmp/YueDuBackup|oevery/Source/master|oli-fa/YueDuBackup/master|xdd666t/MyData,,https://www.94xsw.net,连接失败
三否小说,www.3hao3.vip,成人小说文本,旧版格式/社区标记失效/文本小说,0,2019-07-30,8,ZGQ-inc/source_repo|oevery/Source/master|xdd666t/MyData,,http://www.3hao3.vip,超时
海岸线文学网🔞,www.haxshu.com,成人小说文本,旧版格式/站群模板/社区标记失效/文本小说,0,2019-07-30,7,ZGQ-inc/source_repo|fmpfmp/YueDuBackup|oevery/Source/master|xdd666t/MyData,,https://www.haxshu.com,连接失败
海岸线文学网①🔞,m.haxwx11.com,成人小说文本,旧版格式/站群模板/社区标记失效/文本小说,0,2019-07-30,9,ZGQ-inc/source_repo|fmpfmp/YueDuBackup|oevery/Source/master|xdd666t/MyData,,https://m.haxwx11.com,连接失败
94小说网🔞,www.94xsw.net,成人小说文本,旧版格式/站群模板/文本小说,0,2019-07-20,21,ZGQ-inc/source_repo|fmpfmp/YueDuBackup|oevery/Source/master|oli-fa/YueDuBackup/master|xdd666t/MyData,,http://www.94xsw.net,异常状态
一起色🔞~s5217.com,www.s5217.com,成人小说文本,旧版格式/文本小说,0,2019-06-29,22,ZGQ-inc/source_repo|fmpfmp/YueDuBackup|oevery/Source/master|oli-fa/YueDuBackup/master|xdd666t/MyData,,http://www.s5217.com,可达
翠微居🔞,www.cuiweiju888.com,成人小说文本,旧版格式/文本小说,0,2019-06-27,9,ZGQ-inc/source_repo|fmpfmp/YueDuBackup|oevery/Source/master|xdd666t/MyData,,http://www.cuiweiju888.com,异常状态
JAVBUS🔞,www.busjav.net,成人小说文本,旧版格式/社区标记失效/文本小说,0,2019-06-22,7,ZGQ-inc/source_repo|oevery/Source/master|xdd666t/MyData,,https://www.busjav.net,连接失败
94小说网🔞,www.94book.net,成人小说文本,旧版格式/站群模板/社区标记失效/正版出版/文本小说,0,2019-06-22,7,ZGQ-inc/source_repo|oevery/Source/master|xdd666t/MyData,,http://www.94book.net,异常状态
龙腾书网🔞,www.longtengshu.com,成人小说文本,旧版格式/站群模板/社区标记失效/文本小说,0,2019-06-22,7,ZGQ-inc/source_repo|oevery/Source/master|xdd666t/MyData,,http://www.longtengshu.com,异常状态
龙腾小说网,www.5rzw.com,成人小说文本,旧版格式/站群模板/社区标记失效/文本小说,0,2019-06-22,6,ZGQ-inc/source_repo|oevery/Source/master|xdd666t/MyData,,http://www.5rzw.com,异常状态
异界小说🔞,wap.gaoh.org,成人小说文本,旧版格式/社区标记失效/文本小说,0,2019-06-22,5,ZGQ-inc/source_repo|oevery/Source/master|xdd666t/MyData,,https://wap.gaoh.org,可达
龙腾小说网🔞,www.ltxs888.com,成人小说文本,旧版格式/站群模板/社区标记失效/文本小说,0,2019-06-22,7,ZGQ-inc/source_repo|oevery/Source/master|xdd666t/MyData,,http://www.ltxs888.com,可达
第一版主网,www.diyibanz.com,成人小说文本,旧版格式/社区标记失效/文本小说,0,2019-06-22,12,ZGQ-inc/source_repo|oevery/Source/master|xdd666t/MyData,,https://www.diyibanz.com,可达
第一版主🔞,www.diyibanz.com,成人小说文本,旧版格式/社区标记失效/文本小说,0,2019-06-22,7,ZGQ-inc/source_repo|oevery/Source/master|xdd666t/MyData,,http://www.diyibanz.com,可达
三好小说🔞,www.sanhao3.vip,成人小说文本,旧版格式/社区标记失效/文本小说,0,2019-06-22,12,ZGQ-inc/source_repo|oevery/Source/master|xdd666t/MyData,,http://www.sanhao3.vip,超时
19小说🔞,www.19xse.com,成人小说文本,旧版格式/社区标记失效/文本小说,0,2019-02-25,7,ZGQ-inc/source_repo|oevery/Source/master|xdd666t/MyData,,http://www.19xse.com,异常状态
下书网手机版🔞,m.xiashu.la,成人小说文本,旧版格式/站群模板/社区标记失效/文本小说,0,2019-02-18,7,ZGQ-inc/source_repo|oevery/Source/master|xdd666t/MyData,,https://m.xiashu.la,连接失败
御书屋,www.yuzhaiwu.me,成人小说文本,旧版格式/站群模板/社区标记失效/文本小说,0,2019-02-18,7,ZGQ-inc/source_repo|oevery/Source/master|xdd666t/MyData,,https://www.yuzhaiwu.me,可达
73文学网🔞,www.73wx.com,成人小说文本,旧版格式/站群模板/社区标记失效/文本小说,0,2019-02-18,9,ZGQ-inc/source_repo|oevery/Source/master|oli-fa/YueDuBackup/master|xdd666t/MyData,,http://www.73wx.com,可达
文客小说🔞,www.wkzw.cc,成人小说文本,旧版格式/社区标记失效/文本小说,0,2019-02-18,7,ZGQ-inc/source_repo|oevery/Source/master|xdd666t/MyData,,http://www.wkzw.cc,超时
乡村激情🔞,www.xiangcunjiqing.com,成人小说文本,旧版格式/社区标记失效/文本小说,0,2019-02-18,7,ZGQ-inc/source_repo|oevery/Source/master|xdd666t/MyData,,http://www.xiangcunjiqing.com,异常状态
一起色🔞,www.5217s.com,成人小说文本,旧版格式/社区标记失效/文本小说,0,2019-02-18,7,ZGQ-inc/source_repo|oevery/Source/master|xdd666t/MyData,,http://www.5217s.com,可达
小强文学网🔞,www.xiaoqiangwx.com,成人小说文本,旧版格式/站群模板/社区标记失效/文本小说,0,2019-02-18,7,ZGQ-inc/source_repo|oevery/Source/master|xdd666t/MyData,,http://www.xiaoqiangwx.com,异常状态
总裁小说网🔞,www.zongcaixiaoshuo.com,成人小说文本,旧版格式/站群模板/社区标记失效/文本小说,0,2019-02-18,7,ZGQ-inc/source_repo|oevery/Source/master|xdd666t/MyData,,http://www.zongcaixiaoshuo.com,超时
三好小说🔞,www.sanhao33.com,成人小说文本,旧版格式/社区标记失效/文本小说,0,2019-02-18,7,ZGQ-inc/source_repo|oevery/Source/master|xdd666t/MyData,,http://www.sanhao33.com,异常状态
军婚小说网🔞,www.junhunxiaoshuo.com,成人小说文本,旧版格式/站群模板/社区标记失效/文本小说,0,2019-02-18,7,ZGQ-inc/source_repo|oevery/Source/master|xdd666t/MyData,,http://www.junhunxiaoshuo.com,异常状态
舍兔文学热门推荐🔞,www.niushaph.net,成人小说文本,旧版格式/社区标记失效/文本小说,0,2019-02-18,8,ZGQ-inc/source_repo|fmpfmp/YueDuBackup|oevery/Source/master|xdd666t/MyData,,http://www.niushaph.net,异常状态
三好小说,www.sanhao3.vip,成人小说文本,旧版格式/社区标记失效/文本小说,0,2019-01-03,5,ZGQ-inc/source_repo|oevery/Source/master|xdd666t/MyData,,https://www.sanhao3.vip,超时
po18脸红心跳,m.po18vip.uk,成人小说文本,文本小说,0,未知,1,ZGQ-inc/source_repo,,https://m.po18vip.uk,连接失败
黑沼泽俱乐部,zhaoze.party,成人小说文本,文本小说,0,未知,4,ZGQ-inc/source_repo|aoaostar/legado|oli-fa/YueDuBackup/master,,https://zhaoze.party,连接失败
蔷薇后花园,houhuayuan.pink,成人小说文本,社区标记失效/文本小说,0,未知,2,ZGQ-inc/source_repo|fmpfmp/YueDuBackup,,https://houhuayuan.pink,连接失败
云书小说,yunshuzw.com,成人文件网盘,文件网盘,9,2025-07-28,2,ZGQ-inc/source_repo,,http://yunshuzw.com,超时
御书屋,www.po18xs.com,成人文件网盘,文件网盘/站群模板/女频言情,9,2025-05-28,1,ZGQ-inc/source_repo,,https://www.po18xs.com,可达
蓝海搜书,www.sadseas.com,成人文件网盘,文件网盘/社区标记失效/女频言情,9,2025-04-22,1,ZGQ-inc/source_repo,,https://www.sadseas.com/,可达
📥耽美小站,www.aishu99.com,成人文件网盘,文件网盘/女频言情,8,2025-07-02,1,zmn001125/booksources,,https://www.aishu99.com,可达
🌐Myself📺🔞,myself-bbs.com,成人文件网盘,文件网盘,7,2024-05-06,1,ZGQ-inc/source_repo,,http://myself-bbs.com,有响应(拦截)
电子书阁（下载）,archiveofourown.org,成人文件网盘,文件网盘,6,2024-07-10,1,ZGQ-inc/source_repo,是,https://archiveofourown.org/,可达
XO福利小说,mak803-ad398-dke3e.xoxiaoshuo765.xyz,成人文件网盘,文件网盘,6,2023-09-18,1,ZGQ-inc/source_repo,,https://mak803-ad398-dke3e.xoxiaoshuo765.xyz,有响应(拦截)
爱去小说网㊦.927txt,www.827txt.net,成人文件网盘,文件网盘/站群模板/社区标记失效/女频言情,5,2023-11-03,1,ZGQ-inc/source_repo,,http://www.827txt.net,超时
🔥 耽美小说①,www.dmxs.org,成人文件网盘,文件网盘/女频言情,5,2023-05-04,3,ZGQ-inc/source_repo|aoaostar/legado,,https://www.dmxs.org##下载,可达
🌸耽美小说,www.dmxs.org,成人文件网盘,文件网盘/社区推荐/女频言情,5,2023-04-21,2,aoaostar/legado,,https://www.dmxs.org,可达
成人小说网🌹,crxs.me,成人有声听书,有声听书/站群模板/听书有声,9,2025-06-18,12,ZGQ-inc/source_repo|aoaostar/legado|daiaji/LegadoSource|oli-fa/YueDuBackup/master|xdd666t/MyData,,https://crxs.me,可达
💝 UAA有声,www.uaa001.com,成人有声听书,有声听书/听书有声,9,2025-02-18,2,ZGQ-inc/source_repo,,https://www.uaa001.com##有声##,有响应(拦截)
UAA有声，友声,www.uaa004.com,成人有声听书,有声听书/听书有声,9,2025-01-08,1,ZGQ-inc/source_repo,,https://www.uaa004.com##有声,有响应(拦截)
UAA有声,www.uaa004.com,成人有声听书,有声听书/社区推荐/听书有声,9,2024-12-18,1,ZGQ-inc/source_repo,是,https://www.uaa004.com/api/audio/app/audio/,页面不存在
💝 UAA有声,www.uaa001.com,成人有声听书,有声听书/听书有声,9,2024-11-17,1,ZGQ-inc/source_repo,,https://www.uaa001.com##有声,有响应(拦截)
UAA•有声[自改],这里也可以写任何内容。。。,成人有声听书,有声听书/听书有声,9,2024-08-03,1,ZGQ-inc/source_repo,是,这里也可以写任何内容。。。,其它错误
📻 UAA有声,www.uaa.com,成人有声听书,有声听书/听书有声,9,2024-05-23,4,ZGQ-inc/source_repo|daiaji/LegadoSource,,https://www.uaa.com/audio/,有响应(拦截)
🐳56听书网①,www.ting56.com,成人有声听书,有声听书/站群模板/听书有声,9,2021-01-30,5,ZGQ-inc/source_repo|oli-fa/YueDuBackup/master,,https://www.ting56.com/,可达
UAA有声,www.uaa.com,成人有声听书,有声听书/听书有声,8,2025-06-24,2,ZGQ-inc/source_repo,,https://www.uaa.com/api/audio/app/audio,有响应(拦截)
有声小说吧,m.ysxs8.com,成人有声听书,有声听书/听书有声,8,2020-12-24,3,ZGQ-inc/source_repo|e101406/booksources/master|oli-fa/YueDuBackup/master,,http://m.ysxs8.com,超时
华语中文(成人向有声),www.cnnovel.xyz,成人有声听书,有声听书/听书有声,6,2025-07-25,8,ZGQ-inc/source_repo|daiaji/LegadoSource|oli-fa/YueDuBackup/master|pindaCrazy/BookSourceForReader3.0|xdd666t/MyData,,https://www.cnnovel.xyz,可达
🅿️ Pixiv 小说,www.pixiv.net,成人漫画图源,订阅RSS/动漫图片/文本小说,9,2026-09-20,3,DowneyRem/PixivSource/main|ZGQ-inc/source_repo,是,https://www.pixiv.net/novel,可达
🅿️ Pixiv 漫画,www.pixiv.net,成人漫画图源,漫画图源/订阅RSS/动漫图片,9,2026-09-20,4,DowneyRem/PixivSource/main|ZGQ-inc/source_repo|aoaostar/legado,是,https://www.pixiv.net/manga,可达
🦊 Linpx,furrynovel.ink,成人漫画图源,订阅RSS/动漫图片/文本小说,9,2026-09-20,2,DowneyRem/PixivSource/main|ZGQ-inc/source_repo,是,https://furrynovel.ink,可达
🅿️ Pixiv 小说备用,www.pixiv.net,成人漫画图源,订阅RSS/动漫图片/文本小说,9,2026-09-20,7,DowneyRem/PixivSource/main|ZGQ-inc/source_repo|aoaostar/legado|daiaji/LegadoSource,是,https://www.pixiv.net,可达
🐯 兽人小说站,furrynovel.com,成人漫画图源,订阅RSS/动漫图片/文本小说,9,2026-09-20,1,DowneyRem/PixivSource/main,,https://furrynovel.com,可达
🔞夜读集 [小说/漫画] (有VIP章节),www.yeduji.com,成人漫画图源,漫画图源/动漫图片,9,2026-03-05,2,aoaostar/legado,,https://www.yeduji.com,可达
🎨 禁漫天堂 jmcomicne.net,jmcomicne.net,成人漫画图源,漫画图源/动漫图片,9,2026-02-26,1,LM-Firefly/booksource,是,https://jmcomicne.net/,可达
🎨 禁漫天堂 jmcomicgo.me,jmcomicgo.me,成人漫画图源,漫画图源/动漫图片,9,2026-02-26,2,LM-Firefly/booksource|ZGQ-inc/source_repo,是,https://jmcomicgo.me,可达
🔞乐成漫画,www.lcmhx.asia,成人漫画图源,漫画图源/动漫图片,9,2026-02-16,1,aoaostar/legado,,https://www.lcmhx.asia,可达
🌈读漫屋,读漫屋.luoyacheng.ip-ddns.com,成人漫画图源,漫画图源,9,2026-02-11,2,Luoyacheng/yuedu|ZGQ-inc/source_repo,,https://读漫屋.luoyacheng.ip-ddns.com,其它错误
久久漫画,www.jjmhw.cc,成人漫画图源,漫画图源/动漫图片,9,2026-02-05,8,ZGQ-inc/source_repo|aoaostar/legado|oli-fa/YueDuBackup/master|pindaCrazy/BookSourceForReader3.0|xdd666t/MyData,,https://www.jjmhw.cc,可达
🌸肉漫屋( 韩漫+ ),roum26.xyz,成人漫画图源,漫画图源/动漫图片,9,2026-01-02,1,aoaostar/legado,,https://roum26.xyz,可达
爱轻写真（优+）,www.635k.com,成人漫画图源,漫画图源/动漫图片,9,2025-12-21,2,aoaostar/legado,,http://www.635k.com/##@Mengteen,可达
🎨51漫画🔞,www.favcomic.xyz,成人漫画图源,漫画图源/文件网盘/动漫图片,9,2025-10-29,1,aoaostar/legado,,https://www.favcomic.xyz,可达
禁漫,xman7.org,成人漫画图源,漫画图源,9,2025-08-25,1,ZGQ-inc/source_repo,,https://xman7.org,可达
🌈pixiv小说,pixiv小说.luoyacheng.ip-ddns.com,成人漫画图源,动漫图片/文本小说,9,2025-07-19,2,Luoyacheng/yuedu|ZGQ-inc/source_repo,,https://pixiv小说.luoyacheng.ip-ddns.com,其它错误
🔞 Pixiv 漫画,www.pixiv.net,成人漫画图源,漫画图源/订阅RSS/动漫图片,9,2025-07-18,1,ZGQ-inc/source_repo,,https://www.pixiv.net/manga#2025-05-21,可达
✈️ 小黄书-后缀换搜索-夜明空,xchina.blog,成人漫画图源,漫画图源/动漫图片,9,2025-07-14,1,ZGQ-inc/source_repo,,https://xchina.blog/,有响应(拦截)
✈️ 小黄书-登录换搜索-夜明空,xchina.site,成人漫画图源,漫画图源/动漫图片,9,2025-07-14,1,ZGQ-inc/source_repo,,https://xchina.site/,有响应(拦截)
禁漫天堂[国内],18comic-hok.vip,成人漫画图源,漫画图源/动漫图片,9,2025-07-03,1,ZGQ-inc/source_repo,是,https://18comic-hok.vip,可达
🌆连连看漫画,www.hmkll.com,成人漫画图源,漫画图源/动漫图片,9,2025-06-22,1,ZGQ-inc/source_repo,,https://www.hmkll.com/##@Mengteen,可达
🎨 UAA禁漫,uaa禁漫xh,成人漫画图源,漫画图源,9,2025-05-22,1,ZGQ-inc/source_repo,是,UAA禁漫xh,其它错误
🔞📱顶通漫画,toptoon01.xyz,成人漫画图源,漫画图源/动漫图片,9,2025-05-15,1,ZGQ-inc/source_repo,,https://toptoon01.xyz,可达
龙禁漫,52longjm.com,成人漫画图源,漫画图源,9,2025-05-10,1,ZGQ-inc/source_repo,,https://52longjm.com/,可达
🎨无遮挡韩漫🔞,wzdhm.cc,成人漫画图源,漫画图源/文件网盘/动漫图片,9,2025-05-07,1,aoaostar/legado,,https://wzdhm.cc,可达
🎨漫小肆🔞,www.mxshm.top,成人漫画图源,漫画图源/文件网盘/动漫图片,9,2025-05-07,2,aoaostar/legado|oli-fa/YueDuBackup/master,,https://www.mxshm.top,可达
⌨绅士漫画(htmanga9)🔞,www.wn03.cc,成人漫画图源,漫画图源/动漫图片,9,2025-04-22,1,ZGQ-inc/source_repo,,https://www.wn03.cc/##旅途,可达
🎨禁漫天堂💞,jmcomic.ltd,成人漫画图源,漫画图源/社区推荐/动漫图片,9,2025-04-10,3,LM-Firefly/booksource|ZGQ-inc/source_repo|pindaCrazy/BookSourceForReader3.0,,https://jmcomic.ltd,可达
每日色漫,xn--oiji-k32hr15anv9f.155comic25.icu,成人漫画图源,漫画图源/动漫图片,9,2025-03-31,2,ZGQ-inc/source_repo,,https://xn--oiji-k32hr15anv9f.155comic25.icu,可达
🌈pixiv小说,app-api.pixiv.net,成人漫画图源,动漫图片/文本小说,9,2025-03-15,1,ZGQ-inc/source_repo,,https://app-api.pixiv.net/,页面不存在
🌈pixiv小说,洛娅橙.pixiv小说,成人漫画图源,动漫图片/文本小说,9,2025-03-05,1,ZGQ-inc/source_repo,,https://洛娅橙.pixiv小说,其它错误
🌈读漫屋,洛娅橙-读漫屋,成人漫画图源,漫画图源,9,2025-03-02,1,ZGQ-inc/source_repo,,洛娅橙-读漫屋,其它错误
🎨顶通漫画🔞,toptoon09.com,成人漫画图源,漫画图源/动漫图片,9,2025-02-28,1,ZGQ-inc/source_repo,,https://toptoon09.com/,可达
🌈绅士漫画,洛娅橙-绅士漫画,成人漫画图源,漫画图源/动漫图片,9,2025-02-23,1,ZGQ-inc/source_repo,,洛娅橙-绅士漫画,其它错误
🌈pixiv小说,洛娅橙-pixiv小说,成人漫画图源,动漫图片/文本小说,9,2025-02-18,1,ZGQ-inc/source_repo,,洛娅橙-pixiv小说,其它错误
🎨禁漫岛,jmd8.com,成人漫画图源,漫画图源/动漫图片,9,2025-02-13,1,ZGQ-inc/source_repo,,https://jmd8.com/,可达
🌐日本漫画,www.mangabz.com,成人漫画图源,漫画图源/动漫图片,9,2025-02-05,1,ZGQ-inc/source_repo,,https://www.mangabz.com/##,可达
18漫画-Buding,18mh.org,成人漫画图源,漫画图源/动漫图片,9,2025-02-05,1,ZGQ-inc/source_repo,,https://18mh.org,有响应(拦截)
狐狸韩漫-Buding,www.hulihanman.com,成人漫画图源,漫画图源,9,2025-02-04,1,ZGQ-inc/source_repo,,http://www.hulihanman.com,异常状态
18禁漫◎辞晨◎,m.18mhx.com,成人漫画图源,漫画图源,9,2025-01-29,1,ZGQ-inc/source_repo,,https://m.18mhx.com/,可达
🌐开心看漫画🔞◎辞晨◎,kxmanhua.com,成人漫画图源,漫画图源/社区标记失效/动漫图片,9,2025-01-29,1,ZGQ-inc/source_repo,,https://kxmanhua.com/,可达
色色漫画,www.sesemanhua.com,成人漫画图源,漫画图源/动漫图片,9,2025-01-16,1,ZGQ-inc/source_repo,,https://www.sesemanhua.com,可达
语文漫画,www.uaa.com,成人漫画图源,漫画图源/动漫图片,9,2024-11-11,2,ZGQ-inc/source_repo,是,https://www.uaa.com/api/comic/app/comic/,有响应(拦截)
🎨禁漫天堂[分流],18comic-16promax.xyz,成人漫画图源,漫画图源/动漫图片,9,2024-09-20,1,ZGQ-inc/source_repo,,https://18comic-16promax.xyz/,连接失败
🎨 禁漫屋,jmwu.xyz,成人漫画图源,漫画图源,9,2024-09-15,2,ZGQ-inc/source_repo,,https://jmwu.xyz,可达
🎨 韩国漫画,www.mxs12.cc,成人漫画图源,漫画图源/动漫图片,9,2024-09-15,1,ZGQ-inc/source_repo,,https://www.mxs12.cc,可达
🏆 禁漫天堂,18comic-deadp.club,成人漫画图源,漫画图源/动漫图片,9,2024-08-04,1,ZGQ-inc/source_repo,,https://18comic-deadp.club/,连接失败
UAA•漫画[自改],这里也也也可以写写写任何内容。。。,成人漫画图源,漫画图源/动漫图片,9,2024-08-03,1,ZGQ-inc/source_repo,是,这里也也也可以写写写任何内容。。。,其它错误
友爱漫画,uaa·漫画,成人漫画图源,漫画图源/动漫图片,9,2024-08-03,4,ZGQ-inc/source_repo|aoaostar/legado|pindaCrazy/BookSourceForReader3.0,,UAA·漫画,其它错误
🔥BestGirlSex⚠️看注释,bestgirlsexy.com,成人漫画图源,漫画图源,9,2024-08-01,2,ZGQ-inc/source_repo,是,https://bestgirlsexy.com,有响应(拦截)
(#)免费韩漫,www.hanmanmianfei.net,成人漫画图源,漫画图源,9,2024-08-01,1,ZGQ-inc/source_repo,,https://www.hanmanmianfei.net,可达
✈️ JComic,jcomic.net,成人漫画图源,漫画图源/动漫图片,9,2024-07-28,1,ZGQ-inc/source_repo,,https://jcomic.net,可达
禁漫天堂🚀ˢˢʳ(图片分割重组),18-comicblade.me,成人漫画图源,漫画图源/动漫图片,9,2024-06-14,2,ZGQ-inc/source_repo,是,https://18-comicblade.me##自改,有响应(拦截)
禁漫天堂🚀ˢˢʳ(图片分割重组),18-comicblade.me,成人漫画图源,漫画图源/动漫图片,9,2024-06-14,1,ZGQ-inc/source_repo,是,https://18-comicblade.me,有响应(拦截)
18禁漫❄️,18h.mm-cg.com,成人漫画图源,漫画图源,9,2024-05-17,1,ZGQ-inc/source_repo,,https://18h.mm-cg.com/zh/,可达
三四禁漫,www.san449.com,成人漫画图源,漫画图源/动漫图片,9,2024-04-21,7,LM-Firefly/booksource|ZGQ-inc/source_repo|daiaji/LegadoSource,,https://www.san449.com/,可达
🗂🙈就漫画,www.jiumanhua.com,成人漫画图源,漫画图源/动漫图片,9,2024-04-18,3,ZGQ-inc/source_repo|pindaCrazy/BookSourceForReader3.0,,https://www.jiumanhua.com,有响应(拦截)
🔞 快乐图书 静白校验搬运其他渠道去除防伪,www.san449.com,成人漫画图源,漫画图源/动漫图片,9,2024-03-18,1,ZGQ-inc/source_repo,,https://www.san449.com/##,可达
🗂🙈禁漫🚩,jmcomic.me,成人漫画图源,漫画图源/动漫图片,9,2024-02-24,1,ZGQ-inc/source_repo,是,https://jmcomic.me,有响应(拦截)
🐑 香香腐宅,boylove6.xyz,成人漫画图源,漫画图源/女频言情,9,2024-02-18,1,ZGQ-inc/source_repo,,https://boylove6.xyz,可达
🎨 漫蛙,manwaqjs.cc,成人漫画图源,漫画图源,9,2024-02-12,1,ZGQ-inc/source_repo,,https://manwaqjs.cc##自改,可达
▲精灵渡jinglingdu,www.jinglingdu.com,成人漫画图源,漫画图源,9,2024-02-02,3,ZGQ-inc/source_repo|pindaCrazy/BookSourceForReader3.0,是,https://www.jinglingdu.com,可达
🎨 夜色韩漫,夜色韩漫,成人漫画图源,漫画图源/轻小说二次元,9,2024-02-02,1,ZGQ-inc/source_repo,,夜色韩漫,其它错误
写真集（可搜索）,m.xg08.xyz,成人漫画图源,漫画图源/动漫图片,9,2024-01-19,1,ZGQ-inc/source_repo,,https://m.xg08.xyz/,连接失败
🌼十八禁漫[18翻],www.18mh.cc,成人漫画图源,漫画图源/动漫图片,9,2024-01-06,8,ZGQ-inc/source_repo|aoaostar/legado|oli-fa/YueDuBackup/master|pindaCrazy/BookSourceForReader3.0|xdd666t/MyData,,https://www.18mh.cc,可达
✈H漫画mh,www.mhhanman.xyz,成人漫画图源,漫画图源/动漫图片,9,2024-01-02,1,pindaCrazy/BookSourceForReader3.0,,https://www.mhhanman.xyz,超时
特漫网17te,www.17te.com,成人漫画图源,漫画图源/动漫图片,9,2024-01-02,2,ZGQ-inc/source_repo|pindaCrazy/BookSourceForReader3.0,,https://www.17te.com,超时
🗂🙈九妖漫画🚩,91mh01.xyz,成人漫画图源,漫画图源/动漫图片,9,2024-01-02,1,ZGQ-inc/source_repo,,https://91mh01.xyz/,可达
✈nhentai漫画,nhentai.net,成人漫画图源,漫画图源/动漫图片,9,2023-12-29,1,pindaCrazy/BookSourceForReader3.0,是,https://nhentai.net#SUN,有响应(拦截)
✈色情圖片網photos,www.photos18.com,成人漫画图源,漫画图源,9,2023-12-28,2,ZGQ-inc/source_repo|pindaCrazy/BookSourceForReader3.0,,https://www.photos18.com,可达
🎨 韩国漫画,www.mxsmh1.com,成人漫画图源,漫画图源/动漫图片,9,2023-12-27,1,ZGQ-inc/source_repo,,https://www.mxsmh1.com,可达
最漫画🈲,m.zuimh.com,成人漫画图源,漫画图源/社区标记失效/动漫图片,9,2023-12-07,12,ZGQ-inc/source_repo|daiaji/LegadoSource|oli-fa/YueDuBackup/master|zimkyes/legado_source,,https://m.zuimh.com/,连接失败
🎨开心看漫画,开心看漫画,成人漫画图源,漫画图源/轻小说二次元/动漫图片,9,2023-11-10,1,ZGQ-inc/source_repo,,开心看漫画,其它错误
🎨(🚀)禁漫天堂⚠️看注释,jm-comic.club,成人漫画图源,漫画图源/动漫图片,9,2023-08-17,1,ZGQ-inc/source_repo,是,http://jm-comic.club/,可达
🎨🙈秒看漫画,miaokanmh.com,成人漫画图源,漫画图源/动漫图片,9,2023-08-05,1,ZGQ-inc/source_repo,,https://miaokanmh.com,连接失败
🎨韩漫画🔞,www.mhhanman.xyz,成人漫画图源,漫画图源/动漫图片,9,2023-07-18,6,ZGQ-inc/source_repo|aoaostar/legado|xdd666t/MyData|zimkyes/legado_source,,https://www.mhhanman.xyz,超时
🔞🎨丽图·污漫画,litu100.xyz,成人漫画图源,漫画图源/动漫图片,9,2023-06-29,2,aoaostar/legado,,https://litu100.xyz,可达
🎨 开心看漫,开心看漫,成人漫画图源,漫画图源/轻小说二次元/动漫图片,9,2023-06-22,1,ZGQ-inc/source_repo,,开心看漫,其它错误
🎨 🙈嘿咻漫画🚩,www.nvyoumh01.top,成人漫画图源,漫画图源/社区标记失效/动漫图片,9,2023-06-22,3,ZGQ-inc/source_repo|aoaostar/legado,,https://www.nvyoumh01.top/,可达
🎨 久久漫画网🔞,wxzmh.top,成人漫画图源,漫画图源/社区标记失效/动漫图片,9,2023-06-22,1,ZGQ-inc/source_repo,,https://wxzmh.top,连接失败
🎨 久久漫画网🔞,wxzmh.top,成人漫画图源,漫画图源/社区标记失效/正版出版/动漫图片,9,2023-06-22,1,ZGQ-inc/source_repo,,https://wxzmh.top/booklist,连接失败
🎨 爱漫画网🔞,18comic2.top,成人漫画图源,漫画图源/社区标记失效/动漫图片,9,2023-06-22,2,ZGQ-inc/source_repo,,http://18comic2.top,超时
🎨 久久漫画网🔞,18comic2.top,成人漫画图源,漫画图源/社区标记失效/动漫图片,9,2023-06-22,1,ZGQ-inc/source_repo,,https://18comic2.top,超时
⌨绅士漫画(htmanga9)🔞,www.htmanga9.top,成人漫画图源,漫画图源/动漫图片,9,2023-06-04,4,ZGQ-inc/source_repo,,https://www.htmanga9.top/##旅途,超时
⌨绅士漫画(htmanga9)🔞,www.htmanga9.top,成人漫画图源,漫画图源/动漫图片,9,2023-06-04,2,ZGQ-inc/source_repo,,https://www.htmanga9.top/,超时
🔞 羞羞漫画,sinaappxx6.q236.cn,成人漫画图源,漫画图源/动漫图片,9,2023-05-02,1,ZGQ-inc/source_repo,,http://sinaappxx6.q236.cn/post/GetInfo#♤yc,异常状态
🚀 禁漫天堂(需vpn，正文切割打乱）,jm-comic1.cc,成人漫画图源,漫画图源/动漫图片,9,2023-04-15,1,ZGQ-inc/source_repo,,https://jm-comic1.cc,连接失败
🎨 绅士漫画,wnacg.com,成人漫画图源,漫画图源/动漫图片,9,2023-04-10,2,ZGQ-inc/source_repo|daiaji/LegadoSource,,http://wnacg.com,可达
🚀 瘋情漫畫,r18manga.xyz,成人漫画图源,漫画图源/动漫图片,9,2023-04-03,1,ZGQ-inc/source_repo,,https://r18manga.xyz,连接失败
🚀 禁漫天堂,18comic2.biz,成人漫画图源,漫画图源/动漫图片,9,2023-04-03,1,ZGQ-inc/source_repo,,https://18comic2.biz,连接失败
🗂🙈无删韩漫🚩,www.wshm.uk,成人漫画图源,漫画图源/社区标记失效/动漫图片,9,2023-03-30,3,ZGQ-inc/source_repo|oli-fa/YueDuBackup/master|xdd666t/MyData,,https://www.wshm.uk,连接失败
🔞 绅士漫画 🪜,www.hentaicomic.org,成人漫画图源,漫画图源/动漫图片,9,2023-03-24,1,ZGQ-inc/source_repo,,https://www.hentaicomic.org,有响应(拦截)
🗂🙈无删韩漫🚩,学编程救不了中国-----鲁迅,成人漫画图源,漫画图源/动漫图片,9,2023-03-06,1,ZGQ-inc/source_repo,,学编程救不了中国-----鲁迅,其它错误
漫蛙,manwa.live,成人漫画图源,漫画图源/动漫图片,9,2023-03-06,6,ZGQ-inc/source_repo|oli-fa/YueDuBackup/master|zimkyes/legado_source,,https://manwa.live,连接失败
51漫画,m.51sami.com,成人漫画图源,漫画图源/动漫图片,9,2023-02-24,8,ZGQ-inc/source_repo|oli-fa/YueDuBackup/master|xdd666t/MyData|zimkyes/legado_source,,https://m.51sami.com#♤Haxc,连接失败
新新漫画,jinzandp.com,成人漫画图源,漫画图源/动漫图片,9,2023-02-24,1,ZGQ-inc/source_repo,,https://jinzandp.com/,有响应(拦截)
🗂🙈禁漫屋,jmwu.men,成人漫画图源,漫画图源,9,2023-01-16,1,ZGQ-inc/source_repo,,https://jmwu.men/,有响应(拦截)
🗂🙈韩国漫画🚩,www.migumh.com,成人漫画图源,漫画图源/社区标记失效/正版出版/动漫图片,9,2023-01-16,5,ZGQ-inc/source_repo|e101406/booksources/master|xdd666t/MyData,,https://www.migumh.com/,可达
🎟️香香腐宅,fuhouse.club,成人漫画图源,漫画图源/正版出版/女频言情/动漫图片,9,2022-12-10,1,ZGQ-inc/source_repo,,https://fuhouse.club/bl,可达
歪歪之家,m.cacamh.com,成人漫画图源,漫画图源/动漫图片,9,2022-12-05,1,ZGQ-inc/source_repo,,https://m.cacamh.com/,有响应(拦截)
🎨 漫蛙{来个大佬修改正文},manwa.vip,成人漫画图源,漫画图源/动漫图片,9,2022-11-18,3,Cyril0563/FREE_COMIC-BOOK/main|ZGQ-inc/source_repo|xdd666t/MyData,,https://manwa.vip,超时
🎨 久久漫画网,www.ikanwzd.top,成人漫画图源,漫画图源/动漫图片,9,2022-11-17,13,ZGQ-inc/source_repo|oli-fa/YueDuBackup/master|xdd666t/MyData,,https://www.ikanwzd.top,可达
🎨 香香腐宅,boylov.xyz,成人漫画图源,漫画图源/正版出版/女频言情/动漫图片,9,2022-11-17,2,ZGQ-inc/source_repo|xdd666t/MyData,,https://boylov.xyz,可达
🎨 禁漫天堂,jmcomic.mobi,成人漫画图源,漫画图源/动漫图片,9,2022-11-12,4,ZGQ-inc/source_repo|oli-fa/YueDuBackup/master|xdd666t/MyData,,https://jmcomic.mobi,可达
🎨 无删韩漫,无删韩漫,成人漫画图源,漫画图源/动漫图片,9,2022-11-01,2,ZGQ-inc/source_repo|xdd666t/MyData,,无删韩漫,其它错误
🎨 九妖漫画,九妖漫画,成人漫画图源,漫画图源/轻小说二次元/动漫图片,9,2022-11-01,2,ZGQ-inc/source_repo|xdd666t/MyData,,九妖漫画,其它错误
🎨十八禁漫🔞,十八禁漫,成人漫画图源,漫画图源/轻小说二次元/动漫图片,9,2022-10-24,1,ZGQ-inc/source_repo,,十八禁漫,其它错误
🎨 歪漫画,www.dsduy.xyz,成人漫画图源,漫画图源/动漫图片,9,2022-09-18,3,ZGQ-inc/source_repo|oli-fa/YueDuBackup/master|xdd666t/MyData,,https://www.dsduy.xyz,有响应(拦截)
🎨 绅士漫画,www.hentaicomic.org,成人漫画图源,漫画图源/动漫图片,9,2022-06-11,2,oli-fa/YueDuBackup/master|xdd666t/MyData,,https://www.hentaicomic.org,有响应(拦截)
🎨 香香腐宅,blcnimghost1.cc,成人漫画图源,漫画图源/女频言情/动漫图片,9,2022-03-29,1,ZGQ-inc/source_repo,,https://blcnimghost1.cc,连接失败
🎨 香香腐宅,boyloves.cc,成人漫画图源,漫画图源/女频言情/动漫图片,9,2022-02-15,1,ZGQ-inc/source_repo,,https://boyloves.cc,可达
㊕✐好吧漫画 #一程,hao8.net,成人漫画图源,漫画图源/动漫图片,9,2022-01-02,1,ZGQ-inc/source_repo,,https://hao8.net#yc1101,超时
🎨 香香腐宅,boylove.house,成人漫画图源,漫画图源/女频言情/动漫图片,9,2021-11-28,3,ZGQ-inc/source_repo|someok/booksources,,https://boylove.house,可达
🎨 肉色漫画,m.roumh.com,成人漫画图源,漫画图源/动漫图片,9,2021-11-21,3,ZGQ-inc/source_repo|oli-fa/YueDuBackup/master|xdd666t/MyData,,https://m.roumh.com,有响应(拦截)
漫画猫,www.manhuacat.com,成人漫画图源,漫画图源/动漫图片,9,2021-11-10,1,ZGQ-inc/source_repo,,https://www.manhuacat.com,有响应(拦截)
爱漫画📱,mdkjdsfldslkfjknsghsjjshhjahgshhisjbsgygghw.zs520ds.cn,成人漫画图源,漫画图源/轻小说二次元/动漫图片,9,2021-11-07,1,ZGQ-inc/source_repo,,http://mdkjdsfldslkfjknsghsjjshhjahgshhisjbsgygghw.zs520ds.cn,可达
MangaDex,mangadex.org,成人漫画图源,漫画图源/动漫图片,9,2021-11-06,3,ZGQ-inc/source_repo|aoaostar/legado,,https://mangadex.org,可达
🎨 6漫画,www.6mh7.com,成人漫画图源,漫画图源/动漫图片,9,2021-10-11,7,ZGQ-inc/source_repo|oli-fa/YueDuBackup/master|someok/booksources,,http://www.6mh7.com,有响应(拦截)
🎨 禁漫天堂3🔥,18comic3.art,成人漫画图源,漫画图源/动漫图片,9,2021-09-30,1,ZGQ-inc/source_repo,,https://18comic3.art,连接失败
🎨 禁漫天堂cc🔥,jmcomic.cc,成人漫画图源,漫画图源/动漫图片,9,2021-09-30,1,ZGQ-inc/source_repo,,https://Jmcomic.cc,可达
🎨 禁漫天堂cc🔥,jmcomic1.cc,成人漫画图源,漫画图源/动漫图片,9,2021-09-30,1,ZGQ-inc/source_repo,,https://jmcomic1.cc,可达
🎨 笔趣漫画,www.tohaomh.com,成人漫画图源,漫画图源/站群模板/动漫图片,9,2021-09-28,2,ZGQ-inc/source_repo|someok/booksources,,https://www.tohaomh.com,连接失败
🎨 彩色漫画 🔞,www.kakamh.com,成人漫画图源,漫画图源/动漫图片,9,2021-09-28,6,ZGQ-inc/source_repo|oli-fa/YueDuBackup/master|someok/booksources,,https://www.kakamh.com,连接失败
🎨 Mangabz,www.mangabz.com已校验,成人漫画图源,漫画图源/动漫图片,9,2021-09-17,1,ZGQ-inc/source_repo,,http://www.mangabz.com已校验,其它错误
🎨 木马漫画,www.muamh.com,成人漫画图源,漫画图源/动漫图片,9,2021-09-02,8,ZGQ-inc/source_repo|oli-fa/YueDuBackup/master|someok/booksources|xdd666t/MyData,,https://www.muamh.com,有响应(拦截)
🎨 拷贝漫画,www.copymanga.net,成人漫画图源,漫画图源/动漫图片,9,2021-08-25,2,ZGQ-inc/source_repo|oli-fa/YueDuBackup/master,,https://www.copymanga.net,连接失败
COCO漫画🌐,www.cocomanhua.com,成人漫画图源,漫画图源/动漫图片,9,2021-08-19,2,ZGQ-inc/source_repo|oli-fa/YueDuBackup/master,,https://www.cocomanhua.com,有响应(拦截)
禁漫天堂,18comic1.biz,成人漫画图源,漫画图源/动漫图片,9,2021-08-15,2,ZGQ-inc/source_repo|oli-fa/YueDuBackup/master,,https://18comic1.biz,可达
🎨 笔趣漫画,www.biqug.org,成人漫画图源,漫画图源/站群模板/动漫图片,9,2021-08-12,3,aoaostar/legado|xdd666t/MyData,,https://www.biqug.org,可达
禁漫天堂2🔞,18comic2.art,成人漫画图源,漫画图源/动漫图片,9,2021-07-25,1,ZGQ-inc/source_repo,,https://18comic2.art,可达
||💰晋江app🌸言情/耽美🌸,m.jjwxc.net,成人漫画图源,漫画图源/社区标记失效/正版出版/女频言情/动漫图片,9,2021-07-17,1,ZGQ-inc/source_repo,是,https://m.jjwxc.net#迷迭edit-zbbgbl,可达
🎨 SVIP漫画 🔞,m.svipmh.com,成人漫画图源,漫画图源/动漫图片,9,2021-07-15,6,ZGQ-inc/source_repo|oli-fa/YueDuBackup/master,,https://m.svipmh.com,可达
🎨 WAP漫画 🔞,www.wapmh.com,成人漫画图源,漫画图源/动漫图片,9,2021-07-15,2,ZGQ-inc/source_repo|oli-fa/YueDuBackup/master,,https://www.wapmh.com,超时
🎨 BL漫画网🔞,www.kanbl.com,成人漫画图源,漫画图源/女频言情/动漫图片,9,2021-06-22,2,ZGQ-inc/source_repo|oli-fa/YueDuBackup/master,,https://www.kanbl.com,超时
肉漫屋🔞,rouman5.com,成人漫画图源,漫画图源/动漫图片,9,2021-06-09,2,ZGQ-inc/source_repo|oli-fa/YueDuBackup/master,,https://rouman5.com/home,可达
秀人集,www.xiurend.vip,成人漫画图源,动漫图片/文本小说,9,2021-06-06,1,ZGQ-inc/source_repo,,https://www.xiurend.vip/,超时
秀人集,www.xiurenb.vip,成人漫画图源,动漫图片/文本小说,9,2021-06-06,1,ZGQ-inc/source_repo,,https://www.xiurenb.vip/,可达
新新漫画,www.77mh.vip,成人漫画图源,漫画图源/动漫图片,9,2021-03-12,2,ZGQ-inc/source_repo|oli-fa/YueDuBackup/master,,https://www.77mh.vip,超时
🎨 禁漫天堂,18comic.bet,成人漫画图源,漫画图源/动漫图片,9,2021-01-07,2,ZGQ-inc/source_repo|oli-fa/YueDuBackup/master,,https://18comic.bet,可达
🎨 禁漫天堂 🔞,18comic4.biz,成人漫画图源,漫画图源/动漫图片,9,2020-12-01,1,ZGQ-inc/source_repo,,https://18comic4.biz,连接失败
🎨 漫画芯,m.mhxin.com,成人漫画图源,漫画图源/动漫图片,9,2020-11-24,5,oli-fa/YueDuBackup/master,,https://m.mhxin.com,可达
🎨 禁漫天堂 (更新),18comic2.biz,成人漫画图源,漫画图源/动漫图片,9,2020-11-17,1,oli-fa/YueDuBackup/master,,https://18comic2.biz,连接失败
🎨 OH漫画,www.ohmanhua.com,成人漫画图源,漫画图源/动漫图片,9,2020-11-11,3,ZGQ-inc/source_repo|oli-fa/YueDuBackup/master,,https://www.ohmanhua.com,超时
瘋情漫畫🎨,r18manga.xyz,成人漫画图源,漫画图源/动漫图片,9,2020-11-03,1,oli-fa/YueDuBackup/master,,https://r18manga.xyz,连接失败
🎨 漫画love 🔞,vip.php06.com,成人漫画图源,漫画图源/动漫图片,9,2020-09-26,2,ZGQ-inc/source_repo|oli-fa/YueDuBackup/master,,http://vip.php06.com,可达
🎨 里番本子库,m.lifanbzk.org,成人漫画图源,漫画图源/动漫图片,9,2020-09-25,1,ZGQ-inc/source_repo,,http://m.lifanbzk.org,可达
啪啪漫画📱🔞❗,m.papamh.com,成人漫画图源,漫画图源/社区标记失效/动漫图片,9,未知,1,ZGQ-inc/source_repo,,http://m.papamh.com,异常状态
啪啪啪漫画📱🔞,m.fjlp99.com,成人漫画图源,漫画图源/动漫图片,9,未知,1,ZGQ-inc/source_repo,,http://m.fjlp99.com,异常状态
吾爱看漫画网🔞,52kanmh.top,成人漫画图源,漫画图源/动漫图片,9,未知,1,ZGQ-inc/source_repo,,http://52kanmh.top,异常状态
禁漫天堂 18cc🔞,jmcomic1.group ,成人漫画图源,漫画图源/动漫图片,9,未知,1,ZGQ-inc/source_repo,,https://jmcomic1.group /,可达
禁漫天堂 🔞,jmcomic.asia,成人漫画图源,漫画图源/动漫图片,9,未知,1,ZGQ-inc/source_repo,,https://jmcomic.asia,可达
禁漫天堂 🔞,jmcomic1.city,成人漫画图源,漫画图源/动漫图片,9,未知,1,ZGQ-inc/source_repo,,https://jmcomic1.city,连接失败
阅读分享,jmcomic.moe,成人漫画图源,漫画图源/动漫图片,9,未知,1,ZGQ-inc/source_repo,,https://jmcomic.moe,连接失败
禁漫天堂 🔞,jmcomic1.win,成人漫画图源,漫画图源/动漫图片,9,未知,1,ZGQ-inc/source_repo,,https://jmcomic1.win,可达
禁漫天堂 🔞,,成人漫画图源,漫画图源/动漫图片,9,未知,1,ZGQ-inc/source_repo,,https:////jmcomic1.onl/,连接失败
禁漫天堂 🔞,,成人漫画图源,漫画图源/动漫图片,9,未知,1,ZGQ-inc/source_repo,,https:////jmcomic2.onl/,连接失败
禁漫天堂 🔞,jmcomic.rocks,成人漫画图源,漫画图源/动漫图片,9,未知,1,ZGQ-inc/source_repo,,https://jmcomic.rocks/,可达
禁漫天堂 🔞,jmcomic1.rocks,成人漫画图源,漫画图源/动漫图片,9,未知,1,ZGQ-inc/source_repo,,https://jmcomic1.rocks/,可达
腐漫画,www.fmhuaa.com,成人漫画图源,漫画图源/女频言情/动漫图片,9,未知,1,ZGQ-inc/source_repo,,http://www.fmhuaa.com,页面不存在
可米酷,comicool.cn,成人漫画图源,漫画图源/动漫图片,9,未知,5,ZGQ-inc/source_repo|fmpfmp/YueDuBackup|oli-fa/YueDuBackup/master,,https://comicool.cn,连接失败
MangaBat🇬🇧,mangabat.com,成人漫画图源,漫画图源/动漫图片,9,未知,1,ZGQ-inc/source_repo,,https://mangabat.com/web,可达
MangaPark🇬🇧,mangapark.org,成人漫画图源,漫画图源/动漫图片,9,未知,1,ZGQ-inc/source_repo,,https://mangapark.org,可达
哔哔漫画,www.bibimh.com,成人漫画图源,漫画图源/动漫图片,9,未知,1,ZGQ-inc/source_repo,,http://www.bibimh.com,可达
H漫画）,www.mhhanman.xyz,成人漫画图源,漫画图源/动漫图片,9,未知,1,ZGQ-inc/source_repo,,http://www.mhhanman.xyz/,超时
掌阅漫画💰,cm233.com,成人漫画图源,漫画图源/正版出版/女频言情/动漫图片,9,未知,1,ZGQ-inc/source_repo,,http://cm233.com,可达
哔咔漫画,www.buffacg.com,成人漫画图源,漫画图源/女频言情/动漫图片,9,未知,1,ZGQ-inc/source_repo,,http://www.buffacg.com,异常状态
新新漫画HD,www.177mh.net,成人漫画图源,漫画图源/女频言情/动漫图片,9,未知,1,ZGQ-inc/source_repo,,https://www.177mh.net,可达
腐漫画,www.fmhuaa.net,成人漫画图源,漫画图源/女频言情/动漫图片,9,未知,1,ZGQ-inc/source_repo,,http://www.fmhuaa.net,异常状态
百年漫画,www.bnmanhua.com,成人漫画图源,漫画图源/女频言情/动漫图片,9,未知,1,ZGQ-inc/source_repo,,https://www.bnmanhua.com,超时
星辰漫画📱,m.xcmh.cc,成人漫画图源,漫画图源/女频言情/动漫图片,9,未知,1,ZGQ-inc/source_repo,,http://m.xcmh.cc,异常状态
999漫画📱,m.999comics.com,成人漫画图源,漫画图源/女频言情/动漫图片,9,未知,1,ZGQ-inc/source_repo,,https://m.999comics.com,有响应(拦截)
禁漫天堂🔞,18comic.art,成人漫画图源,漫画图源/动漫图片,9,未知,1,ZGQ-inc/source_repo,,https://18comic.art,可达
禁漫天堂🔞,https,成人漫画图源,漫画图源/动漫图片,9,未知,1,ZGQ-inc/source_repo,,https://https://18comic2.one/?__cf_chl_jschl_tk__=69592bfcc4e6033828b7655b38ba87681781ec8f-1620649642-0-AbUKXGE3fR7Fm5xD4GE9r5iJz2DfS3m,域名解析失败
禁漫天堂🔞,18comic3.biz,成人漫画图源,漫画图源/动漫图片,9,未知,1,ZGQ-inc/source_repo,,https://18comic3.biz,连接失败
禁漫天堂🔞,18comic.org,成人漫画图源,漫画图源/动漫图片,9,未知,1,ZGQ-inc/source_repo,,https://18comic.org,有响应(拦截)
禁漫天堂1🔞,18comic1.art,成人漫画图源,漫画图源/动漫图片,9,未知,1,ZGQ-inc/source_repo,,https://18comic1.art,异常状态
禁漫天堂 3cc🔞,jmcomic3.cc,成人漫画图源,漫画图源/动漫图片,9,未知,1,ZGQ-inc/source_repo,,https://jmcomic3.cc,可达
禁漫天堂 18cc🔞,18comic.cc,成人漫画图源,漫画图源/动漫图片,9,未知,1,ZGQ-inc/source_repo,,https://18comic.cc/,超时
禁漫天堂 🔞,jmcomic2.me,成人漫画图源,漫画图源/动漫图片,9,未知,2,ZGQ-inc/source_repo,,https://jmcomic2.me//,连接失败
HHHHHH🔞,194.36.37.77,成人漫画图源,漫画图源/社区标记失效/动漫图片,9,未知,1,ZGQ-inc/source_repo,,http://194.36.37.77:8991,超时
漫画857,www.mh857.cn,成人漫画图源,漫画图源/动漫图片,9,未知,1,ZGQ-inc/source_repo,,http://www.mh857.cn,可达
污哩漫画,www.wlhanman.net,成人漫画图源,漫画图源/社区标记失效/动漫图片,9,未知,1,ZGQ-inc/source_repo,,https://www.wlhanman.net,连接失败
🎨 禁漫天堂,18comic.vip,成人漫画图源,漫画图源/动漫图片,8,2025-12-13,4,LM-Firefly/booksource|ZGQ-inc/source_repo|daiaji/LegadoSource,,https://18comic.vip,有响应(拦截)
🔞韩漫库,se8.us,成人漫画图源,漫画图源,8,2025-08-20,4,ZGQ-inc/source_repo|pindaCrazy/BookSourceForReader3.0,是,https://se8.us,可达
色色图库🌇🔍,baidu.sstuku73.xyz,成人漫画图源,漫画图源,8,2025-08-19,1,ZGQ-inc/source_repo,,https://baidu.sstuku73.xyz,可达
🔞三四娱乐[无发现],www.san421.com,成人漫画图源,漫画图源/动漫图片,8,2025-07-21,2,ZGQ-inc/source_repo,,https://www.san421.com/,可达
淫淫小说🔍可以漫画,cf10.xbooks.vip,成人漫画图源,漫画图源/正版出版/动漫图片,8,2025-07-15,1,ZGQ-inc/source_repo,,https://cf10.xbooks.vip,可达
撸撸文学,a3b4c5d6.luluwo12.cc,成人漫画图源,漫画图源/站群模板/正版出版,8,2025-07-14,1,ZGQ-inc/source_repo,,https://a3b4c5d6.luluwo12.cc/,连接失败
UAA漫画,m.uaa.com,成人漫画图源,漫画图源/动漫图片,8,2025-06-24,1,ZGQ-inc/source_repo,,https://m.uaa.com/comic,有响应(拦截)
🔞KM漫画📶,kmh004.com,成人漫画图源,漫画图源/动漫图片,8,2025-06-24,2,ZGQ-inc/source_repo,,https://kmh004.com/#,可达
🔞顶通漫画🚀,toptoon.buzz,成人漫画图源,漫画图源/动漫图片,8,2025-06-24,5,ZGQ-inc/source_repo|aoaostar/legado|pindaCrazy/BookSourceForReader3.0,,https://toptoon.buzz,可达
🔞爱看韩漫📶,www.ikanhm.top,成人漫画图源,漫画图源,8,2025-06-24,8,ZGQ-inc/source_repo|aoaostar/legado|oli-fa/YueDuBackup/master|pindaCrazy/BookSourceForReader3.0|xdd666t/MyData,,https://www.ikanhm.top,可达
绅士会所,www.10357756.xyz,成人漫画图源,漫画图源,8,2025-01-24,1,ZGQ-inc/source_repo,,https://www.10357756.xyz,可达
UAA漫画，友漫,www.uaa001.com,成人漫画图源,漫画图源/动漫图片,8,2025-01-08,1,ZGQ-inc/source_repo,,https://www.uaa001.com##漫画,有响应(拦截)
欲撸集,yuluji.blogspot.com,成人漫画图源,漫画图源,8,2024-08-21,1,ZGQ-inc/source_repo,,https://yuluji.blogspot.com,可达
🔞 wyblogs,wyblogs.eu.org,成人漫画图源,漫画图源,8,2024-08-21,1,ZGQ-inc/source_repo,,https://wyblogs.eu.org,可达
🗂一耽漫画,ydan.cc,成人漫画图源,漫画图源/动漫图片,8,2024-08-04,3,ZGQ-inc/source_repo|aoaostar/legado,,https://ydan.cc,连接失败
✈7mm漫画7mmtv,7mmtv.sx,成人漫画图源,漫画图源/动漫图片,8,2024-02-04,2,ZGQ-inc/source_repo|pindaCrazy/BookSourceForReader3.0,,https://7mmtv.sx,可达
哟糖社nicesss,www.nicesss.com,成人漫画图源,漫画图源,8,2024-02-02,3,ZGQ-inc/source_repo|pindaCrazy/BookSourceForReader3.0,,https://www.nicesss.com,可达
BIKA庇护所wowowo12-图片,ios.wowowo2.top,成人漫画图源,漫画图源,8,2024-01-29,5,ZGQ-inc/source_repo|pindaCrazy/BookSourceForReader3.0,,https://ios.wowowo2.top#图片,可达
BIKA庇护所wowowo12-图片,ios.wowowo2.top,成人漫画图源,漫画图源,8,2024-01-29,1,ZGQ-inc/source_repo,,https://ios.wowowo2.top,可达
BIKA庇护所wowowo12-漫画,ios.wowowo12.top,成人漫画图源,漫画图源/动漫图片,8,2024-01-24,2,ZGQ-inc/source_repo,,https://ios.wowowo12.top#漫画,其它错误
BIKA庇护所wowowo12-漫画,ios.wowowo12.top,成人漫画图源,漫画图源/动漫图片,8,2024-01-24,1,ZGQ-inc/source_repo,,https://ios.wowowo12.top,可达
H-Comic漫画,h-comic.com,成人漫画图源,漫画图源/动漫图片,8,2024-01-09,3,ZGQ-inc/source_repo|pindaCrazy/BookSourceForReader3.0,,https://h-comic.com,可达
✈ASM漫画asmhentai,asmhentai.com,成人漫画图源,漫画图源/动漫图片,8,2024-01-02,1,ZGQ-inc/source_repo,,https://asmhentai.com,可达
🎨UAA漫画,www.uaa.com,成人漫画图源,漫画图源/动漫图片,8,2023-12-28,3,ZGQ-inc/source_repo|aoaostar/legado,,https://www.uaa.com/app,有响应(拦截)
H漫画mhww,www.mhww.xyz,成人漫画图源,漫画图源/动漫图片,8,2023-12-28,2,ZGQ-inc/source_repo|pindaCrazy/BookSourceForReader3.0,,https://www.mhww.xyz,可达
漫画屋mhua5,www.mhua5.com,成人漫画图源,漫画图源/动漫图片,8,2023-12-17,1,pindaCrazy/BookSourceForReader3.0,,https://www.mhua5.com#图片分割修复,可达
🎨爱看韩漫,爱看韩漫,成人漫画图源,漫画图源/轻小说二次元,8,2023-11-10,2,ZGQ-inc/source_repo|xdd666t/MyData,,爱看韩漫,其它错误
禁漫天堂,jmcomic4.cc,成人漫画图源,漫画图源/社区标记失效/动漫图片,8,2023-11-10,4,ZGQ-inc/source_repo|oli-fa/YueDuBackup/master|xdd666t/MyData,,https://jmcomic4.cc,可达
🎨🚀E-Hentai⚠️看注释,e-hentai.org,成人漫画图源,漫画图源,8,2023-08-18,1,ZGQ-inc/source_repo,,https://e-hentai.org,可达
🗂🙈奶牛漫画💰,奶牛漫画,成人漫画图源,漫画图源/动漫图片,8,2023-05-10,2,ZGQ-inc/source_repo|xdd666t/MyData,,奶牛漫画,其它错误
🎨梦游漫画,梦游漫画,成人漫画图源,漫画图源/社区推荐/轻小说二次元/动漫图片,8,2023-05-09,2,ZGQ-inc/source_repo|xdd666t/MyData,,梦游漫画,其它错误
UU韩漫,uu韩漫,成人漫画图源,漫画图源/社区标记失效/轻小说二次元/订阅RSS/动漫图片,8,2023-04-19,3,ZGQ-inc/source_repo|daiaji/LegadoSource|xdd666t/MyData,,UU韩漫,其它错误
🎨UU韩漫,www.uuhanman.com,成人漫画图源,漫画图源/动漫图片,8,2023-04-19,8,ZGQ-inc/source_repo|aoaostar/legado|daiaji/LegadoSource|oli-fa/YueDuBackup/master|xdd666t/MyData,,https://www.uuhanman.com,连接失败
🎨 羞羞韩漫,羞羞韩漫,成人漫画图源,漫画图源/动漫图片,8,2023-04-11,1,ZGQ-inc/source_repo,,羞羞韩漫,其它错误
🎨连连看漫画,www.llkmh.com,成人漫画图源,漫画图源/轻小说二次元/动漫图片,8,2023-01-22,1,ZGQ-inc/source_repo,,https://www.llkmh.com,页面不存在
🎨绅士漫画💞,www.shenmh.top,成人漫画图源,漫画图源/动漫图片,8,2023-01-21,4,ZGQ-inc/source_repo|daiaji/LegadoSource|oli-fa/YueDuBackup/master|xdd666t/MyData,,https://www.shenmh.top,连接失败
🎨 绅士漫画,🎨 绅士漫画,成人漫画图源,漫画图源/轻小说二次元/动漫图片,8,2023-01-01,1,ZGQ-inc/source_repo,,🎨 绅士漫画,连接失败
腐看天地漫画,m.fktd.com,成人漫画图源,漫画图源/女频言情/动漫图片,8,2022-12-23,2,ZGQ-inc/source_repo|oli-fa/YueDuBackup/master,,https://m.fktd.com/,连接失败
🎨 连连看漫画,连连看漫画,成人漫画图源,漫画图源/轻小说二次元/订阅RSS/动漫图片,8,2022-11-01,2,ZGQ-inc/source_repo|xdd666t/MyData,,连连看漫画,其它错误
🎨 热门韩漫,热门韩漫,成人漫画图源,漫画图源/轻小说二次元/订阅RSS/动漫图片,8,2022-11-01,2,ZGQ-inc/source_repo|xdd666t/MyData,,热门韩漫,其它错误
🎨 经典韩漫,经典韩漫,成人漫画图源,漫画图源/动漫图片,8,2022-11-01,2,ZGQ-inc/source_repo|xdd666t/MyData,,经典韩漫,其它错误
🎨 木马漫画,木马漫画,成人漫画图源,漫画图源/轻小说二次元/订阅RSS/动漫图片,8,2022-11-01,2,ZGQ-inc/source_repo|xdd666t/MyData,,木马漫画,其它错误
18av写真网,maa1807.com,成人漫画图源,动漫图片/文本小说,8,2021-11-11,1,ZGQ-inc/source_repo,,https://maa1807.com/##写真by_夏尔,连接失败
18av漫画网,maa1807.com,成人漫画图源,漫画图源/动漫图片,8,2021-11-11,1,ZGQ-inc/source_repo,,https://maa1807.com/##漫画by_夏尔,连接失败
掌阅漫画™📱💰,m.cm233.com,成人漫画图源,漫画图源/正版出版/女频言情/动漫图片,8,未知,1,ZGQ-inc/source_repo,,http://m.cm233.com,异常状态
御宅屋,www.yushuu.com,成人漫画图源,漫画图源/动漫图片,8,未知,1,ZGQ-inc/source_repo,,http://www.yushuu.com,可达
🔞哔咔庇护所,ios.pipigou896.top,成人漫画图源,漫画图源,7,2025-06-24,2,ZGQ-inc/source_repo,,https://ios.pipigou896.top/list,可达
免费写真网,www.mfxzt.com,成人漫画图源,漫画图源/动漫图片,6,2025-05-31,1,ZGQ-inc/source_repo,,http://www.mfxzt.com/,超时
🔥Kungfutv｜Cosplay 18+,kungfutv.net,成人漫画图源,漫画图源,6,2025-01-16,1,ZGQ-inc/source_repo,,https://kungfutv.net/#b,可达
🎨 漫香阁 🔞💡,manxiangge.com,成人漫画图源,漫画图源/动漫图片,6,2021-07-05,8,ZGQ-inc/source_repo|oli-fa/YueDuBackup/master|xdd666t/MyData,,https://manxiangge.com,连接失败
淫牛图片🌇,104.233.159.136,成人漫画图源,漫画图源,5,2025-08-17,1,ZGQ-inc/source_repo,,https://104.233.159.136:2666/,可达
🔞极乐漫画,iijln.com,成人漫画图源,漫画图源/动漫图片,5,2024-10-03,1,ZGQ-inc/source_repo,,https://iijln.com,可达
🔞极乐漫画,issmh.cc,成人漫画图源,漫画图源/动漫图片,5,2024-08-02,1,ZGQ-inc/source_repo,,https://issmh.cc/,连接失败
歪歪漫画,612242.xyz,成人漫画图源,漫画图源/动漫图片,5,2023-03-18,1,ZGQ-inc/source_repo,,http://612242.xyz,异常状态
"COSPLAY,请帮忙完善一下发现页加载更多",www.coszip.com,成人漫画图源,漫画图源,5,2023-02-16,1,ZGQ-inc/source_repo,,https://www.coszip.com/,可达
MrCong，加载较慢,mrcong.com,成人漫画图源,漫画图源,5,2023-02-15,1,ZGQ-inc/source_repo,,https://mrcong.com/,可达
1024,dp2212t.xyz,成人漫画图源,漫画图源,5,2023-02-15,1,ZGQ-inc/source_repo,,https://dp2212t.xyz,连接失败
"领域仓库,发现页都没弄好，求大佬帮忙",hw.lyck.top,成人漫画图源,漫画图源,5,2023-02-12,1,ZGQ-inc/source_repo,,https://hw.lyck.top/,连接失败
🎨 一库Acg,yikuacg.com,成人漫画图源,漫画图源/动漫图片,5,2022-11-14,3,ZGQ-inc/source_repo|xdd666t/MyData,,https://yikuacg.com,连接失败
🎨 酮体的秘密,dongtidemi.com,成人漫画图源,漫画图源/动漫图片,5,2022-11-14,3,ZGQ-inc/source_repo|xdd666t/MyData,,https://dongtidemi.com,可达
🚬 学习材料◽️,bbs.188sex.com,成人漫画图源,漫画图源,5,2022-11-03,3,ZGQ-inc/source_repo|oli-fa/YueDuBackup/master|xdd666t/MyData,,https://bbs.188sex.com/forum.php?gid=77,连接失败
🎨 maa漫画（正文需完善）,maa1812.com,成人漫画图源,漫画图源/动漫图片,3,2022-11-17,2,ZGQ-inc/source_repo|xdd666t/MyData,,https://maa1812.com/zh/18H_random/all/index.html,超时
❤️  查看此书源的源注释 或▼点开本发现▼   ❤️,www.2333333.qaq,成人漫画图源,漫画图源/有声听书/社区标记失效/正版出版/女频言情/动漫图片/听书有声,1,2021-07-01,1,ZGQ-inc/source_repo,,www.2333333.QAQ,异常状态
🎨 N-hentai,nhentai.net,成人漫画图源,漫画图源/动漫图片,0,2024-09-28,2,LM-Firefly/booksource|pindaCrazy/BookSourceForReader3.0,,https://nhentai.net,有响应(拦截)
🍊书源说明🍊,书源说明,成人漫画图源,漫画图源/有声听书/正版出版/女频言情/男频网文/动漫图片/听书有声,0,2022-11-18,2,ZGQ-inc/source_repo|xdd666t/MyData,是,书源说明,其它错误
🔰 禁漫天堂,jmcomic1.me,成人漫画图源,漫画图源/动漫图片,0,未知,1,ZGQ-inc/source_repo,,https://jmcomic1.me,有响应(拦截)
🔰 禁漫天堂,18comic-now.xyz,成人漫画图源,漫画图源/动漫图片,0,未知,1,ZGQ-inc/source_repo,,https://18comic-now.xyz,可达
🔰 禁漫天堂,18comic-palworld.vip,成人漫画图源,漫画图源/动漫图片,0,未知,1,ZGQ-inc/source_repo,,https://18comic-palworld.vip,超时
🔞 九妖漫画,ciyuanrukou.com,成人漫画图源,漫画图源/动漫图片,0,未知,2,aoaostar/legado,,https://ciyuanrukou.com,连接失败
爱看影视（优++）,v.ikanbot.com,成人视频影视,视频影视/正版出版,9,2025-12-28,1,aoaostar/legado,,https://v.ikanbot.com,可达
番茄小说,api5-normal-m.fqxs123.com,成人视频影视,视频影视/正版出版/轻小说二次元/女频言情/男频网文,9,2023-12-02,1,ZGQ-inc/source_repo,,https://api5-normal-m.fqxs123.com/,连接失败
🔞↓情欲影视小说↓,20044.cc,成人视频影视,视频影视/社区标记失效,9,2023-09-04,1,ZGQ-inc/source_repo,,http://20044.cc,异常状态
饭饭论坛  除了连载版块基本都是完本,bbs.fanfanq.com,成人视频影视,视频影视/轻小说二次元/女频言情/男频网文,9,2021-11-09,1,ZGQ-inc/source_repo,,https://bbs.fanfanq.com#md1018,可达
Pornhub---✈,cn.pornhub.com,成人视频影视,视频影视,8,2024-07-02,5,ZGQ-inc/source_repo|oli-fa/YueDuBackup/master|pindaCrazy/BookSourceForReader3.0|xdd666t/MyData,,https://cn.pornhub.com/,可达
阅读吧(小说字体反爬),www.yueduba.cc,成人视频影视,视频影视/社区推荐/正版出版/学术文献/女频言情,8,2023-01-24,1,ZGQ-inc/source_repo,,http://www.yueduba.cc,可达
夜夜视频,vyovy.com,成人视频影视,视频影视/社区标记失效,8,2021-06-05,2,ZGQ-inc/source_repo|oli-fa/YueDuBackup/master,,http://vyovy.com,有响应(拦截)
🔥Kungfutv｜Cosplay 18+,kungfutv.net,成人视频影视,视频影视,6,2025-02-14,1,ZGQ-inc/source_repo,,https://kungfutv.net/,可达
ESJ Zone,www.esjzone.one,成人轻小说二次元,正版出版/轻小说二次元/文本小说,9,2026-03-24,6,MajoSissi/legado-source|ZGQ-inc/source_repo|aoaostar/legado|jiwangyihao/source-j-legado,是,https://www.esjzone.one,可达
🍺 西瓜书屋 xiguashuwu.com,www.xiguashuwu.com,成人轻小说二次元,站群模板/轻小说二次元/文本小说,9,2025-08-30,3,LM-Firefly/booksource|ZGQ-inc/source_repo,是,https://www.xiguashuwu.com,可达
🌐ハーメルン,syosetu.org,成人轻小说二次元,轻小说二次元/文本小说,9,2024-05-20,14,ZGQ-inc/source_repo|ZWolken/Light-Novel-Yuedu-Source|aoaostar/legado|daiaji/LegadoSource|oli-fa/YueDuBackup/master|xdd666t/MyData,,https://syosetu.org/?r18,有响应(拦截)
🎈 动漫之家[仅发现],v2.api.dmzj.com,成人轻小说二次元,轻小说二次元/文本小说,9,2020-10-18,23,ZGQ-inc/source_repo|fmpfmp/YueDuBackup|oevery/Source/master|oli-fa/YueDuBackup/master|xdd666t/MyData,,https://v2.api.dmzj.com,连接失败
西瓜书屋,www.xiguashuwu4.com,成人轻小说二次元,站群模板/轻小说二次元/女频言情/文本小说,8,2025-05-28,1,ZGQ-inc/source_repo,,https://www.xiguashuwu4.com/,可达
西瓜书屋,www.xiguashuwu2.com,成人轻小说二次元,站群模板/轻小说二次元/文本小说,8,2025-04-26,2,ZGQ-inc/source_repo|kooofu/yueduyuan,,https://www.xiguashuwu2.com/,可达
🔰 小说STV,sangtacviet.com,成人轻小说二次元,正版出版/轻小说二次元/文本小说,8,2024-11-07,2,ZGQ-inc/source_repo,,http://sangtacviet.com,可达
🔞 淫夢島,soymilk.eu.org,成人轻小说二次元,轻小说二次元/文本小说,8,2022-11-23,1,ZGQ-inc/source_repo,,https://soymilk.eu.org,可达
