书源名,分组,状态,HTTP,地址
17k,"💭💭💭💭💭💭,搜索目录失效",其它错误,,http://api.ali.17k.com，
33言情🎃,,其它错误,,https://m.x33yq.org#🎃
34中文①,"未分,搜索失效",其它错误,,https://www.zw34.net已校验
40漫画,漫画,其它错误,,https://www.40manhua.com
BIKA庇护所-图片,"💖图片,☀其一",其它错误,,https://ios.wowowo2.top#图片sun
Jk小说,,其它错误,,小说
Jk漫画,,其它错误,,漫画
a💰纵横▪细分榜单4💜💜💜,"★,★💰正版",其它错误,,❀.zongheng#□namo edit4
bilibili专栏[切换专用分组搜索],"bilibili专栏,日轻小说(2024-12-13)
GitHub@ZWolken",其它错误,,专栏
b💰纵横▪细分榜单🆗 #namo  bak,¹▽置顶`ȏ´正版发现,其它错误,,❀.zongheng#namo
md♛-恋上你看书 ♝♝♝,,其它错误,,https://www.630shu.net#一程
ä¹¦å,ð åæº,其它错误,,https://www.yousuu.com/ââ
æéå°è¯´,æ­£ç,其它错误,,http://m.zhangyue.comï¼
ç¯æéè¯»ð¥,5ãåè,其它错误,,https://www.aaread.club-æ­£å
è½ç¾æ,â¯à¼èç½é­äººâª,其它错误,,https://bl-novel.inã
ðå®ä¹¦,5ãåè,其它错误,,https://www.baoshuu.comï¼ï¼
ʚɞ 辞鱼小说 ʚɞ,ฅ  发现,其它错误,,https://m.ciyuxs.com##发现
♜ 33言情 #一程1101,已检验,其它错误,,https://www.33yq.org#yc1101
♜+恋上你看书① #破冰1101,"发现失效,3,5.26,搜索失效",其它错误,,https://www.630shu.net/#pb1101
♜33言情① #破冰1101,微筛选,其它错误,,https://m.33yq.org/#pb1101
♞20小说 #破冰,"﹅ ♞ 普通,发现失效,搜索失效",其它错误,,https://www.20xs.org/#♤pb
♞书仓网 #破冰1101,"﹅ ♞ 普通,搜索失效",其它错误,,https://www.shucang.cc/#pb1101
♠ 起点中文网,,其它错误,,https://www.qidian.com.♂
♠ 起点中文网♀,,其它错误,,https://www.qidian.com.♀
♠️ 52小说①,"发现失效,【❌❌】搜索正文失-效,搜索失效",其它错误,,https://www.52xs.net已整理
♠️ 章鱼小说网,"1235467987,搜索失效",其它错误,,http://www.z1xs.com已整理
一读,"【❌❌】网站失-效,搜索目录失效",其它错误,,一读小说
七七读书,,其它错误,,http://www.dushu.com未月十八改
七七读书,,其它错误,,http://www.dushu.com未月十八repair
万象书城,,其它错误,,https://www.wxscs.com细雨尘寰
三八小说(不是小说网),"圣灵,-搜索SS,盗版专家1,搜索失效",其它错误,,https://m.38xs.com/
三八小说🎃,免费,其它错误,,https://www.38xs.com#🎃
三月天🎃,,其它错误,,https://m.3yt.org#🎃
下书网,,其它错误,,https://m.dayuzc.com/
不爱小说,小说 书源,其它错误,,https://m.20xs.org#🎃
不爱小说,💠精选,其它错误,,https://m.20xs.org
九桃小说,漫画,其它错误,,https://www.9txs.com秋月
书单,女频,其它错误,,❀.yousuu.booklist
书单,🎉 十源,其它错误,,https://www.yousuu.com/❀❀
书海阁🎃,,其它错误,,https://www.shuhaige.net#🎃
书香云集💯,💰正版💰,其它错误,,https://www.sxyj.net，，
书香云集💯,💵正版,其它错误,,http://www.sxyj.net，
二宝小说🎃,,其它错误,,https://www.20xs.org#🎃
云轩阁,"🔍校验组0218,📙大众书,⌨ 自制",其它错误,,https://www.yunxuangexsw.com
五五小说,,其它错误,,https://www.changduzw.com未月十八改
亿软网吧,-------,其它错误,,http://www.yruan.com已整理
优书,🎉 十源,其它错误,,https://www.yousuu.com/❀
元尊小说网②,"💭💭💭💭💭💭,搜索失效",其它错误,,https://www.yuanzun888.com②
全文小说,小说 书源,其它错误,,❀.qb5
全本小说,小说 书源,其它错误,,❀.qb5#未月十八净化
全本小说,"1,5.26",其它错误,,❀.qb5#未月十八净化#wy18-1001
全本小说🎃#7,,其它错误,,https://m.junjh.com#🎃
八一中文,,其它错误,,https://www.zwduxs.com关耳
八一中文,-------,其它错误,,https://www.zwduxs.com已整理
八中文网,,其它错误,,https://www.zwduxs.com嘚嘚.
八中文网,-------,其它错误,,http://www.zwduxs.com已整理
八极漫画（魔法）,漫画 书源,其它错误,,http://www.8jj.com已整理
冰河小说,小说 书源,其它错误,,http://m.bgwxc.com/M/novel/search?keyword=我是
动漫之家w️,漫画,其它错误,,https://www.dmzj1.com
博仕书屋,,其它错误,,https://m.boshisw.com/
咪咕小说💯,💰正版💰,其它错误,,http://wap.cmread.com，
哈哈漫画,漫画,其它错误,,https://www.hpicc.org
哔哩轻,源社区,其它错误,,哔哩轻
唔唔小说,,其它错误,,https://www.changduzw.com未月十八repairwy-
啊小说网,小说 书源,其它错误,,https://www.20xs.org##@曦灵
啊小说网,,其它错误,,https://www.xs.org@曦灵
塔读[字数],¹▽置顶`ȏ´正版发现,其它错误,,http://www.tadu.com/字数
天悦小说,,其它错误,,https://www.xtyxsw.org#🎃
天悦小说,免费,其它错误,,https://www.xtyxsw.org
天悦小说🎃#2,,其它错误,,https://m.xtyxsw.org#🎃
天空小说,"发现失效,搜索失效",其它错误,,https://www.tkxiaoshuo.com/
夸克搜书,"【❌❌】搜索失-效,发现目录失效,搜索失效",其它错误,,✦ 夸克搜书
夸克搜书#玄奇21.0202,"【❌❌】搜索失-效,发现正文失效,搜索失效",其它错误,,夸克搜书#玄奇21.0202
奇书小说,已检,其它错误,,https://m.5wa.net/222
婷阅中文,,其它错误,,https://www.tyue.me-目录修复
宝来小说网🎃,,其它错误,,https://www.baolaixsw.com#🎃
宝来小说网🎃,,其它错误,,https://m.xinbaolaixsw.com#🎃
宝来小说🎃#2,,其它错误,,https://www.baolaishiye.com#🎃
寻欢小说🎃,,其它错误,,https://寻欢小说2.luoyacheng.ip-ddns.com#🎃
心小说网,小说 书源,其它错误,,http://www.5200xiaoshuo.com已整理
必应搜书,小说 书源,其它错误,,必应搜书
必然小说,小说 书源,其它错误,,不可能的世界
恋上你看书网③™备用,优,其它错误,,http://www.630book.la
恶魔书屋,女频,其它错误,,https://m.emoshuwu.com/
悸花阅读,,其它错误,,http://api.lestory.cn关耳edit
成语读书,,其它错误,,https://www.changduzw.com未月十八repair
掌阅小说💯,💰正版💰,其它错误,,http://m.zhangyue.com。
掌阅小说💯,💰正版💰,其它错误,,http://m.zhangyue.com，，
搜书吧🎃,小说,其它错误,,https://ssb81.com#🎃
搜狗搜书,-通用,其它错误,,搜狗搜书
晋江文学26,"搜索正文失效,【❌❌】搜索正文失-效",其它错误,,http://android.jjwxc.net书名
松鹤阅读🍒,综合,其它错误,,QQ浏览器
桑舞网,"【❌❌】网站失-效,搜索失效",其它错误,,https://www.sangwu.org#南笙21.0101
桔纸书屋,,其它错误,,https://m.juzhishuwu.com
段友小说,A级; 发现,其它错误,,https://xs98k.com
治能寄算器,特殊 书源,其它错误,,https://你觉得还有网址?
派派文学🎃,,其它错误,,https://m.paipaiwx.com#🎃
海词木稽,-------,其它错误,,http://dict.cn已整理
渣渣小说,综合,其它错误,,https://www.zztxt.net已整理
溜达小说,-------,其它错误,,http://www.liudatxt.com，
溜达小说,小说 书源,其它错误,,http://www.txtshuku.org已整理
漫画铺,漫画,其它错误,,https://mip.manhuapu.com
漫蛙,"全部来自论坛,网站失效",其它错误,,→漫蛙←
漫香阁,涩漫图,其它错误,,https://漫香阁.com
炫书网吧,,其它错误,,http://www.ixuanquge.com未月十八repair
烟雨中文,念心 || 小说,其它错误,,https://m.yanyuzw.com已整理
爪机书屋,,其它错误,,https://m.zjsw.org#🎃
爪机书屋🎃,,其它错误,,https://www.zjsw.org#🎃
爱尚小说,-------,其它错误,,https://www.23hh.la已整理
爱看书/零点小说,已检,其它错误,,https://www.lingdxsw.org
爱看书吧,,其它错误,,https://cxb-pro.cread.com芜恙
爱看书吧🎃,,其它错误,,https://m.aidushu8.com#🎃
爱读书吧,👑静白,其它错误,,https://www.aidushu8.com/#xsw8093
爱读书吧,,其它错误,,https://www.aidushu8.com/
爱豆看书,小说 书源,其它错误,,http://www.26ks.cc已校验
猫眼看书,,其它错误,,http://download.maoyankanshu.la自用
瓜机书屋,平台,其它错误,,https://m.zjsw.org/##@曦灵
番茄小说,免费,其它错误,,祝大家天天开心
番茄小说,小说 书源,其它错误,,http://www.fqxsw.net/锋
番茄小说4#,"菠萝包刺猬猫番茄,搜索失效",其它错误,,https://www.fq44.cc/锋
番茄小说7#,"12.4精校阅读书源,12.5精校阅读书源,12.6精校阅读书源,12.3精校阅读书源,菠萝包刺猬猫番茄",其它错误,,http://www.zym888.com/锋
看齐书屋,网页源,其它错误,,https://www.kanqisw.com/
秋田书屋,,其它错误,,https://m.qiutiandog.com/##@鱼
秋田书屋 m.qiutiandog.com,未测试,其它错误,,https://m.qiutiandog.com
移动阅读,,其它错误,,http://m.ndlib.cn一程
笔下文学🎃#5,222最新校验成功,其它错误,,https://www.17bxwx.com#🎃
笔趣宝子,-------,其它错误,,❀.biqubao
笔趣阁,小说 书源,其它错误,,http://www.ibiqu.net已整理
笔趣阁,,其它错误,,http://www.zzrx.net
笔趣阁,小说 书源,其它错误,,❀.biquge
笔趣阁,小说 书源,其它错误,,❀.biquge5200
笔趣阁,小说 书源,其它错误,,https://www.ibiquge.net已整理
笔趣阁41,念心 || 小说,其它错误,,https://103.188.121.74/h5
笔趣阁xswang,自写0510,其它错误,,https://www.xswang.vip
笔趣阁🎃#29,,其它错误,,https://www.tkxyk.com#🎃
第一韩漫,涩漫图,其它错误,,第一韩漫
红甘泉网,⛎JJ城,其它错误,,红甘泉 - 搜狗引擎
红甘泉网,"﹅ 通用书源▪︎玄奇,搜索失效",其它错误,,红甘泉 - 搜狗引擎#kd11
英语阅读（英语）,-------,其它错误,,http://m.enread.com已校验
茂鑫小说,,其它错误,,http://www.tcmaoxin.org尐哖
虫虫书屋🎃,,其它错误,,http://www.0794r.com#🎃
虫虫书屋🎃2,🍜其他,其它错误,,http://www.51menu.com#🎃
蚂蚁文学,,其它错误,,https://www.mayiwxw.com仅搜索
蜜蜂小说网,,其它错误,,http://www.mifengxs.com已整理
衍墨轩,"发现失效,搜索失效",其它错误,,https://www.yanmoxuan.org。。。
西瓜免费,小说 书源,其它错误,,🥝西瓜免费小说App🍒
言情小说,小说 书源,其它错误,,http://m.yqxxs.com已整理
言情网吧,小说 书源,其它错误,,http://www.123yqw.com已整理
话本小说（2）,,其它错误,,https://so.ihuaben.com/search?keyword=我是#
话本小说🎃,,其它错误,,https://so.ihuaben.com/search?keyword=我是#🎃
读书阁子,,其它错误,,http://www.zmtt.net已整理
谷歌搜书,-通用,其它错误,,谷歌搜书
豆瓣小组,,其它错误,,豆瓣小组
豆瓣读书,⭐️ 收藏,其它错误,,https://www.douban.com已校验
贼吧网,,其它错误,,https://www.zei.me玄奇.
贼吧网吧（下载）,,其它错误,,https://www.zei.me已校验
贼吧网吧（下载）,影视 书源,其它错误,,https://www.zei8.me已校验
起点 ♀,🏵️  小说,其它错误,,❀.qidian.♀
起点 ♂,🏵️  小说,其它错误,,❀.qidian.♂
起舞中文网🎃,,其它错误,,https://m.75zwz.com#🎃
起舞中文🎃,,其它错误,,https://www.75zwz.com#🎃
躺着看[繁转简],小说 书源,其它错误,,https://tangzhekan8.cc
躺着看🎃,,其它错误,,https://tangzhekan8.cc#🎃
轻之国度,小说 书源,其它错误,,https://obsolete.lightnovel.us
轻之文库,小说 书源,其它错误,,http://www.linovel.net已校验
轻小说吧,小说 书源,其它错误,,[图片]http://www.m.sfacg.com
辞鱼小说,小说 书源,其它错误,,https://www.ciyuxs.com/
连尚读书,🍜其他,其它错误,,http://www.lsds.cn已整理
追书啦,,其它错误,,https://b.zhuishua.cc/ʕ ᵔᴥᵔ ʔ喜静
重生小说,小说 书源,其它错误,,https://www.cstxt.com已整理
阿吧漫画,漫画,其它错误,,阿吧漫画
随心看吧,,其它错误,,https://m.suixkan.com关耳
随心看吧,小说 书源,其它错误,,https://m.suixkan.com已校验
随心看吧,,其它错误,,https://m.suixkan.com♤guaner
零点小说网🎃,,其它错误,,https://www.lingdxsw.com#🎃
顶点小说,小说 书源,其它错误,,http://www.kmwx.net已校验
飛天小說,综合,其它错误,,飛龍在天
飞卢男生标签,,其它错误,,https://b.faloo.com男生标签
鼠绘漫画❕,7.20 战服大佬去除跳转章节; 无搜索地址,其它错误,,https://www.ishuhui.com/comics
️顶点小说️,,其它错误,,https://wap.maxreader.la/响海
🌐看漫画M,漫画 书源,其它错误,,https://m.kanman.com已校验
🌙 黑猫小说[api],收集出处：源论坛 4月29号,其它错误,,黑猫APP
🌸 五八小说,🌸 女频,其它错误,,❀.58xs
🌸 笔下文学,🌸常用,其它错误,,https://m.bxwx.co
🌸书海阁,"﹅ ✾ 言耽,发现失效,搜索失效",其它错误,,https://www.shuhaige.net#关耳
🌸晋江文学③,,其它错误,,http://android.jjwxc.net，，
🍀99小说网,"发现失效,搜索失效",其它错误,,https://m.99wanban.com
🍁笔趣阁㉒,🍁 笔趣 🍁,其它错误,,https://www.51biquge.com/
🍅番茄听书🍅,龙珠源,其它错误,,"番茄听书在线听
源更新地址
http://novelsdk.hhlqilongzhu.cn//shuyuan/fanqietingshu.json"
🍎晴天网页晴天,,其它错误,,"http://api.cloudepays.cn#
接口来源:晴天的网页版
制作大佬:河鹅和.⁧~喵⁧‭
书源起因:只是方便阅读，不然网页估计用的少！
整理时间:2024年12月1日10:09"
🍒程袁书吧,月月书源,其它错误,,祝你们天天开心
🍩全网音乐搜索,,其它错误,,全网音乐搜索@xsw8093
🍩新暖酒小说[自写],,其它错误,,https://www.wetfj.com/#xsw8093
🍹 新丝路小说,好用,其它错误,,https://m.xunsilu.com/啊
🍺 全本小说网 quanbenxiaoshuo.com,🍺 特优,其它错误,,全本小说网
🎃大众文学🎃,,其它错误,,https://www.gzhgxs.com#🎃
🎃少年🎃,,其它错误,,https://m.snxiaoshuo.com#🎃
🎃文坊阁🎃,,其它错误,,https://wfg.la#🎃
🎃新御书屋🎃#6,,其它错误,,https://whfrsl.com#🎃
🎈SF轻小说,,其它错误,,https://api.sfacg.com已校验
🎉 ztv,🏵️  小说,其它错误,,❀.ztv
🎉 基友小说,"搜索正文失效,发现正文失效,【❌❌】搜索正文失-效",其它错误,,https://www.gaysay.com已整理
🎉 新笔小说,🎉精品,其它错误,,https://www.xinbixs.com
🎉 燃文小说,"﹅ ♛ 精品,搜索失效",其它错误,,http://m.ranwen.me！
🎉 看帮网(电脑),,其它错误,,https://www.kanbang.cc/分页
🎉 笔趣阁B,"🎉1039,搜索正文失效",其它错误,,❀.b5200
🎉 笔趣阁⑦②,"发现失效,1235467987,搜索失效",其它错误,,https://www.bqg6.com已整理
🎉 艾米小说[仅发现],,其它错误,,https://www.amxs.cc
🎉33言情①,"🎉 男频精选 🎉,⌛️ 全局搜书 ⌛️,®️ 搜书男频 ®️",其它错误,,https://m.33yq.com/
🎉我爱读小说,,其它错误,,https://www.52du.net/
🎉桑舞小说网~a,"【❌❌】网站失-效,搜索失效",其它错误,,https://www.sangwu.org
🎉神马中文①,,其它错误,,http://www.shmzw.com/
🎨 X漫画¹-M,"🎨 B漫画,0-🏜️ 图片",其它错误,,http://www.xmanhua.com已整理
🎨 快看漫画$,"🎨漫画,☣️漫画lateral",其它错误,,http://m.kuaikanmanhua.com已整理
🎨 爱米推漫画,"发现失效,【❌❌】网站失-效,搜索失效",其它错误,,https://m.imitui.com已整理
🎨 绅士漫画,🎨 漫画,其它错误,,绅士漫画
🎨 羞羞漫画[优],"🎨 C漫画,0-🏜️ 图片",其它错误,,http://sinaappxx6.q236.cn/post/GetInfo已校验
🎨咪咕动漫,,其它错误,,http://m.migudm.cn已整理
🎨奇客漫,🎨 漫画,其它错误,,https://www.qikeman.com
🎨漫客栈,漫画 书源,其它错误,,https://www.mkzhan.com已整理
🎨爱优漫,,其它错误,,https://m.iyouman.com已整理
🎨神漫画,漫画 书源,其它错误,,https://m.taomanhua.com已整理
👔 UAA小说,﹅ ㊕ 特殊,其它错误,,会员
💊 一起品小说,💊无搜,其它错误,,https://www.17pxs.com
💡 晋江标签,"¹▽置顶`ȏ´正版发现,⁶❀耽女︎ºั轻言",其它错误,,强迫症专用，记得看注释（搜索）
💦千千小说⑥,小说,其它错误,,https://www.xqianqianxs.com/
💯夸克.sm->原网,🎉 精选 🎉,其它错误,,夸克->原网-by不世玄奇
💰 晋江,111最新校验成功,其它错误,,https://m.jjwxc.net/♂♂
💰 晋江[言情标签],【🈵♥🈵💯】231123千组1,其它错误,,http://www.jjwxc.net/言情标签已整理
💰 晋江文学城,【🈵♥🈵💯】231123千组4,其它错误,,http://android.jjwxc.net/晋江已整理
💰十七开网💯,💰正版💰,其它错误,,http://api.17k.com，，
💰夸克搜索,💰 正版 💰,其它错误,,夸克->原网
💰晋江 我的收藏,"🎉 精选 🎉,💰正版💰",其它错误,,https://m.jjwxc.net/，，
💰晋江文学①,9月,其它错误,,http://android.jjwxc.net♦
💰晋江文学②,"¹▽置顶`ȏ´正版发现,⁶❀耽女︎ºั轻言",其它错误,,https://www.jjwxc.net☆
💵 晋江[总标签],"发现失效,【🈵♥🈵💯】231123千组1",其它错误,,http://www.jjwxc.net/总标签
💵 晋江[推书],"¹▽置顶`ȏ´正版发现,⁶❀耽女︎ºั轻言",其它错误,,https://m.jjwxc.net/推书
💵 晋江[推书],"¹▽置顶`ȏ´正版发现,⁶❀耽女︎ºั轻言",其它错误,,https://www.jjwxc.net[推书]
💵 晋江[无cp标签],💵正版,其它错误,,http://www.jjwxc.net/无cp标签
💵 晋江[百合标签],💵正版,其它错误,,https://m.jjwxc.net/百合标签
💵 晋江[言情排行],"发现正文失效,﹅ ㊣ 正版,﹅ ✾ 言耽,搜索正文失效",其它错误,,https://www.jjwxc.net/言情排行
💵 晋江[言情标签],【❌❌】网站失-效,其它错误,,https://m.jjwxc.net/言情标签
💵 纵横中文,¹▽置顶`ȏ´正版发现,其它错误,,https://search.zongheng.com/纵横
💵 纵横分类,¹▽置顶`ȏ´正版发现,其它错误,,https://m.zongheng.com/分类
💵 豆腐[包月],,其它错误,,http://api.doufu.la/包月
💵 起点排行,"﹅ ㊣ 正版,发现失效,搜索失效",其它错误,,https://www.qidian.com/排行
💵 起点月票,💵正版,其它错误,,https://www.qidian.com/月票
💵 起点榜单,💵正版,其它错误,,http://www.qidian.com/榜单
💵 起点男榜,💵正版,其它错误,,https://www.qidian.com/♂榜
📑 优书,📑书评,其它错误,,❀.yousuu
📕起点中文网™,🔖 正版,其它错误,,https://www.qidian.com〖二级目录〗
📖 宜小说网,"﹅ ♞ 普通,搜索失效",其它错误,,https://www.iove.net/
📖 艾墨中文,📖 小说,其它错误,,https://i7txt.net/
📖AO3✈️【看源注释】,"③📖  论坛,㊣登录验证",其它错误,,📖AO3✈️
📚 99藏书,"发现失效,【❌❌】搜索正文失-效,搜索失效",其它错误,,https://99csw.com已整理
📥 微软必应,"搜索正文失效,【❌❌】搜索正文失-效",其它错误,,微软必应
📥 知轩,📥下载,其它错误,,❀.zxcs
🔆笔下文学⭐,,其它错误,,https://www.bxwx.co/##aaaa
🔖爱小说①,"其他,搜索失效",其它错误,,❀.ixs
🔥 书馆中文网(仅联通),备用,其它错误,,http://www.sgwaa.com已整理
🔰 三百中文,🔰 普通,其它错误,,https://wap.haokanma.cc
🔰 百家网[仅发现],🏵️  小说,其它错误,,https://m.baijiaw.com
🔰 黑岩阅读,正版,其它错误,,黑岩阅读
🔰晋江,【❌❌】网站失-效,其它错误,,https://m.jjwxc.net/♂♀#乃星
🔰爬书小说,🔰 一般 🔰,其它错误,,https://www.pashuxs.com/
🖤 夸克搜书 ♛♛♛,,其它错误,,夸克搜书#m
🚀 谷歌搜书,🚀 VPN,其它错误,,谷歌全网搜书
🥉书海阁,"发现失效,﹅ ♝ 优良,搜索失效",其它错误,,https://www.shuhaige.net#乃星
🧐知轩,"发现失效,﹅ ♝ 优良,搜索失效",其它错误,,http://www.zxcs.me/❀
101小说典藏网,🌸言情,可达,200,https://novel101.com/#
115文学🎃#2,,可达,200,http://wap.115wx.org#🎃
118漫画,漫画,可达,200,http://www.ccshwy.com
123言情,综合,可达,200,http://m.123yqw.com/
123言情网,优选书源by沐云风,可达,200,http://www.123yqw.com
123读书网,"失效,js失效,收集出处：源论坛 4月29号",可达,200,https://www.123dua.com/
138阅读网(手机版),🏵️  小说,可达,200,https://wap.138txt.com/
139中文,网页源,可达,200,http://www.139zw.com/
166小说js,,可达,200,https://m.juyit.com/
168漫画-M,漫画,可达,200,https://m.168manhua.com
17K小说网💯①,正版,可达,200,http://www.17k.com
187小说🎃,,可达,200,https://www.187xs.com#🎃
2023TXT小说网🎃,,可达,206,https://m.2023txt.com#🎃
230book,💭💭💭💭💭💭,可达,206,https://www.230book.com
258漫画网,漫画,可达,200,https://www.shut123.com
25中文网自制,第一分组,可达,200,https://www.25zw.la
28看书,综合,可达,206,www.28lu.net
2k小说网,小说,可达,206,https://www.kkxsz.com
2元尊小说🎃,2,可达,200,https://www.yuanzunxs.cc#🎃
321免费阅读,天域战歌整理,可达,200,https://www.xs321.co
360漫画,漫画,可达,206,https://www.xd5s.com
365小说网,,可达,200,http://www.shukuge.com#🎃
366小说网,天域战歌,可达,200,http://www.366xsw.xyz
369小说🎃,,可达,200,http://www.369book.cc/search#🎃
369漫画网-M,漫画,可达,200,https://m.nxueli.com
37小说,天域战歌整理,可达,200,https://00xs.com
398小说,网页源,可达,200,https://www.398xs.com/
41狠男人🎃,,可达,200,http://m.41nr.com#🎃
4K图,,可达,200,https://ntgzi.xxtt.ink/
4khd,涩漫图,可达,200,https://www.4khd.com
4小说🎃,,可达,200,http://www.4xiaoshuo.info#🎃
5,涩涩,可达,200,https://jpbqg3.com/
510文学,网页源,可达,200,https://www.510wx.com/
517漫画,,可达,200,http://www.517mh.net
52小说,小说 书源,可达,200,http://www.xs52.info
52格格党,小说 书源,可达,200,http://www.52ggd.com
53中文,"💭💭💭💭💭💭,搜索失效",可达,200,https://www.53zw.net/
53中文网,"发现失效,搜索失效",可达,200,https://www.53zw.net#🇨🇳Namo
53中文网,"发现失效,搜索失效",可达,200,https://www.53zw.net#鸡排饭
566小说网#玄奇21.0202,"发现失效,搜索失效",可达,200,http://www.5666xs.com#玄奇21.0202
58小说网①5858xs.com#玄奇21.0202,"发现失效,搜索失效",可达,200,http://m.5858xs.com#玄奇21.0202
61看书🎃,,可达,206,https://www.61ksw.com#🎃
666文学网,"♡ོ晨光雨露✺精品源,发现失效,如月流光,搜索失效",可达,200,http://www.666wx.cc
69中文网,第一分组,可达,200,https://www.69zww.io
69中文网,﹅ ♞ 普通,可达,200,https://www.69zww.com#嘚嘚21.0201
69书吧#南笙21.0101,"﹅ 通用书源▪︎玄奇,搜索失效",可达,200,https://www.69shuba.cc#南笙21.0101
69书吧吧吧,"失效,收集出处：源论坛 4月29号,搜索失效",可达,200,https://www.69shu88.com/
69书吧🎃#2,222最新校验成功,可达,200,https://69shu.net#🎃
69书吧🎃#2,,可达,200,https://m.69sb.cc#🎃
700TXT小说网🎃,,可达,206,https://m.700txt.com#🎃
789🇨🇳,⊙∀⊙！,可达,206,https://m.biquzw789.org
8090中文,网页源,可达,200,https://www.8090zw.com/
80电子书（qs）,®📖 搜集整理™,可达,200,http://wap.80wx.info/
81读书（无发现）,❤️涩涩,可达,200,https://www.81dushu.org/
82小说™🔥,优,可达,200,https://www.x82xs.com
83中文网🎃,,可达,206,https://www.83zg.net#🎃
86文学🎃,,可达,200,https://m.860bo.com#🎃
8comic-A,漫画,可达,200,https://m.comicbus.com
90漫画网,漫画,可达,200,http://www.90mh.com
919言情🎃,,可达,206,https://www.919yq.net#🎃
92字幕,漫画,可达,200,http://92zi.com
97中文,网页源,可达,200,https://www.97wz.net/
98漫画📱💡,💡【提示】,可达,200,http://mh.lizitv.icu
998读书🎃,,可达,200,http://www.998ds.net#🎃
999Hentai-动画,"💗视频,☀其一",可达,200,https://999hentai.net#动画
999Hentai-漫画,"💜漫画,☀其一",可达,200,https://999hentai.to#漫画
999文学,男频,可达,200,https://www.999wx.com
AGE动漫,"全部来自论坛,网站失效",可达,200,https://m.agefans.la/
AGE动漫,"全部来自论坛,网站失效",可达,200,https://m.agefans.la/#/
AO3镜像,小说 书源,可达,200,https://bk.jdkg.fun
Az Truyện,"﹅ 通用书源▪︎玄奇,搜索失效",可达,200,https://aztruyen.com
BIKA庇护所-漫画,"💜漫画,☀其一",可达,200,https://ios.wowowo2.top#漫画sun
BIKA庇护所-韩漫,"💜漫画,☀其一",可达,200,https://ios.wowowo2.top#韩漫sun
BL文库🎃,,可达,206,https://m.blwenla.org#🎃
BL文库🎃#2,,可达,206,https://www.blwenla.org#🎃
CC漫画12,💯【稳定】,可达,200,http://www.ccmh12.com
CC漫画网13,漫画,可达,200,http://www.ccmh13.com
CC漫画网15,漫画,可达,200,http://www.ccdm15.com
Drtuber,第一批,可达,200,https://www.drtuber.com
E 文 学,"发现失效,搜索失效",可达,200,http://ewenxue.org#鸡排饭
ESJ Zone🎃,,可达,200,https://www.esjzone.one#🎃
E小说,综合,可达,200,https://www.sososhu.com
E小说🎃,,可达,200,https://www.exs99.com#🎃
GxTongRen,Việt Nam,可达,200,https://gxtongren.com
G站漫画,漫画,可达,200,https://godamanga.com
H18小说网,第一批,可达,200,https://www.sseegg.com
I_Like_PornComix,全部来自论坛,可达,200,https://ilikecomix.com/en-comics/
KissAway,漫画,可达,200,https://kissaway.net
LoveHeaven🇬🇧,,可达,200,https://loveheaven.net
LoveHug,漫画,可达,200,https://lovehug.net
MANHUA18,涩漫图,可达,200,https://manhwa18.cc/
MMKK-P,"发现失效,﹅ 通用书源▪︎玄奇,搜索失效",可达,200,https://www.mmkk.me
MangaHasu™,"💭💭💭💭💭💭,搜索目录失效",可达,200,http://mangahasu.se
MangaHato🇬🇧,,可达,200,https://mangahato.com
MangaNT,漫画,可达,200,https://mangant.com
MangaOwl,漫画,可达,200,https://mangaowl.net
MangaRock™,"💭💭💭💭💭💭,搜索失效",可达,200,http://mangarock.club
MangaSum,漫画,可达,200,https://mangasum.com
Mangabz,漫画,可达,200,http://mangabz.com
Neko(小说漫hua二合一),,可达,200,https://nekoyo.co/
NiceCat,第一批,可达,200,https://web.nicecat.cc
Noveldl,9月,可达,200,http://downnovel.com
Nuvid,第一批,可达,200,https://www.nuvid.com
N维空间,小说 书源,可达,200,http://www.nwell.net
PO文学,小说,可达,200,https://www.pofans.com
PO文学🎃,,可达,200,https://m.powenxue15.com#🎃
PO文🎃,,可达,200,https://m.xunhuanli.com#🎃
Pornhub---✈,"⁹ಥ刘备入川☯,视频",可达,200,https://cn.pornhub.com/
QQ文学,💠精选,可达,200,http://www.qqwenxue.cc
QQ文学🎃,,可达,206,http://m.qqwx.win#🎃
QQ文学🎃,,可达,200,http://www.qqwenxue.cc#🎃
QQ浏览器🎃#2,,可达,200,https://novel.html5.qq.com#🎃
QQ阅读▪︎男频细分▪︎by.机,"发现目录失效,搜索失效",可达,200,https://h5.reader.qq.com#ji
QQ阅读（手机版）,精选,可达,200,https://ubook.reader.qq.com/##闫
QQ阅读🎃,,可达,200,https://ubook.reader.qq.com/?g_f=4000001#🎃
QQ阅读🎃#2,正版,可达,200,https://ubook.reader.qq.com#🎃
R UU看书🐶,R🐶,可达,200,https://www.uukanshu.info/##RosiaPng
R 圣墟小说网🐶,,可达,200,http://www.shengxuxu.net##RosiaPng
R 海豚小说网🐶,,可达,200,https://www.htxsw.com/##RosiaPng
R 爱下电子书TW🐶,R🐶,可达,200,https://ixdzsw.com/##Rosiapng
R 爱下电子书TW🐶,𐄚📖 小说常用,可达,200,https://ixdzsw.com/
R 猪猪漫画🐶🏞️,R🐶漫画,可达,200,https://www.zhuzhumh.com/##RosiaPng
R 玄幻文学🐶,R🐶 前置,可达,200,https://www.xhwx6.com/##RosiaPng
Rawdevart,漫画,可达,200,https://rawdevart.com
Redirecting..._m.thjsl.org,👍 备用,可达,200,https://m.thjsl.org/
Requiem,"English sex? 小说,英文版English",可达,200,https://requiemtls.com/
SF轻小说,轻小说,可达,200,http://book.sfacg.com#
SF轻小说,,可达,200,https://m.sfacg.com#南笙21.0101
SF轻小说⑥,轻小说,可达,200,https://m.sfacg.com#一程
SF轻小说🎃,,可达,200,http://s.sfacg.com#🎃
SF轻小说🎃,,可达,200,http://book.sfacg.com#🎃
SF轻小说🎃#2,,可达,200,https://m.sfacg.com#🎃
SM小说🎃,,可达,200,https://www.smxiaoshuo.net#🎃
Shameless,第一批,可达,200,https://shameless.com
Shield,🎨漫画,可达,200,https://shieldmanga.club
SoBook,"﹅ 通用书源▪︎玄奇,搜索失效",可达,206,https://sobooks.net/
UU小说2,,可达,200,http://m.uuxsw8.cc
UU小说⑧,,可达,200,http://m.uuxsw8.cc#响海
UU小说网,,可达,200,https://www.uu234w.com/
UU小说网🎃#2,,可达,200,http://www.uu234w.com#🎃
UU小说🎃,,可达,200,http://m.uuxsw8.cc#🎃
UU看书,🎃 通用,可达,200,https://www.uukanshu.app#
U小说,"发现失效,搜索失效",可达,206,https://www.uxiaoshuo.net
WallpaperUP-P,"发现失效,﹅ 通用书源▪︎玄奇,搜索失效",可达,206,https://www.wallpaperup.com
Webtoon,漫画,可达,206,https://us.webtoons.com
WuXiaWorld,🔤 外语,可达,200,https://m.wuxiaworld.co
X小说🎃,,可达,200,https://www.xcmfu.com#🎃
ZERO搬运网,💰【付费不能看】,可达,206,http://zerobywtxt.com
ZERO搬运网,"】,发现失效,搜索失效",可达,200,http://www.zerobywdlss.com
ZERO搬运网,漫画,可达,200,https://www.zerobywssd.com
ZERO搬运网,🏵️  小说,可达,200,http://www.zerobywssd.com
ZERO搬运网💰,,可达,200,http://www.zerobywps2.com
[MUSIC]悦声无限™,有声; 失效,可达,200,http://m.yswxcn.com
a🌸宝书网💜💜💜🔎搜索需登录（=趣书网？）,"21.0619关耳,★,🌸  常用,★🔎,",可达,200,https://www.baoshuu.com#关耳edit
a🎈哔哩轻小说▪日轻💜💜[仅发现]无插图,"夏一L,★,🎈 轻文",可达,200,https://www.linovelib.com#夏一L
a🎈有度中文▪有插图🅰💜💜💜🔎乃星edit22,"🎈 轻文,21.0609乃星,★,★🔎",可达,200,https://www.yoduzw.com#乃星edit22
"a🎉铅笔小说💙💙▼网站不稳定,打不开就刷新","🎉 精品,🌈onede,★",可达,200,https://www.x23qb.com/#onede
a💯书虫▪完结/连载▪💜💜💜🔎(原斋书苑),"★,★🔎,☀️搜书/换源 A▪精品",可达,200,https://www.shuchong.info#edit1
a💰晋江app▪百合 分类▪#关耳6.19🅰🅰🅰,"💰 正版,21.0619关耳,★,★💰正版",可达,200,https://m.jjwxc.net/channel/index/#关耳
a💰晋江▪百合 分类标签💜💜💜#关耳,"💰 正版,21.0619关耳,★,★💰正版",可达,200,https://m.jjwxc.net/free#关耳
a💰晋江▪言情 分类标签💜💜💜#关耳edit,"💰 正版,★,★💰正版",可达,200,https://m.jjwxc.net/free#21.5.13关耳edit
bak㊣飞卢小说一程,平台,可达,206,https://wap.faloo.com#♤yc
bbida,,可达,206,https://m.bbida.com
bq123,综合,可达,200,https://bqg123.net/
b🎈哔哩轻小说  文字有问题？  bak,🎈 轻文,可达,200,https://w.linovelib.com#6.14
b💯书虫#关耳💜完结/连载▪分类🔎  bak,"★,★🔎",可达,200,https://www.shuchong.info#关耳5.18edit
b💯书虫💜全部🔎 #edit3 bak,"★,★🔎",可达,200,https://www.shuchong.info#edit3
b💰晋江app▪百合 分类▪#玄奇edit  bak,"正版,⚙️已检,21.0624玄奇,★,★💰正版",可达,200,https://m.jjwxc.net/channel/index/#玄奇edit
b💰起点▪女频▪#乃星edit bak,"💰 正版,21.0611乃星,★,★💰正版",可达,202,https://www.qidian.com#乃星6.11
"c3yy漫画网[搜索不可用,未经允许]",网站搜索不行; 失效,可达,200,http://www.c3yy.com
iRead趣读,综合,可达,200,https://iread.life/
mangaonlineteam,漫画 书源,可达,200,https://mangaonlineteam.com
md♜ 种田小说 #一程,"【❌❌】搜索失-效,发现目录失效",可达,200,https://zhongtianwen.cn#yc1101
md♜+读一读n #破冰,需要登录,可达,200,http://duyidu.net/#pb1101
md♝+U小说 pb,"发现失效,﹅ ♝ 优良,搜索失效",可达,206,https://www.uxiaoshuo.net/#pb
md♝+✐㊣ 知音漫客 ♝♝♚,"【❌❌】搜索失-效,发现目录失效,搜索目录失效",可达,206,https://getcomicinfo-globalapi.zymk.cn#m
md♝-追书网①  #破冰,"﹅ ♝ 优良,搜索失效",可达,200,https://www.zhuishu.com/#pb1101
o追书网.zhuishu#玄奇21.0202,搜索失效,可达,200,https://www.zhuishu.com#玄奇21.0202
o🌸书虫中文网②♥🎉𖤓▼无标签,"发现失效,﹅ ✾ 言耽,﹅ ♛ 精品,搜索失效",可达,200,http://www.shuchong.info#薅白
o🎉 梧州中文台𖤓#一介20.0831慢,"﹅ ♛ 精品,发现失效,搜索失效",可达,200,https://www.ztv.la#一介20.0831
qq音乐,,可达,200,http://y.qq.com
ryw笔趣阁78,,可达,200,https://www.biquge78.cc
storiesonline,"全部来自论坛,网站失效",可达,206,https://storiesonline.net/
ttmhbook-必应搜索[优化版],"-自制,✨极速",可达,206,https://www.ttmhbook.com/
txt520小说🎃,,可达,200,http://txt520.com#🎃
txt520小说🎃,,可达,200,https://www.txt520.com#🎃
txt电子书,💭💭💭💭💭💭,可达,200,http://www.txtshu365.net
uu小说🎃,,可达,200,http://www.uuwx.la#🎃
webtoon,"💭💭💭💭💭💭,搜索失效",可达,206,https://us-m.webtoons.com
xo福利🈲🈲🔍,🈲7/14,可达,200,https://op-lake-rope.xoxiaoshuo-102.com
x漫画🇯🇵,🇯🇵【日漫】,可达,200,https://xmanhua.com
x漫画🇯🇵,,可达,200,http://xmanhua.com
||💰晋江app🌸百合🌸—————————————,"发现失效,﹅ ♞ 普通,﹅ ㊣ 正版,漫画,﹅ ✾ 言耽",可达,206,https://m.jjwxc.net#迷迭edit-zbgl
ʚɞ 书香门第 ʚɞ,ฅ  发现,可达,200,http://www.txtnovel.top
⌨花生小说,C组,可达,200,https://www.hs313.info##旅途
② 古风漫画,⑹🎨  漫画,可达,200,http://www.gufengmh9.com
Ⓢ 九桃小说,𐄚 Ⓢ级,可达,200,"https://www.9txs.org#冷魅edit,未月十八改"
◎下书网,,可达,200,http://www.txtdown.cc#◎
●⚐ 哔哩轻小说w▪日轻▪︎ ♛♛♚,,可达,200,https://w.linovelib.com#乃星
●⚐ 神凑轻小说▪日轻▪无图 ♛♛♛♚,,可达,200,http://www.shencou.com#一程edit
●💰晋江详榜♥#嘚嘚■字数■详细分类,﹅ ㊣ 正版,可达,200,https://www.jjwxc.net#嘚嘚21.0201
●💵起点 男频♥bl   ♂流♂   edit,-------,可达,202,https://www.qidian.com#□namo-bl
☘️海阅小说网☘️,﹅ ♞ 普通,可达,200,http://www.haiyue8.com#响海
☘️海阅小说网☘️,﹅ ♞ 普通,可达,200,http://www.haiyue8.com
♈指尖阅读,"发现失效,📓 主用,💵 正版,搜索失效",可达,206,http://www.lemengfun.com
♛ 69书吧 #Namo1101,﹅ ♛ 精品,可达,200,https://www.69shu.org#Namo1101
♛ 超星图书·出版 #Namo1101,"﹅ ♛ 精品,发现目录失效,搜索目录失效",可达,200,http://yz4.chaoxing.com#Namo1101
♛+飘天文学① md #破冰▼列表书少,"发现失效,2,搜索失效",可达,200,https://www.piaotian5.net/#md-pb14
♛多多书院 #关耳,"♛42,🍋🍋🍋🍋🍋🍋,搜索失效",可达,200,http://www.txtduo.com#guaner
♜ 567中文 #一程,"发现失效,正版发现,﹅ ♜ 优质,搜索失效",可达,206,http://www.xntk.org#♤yc
♜ 567中文 #一程1101,"发现失效,可用,搜索失效",可达,206,http://www.xntk.org#yc1101
♜ ✎笔趣阁⑦⑨ #破冰,笔趣阁,可达,206,https://www.biquge.co/#♤pb
♜ ✎笔趣阁⑩ #破冰1101,"【】👾笔趣阁,发现目录失效,【❌❌】网站失-效,搜索失效",可达,200,http://www.b5200.net/#pb1101
♜ ✎笔趣阁⑫⑥ #破冰,"笔趣,发现失效,﹅ ♜ 优质,搜索失效",可达,200,http://www.cnhxfilm.com/#♤pb
♜ ✎笔趣阁⑬④ #破冰,²♨笔-趣-阁❆,可达,200,http://www.bqgxsw.com/#♤pb
♜ ✎笔趣阁⑯① #破冰1101,已检验,可达,200,https://www.xxbqg5200.com/#pb1101
♜ ✎笔趣阁㉗ #破冰,笔趣阁,可达,200,http://www.quge66.com/#♤pb
♜ 启迪小说 #一程,"发现失效,﹅ ♜ 优质,搜索失效",可达,200,https://www.11889.net#yc1101
♜ 启迪小说 #一程,"发现失效,﹅ ♜ 优质,搜索失效",可达,200,https://www.11889.net#♤yc
♜ 小说旗 #一程,,可达,200,http://www.xs7.cc#yc1101
♜ 小说旗 #一程,,可达,200,http://www.xs7.cc#♤yc
♜ 无错小说 #一程1101,"发现失效,﹅ ♜ 优质,搜索失效",可达,200,https://www.wucuoxs.com#yc1101
♜ 沙漠小说 #一程,"正文,（1）",可达,200,http://www.shamoxs.com#♤yc
♜ 言情中文 #一程1101,"【❌❌】搜索失-效,搜索失效",可达,206,https://www.17zw.com#yc1101
♜+云轩阁① #破冰,"﹅ ♜ 优质,搜索失效",可达,200,https://www.yunxuange.com/#pb1101
♜+云轩阁① #破冰,"2,搜索失效",可达,200,https://www.yunxuange.com/#♤pb
♜+六月中文网 #破冰1101,"﹅ ♜ 优质,搜索失效",可达,200,https://www.6yzw.com/#pb1101
♜+小书亭 #破冰1101,"﹅ ♜ 优质,搜索失效",可达,200,http://www.xiaoshuting.org/#pb1101
♜+搜小说② #破冰1101,"发现失效,﹅ ♜ 优质,搜索失效",可达,200,https://m.soxs.cc/#pb1101
♜+雅文言情小说 #破冰1101,"发现失效,﹅ ✾ 言耽,﹅ ♜ 优质,搜索失效",可达,200,https://www.yawenba.net/#pb1101
♜+顶点小说④ #破冰,"发现失效,小说,搜索失效",可达,200,https://www.bookb.net/#♤pb
♜+顶点小说④ #破冰1101,"【❌❌】搜索失-效,发现失效,搜索失效",可达,200,https://www.bookb.net/#pb1101
♜-33小说网 #破冰  发现x,小说,可达,200,https://www.x33xs.com/#♤pb
♜-5200小说网② #破冰▼列表书少,"﹅ ♜ 优质,搜索失效",可达,200,https://www.yousheng8.com/#pb1101
♜-5200小说网② #破冰▼列表书少,"2,搜索失效",可达,200,https://www.yousheng8.com/#♤pb
♜-71读小说网 #破冰,⁴☃晨光雨露᭄精品源,可达,200,https://www.71du.com/#♤pb
♜-71读小说网 #破冰1101,⁴☃晨光雨露᭄精品源,可达,200,https://www.71du.com/#pb1101
♜-中文书城① #破冰,需要登录,可达,200,http://shenma.cread.com/#♤pb
♜-八一中文③ #pb▼列表书少,"2,搜索失效",可达,200,https://www.81zw.org/#♤pb
♜-八一中文③ #破冰1101,"﹅ ♜ 优质,搜索失效",可达,200,https://www.81zw.org/#pb1101
♜-八一中文④ #破冰▼列表书少,"﹅ ♜ 优质,搜索失效",可达,200,https://www.81xs.cc/#pb1101
♜-八一中文④ #破冰▼列表书少,"2,搜索失效",可达,200,https://www.81xs.cc/#♤pb
♜-千千小说④ #破冰1101,"发现失效,﹅ ♜ 优质",可达,200,https://www.qqxs.tw/#pb1101
♜-去读书,,可达,200,http://www.qudushu.com/#pb1101
♜-思路客⑥ #破冰1101,⁴☃晨光雨露᭄精品源,可达,200,http://www.siluke.cc/#pb1101
♜-搜书网② #破冰1101,"发现失效,搜书,﹅ ♜ 优质,搜索失效",可达,200,https://m.soshuw.com/#pb1101
♜-武林中文⑤ #破冰1101,"【❌❌】搜索失-效,搜索失效",可达,200,https://www.zw50.com/#pb1101
♜-燃文小说① #破冰,"﹅ ♜ 优质,搜索失效",可达,200,https://www.ranwen.com/#pb1101
♜-科源小说 #破冰1101,"发现失效,﹅ ♜ 优质,搜索失效",可达,200,http://m.kybook.com/#pb1101
♜-秒书屋 #破冰1101,"【❌❌】搜索失-效,搜索失效",可达,200,https://www.miaoshu5.cc/#pb1101
♜-追书网③ #破冰1101,"发现失效,﹅ ♜ 优质,搜索失效",可达,200,http://www.zhuishu.la/#pb1101
♜-顶点小说⑦ #破冰,"发现失效,﹅ ♜ 优质,搜索失效",可达,200,http://www.23wxxx.com/#♤pb
♜-顶点小说⑦ #破冰1101,"发现失效,﹅ ♜ 优质,搜索失效",可达,200,http://www.23wxxx.com/#pb1101
♜25中文网 #破冰1101,"﹅ ♜ 优质,搜索失效",可达,200,http://www.25zw.com/#pb1101
♜2k小说网② #破冰1101,"【❌❌】搜索失-效,搜索失效",可达,206,https://www.2kxs.cc/#pb1101
♜34中文网②,"【❌❌】搜索失-效,搜索失效",可达,200,http://www.zw34.cc/#pb1101
♜58看书网①,"发现失效,﹅ ♜ 优质,搜索失效",可达,200,https://www.kanshu58.cc/#pb1101
♜69中文② #破冰1101,"﹅ ♜ 优质,搜索失效",可达,200,https://www.69zww.com/#pb1101
♜69书吧② #破冰1101,"【❌❌】搜索失-效,搜索失效",可达,200,https://www.69shuba.cc/#pb1101
♜69书吧⑥ #破冰1101,【❌❌】网站失-效,可达,200,https://www.69shu.org/#pb1101
♜77小说网 #pb▼列表书少,"2,搜索失效",可达,200,http://www.77xs.org/#♤pb
♜▪︎33小说网 #一程1201,小说,可达,200,https://www.x33xs.com#yc1101
♜▪︎69书吧③ #一程1201,"【❌❌】网站失-效,搜索目录失效",可达,200,https://www.69shu.org#yc1101
♜▪︎千千小说① #一程1201,已检验,可达,200,https://www.qqxs.la#yc1101
♜▪︎新笔趣阁② #一程1201,"【】👾笔趣阁,【❌❌】网站失-效,搜索失效",可达,200,http://www.vbiquge.org#yc1101
♜▪︎飘天文学① #一程1201,"【❌❌】搜索失-效,搜索失效",可达,200,https://www.piaotian.net#yc1101
♜▪︎飘天文学② #一程1201,"【❌❌】搜索目录失-效,搜索目录失效",可达,200,https://www.piaotian.org#yc1101
♜✎笔趣阁⑧⑨,"笔趣,发现失效,﹅ ♜ 优质,搜索失效",可达,200,https://www.xquge.com/#♤pb
♜一三中文网 #破冰1101,"发现失效,﹅ ♜ 优质,搜索失效",可达,200,https://www.13zw.com/#pb1101
♜一品小说①,"【❌❌】搜索失-效,搜索失效",可达,200,http://www.epshu.com/#pb1101
♜一品小说网① #破冰1101,"【❌❌】搜索失-效,搜索失效",可达,200,http://www.yipinzongshi.com/#pb1101
♜乐文小说⑪ #破冰1101,"发现失效,﹅ ♜ 优质,搜索失效",可达,200,https://www.lwxsw.cc/#pb1101
♜书迷楼⑤ #破冰1101,"发现目录失效,﹅ ♜ 优质,搜索目录失效",可达,206,https://www.shumil.com/#pb1101
♜二九书屋 #破冰,⁴☃晨光雨露᭄精品源,可达,200,https://www.29shuwu.com/#♤pb
♜二九书屋 #破冰1101,⁴☃晨光雨露᭄精品源,可达,200,https://www.29shuwu.com/#pb1101
♜五六中文网,免费,可达,200,https://www.56zw.com/#pb1101
♜五本书 #破冰1101,已检验,可达,200,https://www.wubenshu.com/#pb1101
♜全本小说⑥ #破冰1101,"【❌❌】搜索失-效,搜索失效",可达,200,https://www.qb5200.co/#pb1101
♜千千小说⑧,需要登录,可达,200,https://www.qqxs.la/#pb1101
♜可乐小说② #破冰,"发现失效,1235467987",可达,200,http://www.klxsw.org/#♤pb
♜可乐小说② #破冰1101,"发现失效,小说",可达,200,http://www.klxsw.org/#pb1101
♜大神吧 #破冰,已检验,可达,200,http://www.dashen88.com/#♤pb
♜大神吧 #破冰1101,"【❌❌】搜索失-效,发现失效,搜索失效",可达,200,http://www.dashen88.com/#pb1101
♜奇热小说②,"【❌❌】搜索失-效,搜索失效",可达,200,http://www.qirexsw.com/#pb1101
♜奇热小说③,"【❌❌】搜索失-效,搜索失效",可达,200,http://www.qirexiaoshuo.cc/#pb1101
♜康贝小说网 #破冰1101,⁴☃晨光雨露᭄精品源,可达,200,https://www.kbwang.com/#pb1101
♜御书阁① #破冰1101,"【❌❌】搜索失-效,搜索失效",可达,200,http://www.yushuge.cc/#pb1101
♜泡书吧① #破冰,,可达,200,http://www.paoshubaxs.com/#♤pb
♜泡书吧① #破冰1101,已检验,可达,200,http://www.paoshubaxs.com/#pb1101
♜番茄小说② #破冰1101,"发现失效,﹅ ♜ 优质,搜索失效",可达,200,http://www.fanqianxs.com/#pb1101
♜第一中文网② #破冰,"发现失效,﹅ ♜ 优质,搜索失效",可达,200,http://www.dyzww.com/#♤pb
♜红莲相依 #破冰,已检验,可达,200,https://www.hlxyxs.com/#♤pb
♜红莲相依 #破冰1101,已检验,可达,200,https://www.hlxyxs.com/#pb1101
♜言情中文网① #破冰1101,"发现失效,﹅ ✾ 言耽,﹅ ♜ 优质,搜索失效",可达,206,https://www.17zw.com/#pb1101
♜读趣阁 #破冰,"发现失效,2,搜索失效",可达,206,http://www.duquge.com/#♤pb
♜读趣阁 #破冰1101,"发现失效,﹅ ♜ 优质,搜索失效",可达,206,http://www.duquge.com/#pb1101
♜起源小说 #破冰1101,"发现失效,﹅ ♜ 优质,搜索失效",可达,200,https://www.qiyuanxs.com/#pb1101
♜超凡小说,"发现失效,﹅ ♜ 优质,搜索失效",可达,200,https://www.chaofxs.com/#pb1101
♜风雨小说① #破冰1101,【🈵♥🈵💯】231123千组4,可达,200,https://www.fengyu.cc/#pb1101
♜飘天文学⑤ #破冰,"发现失效,﹅ ♜ 优质,搜索失效",可达,200,https://www.piaotian.net/#♤pb
♜飘天文学⑤ #破冰1101,"【❌❌】搜索失-效,发现失效,搜索失效",可达,200,https://www.piaotian.net/#pb1101
♜飘雨轩 #破冰,已检验,可达,200,https://www.piaoyuxuan.com/#♤pb
♜飞速小说,⑤🛍︎  小说,可达,200,http://www.feisuwx.org/#pb1101
♝+六月中文网 #pb▼列表书少,"2,搜索失效",可达,200,https://www.6yzw.com/#♤pb
♝-E小说② #破冰,"﹅ ♝ 优良,搜索失效",可达,200,http://www.xstxt.com/#pb1101
♝-E小说② #破冰,"2,搜索失效",可达,200,http://www.xstxt.com/#♤pb
♝✎笔趣阁㊿破冰,🎄常用,可达,200,http://www.ibiqu.net/#pb1101
♞ 红莲相依 #一程,已检验,可达,200,https://www.hlxyxs.com#♤yc
♞187小说 #破冰,"﹅ ♞ 普通,发现失效,搜索失效",可达,200,https://www.187xs.com/#♤pb
♞零点小说 #破冰1101,"﹅ ♞ 普通,发现失效,搜索失效",可达,200,https://www.lingdixs.com/#pb1101
♠ 88读书②,"♠ 精品 ♠,🎉 精选 🎉",可达,200,http://www.88dshuw.com/
♠ 优娱酷(听书),♠ 有声 ♠,可达,200,https://uyuku.com/
♠ 读趣网,"优质源👍,🏵️  小说",可达,200,http://www.du7.la/
♠落尘小说,,可达,200,https://www.luocs.cn
♤ 88书阁,🏵️  小说,可达,200,https://www.88shuge.com/
♬ 56听书网③ #破冰1025,🌃有声,可达,200,https://www.ting56.cc/#pb1025
♬ i257听书网 #破冰,"发现失效,2,搜索失效",可达,200,http://www.i275.com/#♤pb
♬ 听书网② #破冰,听书,可达,200,https://www.tingshuw.com/#♤pb
♬ 听书网② #破冰1025,听书,可达,200,https://www.tingshuw.com/#pb1025
♬ 听神马 #破冰,已检验,可达,200,https://m.tingsm.com/#♤pb
♬ 听神马 #破冰1025,已检验,可达,200,https://m.tingsm.com/#pb1025
♬ 恋听网 #破冰,"发现目录失效,2,搜索目录失效",可达,200,https://ting55.com/#♤pb
♬ 易听书 #破冰,听书,可达,200,https://www.etingshu.com/#♤pb
♬ 易听书 #破冰1025,听书,可达,200,https://www.etingshu.com/#pb1025
♬ 海洋听书 #破冰,"2,搜索失效",可达,206,http://www.ychy.com/#♤pb
♻️七界小说🌱,,可达,200,https://www.7jie.com#冷魅edit1
♻️七界小说🌱⭐,,可达,200,https://www.7jie.com#冷魅
⚐ 哔哩轻小说w▪日轻▪︎ ♛♛xbak,,可达,200,https://w.linovelib.com#md1031axbak
⚡ 小说大全,搜索失效,可达,200,https://sou.jiaston.com
⚡ 追书网,⑤🛍︎  小说,可达,200,http://www.zhuishu.la
⚡22中文网2,💥优质,可达,200,http://www.999xs.com
⚡晋江文学城,,可达,200,https://www.jjwxc.net/#time
⚡️猫看书,"发现失效,搜索失效",可达,200,https://www.maokanshu.com#乃星
⛎ 三九阅读,,可达,200,https://www.39yd.com
⛔️ 搜同,⛔️  搜同,可达,200,https://stboy.net
✈ 69书吧cf,"【小说2书源】,搜索失效",可达,206,https://69shuba.cyao.eu.org
✈ 笔尖中文,精品书源,可达,200,http://www.badaoge.org
✈ 衍墨轩书,精品书源,可达,200,https://www.ymxshuwu.com
✈ 顶点小说,精品书源,可达,200,http://www.23uswx.la
✈7mm漫画7mmtv,"💜漫画,☀其一",可达,200,https://7mmtv.sx##Sun
✈ASM漫画asmhentai,"💜漫画,☀其一",可达,200,https://asmhentai.com##SUN
✈H-Comic漫画,"💜漫画,☀其一",可达,200,https://h-comic.com##sun
✈▲哔咔哔咔manhuapica,-------,可达,200,https://manhuapica.com
✈四虎36dfa,"❤小说,💜漫画",可达,206,https://www.36dfa.com
✈番番狗-漫画,"💜漫画,☀其一",可达,200,https://game.wowowo2.top/#SUN漫画
✈番番狗-视频,"💗视频,☀其一",可达,200,https://game.wowowo2.top/##SUN视频
✎ 笔趣阁,1,可达,200,https://www.biquge123.cc/#pb1101
✎ 笔趣阁30,小说,可达,200,https://souxs.leeyegy.com#yuan1107
✎笔趣阁,👍🏻 普通,可达,200,http://www.xinbqg.com/#pb1101
✐   如  文  网,"漫画,发现失效,搜索失效",可达,200,http://m.ruwen5.com/
✐  九桃小说,☃ 自用,可达,200,"https://www.9txs.org#冷魅edit,未月十八小改"
✐  八二小说,☃ 自用,可达,200,https://www.x82xs.cc
✐ 360漫画-M #Haxc,漫画🎟️,可达,206,https://m.xd5s.com#♤Haxc
✐ Mangabz #Haxc,已检验,可达,200,http://www.mangabz.com#♤Haxc
✐ ㊣漫画人 #Haxc1107,【🈵♥🈵💯】231123千组4,可达,206,http://www.manhuaren.com#Haxc1107
✐ ㊣爱奇艺漫画 #Haxc1107,"漫画,已检验",可达,200,https://www.iqiyi.com/manhua#Haxc1107
✐ 一漫网-M #Haxc,"🎨 C漫画,0-🏜️ 图片",可达,200,http://m.bx117.com#♤Haxc
✐ 一漫网-M #Haxc1107,"🎨 C漫画,0-🏜️ 图片",可达,200,http://m.bx117.com#Haxc1107
✐ 七夕漫画 #Haxc1107,漫画🎟️,可达,200,http://qiximh1.com#Haxc1107
✐ 咚漫 #一程1101,已检验,可达,200,https://m.dongmanmanhua.cn#yc1101
✐ 哔哩哔哩漫画 #Haxc,漫画🎟️,可达,200,https://manga.bilibili.com#♤Haxc
✐ 哔哩哔哩漫画 #Haxc1107,漫画🎟️,可达,200,https://manga.bilibili.com#Haxc1107
✐ 漫畫狗 #Haxc,"发现失效,2,搜索失效",可达,200,https://dogemanga.com#♤Haxc
✐ 神漫画📱 #Haxc1107,漫画🎟️,可达,206,https://m.taomanhua.com#Haxc1107
✐ 韩漫吧 #一程,已检验,可达,200,https://m.hmba.vip#♤yc
✐ 韩漫吧 #一程1101,已检验,可达,200,https://m.hmba.vip#yc1101
✔︎㊝ 搜书网✦ ♛♛♛ soshuw.com,,可达,200,https://m.soshuw.com/#1
✨36备用,【小说1书源】,可达,200,https://www.biquge123.cc##@尐哖
✨笔趣阁zyr,✨极速,可达,200,http://www.zyr688.com##@尐哖
✨飘天文学🎉📱,"✨,✨ 优质 ✨,✨📱 手机1️⃣",可达,200,https://m.piaotian.net/
✲晋江文学,111最新校验成功,可达,200,http://m.jjwxc.net
✾+千书txt,⁶❀耽女︎ºั轻言,可达,200,https://www.qiantxt.com/#kd11
✾+如文网,"﹅ ✾ 言耽,发现失效,搜索失效",可达,200,http://m.ruwen5.com/#kd11
✾♛红甘泉 #关耳1,"🎉 优选,1",可达,200,https://www.hgq26.com#guaner1
✾♛红甘泉 #关耳1,已检验,可达,200,https://www.hgq26.com#♤guaner1
✾六九书吧,"③🚫  禁验,⑸🔰  优质",可达,200,https://www.69shu.org#wy18-1001
✾格格党,"🎄🎄🎄🎄🎄🎄,搜索失效",可达,200,http://www.51ggd.com#kd11
❀ 言情888 ♜♜♜♚,,可达,200,https://m.yanqing888.org#一程m
❀知乎▪榜单,¹▽置顶`ȏ´正版发现,可达,200,https://www.360xs.com#未月十八repair+二次排版
❄我的书城,"☄️☄️☄️☄️☄️☄️,搜索失效",可达,206,https://www.wodescw.com/##@鱼
❤️轻之文库⑦,轩1,可达,200,http://www.linovel.net
❤️飞卢小说🎃,轩1,可达,206,https://b.faloo.com
㊓✾百合会 #关耳,"﹅ ✾ 言耽,搜索失效",可达,200,https://www.yamibo.com/site/novel#guaner
㊓✾青花鱼 #关耳 ▼需登录,"﹅ ✾ 言耽,发现失效,搜索失效",可达,200,https://allcp.net#guaner
㊕ ✾少数派文库 #一程,2,可达,206,https://sspwk.me#♤yc
㊕ ✾肉色屋 #一程1101,"【❌❌】搜索失-效,发现失效,搜索失效",可达,200,https://m.rousewu.in#yc1101
㊕ 书书屋 #一程,"【❌❌】搜索失-效,发现失效,搜索失效",可达,200,http://m.shushuwuxs.org#♤yc
㊕✐ 梦游漫画  #一程,漫画,可达,206,https://www.mumumh.com#yc1101
㊕✐ 梦游漫画  #一程,漫画🎟️,可达,206,https://www.mumumh.com#♤yc
㊝ E小说 ♜♜♜,,可达,200,https://www.exiaoshuo.com#bookbox#芜恙edit
㊝ E文学 ♜♜ ewenxue.org,,可达,200,http://ewenxue.org#🇨🇳Namo
㊝ 千千小说 ♛♛,⁴☃晨光雨露᭄精品源,可达,200,https://www.qqxs.la#一程
㊝ 奇书小说m ♜♜♜♚,⁴☃晨光雨露᭄精品源,可达,200,http://m.qibookw.com#渊呀81
㊝ 御书网 ♜♜♜♚,,可达,200,https://www.yushubo.com#md1
㊝ 衍墨轩 ♜♜,,可达,200,http://www.ymoxuan.org/#1
㊣ 愚猫看书 #一程,¹▽置顶`ȏ´正版发现,可达,200,http://www.01kanshu.com#♤yc
㊣ 愚猫看书 #一程1101,"已校验,发现失效,搜索失效",可达,200,http://www.01kanshu.com#yc1101
㊣ 掌阅书城 #一程,"2,校验超时",可达,200,http://m.zhangyue.com#♤yc
㊣ 无CP交流 #一程,2,可达,200,http://www.wu-cp.com#♤yc
㊣ 绾书文学 1101,,可达,200,https://api.wanshu.com#yc1101
㊣ 话本小说 #一程1101,,可达,200,https://www.ihuaben.com#yc1101
㊣ 飞卢小说 #一程,轩1,可达,206,https://wap.faloo.com#yc1101
㊣LIBVIO,"🍋🍋🍋🍋🍋🍋,㊣35",可达,200,https://www.libvio.me/
㊣✐ 漫客栈  #一程,"🎨漫画,☣️漫画lateral",可达,206,https://www.mkzhan.com#yc1101
㊣✾栀子欢一程,免费,可达,206,http://m.zhizihuan.com#yc1101
㊣宜搜小说 #破冰,"发现失效,2,搜索失效",可达,200,http://api.easou.com#♤pb
㊣梧桐中文网 #破冰,"发现失效,2",可达,200,https://www.wtzw.com#♤pb
㊣梧桐中文网 #破冰1101,"﹅ ㊣ 正版,发现失效",可达,200,https://www.wtzw.com#pb1101
㊣百度小说一程,平台,可达,200,https://dushu.baidu.com#♤yc
㊣豆瓣阅读 #关耳,【🈵♥🈵💯】231123千组1,可达,200,https://read.douban.com#guaner
㊣酷匠网 #破冰1101,"【❌❌】搜索目录失-效,搜索目录失效",可达,200,http://m.kujiang.com/#pb1101
一七小说,小说 书源,可达,200,https://www.1qxs.com#🎃
一三中文,,可达,200,https://www.13zw.com/
一乐阅读[自写],自写1118,可达,200,http://www.kfqwx.com
一乐阅读网,【小说2书源】,可达,200,https://www.kfqwx.com/
一乐阅读网🎃,,可达,200,https://m.kfqwx.com#🎃
一二中文|三七中文,"💭💭💭💭💭💭,搜索失效",可达,200,https://www.12zw.net
一曲书屋-夜明空🎃,,可达,200,https://m.yiqushuku.com#🎃
一百零一🎃,,可达,200,https://www.txtxs101.com#🎃
一米小说,综合,可达,200,http://m.yimixs.org/##yolo
一米小说yimixs[变动],全部,可达,200,http://www.yimixs.cc/
一米小说🎃,,可达,200,http://m.yimixs.net#🎃
一米小说🎃,,可达,200,http://www.yimixs.cc#🎃
一纸倾城,🍜其他,可达,206,https://www.yizhiqc.com
一纸倾城🎃,,可达,206,https://www.yizhiqc.com#🎃
一起看小说🎃,,可达,200,http://m.yqkxs.com#🎃
一起看看,涩文,可达,200,http://m.17kankan.org/
一零中文10zw,❤小说,可达,200,https://www.10zw.com
一零中文🎃,,可达,200,https://www.10zw.com#🎃
七七读书,,可达,206,http://www.dushu.com
七九小说,³۝天域整理,可达,200,http://www.79dushu.com
七步阁子,小说 书源,可达,200,https://www.qibuge.com/
七猫小说🎃2,,可达,200,https://www.qimao.com#🎃
七色小说网🎃,第一批,可达,200,http://m.qisexs.com#🎃
万层中文🎃,🎉 精选,可达,200,http://www.oneceng.com#🎃
万相书城🎃,,可达,206,https://www.wxsck.com#🎃
万象书城,,可达,206,https://www.wxscs.com##细雨尘寰
万象书城吧🎃,🍜其他,可达,206,https://www.wxscs.com#🎃
三七文学网,,可达,200,http://www.3qxs.com
三三言情,,可达,200,https://www.sansanyanqing.com
三九书屋🎃,,可达,200,https://m.sanjiushuwu.com#🎃
三五中文🎃,,可达,200,https://m.shuajipiao.com#🎃
三五小说,小说 书源,可达,200,https://350.ooo#
三优小说🎃,,可达,200,https://www.3uxiaoshuo.com#🎃
三六九网🎃,,可达,200,https://www.369book.cc#🎃
三匹小说,优化免VPN; 发现; 18,可达,200,https://via.hypothes.is/https://3p5i.club
三叶屋,女频,可达,206,https://www.sanyewu.com
三叶屋小说,综合,可达,206,https://www.3yewu.com
三江阁,综合,可达,206,http://www.sanjiangg.com
下书套管,小说 书源,可达,200,http://wap.xiashucom.com
下书看,"💭💭💭💭💭💭,搜索失效",可达,200,http://www.xiashukan.com#未月十八repair
下书看 #未月十八1001,"💭💭💭💭💭💭,搜索失效",可达,200,http://www.xiashukan.com#未月十八repair#wy18-1001
下拉漫画网,💯【稳定】,可达,200,https://xialamanhua.com
下拉漫画（优）,漫画 书源,可达,200,https://www.gufengmh9.com
下片小说,小说 书源,可达,200,http://book.xiepp.cc/
不二读书,【小说1书源】,可达,200,https://www.eb4fans.com
不可能的世界,综合,可达,200,https://wenxue.bkneng.com/wap
不可能的世界🎃,,可达,200,http://www.8kana.com#🎃
不知加啥🎃,👍🏻 普通,可达,200,http://m.rulianshi.la#🎃
世界名著网,"1,5.26,搜索失效",可达,200,http://t.icesmall.cn
世纪小说,网页源,可达,200,http://www.2000xs.com/
东北人小说网,18;new_added,可达,200,http://www.dbrxs.org/
东南书🎃,,可达,200,https://www.dongnanshu.com#🎃
个性说网,其他,可达,200,https://www.gexingshuo.com/
中华典藏🎃,,可达,206,https://www.diancang.xyz#🎃
中华诗词🎃,🍜其他,可达,200,https://m.zhonghuashici.com#🎃
中国古典文学🎃,,可达,200,https://www.zggdwx.com#🎃
中国评书zgpinghu,❤小说,可达,200,http://public.zgpingshu.com
中意文学,小说 书源,可达,200,https://www.zhongyi6.com
中文书城,小说 书源,可达,200,https://m.cread.com
中文书城,"💭💭💭💭💭💭,搜索失效",可达,200,http://shenma.cread.com/#wy18-1001
中文书城🎃,,可达,200,https://m.cread.com#🎃
中文看🎃,小说,可达,200,http://wap.zwkan.cc#🎃
久久五叔漫画📱⛅,⛅【晴天】; 💯【稳定】,可达,206,http://m.99wushu.com
久久名著,"发现失效,搜索失效",可达,200,https://www.ksw8888.com
久久小说,🍜其他,可达,200,https://m.jjjjxs.com
久久小说,小说 书源,可达,200,https://www.99xs.net#
久久小说网,,可达,200,https://w7w.23fgh.com
久久小说🎃,,可达,200,https://m.jjjxsw.com#🎃
久久小说🎃,,可达,200,http://m.9191net.com#🎃
久久小说🎃#2,,可达,200,https://m.jjjjxs.com#🎃
久久小说🎃#2,,可达,200,https://www.99xs.net#🎃
乐乐小说🎃,,可达,200,https://www.360lele.cc#🎃
乐安宣书,,可达,200,https://www.ailelela.com
乐文小说,小说 书源,可达,200,https://www.syhzzf.com/
乐文小说,小说 书源,可达,200,https://www.lewen5.com/
乐文小说,小说 书源,可达,200,https://www.jwzhn.com#🎃
乐文小说,小说 书源,可达,200,https://www.jwzhn.com
乐文小说③,🏵️  小说,可达,200,http://www.33lewen.com
乐文小说④,"💭💭💭💭💭💭,搜索失效",可达,200,https://www.lwxsw.cc
乐文小说🎃,小说,可达,200,https://m.ilwxs.com#🎃
乐文小说🥉,三等,可达,200,https://www.syhzzf.com#🎃
乐阅读小说,优质,可达,200,https://www.6ks.net
乙女漫画,漫画,可达,200,http://m.nokiacn.net
九一中文,小说 书源,可达,200,https://www.91zww.com/
九三小说（魔法）,小说 书源,可达,206,https://www.93du.org/#xsw8093
九三小说（魔法）,小说 书源,可达,206,https://www.93du.org/
九九漫画网❕,仅发现,可达,200,http://www.99mh1.cc
九九读小说🎃,,可达,200,https://www.99duxiaoshuo.com#🎃
九四阅读,111最新校验成功,可达,200,https://www.94yd.com/
九怀🎃,,可达,200,https://www.jiuhuaiwenxue.com#🎃
乡村小说,神段【大乘级】（小说源）,可达,206,http://www.xcxsw.cc
书书小说🎃,,可达,200,https://m.1pwx.com#🎃
书书网手机,男频,可达,200,https://m.shushu8.com
书农小说,小说 书源,可达,200,http://www.yueleshow.com#
书包小说网全,,可达,200,https://234.484448.xyz/
书友网🎃,,可达,200,https://www.shuyouw.com#🎃
书吧自制,小说 书源,可达,200,https://www.69shu.cc#🎃
书吧自制,小说 书源,可达,200,https://www.69shu.cc
书坊文学网🎃,轩1,可达,200,http://www.sfwx.com#🎃
书城免费小说,,可达,200,http://api.sxwlyhzp.com/#/
书城网🎃,222最新校验成功,可达,200,http://www.shucw.cc#🎃
书城🎃,正版,可达,200,https://bookshelf.html5.qq.com#🎃
书客吧🎃,,可达,206,http://m.shuke8.dlbeauty.cn#🎃
书旗小说#玄奇21.0202,"发现目录失效,搜索目录失效",可达,200,https://read.xiaoshuo1-sm.com#玄奇21.0202
书旗小说🎃#3,,可达,206,https://www.shuqi.com#🎃
书本网站🎃,,可达,200,https://www.shubenw.com#🎃
书本网🎃,,可达,206,http://www.bookben99.cc#🎃
书汇小说🎃,🍜其他,可达,200,https://m.shuhui8.cc#🎃
书海包居,小说 书源,可达,200,https://m.shuhaiju.net#
书海小说,网页源,可达,200,https://www.shuhaixs.com/
书海阁,Github-GGB,可达,200,https://book.feius.live
书海阁小说🎃,,可达,200,https://m.shuhaige.tw#🎃
书满屋网🎃,小说,可达,200,https://m.shumanwu.net#🎃
书满屋网🎃,,可达,200,https://m.shumw.com#🎃
书盟小说,"shidahuilang书源 🔥,0206⭐",可达,200,http://www.fbook.net/
书荒居,,可达,200,https://m.shuhaiju.com/
书荒网,水幽临渊0905,可达,200,https://www.15huang.com/
书荒部落（下载）,小说 书源,可达,200,http://noveless.com#玄奇21.0202
书荒部落（下载）,小说 书源,可达,200,http://noveless.com#🎃
书馆中文网,"发现失效,搜索失效",可达,200,http://www.sgzww.com
书馆中文网,A类,可达,200,https://www.sgwaa.com
二一中文,小说 书源,可达,200,https://www.21zw.com
二四小说,"💭💭💭💭💭💭,搜索失效",可达,200,https://m.24kwx.cc#未月十八改
二次元小说网🎃,,可达,206,https://www.erciyan.com#🎃
云南笔趣阁,网页源,可达,200,https://www.ynbike.net/
云起书院,,可达,200,https://yunqi.qq.com
云轩阁小说,"♡ོ晨光雨露✺精品源,发现失效,如月流光,搜索失效",可达,200,http://www.downkj.com
云轩阁🎃,,可达,200,http://www.yunxuange.cc#🎃
五二书屋🎃,,可达,206,https://www.52shuwu.net#🎃
五二书库🎃,,可达,200,https://www.po5.net#🎃
五二小说网,⁹ಥ刘备入川〽️,可达,200,https://www.22222xs.net
五六中文🎃,小说,可达,200,https://m.56zw.com#🎃
五六二🎃,,可达,200,http://m.wu62.org#🎃
五本书🎃,,可达,200,https://m.wubenshu.com#🎃
五角小说,20250428,可达,200,https://m.ltxs520.org
亲亲漫画🅰,漫画,可达,200,http://222.apitools.93gmh.com
人生百本📚#南笙21.0101,"出版,发现失效,搜索失效",可达,200,https://www.100ben.net#南笙21.0101
什么看书屋🎃,,可达,200,https://www.smkan.top#🎃
仿茄小说🎃,,可达,206,https://www.fanqxsw.com#🎃
企鹅小说🎃,,可达,200,http://www.qiexs.com#🎃
企鹅浏览,正版小说 书源,可达,200,https://novel.html5.qq.com
企鹅浏览,-------,可达,200,novel.html5.qq.com
休闲文学,A级; 发现,可达,200,http://kss.la
优·精彩东方文学🎃,,可达,200,https://m.jcdf99.com#🎃
优品学习（优）,特殊 书源,可达,206,https://www.ypppt.com
优品小说🎃,,可达,206,https://www.youpinbook.com#🎃
优特小说🎃,,可达,200,http://m.utexs.com#🎃
优质资源（优）,影视 书源,可达,200,https://www.hdzyk.com
传奇中文🎃,,可达,200,http://www.cqzww.com#🎃
何以笙箫,免费,可达,200,http://m.yetianlian.la
何以笙箫,小说 书源,可达,200,http://m.yetianlian.la#🎃
何以笙箫默小说电脑,,可达,200,http://www.yetianlian.net
你我中文🎃,,可达,200,https://www.niwozw.com#🎃
你的地址🎃,,可达,200,https://www.nidedizhi.com#🎃
值得阅读4,普通,可达,200,https://s.lansheweb.com/
倾城漫画,漫画,可达,200,https://www.mhba123.com
偏甜小说网,,可达,200,https://www.dpyqxs.com
偶遇吧,,可达,200,https://m.oue8.com/
傲世中文,小说 书源,可达,200,https://www.23zw.com/
傲轩文学,网页源,可达,200,https://www.aoxuanwx.com/
儿时小说,天域战歌整理,可达,200,http://www.243.hk
元尊小说,全部来自论坛,可达,200,https://www.yuanzunxs88.com
免费小说,18,可达,200,https://m.b483.com/
免费小说,小说 书源,可达,206,https://m.e365xs.com/
免费小说🎃#2,,可达,200,https://www.quanwenyuedu.io#🎃
免费小说🎃#5,,可达,200,https://www.s3wx.com#🎃
免费小说🎃3,,可达,200,https://www.b483.com#🎃
免费小说🎃3,合集,可达,206,http://www.freexiaoshuo.com#🎃
免费短剧（优）,影视 书源,可达,200,https://rjfwa.com
免费言情小说网,自写0529,可达,200,https://wap.k798.org
免费追书🎃,,可达,200,http://m.mianfeizhuishu.com#🎃
兔九小说,小说 书源,可达,200,https://www.tu93.com/
兔九小说,小说 书源,可达,200,http://www.tu93.com
入殓师🎃,,可达,200,http://www.rulianshi.org#🎃
全免小说,C组,可达,200,https://www.quanmianxs.com
全本,CSS,可达,200,https://www.taiuu.com
全本免费小说,全部来自论坛,可达,200,https://www.qbmfxs.com/
全本同人,,可达,200,http://www.qbtr.cc#🎃
全本同人,综合,可达,200,https://www.qbtr.cc##喜静
全本同人,小说 书源,可达,200,http://qbtr.cc/##by_夏尔
全本同人,🥇小黑网络素材,可达,200,https://qbtr.cc/##by_夏尔
全本同人小说,,可达,200,https://qbtr.me#🎃
全本同人小说网 qbtr.cc,未测试,可达,200,http://qbtr.cc
全本小说,搜索失效,可达,200,https://www.qb5200.co/
全本小说,💗,可达,200,http://www.pen.re
全本小说,小说 书源,可达,200,https://www.heenee.com/
全本小说,小说 书源,可达,200,https://www.heenee.com#🎃
全本小说,,可达,206,http://www.quanben3.com/
全本小说17,"【❌❌】搜索失-效,搜索失效",可达,200,http://m.olquan.com#响海
全本小说🎃,222最新校验成功,可达,200,https://www.bond-y.com#🎃
全本小说🎃#2,,可达,200,https://www.quanben5.com#🎃
全本小说🎃#4,小说,可达,200,http://www.apap.net#🎃
全本小说🎃#7,,可达,200,https://m.heenee.com#🎃
全民写小说②,"1,5.24,搜索失效",可达,206,http://www.qmxxs.com/
全民听书网 #破冰-,"👂👂👂👂👂👂,搜索失效",可达,200,https://www.qmtsw.com/#pb
全民小说网🎃,,可达,200,https://m.qmbook.cc#🎃
全民小说网🎃,,可达,200,https://m.1q1m.com#🎃
全英文学（英）,小说 书源,可达,200,https://novelnext.net
八一中文网,,可达,200,http://m.zhkanshu.com/
八八读书,"发现失效,﹅ 通用书源▪︎玄奇,搜索失效",可达,200,https://www.88dush.com
八八读书网,需要登录,可达,200,http://www.88xdushu.com#未月十八发现
八叉书库🎃,,可达,200,https://8xsk.com#🎃
八戒中文🎃,,可达,200,http://www.biquka.com#🎃
八极漫画,漫画 书源,可达,200,http://www.8jj.com#♤Haxc
八极漫画,漫画 书源,可达,200,http://www.8jj.com#Haxc1107
八极漫画,漫画 书源,可达,200,http://www.8jj.com
八百小说,念心 || 小说,可达,206,https://www.800xiaoshuo.com/
八零小说🎃,222最新校验成功,可达,200,http://www.80zw.la#🎃
八零小说🎃,,可达,200,http://www.80wx.info#🎃
八零小说🎃,,可达,200,http://wap.80zw.la#🎃
八零小说🙈#南笙21.0101,搜索失效,可达,200,http://www.balingtxt.com#南笙21.0101
八零电子,小说 书源,可达,200,http://www.balingtxt.com#
八零电子,,可达,200,http://wap.zw.la/
八零电子,,可达,200,http://wap.80zw.la/##细雨尘寰
八零电子,小说 书源,可达,200,http://www.balingtxt.com#🎃
公主书城,"发现目录失效,搜索失效",可达,200,https://m.gzdushu.com
六七看书,小说 书源,可达,200,https://www.67ks.com/
六六文学🎃,,可达,200,http://www.66wx.org#🎃
六度小说网,"【❌❌】搜索失-效,搜索失效",可达,200,http://www.liudu9.com
六月中文,小说 书源,可达,200,https://m.6yzw.com/
六月中文dushuxs,❤小说,可达,200,http://www.dushuxs.com
六漫画,💯【稳定】,可达,200,http://www.6mh6.com
六漫画,"💯【稳定】,失效",可达,200,http://www.6mh9.com
其乐 言情小说,,可达,200,https://www.qilexs.com
内裤奇缘小说🎃,第一批,可达,200,https://101016.xyz#🎃
再漫画,漫画,可达,206,https://manhua.zaimanhua.com/
军事小说网,漫画,可达,200,http://wap.jsnovel.com
冰氪漫画,漫画,可达,200,http://ikr.ejujiu.com
冷书网,🏵️  小说,可达,200,http://www.youdianlen.com/
凡人小说,-------,可达,200,http://wap.washuwx.com
凡人小说网🎃,,可达,200,http://wap.washuwx.com#🎃
出处源-仓库 tpyyc笔趣阁,,可达,200,https://www.tpyyc.com
出处源-仓库◎下书网,,可达,200,http://www.txtdown.cc
出处源-仓库二三小说,20250428,可达,200,https://www.x23us.cc
出处源-仓库笔趣阁,,可达,200,https://m.biquge345.com
出处源-仓库🍩笔趣读[自写],,可达,200,http://www.bbiqudu.com/#xsw8093
初心小说,🌼晨光雨露🍒精品源💯,可达,200,https://www.yuedule.cn
刺猬猫,,可达,200,http://www.ciweimao.com
刺猬猫,,可达,200,http://www.ciweimao.com#🎃
刺猬猫,2025年4月7号：静白,可达,200,https://wap-test.ciweimao.com
刺猬猫,轻小说,可达,200,https://wap.ciweimao.com#
刺猬猫,,可达,200,https://wap-test.ciweimao.com#🎃
前夜月,"发现失效,搜索失效",可达,200,http://www.qianyeyue.com/
动漫之家m,漫画,可达,200,https://manhua.dmzj1.com
动漫之家s₂️️-A,漫画,可达,200,https://sacg.dmzj1.com
动漫之家v3₂-A,漫画,可达,200,https://v3api.dmzj1.com
动漫啦,漫画,可达,200,http://www.dongman.la
动漫啦❕,,可达,200,http://www.dongman.la/manhua
动漫狂[用繁体搜索],3.16更新,可达,200,https://www.cartoonmad.com/m
动漫狂📱🌐,,可达,200,http://www.cartoonmad.com/m
努努书坊🎃,,可达,200,https://www.nunubook.com#🎃
動漫花園🌐,,可达,200,http://share.dmhy.org
包子漫画2,漫画,可达,200,https://baozimh.org/
十七小说,¹▽置顶`ȏ´正版发现,可达,200,http://www.171xiaoshuo.com/
十二,"💭💭💭💭💭💭,搜索失效",可达,200,http://www.12txt.com
十八书库🎃,,可达,200,https://www.18shuku.com#🎃
千千小说,小说 书源,可达,200,https://www.qqxs.io/
千千小说,"💭💭💭💭💭💭,搜索失效",可达,200,https://m.xqianqian.com/
千千小说,"📓 小说,搜索失效",可达,200,https://www.xqianqian.com
千千小说#onede,"💭💭💭💭💭💭,搜索失效",可达,200,https://m.xqianqian.com/#onede
千千小说①,发现规则为空,可达,200,http://www.qqxiaowo.net
千度🌇,🌇柳树,可达,200,https://112re.qdtu1.cfd/search/?k=%E5%85%A8%E9%83%A8&p=2
千度🌇🔍,柳树🌇图片,可达,200,https://112re.qdtu1.cfd
半亩方塘书苑,"发现失效,如月流光,☃晨光雨露᭄精俢源*,搜索失效",可达,200,http://www.tushuu.com
华丽家族,小说 书源,可达,200,https://www.hljzc.cc/
华丽家族🎃,,可达,200,https://www.hljzc.cc#🎃
华龙文学,💠精选,可达,200,https://m.hltxt.com
华龙文学🎃,,可达,200,https://www.hltxt.com#🎃
博发小说,⑺📚  普通,可达,200,http://www.8boo.com
博爱小说,小说 书源,可达,200,https://www.wcxsw.com#novelslistss li#芜恙
博览群书🎃,,可达,200,https://readnovelfull.com#🎃
卡  夜  阁,"风杨兮,失效",可达,200,https://m.kygso.com
卡夜阁,General,可达,206,https://www.kaye-ge.com/
卡夜阁,"【❌❌】搜索失-效,搜索失效",可达,200,https://m.kygnew.com
卡夜阁网,"💭💭💭💭💭💭,搜索目录失效",可达,200,http://m.kygnew.com
去看看吧,小说 书源,可达,200,http://www.qkkan.com#🎃
去读书,,可达,200,http://m.qudushu.com
去读书啊,,可达,200,http://www.qudushu.org
去读书网,﹅ 通用书源▪︎玄奇,可达,200,http://m.qudushu.org
参考期刊,其他,可达,200,https://m.fx361.com
友绘漫画网📱⛅,漫画,可达,200,http://m.wuyouhui.net
双语小说（英文）,其他,可达,206,http://www.shubang.net/
双语小说（英语）,小说 书源,可达,200,http://www.shubang.net/book#🎃
双语小说（英）,小说 书源,可达,200,http://www.shubang.net/book#
古诗文网🎃,222最新校验成功,可达,206,https://m.gushiwen.cn#🎃
古诗词网🎃,,可达,206,https://m.gushici.net#🎃
古龙武侠（优+）,小说 书源,可达,206,http://m.gulongbbs.com/wuxia
古龙武心,小说 书源,可达,206,http://m.gulongbbs.com/wuxia#🎃
可以小说🎃#2,,可达,200,https://m.keyiba.work#🎃
可可小说🎃,,可达,200,https://5g.cocostory.net#🎃
可能世界,小说 书源,可达,200,https://wenxue.bkneng.com/wap#🎃
叶非夜小说,"发现失效,搜索失效",可达,200,http://www.yefeiyexs.com/
吉星小说网🎃,,可达,200,https://www.jxgxlc.com#🎃
吉林小说网🎃,,可达,206,http://www.jilin567.com#🎃
同人小说,,可达,200,http://trxs.cc/
同人小说,,可达,200,https://qbtr.cc
同人小说（优）,小说 书源,可达,200,http://tongren.faloo.com
同人小说（魔法）,小说 书源,可达,200,http://m.trxs.cc
同人小说🎃,,可达,206,https://209.74.105.61#🎃
同创文学,20250428,可达,200,http://www.tcwxx.com
名著文学📖,﹅ ♞ 普通,可达,206,https://m.sidamingzhu.org
名著阅读#玄奇21.0202,"发现失效,搜索失效",可达,200,http://m.mzhu8.com/wap/#玄奇21.0202
名著阅读（优++）,漫画 书源,可达,200,https://api.520diandu.com/
名著阅读📖#南笙21.0101,"﹅ ♞ 普通,发现正文失效,搜索失效",可达,200,http://www.mzhu8.com#南笙21.0101
名著阅读📖#南笙21.0101,"﹅ ♞ 普通,发现正文失效,搜索失效",可达,200,http://www.mzhu8.com
吞噬小说网（这个作废）,💜未分组,可达,200,http://www.tsxsw.com
听书吧(作者abyssesml),"👂👂👂👂👂👂,搜索失效",可达,200,https://www.ting8.cc/
听笔趣阁,"js失效,全部来自论坛",可达,200,https://m.tingbiquge.com
听音乐™🐱,阅读3.0有声源; 发现,可达,200,http://www.htqyy.com
吾爱文学网②,,可达,200,http://m.x.com
吾爱破解🎃,,可达,200,https://www.52pojie.cn#🎃
吾看书,"全部来自论坛,网站失效",可达,200,https://www.wukanshu.cc/
呀唔小说,小说 书源,可达,200,http://www.ucxsw.com
咚漫,,可达,200,https://www.dongmanmanhua.cn
咪咕阅读,正版,可达,200,http://wap.read.com
咪咕阅读◎辞晨◎,官方-7-17,可达,200,https://n.cmread.com/r/p/zonghesywap.jsp
品书小说（优）,小说 书源,可达,200,https://m.vodtw.com
哎哟文学,网页源,可达,200,https://www.aiyouwx.com/
哔哩哔哩plus,漫画,可达,200,https://www.biliplus.com/manga
哔哩哔哩🎃,,可达,200,https://manga.bilibili.com#🎃
哔哩小说,小说 书源,可达,200,https://www.bilixs.com
哔哩小说🎃,,可达,200,https://www.bilixs.com#🎃
哟糖社nicesss,"💖图片,☀其一",可达,200,https://www.nicesss.com#SUN
哪读吧,🎨漫画,可达,200,https://www.nadu8.com
唔中文网,小说 书源,可达,200,https://www.69zww.com#未月十八repair
啃文书库,搜索失效,可达,200,https://kenwen.com
啃星书库,,可达,206,https://www.kxw5.com
啦啦书屋,小说 书源,可达,200,https://www.lalashuwu.com#🎃
噗噗动漫,影视 书源,可达,200,https://api.1080zyku.com/
四三看书🎃,,可达,206,http://m.43kanshu.com#🎃
四五小说🎃,小说,可达,200,http://www.45xsxs.com#🎃
四四小文🎃,,可达,200,https://44xw.com#🎃
四季书屋,免费,可达,200,https://www.chunyushuwu.com
国外小说（英文）,小说 书源,可达,200,https://bestlightnovel.com
国学导航,³۝天域整理,可达,206,http://www.guoxue123.com
国学汉籍,名著出版,可达,200,https://www.gxhj.com
国学经典🎃,,可达,200,https://guoxue.wunpu.com#🎃
国漫吧🎃,,可达,200,http://www.guoman8.cc#🎃
图书下载网🎃,,可达,200,http://wap.bookdown.info#🎃
图书迷🎃,,可达,200,https://www.tushumi.cc#🎃
土豆漫画网,漫画,可达,200,https://www.xm124.com
土豪漫画,漫画,可达,200,https://www.toho123.com
圣墟小说,小说 书源,可达,200,http://www.shengxuxu.net#🎃
圣武书库,轩1,可达,206,https://www.swskw.com#🎃
基友书屋,小说 书源,可达,200,https://www.gaysay.com
基本中文,小说 书源,可达,200,http://www.156zw.com
塔客文学🎃,,可达,200,https://m.211zw.com#🎃
塔读小说,写源学习,可达,200,https://m.tadu.com/
塔读小说🎃,,可达,200,https://www.tadu.com#🎃
塔读文学,,可达,200,http://www.tadu.com/
墨坛文学,小说 书源,可达,200,http://www.22mt.net/#xsw8093
墨坛文学网,,可达,200,http://www.22mt.net
多多书院,🎃 通用,可达,200,https://www.txtduo.net#
多多书院🎃,小说,可达,200,https://www.txtduo.org#🎃
多多书院🎃,,可达,200,https://m.txtduo.org#🎃
多彩阅读,,可达,200,https://www.duocaiwu.com
多看阅读,,可达,200,https://www.dkmi.com
夜书吧,"﹅ 通用书源▪︎玄奇,搜索失效",可达,200,https://www.lisewu.com/
夜书文苑🎃,,可达,200,https://www.yeshuyuan.com#🎃
夜伴书屋,小说 书源,可达,206,http://yeban360.com
夜伴书屋🎃#2,,可达,200,https://www.ybsws.com#🎃
夜天连看,,可达,200,http://www.yetianlian.cc#
夜天连看,,可达,200,http://www.yetianlian.la#
大古漫画❕,,可达,206,https://www.dagumanhua.com
大古漫画📱,漫画,可达,206,https://m.dagumanhua.com
大帝书阁,,可达,200,http://www.bbqsk.net/
大帝书阁,小说 书源,可达,200,http://www.bbqsk.net#🎃
大帝书阁🎃#2,小说,可达,200,http://www.ddsk.org#🎃
大文学wucuoxs.org,,可达,200,http://www.wucuoxs.org/
大树漫画🎃,,可达,200,https://www.dashuhuwai.com#🎃
大海小说网,"如月流光,☃晨光雨露᭄精俢源*,搜索失效",可达,200,http://www.dlhtxs.com
大漠小说◎GEd520◎,写源,可达,200,http://www.damoxiaoshuo.com/
大米小说🎃,,可达,200,https://www.damixs.info#🎃
大米小说🎃#2,,可达,200,https://www.damixs.com#🎃
大米小说🎃#2,,可达,200,http://www.damixs.com#🎃
大美书网,综合,可达,206,https://www.dameishuwang.net/
大魔兔,,可达,200,http://www.damotu.com
天下书盟🎃#2,,可达,200,http://m.fbook.net#🎃
天下小说,网页源,可达,200,https://www.tianxixs.com/
天天书吧,小说 书源,可达,200,https://www.ttshu8.org
天天书吧,小说 书源,可达,200,http://www.ttshu8.org
天天书吧,5.6,可达,200,http://www.ttshu8.org#wy18-1001
天天看书,"失效,js失效",可达,206,https://103.194.184.5
天天看书🎃,小说,可达,206,https://103.194.184.5#🎃
天幕小说,漫画,可达,200,https://www.tmshy.com
天意文学,小说 书源,可达,206,https://m.tywx.com
天极图片-P,"发现失效,﹅ 通用书源▪︎玄奇,搜索失效",可达,200,http://pic.yesky.com
天眼看小说,男频,可达,200,https://novel.zhwenpg.com
天籁小说,,可达,200,http://www.tlxsw1.com/
天籁小说网,,可达,200,http://www.tlxsw1.com#🎃
天翼文学,"💭💭💭💭💭💭,搜索失效",可达,200,https://www.tywxw.la/
夫妻小说,小说 书源,可达,200,https://www.dfu7.com
夫妻小说🎃,,可达,200,https://www.dfu7.com#🎃
头文字小说🎃,,可达,200,https://m.touwz.org#🎃
奇书中文,小说 书源,可达,200,https://www.qishuzw.com
奇书网吧,小说 书源,可达,200,https://m.qishuta.org/##@鱼
奇书网络🎃,,可达,200,https://www.qishuta.cc#🎃
奇书网🎃#2,,可达,200,http://www.xqishuta.com#🎃
奇书网🎃#3,,可达,200,http://m.xqishuta.net#🎃
奇奇小说,小说 书源,可达,200,https://www.qq717.com/
奇妙漫画,,可达,200,https://www.qimiaomh.com
奇快中文🎃,,可达,200,http://www.qkzw.cc#🎃
奇怪小说,,可达,200,http://www.yetianlian.info
奇漫屋₁📱,💯【稳定】,可达,206,http://m.qiman58.com
奇热小说,⑤🛍︎  小说,可达,200,https://www.qirebook.com/
奇热小说,小说 书源,可达,200,https://www.qirebook.com#🎃
奇迹作品,"5.26,搜索失效",可达,206,https://www.qijizuopin.com#鸡排饭
奇迹作品,"5.26,搜索失效",可达,206,https://www.qijizuopin.com#南笙21.0101
奇迹小说,综合,可达,206,https://www.qijizuopin.com
奇迹小说🎃,🍜其他,可达,206,https://www.qijizuopin.com#🎃
奇阿优声🎃,,可达,200,http://www.7ays.com#🎃
奥奥玩吧,小说 书源,可达,200,https://www.wanbaxsw.com
女孩漫画,漫画 书源,可达,206,https://ydan.vip/
女王小说🎃,,可达,200,https://www.npford.com#🎃
好吧小说,校验可用,可达,200,http://hao8.net/
好漫6,"发现失效,搜索失效",可达,200,http://www.haoman6.com
好看小说网,"💭💭💭💭💭💭,搜索失效",可达,200,http://m.eejw.cn
妙书斋子🎃,轩1,可达,200,https://wap.miaoshuzhai.net#🎃
妙笔阁,💠精选,可达,200,https://m.miaobige.com
妙笔阁🎃,,可达,200,https://m.miaobige.com#🎃
妙镜小说,,可达,200,https://esnta.com
妹妹小说,免费,可达,200,https://www.88xiaoshuo.net#🎃
宅男女神,18,可达,200,https://m.nvshens.net
安之原创,免费,可达,200,http://www.azycjd.com#♤yc
完整书,综合,可达,206,https://www.wzsxs.com/
完本书库,💥优质,可达,200,https://www.wanbenshuku.com/
完本小说网🎃,,可达,200,https://www.finalbooks.work#🎃
完本神站🎃,,可达,206,https://m.wanbengo.com#🎃
完本神站🎃,,可达,206,https://www.wbsz.org#🎃
完本阁🎃,,可达,200,https://www.jizai22.com#🎃
完本阁🎃,222最新校验成功,可达,200,https://www.ghost580.com#🎃
宜小说,【小说2书源】,可达,200,http://www.sinyacorp.com
宜搜,,可达,200,http://easou.com
宜搜小说,综合,可达,200,http://api.ieasou.com/
宜搜小说app🎃,🍜其他,可达,200,https://api.ieasou.com#🎃
宜搜🎃,,可达,200,https://book.eayue.com#🎃
宝华书院,"失效,js失效,收集出处：源论坛 4月29号",可达,200,https://www.baohuasy.com/
宝贝小说,小说 书源,可达,200,https://www.88xiaoshuo.net
寂寞书库🎃,,可达,200,http://m.jimoshuku.com#🎃
寒武破解,"111,发现失效,搜索失效",可达,200,https://www.hanwujinian.com#myself
寒武纪年,9月,可达,200,https://www.hanwujinian.com##
小书包小说网🎃,222最新校验成功,可达,200,http://m.xiaoshubao.net#🎃
小强小说,💜未分组,可达,200,http://m.xiaoqiangla.net/
小强小说网②,⁹ಥ刘备入川〽️,可达,200,http://www.xiaoqiangshuku.com
小浣熊漫画💡,💡【提示】; 失效,可达,200,https://manhuazhuo.xyz
小火车文学🎃,小说,可达,200,https://www.bangtan007.com#🎃
小版主🎃,,可达,200,http://m.xiaobanzhu.com#🎃
小红书🎃,,可达,200,https://www.litehongshu.com#🎃
小說網85novel,"源社区,飞机",可达,200,https://www.85novel.com
小说-🥝笔789,,可达,200,http://wap.bqzw789.org
小说123456789🎃,,可达,200,https://xiaoshuo123456789.com#🎃
小说177🎃,,可达,200,https://www.xs177.com#🎃
小说52,🏖️免费+,可达,200,http://www.xs52.la/
小说5200(书名必须完整),女频,可达,200,http://m.5200xiaoshuo.com/
小说MM阅读网,,可达,200,http://www.xiaoshuomm.com
小说三千🎃,🍜其他,可达,200,http://www.xs3000.com#🎃
小说之家🎃,,可达,200,https://m.xs3.cc#🎃
小说手机,小说 书源,可达,200,https://wap.55xiaoshuoe.com
小说旗 m.xs777.org,综合,可达,200,https://m.xs777.org
小说路上m🎃,,可达,200,https://m.xs639.com#🎃
小说路上🎃,,可达,200,https://www.xs639.com#🎃
小说部落🎃#2,,可达,206,http://www.xiaoshuobuluo.com#🎃
小说阅读网🎃,,可达,200,http://m.chxs.xyz#🎃
小说阅读网🎃,,可达,200,https://www.readnovel.com#🎃
少年梦阅读,轻小说,可达,200,https://api.shaoniandream.com
就去看网🎃,,可达,200,https://www.97k.cc#🎃
就爱谈小说网,,可达,206,http://m.x9itan.cc
山林小说网🎃,,可达,200,http://m.30xs.net#🎃
希望中文,常用◎,可达,200,https://m.5xw.net
平板电子书网🎃,,可达,200,http://wap.qiqixs.net#🎃
年梦阅读,小说 书源,可达,200,https://api.shaoniandream.com#🎃
幻世小说_By-[曦灵],"💎曦灵,搜索失效",可达,200,https://www.sogou.com/  ##_By-[曦灵]
幻想姬小说👿,1,可达,206,www.huanxiangji.com/
幻想姬网🎃,,可达,206,https://www.huanxiangji.net#🎃
幻想姬网🎃,,可达,206,https://www.huanxiangji.com#🎃
幽幽🎃,,可达,200,https://www.xiaoshuouu.com#🎃
废纸文学🎃,,可达,200,https://www7.mysadhappy.com#🎃
废纸文学🎃,,可达,206,https://www.sosadlook.com#🎃
开心文学网,轩1,可达,200,https://www.kxwx.org
开心文学网🎃,🍜其他,可达,200,https://www.kxwx.org#🎃
开源书源（优）,,可达,206,http://www.uww.cc
开源书源🎃,,可达,200,http://www.kenshuzw.net#🎃
当书网[分页],🎉 精选 🎉,可达,200,https://www.downbook.com
影书,,可达,200,http://www.yingsx.com#🎃
影书🎃#2,,可达,200,https://wap.yingsx.com#🎃
得奇小说网,General,可达,200,https://deqixs.co/
得间#渊呀,,可达,200,https://m.idejian.com#yuan1107
得间小说,,可达,200,https://m.idejian.com#
得间小说🎃,,可达,200,https://www.idejian.com#🎃
得间小说🎃,正版,可达,200,http://m.idejian.net#🎃
得间小说🎃#4,,可达,200,https://www.idejian.com/nvsheng#🎃
御书屋12,第一批,可达,200,http://m.yushuwu12.com/#
御书屋网🎃#2,,可达,200,http://m.3322t.com#🎃
御书屋🎃,,可达,200,https://www.wmp8.com#🎃
御书屋🎃,,可达,200,https://m.eyushuwu.com#🎃
御书屋🎃#2,,可达,200,https://m.yushuwum.com#🎃
御书屋🎃#3,,可达,200,https://www.eyushuwu.com/💝#🎃
御书屋🎃#4,,可达,200,https://m.wmp8.com#🎃
微信公众号,公众号,可达,200,http://mp.weixin.qq.com
微博评论,免费,可达,200,https://m.weibo.cn#🎃
微趣小说,自制源,可达,206,https://www.weiquxs.net
心拉看书,小说 书源,可达,206,https://www.lakanshu.cc/
心拉看书,小说 书源,可达,206,https://www.lakanshu.cc/#喜静
心轻小说,正版小说 书源,可达,200,http://s.sfacg.com/
必看/坚果🎃,,可达,206,https://api.ibreader.com#🎃
必读小说,,可达,200,http://www.ibiquxs.info
快乐图书🎃,,可达,200,https://www.3004ss.com#🎃
快快漫画,全部来自论坛,可达,200,http://m.rbmh5.xyz
快眼看书,小说 书源,可达,200,https://www.ibotaodz.com/
快眼看书,轩1,可达,200,http://www.booksky.cc#🎃
快眼看书（优+）,小说 书源,可达,200,http://www.booksky.cc
快眼看书🎃#4,,可达,200,http://m.xbotaodz.com#🎃
快眼看书🎃2,🎄常用,可达,200,http://www.xbotaodz.com#🎃
思思漫画-M,漫画,可达,206,https://m.sisimanhua.com
思路客,🎉 精品,可达,200,http://www.siluke.cc#嘚嘚21.0201
思路客吧,小说 书源,可达,200,https://www.rucedu.net#🎃
思路客组,小说 书源,可达,200,http://www.siluke.cc#novelslist2 ul li!0
思路客网,小说 书源,可达,200,https://www.rucedu.net/
思路客🎃,,可达,200,http://m.isiluke.net#🎃
思路客🎃#2,,可达,200,http://www.siluke.us#🎃
总裁小说🎃,,可达,206,https://www.zongcaixiaoshuow.com#🎃
恋听网站,听书 书源,可达,200,https://m.ting55.com
恩京书房,小说 书源,可达,206,https://www.enjing.net#🎃
恩京的书房,免费,可达,206,https://www.enjing.net
恶补看吧,小说 书源,可达,200,http://www.qkkan.com#
悠悠书盟,﹅ ♞ 普通,可达,200,https://www.txtuu.com/
悠悠书盟①,小说,可达,200,https://www.p3xs.com
悠悠文学小说网🎃,,可达,200,http://m.uuwx.la#🎃
悦听吧[自写],校验超时,可达,200,http://www.yuetingba.cn
情人游戏🎃,,可达,200,https://m.qingrenyouxi.com#🎃
情豆书坊🎃,,可达,206,https://www.qdsf.net#🎃
憩心阁,,可达,200,https://www.qixinge.cc/
懒人听书🎧💜,🎧 有声,可达,200,http://www.lrts.me
懒人小说🎃,,可达,206,https://m.lrxs.org#🎃
我乐小说,💜未分组,可达,200,http://www.oole.info
我的书城,,可达,206,3wwd.com
我的书城[无发现],[酷安所求],可达,206,https://m.3wwd.com/
我的书城网🎃,,可达,206,https://www.5scw.com#🎃
我的书城🎃,222最新校验成功,可达,206,https://www.qushucheng.com#🎃
我的言情小说,,可达,200,https://www.myyqxs.cc
手心看书,,可达,200,https://www.sxkszsw.com
手心看书🎃,,可达,200,https://www.sxkszsw.com#🎃
手机小说,小说 书源,可达,200,https://m.shoujix.com#
手机小说,小说 书源,可达,200,https://www.shoujix.com#🎃
手机小说🎃,,可达,200,https://www.shoujixs.net#🎃
手机小说🎃#2,,可达,200,https://m.shoujix.com#🎃
手机版平板电子书网🎃,,可达,200,http://wap.qiqixs.info#🎃
手机看书🎃,,可达,200,https://www.sjks88.com#🎃
扑飞漫画-M,"漫画,发现失效,搜索失效",可达,200,http://m.pufei.cc
扣扣阅读,平台,可达,200,https://book.qq.com/#hu
找书神器,小说 书源,可达,200,https://mianfei22.com
找书神器,,可达,200,https://kt.bqg123a.top
找书神器,小说 书源,可达,200,https://mianfei22.com#🎃
找故事网🎃,,可达,200,https://www.zhaogushi.cn#🎃
抖音小说,发现规则语法错误,可达,200,https://m.douyinxs.com
抖音小说🎃,,可达,200,https://m.douyinxs.com#🎃
抖音小说🎃#3,,可达,200,https://m.douxsw.com#🎃
拷贝漫画（优++）,漫画 书源,可达,200,https://www.mangacopy.com/
拾个短篇（繁体）,小说 书源,可达,200,https://niice-woker.com
挺好的,,可达,200,https://www.verysadfun.com
挺好的🎃,,可达,200,https://www.verysadfun.com#🎃
掌门小说（魔法）,小说 书源,可达,200,https://www.szmxs.cc/##
掌阅书城,💰正版💰,可达,200,https://yc.ireader.com.cn
掌阅书城by(修订目录),平台,可达,200,http://m.zhangyue.com
掌阅小说⭐#南笙21.0101,"搜索正文失效,发现正文失效",可达,200,http://m.zhangyue.com#南笙21.0101
搜书次元,同人,可达,206,https://www.sokanshu.com/
搜书网🎃,222最新校验成功,可达,200,https://m.soshuw.net#🎃
搜娱书院,网页源,可达,200,http://www.souyusy.com/
搜小说🎃,,可达,200,https://www.sou78.com#🎃
搜小说🎃,轩1,可达,200,https://wap.sou78.com#🎃
搜搜小说🎃,,可达,206,http://www.soeo.net#🎃
搜读网,"发现目录失效,﹅ 通用书源▪︎玄奇,搜索目录失效",可达,200,https://www.souduw.com/
搬文屋🎃,🎄常用,可达,200,https://www.banwenwu.com#🎃
摘书网🎃,,可达,200,http://www.zhaishulou.org#🎃
摸摸图裤🌇🔍,柳树🌇图片,可达,206,https://mo8.org/
数字中文,小说 书源,可达,200,http://www.156zw.com#🎃
文学作品阅读🎃,,可达,200,https://www.wxzpyd.com#🎃
文学吧包,,可达,200,https://www.wenxue88.com#
文学吧包,小说 书源,可达,200,https://www.wenxue88.com#🎃
文徒小说,综合,可达,206,http://www.bookfedex.com
文徒小说🎃,,可达,206,http://www.bookfedex.com#🎃
文本豪居网,"优,Wave,发现失效,搜索失效",可达,200,http://www.xwbhk.com
文窗小说,女频,可达,200,https://wapk.gb8796.com
斋书苑,自用,可达,200,https://m.zhaishuyuan.com#time
斗破小说网,综合,可达,200,https://www.doupoall.com/#xsw8093
新  丝  路,"风杨兮,失效",可达,206,https://m.xunsilu.cc
新书包网,天域战歌,可达,206,http://m.xshubaowang.com
新书海阁,🏵️  小说,可达,200,https://www.xinshuhaige.com
新书网吧,小说 书源,可达,200,https://www.xinshuw.com#🎃
新人漫画,漫画 书源,可达,200,https://xapi.xinmanhua.net#Haxc1107
新优书网🎃,,可达,200,https://www.youshu.me#🎃
新卡夜阁,"💭💭💭💭💭💭,搜索失效",可达,200,https://www.kygnew.com
新完本神站,全部来自论坛,可达,206,https://www.xwbbook.com/
新御书屋🎃,,可达,200,https://www.xyushuwu7.com#🎃
新御书屋🎃#10,,可达,200,https://m.yushuwu.club#🎃
新御书屋🎃#2,,可达,200,https://www.vipyzw.com#🎃
新御书屋🎃#2,,可达,200,https://m.u9mm.com#🎃
新御书屋🎃#3,,可达,200,https://www.xyushuwu.one#🎃
新御书屋🎃#3,222最新校验成功,可达,200,https://www.cangyuantu.in#🎃
新御书屋🎃#4,,可达,200,https://m.yushuwu.asia#🎃
新御书屋🎃#6,,可达,200,https://m.yswnovel.com#🎃
新御书屋🎃#7,,可达,200,https://www.yushuwx.com#🎃
新御书屋🎃#8,小说,可达,200,https://m.xyushuwu7.com#🎃
新御书屋🎃#9,,可达,200,https://m.ayushuwu.com#🎃
新我的书城,QIUHONG,可达,206,https://m.xwdsc.com
新新漫画₂,,可达,200,http://www.177mh.net
新暖才文学网,漫画,可达,200,https://m.xncwxw.com
新棉花糖,男频,可达,200,http://m.mianhuatang.co
新浪小说sina,❤小说,可达,200,http://book.sina.cn
新浪小说网,综合,可达,200,https://book.sina.cn
新百强小说,🎃常规,可达,200,http://www.xinbqg.la/
新秀人🌇🔍,柳树🌇图片,可达,206,https://xinxiuren.com/
新笔趣阁,小说 书源,可达,200,https://m.xxbqg5200.com#响海
新笔趣阁 wap2.xinbiquge.org,校验,可达,200,https://wap2.xinbiquge.org
新笔趣阁new🎃,,可达,206,https://m.newbiquge.org#🎃
新笔趣阁o,"💭💭💭💭💭💭,搜索失效",可达,200,https://m.xbiqugeo.com
新笔趣阁xbqgxs[自写],综合,可达,200,http://www.xbqgxs.vip/#xsw8093
新笔趣阁xoyo,.PlutoGIsolatee,可达,200,https://www.xoyo100.org/
新笔趣阁🎃#3,,可达,200,http://m.xinbqg.com#🎃
新龙小说🎃,小说,可达,200,https://www.niuloong.com#🎃
方宗小说,🎃 通用,可达,200,https://www.fangzongxs.com#
无CP交流窝🎃,,可达,200,http://www.wu-cp.com#🎃
无奈小说网🎃,,可达,200,https://m.wnxsw.cc#🎃
无忧小说,小说 书源,可达,200,https://m.51eshu.com/
无极磁力（磁力）,特殊 书源,可达,200,https://cili.se/
无遮韩漫🎃,,可达,200,http://www.wxzhm.top#🎃
无错小说,,可达,200,https://m.wucuoxs.com
无错小说,小说 书源,可达,200,https://www.wcxsw.com#novelslistss li
无错小说,小说 书源,可达,200,https://www.wcxsw.com#novelslistss
无错小说,小说 书源,可达,200,https://www.wucuoxs.com#🎃
无错小说6,小说 书源,可达,200,https://m.wucuoxs.com#🎃
无错小说屋,,可达,200,https://www.wcxs5.com
无限小说 静白校验搬运其他渠道去除防伪,精选,可达,200,https://v.8book.com
无限小说网,,可达,200,https://wuxianbook.com
无限小说网⑥,微筛选,可达,200,http://www.txt97.com
无限小说网🎃#3,,可达,200,https://www.555x.org#🎃
无限小说🎃#2,,可达,200,http://www.txt97.org#🎃
日书屋吧,小说 书源,可达,200,https://www.rishuwu.com#🎃
旧时光吧,小说 书源,可达,200,http://www.lanrenyuhai.com
明智屋🎃,,可达,200,https://www.mingzw.net#🎃
明月中文,,可达,200,http://www.mingzw.net
明溪谷雨🎃,563366666,可达,200,http://www.tjsyjjzs.com#🎃
星星小说,"-------,0206⭐",可达,200,http://www.xxtxt.com
星月书吧,小说 书源,可达,200,https://www.xyshu8.com
星月书吧,"💭💭💭💭💭💭,搜索失效",可达,200,https://m.xyshu8.com/
春秋小说,网页源,可达,206,https://www.chunqiuxs.com/
春雨书屋,小说 书源,可达,200,https://www.chunyushuwu.com#🎃
昭通文学,,可达,200,http://www.ztwx.net
晋江,"¹▽置顶`ȏ´正版发现,⁶❀耽女︎ºั轻言",可达,200,http://www.jjwxc.net/bookbase.php
晋江[网页],平台,可达,200,http://www.jjwxc.net
晋江文学,💭💭💭💭💭💭,可达,206,https://m.jjwxc.net##time
晋江文学城🎃#3,,可达,200,https://www.jjwxc.net#🎃
晋江文学城🎃4,,可达,200,https://apps.jjwxc.net#🎃
晋江🎃,,可达,200,http://app.jjwxc.org#🎃
晋江🎃#3,,可达,206,https://m.jjwxc.net#🎃
晚安文学,"﹅ ♛ 精品,搜索失效",可达,200,http://www.wawx.net/
晚怒小说,小说 书源,可达,200,http://m.rulianshi.la/
晚独阅读,小说 书源,可达,200,https://m.duread.cn#
普·笔趣阁¹⁷,"笔趣,﹅ ♞ 普通,校验超时",可达,200,http://www.biqutsxs.com
暖才小说②,《精选书源》,可达,200,https://www.nuancaixs.com
暖糖文学,"发现失效,﹅ 通用书源▪︎玄奇,搜索失效",可达,200,https://www.nuantang.net
暴走漫画💡,长图,可达,200,http://baozoumanhua.com
最新书源兼容2和3,特殊 书源,可达,200,https://www.lanzouj.com/b00nb04xc
最新书源（网络）,,可达,200,https://www.lanzoub.com/bnbxc
最新书源（网络）,特殊 书源,可达,200,https://www.lanzoub.com/b00nb04xc
最新小说网,天域战歌,可达,200,https://m.8pxs.com
月下独酌,小说 书源,可达,200,https://www.yuexia.net#
月色书房🎃,小说,可达,200,https://www.yuesekanshu.com#🎃
有乐中文网,"💭💭💭💭💭💭,搜索失效",可达,200,http://www.iyoule.com/shuku.html
有度中文,,可达,200,https://www.yoduzw.com/#渊呀edit
有度中文,🏵️  小说,可达,200,https://www.yoduzw.com#Fix
有度中文🎃,,可达,200,https://www.yoduzw.com#🎃
有度中文🎃#2,,可达,200,https://www.youduzw.com#🎃
有料🈲🔍,🈲7/14,可达,200,https://yp.ylwx71.xyz
有点冷(3.0带发现),3.0,可达,200,http://m.youdianlen.com
望书阁,🏵️  小说,可达,200,https://m.wangshugu.com
未来天王,,可达,200,http://www.weilaitianwang.com/#pb1101
未来天王,小说 书源,可达,200,http://www.weilaitianwang.com/#♤pb
未来天王🎃2,,可达,200,http://www.weilaitianwang.info#🎃
杂志集,小说,可达,206,http://www.zazhiji.com
来也小说,saberyz修复,可达,200,https://www.laiye123.com
杰娜小说,静白240801,可达,200,http://www.zhhswz.com/
板栗文学,小说 书源,可达,206,https://www.c1rp.com#🎃
板栗文学,小说 书源,可达,206,https://www.c1rp.com
极简搜书（优）,小说 书源,可达,200,https://book.komr.cn#防
极简搜书（优）,小说 书源,可达,200,https://book.komr.cn
果文学网🎃,,可达,200,https://www.guowx.com#🎃
果文学网🎃,,可达,200,http://www.guowx.com#🎃
果露小说,小说 书源,可达,200,https://www.xguolu88.com#🎃
果露小说🎃#2,,可达,200,https://www.guolu88.cc#🎃
格式小说,,可达,206,https://m.asp1.com.cn#🎃
格格党,"💭💭💭💭💭💭,搜索失效",可达,200,http://www.51ggd.com#md-guaner
格格党,"💭💭💭💭💭💭,搜索失效",可达,200,http://www.51ggd.com
格格党 #未月十八1001,"💭💭💭💭💭💭,搜索失效",可达,200,http://www.51ggd.com#wy18-1001
格格党[51],🏖️免费+,可达,200,https://www.51ggd.com/
格格党flydoing,🍜其他,可达,206,http://www.flydoing.com
格格党ggdwx,备用,可达,200,http://www.ggdwx.net
格格党rdqsdy,,可达,200,https://www.rdqsdy.net/##
格格党⑦,"【❌❌】搜索失-效,搜索失效",可达,200,http://www.51ggd.com#关耳
格格党小说网,"全部来自论坛,搜索失效",可达,200,http://ggdowns.cc
格格党文学🎃,,可达,200,http://m.ggdwx.net#🎃
格格党网,小说 书源,可达,200,http://www.ggd8.cc
格格党网🎃,,可达,200,http://www.ggd8.cc#🎃
格格党（阅读书屋）,,可达,206,https://www.ax81.com
格格党🎃,,可达,200,http://www.huilingtian.com#🎃
格格党🎃,,可达,200,http://www.qodown.com#🎃
格格党🎃,"发现规则为空,【🎃书源】,优选女频,【🌸自用女频源】",可达,200,https://www.rdqsdy.net#🎃
格格党🎃#2,,可达,200,https://www.haogushi88.cc#🎃
桃花小说网,免费,可达,200,https://m.thjsl.org/##檬默默
桐树,⁴☃晨光雨露᭄精品源,可达,200,https://m.tongshu.net
梦想家文学,,可达,200,http://www.mxjtedu.com/
梦想者,"正常,搜索失效",可达,200,http://www.mxz.cc/qb/
梦想者,校验可用,可达,200,http://www.mxz.cc/
梦想者3,校验可用,可达,200,http://www.mxz.cc/qb#未月十八净化
梦阮读书🎃,,可达,206,https://www.mengruan.com#🎃
梧桐中文,正版小说 书源,可达,200,http://www.wtzw.com
梧桐中文,正版小说 书源,可达,200,https://www.wtzw.com
梧桐中文🎃,,可达,200,http://www.wtzw.com#🎃
棉花糖小说网②,"发现失效,搜索失效",可达,200,http://www.mianhuatang.me
森林ᵐᵘ -,✦优,可达,200,http://23.224.242.55/
樱花漫画,失效,可达,200,https://www.dm05.com
橘色书院,"小说,搜索失效",可达,200,https://www.ya49.com
次元姬呀🎃,,可达,206,https://www.ciyuanji.com#🎃
次呀文学,-------,可达,200,http://wap.115wx.cc
武陵小说,小说 书源,可达,200,https://www.china-wuling.com/
殓师灵异,综合,可达,200,http://www.rulianshi.org/#♤pb
殓师灵异（优）,小说 书源,可达,200,http://www.rulianshi.org/#pb1101
殿行说移动版,A级; 发现,可达,200,https://m.dianwxw.com
每日色漫🎃,222最新校验成功,可达,200,https://xn--oiji-k32hr15anv9f.155comic25.icu#🎃
民间故事,名著出版,可达,206,https://www.6mj.com
永久小说网,综合,可达,200,http://www.yjxsw.com
求书帮,,可达,206,https://www.qiushubang.com/
求书帮🎃,,可达,206,https://www.xqiushubang.com#🎃
求书网,"精品,7月份,👍🏻",可达,200,http://www.aidusk.org/
求书网吧,小说 书源,可达,200,http://www.qiushu.info#🎃
汉化小说(轻小说),"失效,收集出处：源论坛 4月29号,搜索失效",可达,206,https://freenovel.sbs/
汗汗漫画-M,漫画,可达,200,http://aaooss.com
汗汗漫画📱📶,"3.10 修复正文
<移动不能用>",可达,200,http://bbssoo.com
江湖免费小说,[1],可达,206,https://freeapp-api.zhangdu.com##@
江湖免费小说,[1],可达,206,https://freeapp-api.zhangdu.com
沙漠小说🎃,,可达,200,http://www.shamoxs.com#🎃
沧元图小说🎃,,可达,200,https://www.09read.com#🎃
河图小说,神段【大乘级】（小说源）,可达,200,http://www.hetu2.com
河源书吧,网页源,可达,200,https://www.heyuanba.com/
河马剧场,,可达,200,https://freevideo.zqqds.cn
泡泡中文🎃,,可达,200,https://m.paozww.com#🎃
海  棠  城,⁸̶̥̥̥̆ૢ)论坛↓下载,可达,200,https://www.urhtbooks.com
海悦小说,小说 书源,可达,200,http://m.haiyue8.com
海词精选（优）,特殊 书源,可达,200,http://dict.cn
海豚小说🎃,,可达,200,https://www.htxsw.com#🎃
海阅小说🎃,,可达,200,https://m.haiyue8.cc#🎃
海阅小说🎃#2,,可达,200,https://m.haiyue8.com#🎃
海马读书🎃,,可达,200,https://www.haimazw.com#🎃
消防网站（消防）,特殊 书源,可达,200,https://gf.1190119.com/
淘小说吧,精品书源,可达,200,https://tybook.taoyuewenhua.net#旭
淘小说🎃,,可达,200,https://tybook.taoyuewenhua.net#🎃
淘链客吧（下载）,"240123,网站失效",可达,200,http://www.toplinks.cc
淘链客吧（下载）,小说 书源,可达,200,http://www.toplinks.cc#关耳
淘链客吧（下载）,小说 书源,可达,200,http://www.toplinks.cc#乃星
淘链客吧（下载）,小说 书源,可达,200,https://www.toplinks.cc/
深夜看书🎃,小说,可达,200,https://www.longtimebook.com#🎃
混混小说网,,可达,200,http://www.hunhun.cc
渣女小说🎃,,可达,200,http://m.zhanvxs.cc#🎃
源社区出品-👑 纯果（天天书源）,,可达,200,https://www.gchun.com
漫城小说🎃,,可达,200,https://www.ieat.cc#🎃
漫外音-M,"发现失效,搜索失效",可达,200,http://m.manwaiyin.com
漫小肆韩漫,,可达,200,https://www.jjmh.top
漫本💡,,可达,200,http://www.manben.com
漫漫漫画🎃,,可达,206,https://www.manmanapp.com#🎃
漫画160📱,🎨漫画,可达,200,https://m.mh160.xyz
漫画LOVE,💯【稳定】,可达,200,http://www.php06.com
漫画love📱⛅,漫画,可达,200,http://m.php06.com
漫画人📱,,可达,200,https://m.manhuaren.cc
漫画台🅰,失效,可达,206,https://getconfig-globalapi.yyhao.com
漫画小屋,漫画,可达,206,https://m.dm5.com/
漫画屋,"失效,收集出处：源论坛 4月29号,搜索目录失效",可达,200,https://www.mhua5.com/
漫画屋,,可达,206,https://www.mhua.com/
漫画村🌐🇯🇵,,可达,200,https://mangamura.club
漫画皮,漫画,可达,206,https://www.manhuapi.com
漫画看mhkan,💜漫画,可达,200,https://m.mhkan.com
漫画码📱,💯【稳定】,可达,206,https://www.manhuama.com
漫画站,🖼️漫画,可达,200,https://www.manhuazhan.com
漫画粉📱,💯【稳定】,可达,200,https://m.manhuafen.com
漫画迷[手机]   {缺发现},发现读不了; 发现规则语法错误; 失效,可达,200,https://m.manhuami.org
漫畫寶💡,💡【提示】,可达,200,https://www.magagui.com
漫畫櫃,漫画,可达,206,https://tw.manhuagui.com
漫百库,"✨漫画,搜索正文失效",可达,200,http://www.manhuabaiku.com/##柚屿
漫百库,"✨漫画,搜索正文失效",可达,200,http://www.manhuabaiku.com/
漫蛙,,可达,200,https://www.manwaku.com
漫蛙,"全部来自论坛,网站失效",可达,206,https://manwajs.vip/
漫香阁,涩漫图,可达,200,https://xn--ksp-mxgmxgcom-yp8ve33bkpevz1kpxq.mxgmh.com/
潇湘书院net,,可达,200,https://www.xxsy.net
潇湘书院🎃,女频,可达,200,https://www.xxsy.net#🎃
潇湘书院🎃2,🎄常用,可达,200,https://m.xxsy.net#🎃
火星小说,,可达,200,https://mobile.hotread.com
火星小说🎃,,可达,200,https://mobile.iceread.com#🎃
灯读文学🎃,,可达,200,https://s30007.zhongyue001.com#🎃
灯读文学🎃,🎄常用,可达,200,https://s30001.zhongyue001.com#🎃
灵异录小说rulianshi,❤小说,可达,200,http://m.rulianshi.net
炫书文学,网页源,可达,206,https://www.xuanshuwx.com/
炫书网,综合,可达,200,http://www.3uww.cc
炫书网,,可达,200,https://www.ibiquta.info/
炫书网,"源仓库,搜索失效",可达,200,https://www.ibiquta.com/#pb1101
炫书网吧,,可达,200,http://www.3uww.cc#🎃
炫书网吧,-------,可达,200,http://www.ixuanquge.com#未月十八repair#wy18-1001
炫书网吧,-------,可达,200,http://www.ixuanquge.com#未月十八repair
炫书网吧,小说 书源,可达,200,https://www.ibiquta.info#🎃
炫书网站,20250428,可达,200,http://www.ixuanquge.com
烧书阁,,可达,200,http://m.shaoshu1.com
热门小说网,111最新校验成功,可达,200,https://www.remenxsxs.com/
燃文学,,可达,200,http://www.ranwx.com
燃文小说,小说 书源,可达,200,https://www.wzxywj.com#🎃
燃文小说,全部来自论坛,可达,200,http://www.ranwen1.cc/
燃文小说,小说 书源,可达,200,https://www.wzxywj.com#
燃文小说,小说 书源,可达,200,https://www.773buy.cc
燃文小说,小说 书源,可达,200,https://www.773buy.cc#🎃
燃文小说,小说 书源,可达,200,https://www.ranwen.net
燃文小说,小说 书源,可达,200,https://www.ranwen.net#🎃
燃文小说,小说 书源,可达,200,https://www.ranwena.com/
燃文小说网🎃,,可达,200,http://www.ranwen1.cc#🎃
燃文小说🎃#2,,可达,200,https://www.ranwena.com#🎃
燃文小说🎃#3,,可达,200,https://m.ranwen.com#🎃
燃文看书 #Namo▼列表书少,"💭💭💭💭💭💭,搜索失效",可达,200,http://www.ranwenn.com#Namo
燃文看书 #♤Namo▼列表书少,"💭💭💭💭💭💭,搜索失效",可达,200,http://www.ranwenn.com#♤Namo
燕子书屋,女频,可达,200,https://m.yuzhaiwen.com
燕琛中文🎃,,可达,200,http://www.gentuibook.xyz#🎃
爱下书吧🎃,Tg:@sousuo234,可达,200,https://ixdzs8.com#🎃
爱下书小说网,Github-GGB,可达,200,http://www.aixiashu.la/
爱下文学🎃,,可达,200,https://www.aixiawx.com#🎃
爱下电子书,微筛选,可达,200,https://m.aixdzs.com#未月十八edit
爱下电子书,微筛选,可达,200,https://m.aixdzs.com
爱下电子书（繁体）,,可达,200,https://miph.aixdzs.com
爱下电子（繁）,小说 书源,可达,200,https://ixdzs.tw/
爱丽丝书屋🎃,,可达,200,https://alicesw.org#🎃
爱久久小说🎃,,可达,200,https://m.aijjxs.com#🎃
爱久久网🎃,,可达,200,https://www.ijjjxsw.com#🎃
爱久久网🎃,,可达,200,https://www.jjjjxs.com#🎃
爱久久网🎃,,可达,200,https://www.jjjjxsw.com#🎃
爱久久网🎃,🍜其他,可达,200,http://www.jjjjxs.com#🎃
爱乐文学,,可达,200,https://www.ailewx.com#
爱乐文学🎃,,可达,200,https://www.ailewx.com#🎃
爱书包,,可达,200,http://www.txt.com
爱优漫🅰,💯【稳定】,可达,206,https://getconfig-globalapi.yyhao.com:443
爱你中文,综合,可达,206,http://www.20zw.com#
爱你中文,小说 书源,可达,206,http://www.20zw.com#🎃
爱倍多书城,,可达,200,https://www.abdsc.com
爱兔九三,,可达,200,https://www.tu93.net##@
爱去小说网🎃,,可达,200,http://m.21zw.net#🎃
爱去小说网🎃,,可达,206,https://www.627txt.com#🎃
爱去小说（导入）,下载,可达,206,http://www.aiqu222.com##可下
爱去小说🎃,,可达,200,https://txtzw.net#🎃
爱去小说🎃#2,小说,可达,200,https://m.aqtxt.net#🎃
爱去小说🎃#2,,可达,206,https://www.aiqu333.com#🎃
爱发电🎃,,可达,206,https://afdian.com#🎃
爱奇艺文学,精校书源,可达,200,https://wenxue.iqiyi.com
爱奇艺文学,"【❌❌】搜索失-效,搜索失效",可达,200,https://wenxue.iqiyi.com#嘚嘚21.0201
爱好中文,"💭💭💭💭💭💭,搜索失效",可达,200,https://www.ah123z.com/
爱小说啦,"💭💭💭💭💭💭,搜索失效",可达,200,https://www.aiwx.info
爱尚,综合,可达,200,https://wap.s288.org
爱巴士小说🎃,,可达,200,https://www.ibusxs.com#🎃
爱巴士🎃,,可达,200,https://www.ibus233.com#🎃
爱巴士🎃,,可达,200,https://www.ibus2333.com#🎃
爱推書君（优）,特殊 书源,可达,200,https://pre-api.tuishujun.com#md冷魅
爱漫画🎃,,可达,200,https://m.bjzf.org#🎃
爱炫书网,小说 书源,可达,200,http://www.ixuanquge.com#未月十八改
爱爱中文网,,可达,200,https://www.i25zw.com
爱电子书（繁体）,小说 书源,可达,200,https://miph.aixdzs.com#🎃
爱看书吧,☣️senhora起点,可达,206,https://book.yingshanrc.com
爱看书吧🎃#2,,可达,200,https://www.ikxsw.org#🎃
爱看漫画,漫画,可达,200,https://www.h-comic.site
爱看漫画,漫画 书源,可达,206,https://m.kanman.com#🎃
爱看漫画网-M,漫画,可达,200,http://wap.65ddm.com
爱读小说,小说 书源,可达,200,https://m.92dxs.org#🎃
爱读小说网,,可达,200,https://www.52dus.cc
爱豆看书,⑤🛍︎  小说,可达,206,http://www.26ks.cc/
爱豆看书,"小说 书源,校验公众号：【omega推文】",可达,200,http://zhannei.baidu.com/
爱豆看书,小说 书源,可达,206,http://www.26ks.cc#🎃
爱阅读📱,🌿精选源,可达,200,https://m.loveyuedu.com
版主123🎃,,可达,200,http://m.dybz123.com#🎃
版国学迷（仅发现）,名著出版,可达,206,http://www.guoxuemi.com
版本小说🎃,,可达,200,https://www.xs7.com#🎃
版本读书,综合,可达,206,http://www.88dshu.com
版本读书,,可达,200,http://www.dshu.com
版本读书,小说 书源,可达,206,http://www.88dshu.com#🎃
特趣小说（魔法）,小说 书源,可达,206,http://m.uquxs.com
独步小说,,可达,206,https://www.dbxsd.com/nav
独步小说c🎃,,可达,200,https://www.dbxsc.com#🎃
独步小说🎃,轩1,可达,206,https://www.dbxsn.com#🎃
独行小说🎃,,可达,200,http://www.dxtxt.com#🎃
独阅读网,小说 书源,可达,200,https://www.duread8.com#
独阅读网,-------,可达,200,https://www.duread.cn
独阅读网🎃,,可达,200,https://www.duread.cn#🎃
独阅读网🎃,,可达,200,https://www.duread8.com#🎃
猎奇小说,网页源,可达,200,https://www.lieqixs.com/
猎奇漫画™🇰🇷,韩漫,可达,200,https://www.lieqiman.com
猩猩小说,,可达,200,https://444.1006sd.com
猫九小说🎃,,可达,200,http://www.maojiuxs.com#🎃
猫爪,,可达,200,https://allhp.net/portal.php?mod=index&mobile=2
猫眼看书🎃,,可达,200,http://api.myweipin.com#🎃
猫耳听书（优）,听书 书源,可达,200,https://www.missevan.com#活力宝
猫耳有声（优）,听书 书源,可达,200,https://www.missevan.com#pb1025
玄幻小说🎃,,可达,200,http://m.emuxs.com#🎃
玄幻文学,综合,可达,200,https://m.xhwx6.com
玄幻文学网🎃#2,,可达,200,https://www.xhwx6.com#🎃
玉米小说🎃,,可达,200,https://m.niaozhui.com#🎃
王牌小说,小说 书源,可达,200,https://m.wpxs.cc#🎃
玩文学小说网,,可达,200,https://www.wanwx.com/
玩玩小说,小说 书源,可达,200,http://www.uuwx.la#
玫瑰言情,🌸女生,可达,200,http://www.mgyqw.com
玫瑰言情网,,可达,200,https://www.mgyqw.com/
环安小说网,涩文,可达,200,https://www.savilletailor.com/
环安小说🎃,,可达,200,https://www.haxs.me#🎃
球球览器,平台,可达,200,https://so.html5.qq.com#🎃
琦书网啦🎃,,可达,200,https://www.7shuwu.org#🎃
瑞图图书~ruilvtu.com,发现,可达,200,https://www.ruilvtu.com
瑟瑟屋turdtlii2z,⌨📧网文,可达,200,https://turdtlii2z.snl9yturdtlii2zwery4.top
甜梦岛,"发现失效,【❌❌】搜索正文失-效,搜索失效",可达,200,https://storybox.eu.org
甜梦文库🎃,,可达,200,https://www.tmwk9.com#🎃
生活琐碎阅读之家🎃,,可达,200,https://www.ibusread.com#🎃
画本阅读,-------,可达,200,https://so.ihuaben.com#
番茄小说,神段【大乘级】（小说源）,可达,200,http://www.fqxsw.cc
番茄小说,,可达,200,https://www.fqxs123.cc/
番茄小说,小说 书源,可达,200,http://www.fanqianxs.com/
番茄小说(源于百度不知道效果),,可达,200,https://writer.muyewx.com
番茄小说4#,"菠萝包刺猬猫番茄,搜索失效",可达,200,https://www.fq44.cc/
番茄小说fqxs.org,"③🚫  禁验,⑤🛍︎  小说",可达,200,http://www.fqxs.org/
番茄小说fqxs123#,"【❌❌】搜索失-效,搜索失效",可达,200,https://www.fqxs123.com/#锋
番茄小说fqxs123#,"【❌❌】搜索失-效,搜索失效",可达,200,https://www.fqxs123.com/
番茄小说③,⑷💝  精品,可达,200,https://www.fanqianxs.com#🎃
番茄小说网[fq],🏖️免费+,可达,200,https://www.fqxs.org/
番茄小说🎃#5,222最新校验成功,可达,200,https://www.fanqienovel.com#🎃
番茄小说🎃#5,,可达,200,https://www.fqxsw.cc#🎃
疯情书库(中),神段【大乘级】（小说源）,可达,200,https://www.aavbook.club
疯情书库🎃,,可达,200,http://aabook.cyou#🎃
疯狂中文,"发现失效,如月流光,☃晨光雨露᭄精俢源*,搜索失效",可达,200,http://www.fkzww.com
疯读小说🎃,,可达,206,https://fiction.fengduxiaoshuo.com#🎃
白马楼小说🎃,,可达,200,https://www.baimabook.net#🎃
白鹤看书,222最新校验成功,可达,200,http://www.baiheks.com/
百源(仅发现),发现页 找 百源,可达,200,https://www.so.com
百草堂文学网②,天域战歌整理,可达,200,https://www.100huts.com
皮丘小说,小说 书源,可达,200,http://www.369book.cc
皮中文网,小说 书源,可达,200,https://www.69zww.com#未月十八改
皮裤小说,小说 书源,可达,200,http://www.xstxt.com#🎃
皮裤小说,小说 书源,可达,200,http://www.xstxt.com
皮鞋小说,小说 书源,可达,200,http://www.5200xiaoshuo.com
盐神阁,!!普通,可达,200,https://ysg0.com
盐选文库🎃,,可达,200,https://www.yanxuanwk.com#🎃
盒子游戏（优）,游戏 书源,可达,206,https://h.4399.com
盗墓笔记🎃,,可达,200,http://www.daomubiji.com#🎃
盗文阁,,可达,200,https://www.daowenge.com
相似小说,,可达,200,https://quark.sm.cn
看书吧,A级; 发现,可达,200,https://www.8kanshu.com
看书小说,Yolo,可达,200,https://m.kanshull.xyz/
看书网🎃,一,可达,200,https://www.kanshuw.com#🎃
看国漫,漫画,可达,200,https://www.remenmanhua.com
看情言小说网,女频,可达,200,https://www.gaoyuantong.com
看漫画吧,漫画,可达,206,http://m.kanman.com
看点中文,,可达,200,https://m.kandzww.com
看点中文网🎃,小说,可达,200,https://www.kandzww.com#🎃
看点小说（登录）,小说 书源,可达,200,https://www.kandzww.com#
看的书🎃,,可达,200,https://www.rourouwu18.com#🎃
看看文学网,小说 书源,可达,200,http://www.kkanwx.com
看看文学网🎃,,可达,200,http://www.kkanwx.com#🎃
真香中文,,可达,200,http://www.zxzw.com
知虎文学,小说 书源,可达,200,https://zhihuwx.net/
知音漫客,漫画 书源,可达,206,https://getcomicinfo-globalapi.zymk.cn
石榴书屋🎃,,可达,200,https://www.shiliushuwu.com#🎃
码头漫画网-M,漫画,可达,200,https://m.hcs68.com
磨铁中文网,C级; 发现,可达,206,http://www.motie.com
磨铁小说🎃,,可达,200,http://www.motiexs.com#🎃
神书网,任尚仁,可达,200,https://www.ntbsa-camp.com/
神凑轻小说,,可达,200,https://m.shencou.com
神凑轻小说🎃,,可达,200,https://m.shencou.com#🎃
神澜奇域[必应搜索],【小说 书源】,可达,206,https://www.shenlanqiyu.cc/
神话之后🎃,,可达,200,https://www.shenhuazhihou.com#🎃
禁嫚,"小说 书源,ua",可达,200,https://www.060209.com
福利小说,优选书源by沐云风,可达,200,https://crabs-hide-shell.xoxiaoshuo5nnn555.xyz
秀人🌇🔍,柳树🌇图片,可达,206,https://www.xiurentur.com
秋霞小说,,可达,200,https://www.qiuxiaxs.com#77
秋霞小说,,可达,200,https://www.qiuxiaxs.com
种田小说🎃,,可达,200,https://zhongtianwen.cn#🎃
种田小说🎃,,可达,200,https://m.zhongtianwen.cn#🎃
秘密图库🌇🔍,柳树🌇图片,可达,206,https://xlanshu.com
移动阅读,名著出版,可达,206,http://m.ndlib.cn
移动阅读,书籍,可达,206,http://m.ndlib.cn#一程
移动阅读,免费,可达,206,http://m.ndlib.cn#guaner
移动阅读,正版小说 书源,可达,206,http://m.ndlib.cn#♤guaner
空白小说,综合,可达,200,http://www.swsk.org#
穿越小说,🍜其他,可达,200,http://www.kk169.org
穿越小说,🍜其他,可达,200,http://m.kk169.net/##@遇知
笔789🎃,,可达,200,http://wap.bqzw789.org#🎃
笔下之趣,自写的,可达,200,https://m.ymmzb.com
笔下文学,⑤🛍︎  小说,可达,200,https://m.bxwxco.com
笔下文学,小说 书源,可达,200,https://www.bixiabook.com
笔下文学,小说 书源,可达,200,http://www.qiangkezu.com/
笔下文学,[1],可达,200,http://www.xfuedu.org
笔下文学6,微筛选,可达,200,http://www.qiangkezu.com/#♤pb
笔下文学8,微筛选,可达,200,http://www.qiangkezu.com/#pb1101
笔下文学bbida,综合,可达,206,https://www.bbida.com/
笔下文学🎃,,可达,200,http://www.chinabxwx.com#🎃
笔书阁,"[1],失效",可达,200,http://m.damaoli.com#机叔
笔书阁吧,,可达,200,http://m.damaoli.com#♤ji
笔仙阁🎃,,可达,206,https://209.74.107.162#🎃
笔仙阁🎃2,免费,可达,206,https://www.bixiange.top#🎃
笔尖小说,小说 书源,可达,200,http://m.bjcan8.com#🎃
笔文斋,,可达,200,https://m.biwenzhai.com
笔趣兔(天天),❤️涩涩,可达,206,http://m.biquto.com
笔趣塔/炫书网🎃,,可达,200,https://m.ibiquta.info#🎃
笔趣小说,小说 书源,可达,200,http://www.biqusa.com#🎃
笔趣小说,小说 书源,可达,200,http://www.biqusa.com/#kd11
笔趣屋[ucc],🏔️免费-,可达,200,https://www.biquwu.cc/
笔趣库②,"﹅ ♛ 精品,搜索失效",可达,200,https://www.c66c.com/#pb1101
笔趣庭,"-自制,✨极速",可达,200,https://m.biquting.org/
笔趣文学,,可达,200,https://m.sxslyt.cn/
笔趣读吧,小说 书源,可达,200,https://m.xxbiqudu.com/
笔趣读吧,小说 书源,可达,200,m.xxbiqudu.com
笔趣阁,"破冰｜黄凡凡,搜索失效",可达,200,http://www.xbiqugexsw.net/
笔趣阁,"发现失效,天域苍穹,搜索失效",可达,200,https://www.vbiquge.cc/
笔趣阁,"破冰｜黄凡凡,发现失效,搜索失效",可达,206,https://www.biqugeu.net/
笔趣阁,"💒 笔趣,🏵️  小说",可达,200,https://www.xbiqugecc.com
笔趣阁,"🏵️  小说,💒 笔趣",可达,200,http://www.qubiwo.com
笔趣阁,,可达,200,http://api.sxwlyhzp.com
笔趣阁,,可达,200,http://www.yingsx.com
笔趣阁,,可达,200,http://www.jlwww.com
笔趣阁,,可达,200,https://www.biquge55.net/#♤pb
笔趣阁,小说 书源,可达,200,https://m.biquge365.net#
笔趣阁,小说 书源,可达,200,https://www.bequgew.net#
笔趣阁,小说 书源,可达,200,https://www.zkblg.com#🎃
笔趣阁,小说 书源,可达,200,https://m.bqg199.com
笔趣阁,,可达,200,https://www.biqusa.com/#pb1101
笔趣阁,全部来自论坛,可达,206,https://www.upkj.net/
笔趣阁,-------,可达,200,https://www.biquge55.net#
笔趣阁,小说 书源,可达,200,https://m.bqg121.com#
笔趣阁,"-------,0206⭐",可达,200,https://www.fd80s.com
笔趣阁,,可达,200,https://www.biquge345.com/##细雨尘寰
笔趣阁,-------,可达,200,http://m.3renwx.com
笔趣阁,小说 书源,可达,200,https://m.biquge.tv
笔趣阁,小说 书源,可达,200,https://www.biqg8.com
笔趣阁,小说 书源,可达,200,http://wap.biqige.info
笔趣阁,笔趣阁,可达,200,https://www.biqusan.com
笔趣阁,,可达,200,https://m.bigee.cc/
笔趣阁,,可达,200,https://m.bigee.cc/##@曦灵
笔趣阁,,可达,200,https://www.biquge.cc
笔趣阁,小说 书源,可达,200,https://www.biquge0.cc/
笔趣阁,小说 书源,可达,206,http://www.biqugezw.net/
笔趣阁,小说 书源,可达,200,https://www.biquge7.top
笔趣阁,小说 书源,可达,200,https://www.52c.net
笔趣阁,小说 书源,可达,200,https://www.biquge5200.cc#🎃
笔趣阁,小说 书源,可达,200,http://www.ixuanquge.com#🎃
笔趣阁,小说 书源,可达,200,https://www.biqusa.com#🎃
笔趣阁,小说 书源,可达,200,http://m.ibiqu.net#🎃
笔趣阁,小说 书源,可达,200,http://www.ibiqu.net#🎃
笔趣阁,小说 书源,可达,200,https://www.shqxjx.com#🎃
笔趣阁,小说 书源,可达,200,https://www.shqxjx.com
笔趣阁,小说 书源,可达,200,https://www.zgbnt.com#🎃
笔趣阁,小说 书源,可达,200,https://www.zgbnt.com
笔趣阁,小说 书源,可达,200,https://www.zzxx.org#🎃
笔趣阁,小说 书源,可达,200,https://m.wanbaxsw.com#🎃
笔趣阁,小说 书源,可达,200,https://www.bqg5.com/
笔趣阁,小说 书源,可达,200,https://www.bqg5.com#🎃
笔趣阁,小说 书源,可达,200,https://www.biquge2023.com#🎃
笔趣阁,小说 书源,可达,200,https://www.biquge2023.com
笔趣阁,小说 书源,可达,200,https://www.biquge55.net#🎃
笔趣阁,小说 书源,可达,200,https://www.xbiquge.tw/
笔趣阁,小说 书源,可达,200,https://www.dnmcn.com/
笔趣阁,"🔍校验组0218,⌨ 自制,📙大众书",可达,200,http://www.222biquge.com
笔趣阁,"【❌❌】搜索正文失-效,【】👾笔趣阁,搜索失效",可达,200,http://m.ibiqu.org/
笔趣阁#53,🍁 笔趣,可达,206,https://www.newbiquge.org#
笔趣阁#6,🍁 笔趣,可达,206,https://m.newbiquge.org#
笔趣阁#嘚嘚21.0201,🍁 笔趣,可达,200,https://www.yingsx.com/#嘚嘚21.0201
笔趣阁(xinbiquge),,可达,200,https://wap2.xinbiquge.org##旅途
笔趣阁(粉),⑸🔰  优质,可达,200,https://m.wanbaxsw.com
笔趣阁-幕惜🎃,,可达,200,https://m.ymmzb.com#🎃
笔趣阁102,,可达,206,http://www.b520.cc/
笔趣阁113🎃,,可达,200,https://m.bqg113.com#🎃
笔趣阁129,小说 书源,可达,206,https://m.bqg99.cc
笔趣阁145,念心 || 小说,可达,200,http://www.xuhaogyp.com
笔趣阁151,小说 书源,可达,200,http://www.yingsx.com/#嘚嘚21.0201
笔趣阁152,小说 书源,可达,200,https://www.biquge123.cc
笔趣阁18,,可达,200,https://m.bqg18.cc
笔趣阁180,小说 书源,可达,200,http://www.yingsx.com/#阿源
笔趣阁183,念心 || 小说,可达,200,https://www.biquge34.com
笔趣阁20,笔趣阁,可达,200,https://www.yuanzunxs.cc#
笔趣阁21,4月2号静白,可达,200,https://www.yuanzunxs.cc/#♤pb
笔趣阁223🎃,,可达,200,https://m.bqg223.com#🎃
笔趣阁227🎃,,可达,200,https://m.bqg227.com#🎃
笔趣阁330🎃,,可达,200,https://m.bqg330.com#🎃
笔趣阁335🎃,,可达,200,https://m.bqg335.com#🎃
笔趣阁345,,可达,200,https://www.biquge345.com
笔趣阁666,综合,可达,200,http://m.666biquge.com
笔趣阁94API,S_Lin,可达,200,https://m.bg94.cc/
笔趣阁A🎃,,可达,200,http://www.xinbqg.com/##🎃
笔趣阁DO🎃,,可达,200,http://www.downcg.com#🎃
笔趣阁G,"💭💭💭💭💭💭,搜索失效",可达,206,http://wap.gercnc.com
笔趣阁VIP,²♨笔-趣-阁❆,可达,200,https://m.biqugevip.com
笔趣阁[mse],水幽临渊0905,可达,200,http://m.biqugse.com/
笔趣阁[qbi],,可达,200,http://www.qbiqus.com/
笔趣阁[新]⑩⑨,"9月,搜索失效",可达,200,https://www.bqg2.org
笔趣阁a,笔趣阁0905,可达,200,http://souxs.leeyegy.com
笔趣阁am🎃,,可达,200,https://m.bqgam.com#🎃
笔趣阁biquge7,"📝 笔趣阁,搜索失效",可达,200,https://m.biquge7.com
笔趣阁biquzhh,"💭💭💭💭💭💭,搜索目录失效",可达,206,https://www.biquzhh.com
笔趣阁cdemc,小说 书源,可达,200,https://www.cdemc.org
笔趣阁mm5200cc,合集,可达,200,https://m.biquge5200.cc
笔趣阁pelingresort[自写],笔趣,可达,200,https://www.pelingresort.com/
笔趣阁quge🎃#2,,可达,200,https://m.quge.cc#🎃
笔趣阁tkxyk,,可达,200,https://www.tkxyk.cc
笔趣阁yemangm,已检,可达,200,https://m.yemangm.com/
笔趣阁zzxx,,可达,200,https://www.zzxx.org/
笔趣阁⁷⁷,4月2号静白,可达,200,http://www.biquge77.net##@念心
笔趣阁⁷⁷,,可达,200,http://www.biquge77.net
笔趣阁⁷⁷,250214,可达,200,http://www.biquge77.net##@尐哖
笔趣阁⑥,天域战歌整理,可达,200,http://www.wili7.com
笔趣阁⑫③,"🍁 笔趣 🍁,笔趣阁",可达,206,http://www.aishu5.com/
笔趣阁⑬,"🍁 笔趣 🍁,7月份,精品,👍🏻",可达,206,http://www.bqgwap.com/
笔趣阁⑭,"🍁 笔趣 🍁,7月份,精品,👍🏻",可达,206,https://www.biquge.co/
笔趣阁⑭④,²♨笔-趣-阁❆,可达,206,https://www.uubqg.cc
笔趣阁⑱②,"笔趣,搜索失效",可达,200,http://www.biqule.org/
笔趣阁㉘,精品,可达,200,http://www.biquge5200.com/
笔趣阁吧（优）,小说 书源,可达,200,https://m.quge.cc
笔趣阁小说网,笔趣阁,可达,200,https://www.seebook.net/#xsw8093
笔趣阁新站,1,可达,200,https://www.hqrgjtcw.com
笔趣阁新站🎃,,可达,200,https://www.hqrgjtcw.com#🎃
笔趣阁网,1,可达,200,https://www.yingsx.com
笔趣阁🎃,,可达,206,http://www.b520.cc#🎃
笔趣阁🎃#100,,可达,200,https://m.bqgga.com#🎃
笔趣阁🎃#101,,可达,200,https://m.bqgde.com#🎃
笔趣阁🎃#106,,可达,200,https://m.bqg220.com#🎃
笔趣阁🎃#124,,可达,200,https://m.ddbiquge.tw#🎃
笔趣阁🎃#18,,可达,200,https://m.bq99.cc#🎃
笔趣阁🎃#20,,可达,200,https://m.bqg18.cc#🎃
笔趣阁🎃#20,,可达,200,https://www.dnmcn.com#🎃
笔趣阁🎃#24,,可达,206,https://m.biqupai1.com#🎃
笔趣阁🎃#30,222最新校验成功,可达,200,https://www.cdemc.org#🎃
笔趣阁🎃#33,,可达,200,https://www.biquge7.top#🎃
笔趣阁🎃#41,,可达,200,https://www.bg60.cc#🎃
笔趣阁🎃#44,,可达,206,https://www.bvquge.com#🎃
笔趣阁🎃#44,,可达,200,https://www.52c.net#🎃
笔趣阁🎃#44,,可达,200,https://m.bqg42.cc#🎃
笔趣阁🎃#45,,可达,200,https://m.bqg14.cc#🎃
笔趣阁🎃#45,,可达,206,http://m.maifeizx.com#🎃
笔趣阁🎃#46,,可达,200,https://m.biquguaxs.com#🎃
笔趣阁🎃#49,,可达,200,http://www.bqgxsw.com#🎃
笔趣阁🎃#49,,可达,200,https://m.bqg67.com#🎃
笔趣阁🎃#55,,可达,206,http://www.biqugeus.com#🎃
笔趣阁🎃#56,一,可达,200,https://www.xxbiqu.com#🎃
笔趣阁🎃#61,,可达,200,https://m.yncgw.com#🎃
笔趣阁🎃#68,,可达,206,https://www.upkj.net#🎃
笔趣阁🎃#7,-------,可达,200,http://www.4qo.net#🎃
笔趣阁🎃#70,-------,可达,200,https://m.bqg122.com#🎃
笔趣阁🎃#71,,可达,200,https://www.chiuhagi.com#🎃
笔趣阁🎃#71,,可达,200,https://m.muxtoo.com#🎃
笔趣阁🎃#73,,可达,200,http://www.biqu5200.net#🎃
笔趣阁🎃#74,,可达,200,https://m.bqgtu.com#🎃
笔趣阁🎃#76,,可达,200,https://m.biquge2345.com#🎃
笔趣阁🎃#77,,可达,200,https://www.bqg223.com#🎃
笔趣阁🎃#77,,可达,200,http://www.shuquge.co#🎃
笔趣阁🎃#81,,可达,200,https://m.bige3.cc#🎃
笔趣阁🎃#82,,可达,200,https://m.biqule.org#🎃
笔趣阁🎃#85,,可达,200,https://m.bqg199.com#🎃
笔趣阁🎃#87,小说,可达,200,http://www.langrenxiaoshuo.com#🎃
笔趣阁🎃#89,,可达,200,https://m.bqgll.com#🎃
笔趣阁🎃#91,,可达,200,http://m.bqgcn.net#🎃
笔趣阁🎃#92,,可达,200,http://www.bqgege.com#🎃
笔趣阁🎃#93,,可达,200,https://m.bqg90.com#🎃
笔趣阁🎃#95,,可达,200,https://m.seyours.com#🎃
笔趣阁🎃16,,可达,200,https://m.biqusa.com#🎃
笔趣阁🎃42,🎄常用,可达,200,https://m.biquge.one#🎃
笔趣阁🎃46,🎄常用,可达,200,https://wap.biquluo.info#🎃
笔趣阁🎃52,🎄常用,可达,200,http://www.xgbqiuge.com#🎃
笔趣阁🎃64,,可达,200,https://bqg123.net#🎃
笔迷读吧,小说 书源,可达,200,https://www.bimidu.com#🎃
第一六九🎃,,可达,200,https://www.diyi69.com#🎃
第一版主,,可达,206,https://www.lsjxs.cc/
第一版主,,可达,200,http://diyibanzhu999.com
第一版主,,可达,200,http://www.diyibanzhu9.me
第一版主,18,可达,200,http://www.diyibanzhu6.xyz
第一版主,禁,可达,200,http://www.111bz.org
第一版主,🏵️  小说,可达,200,http://www.diyibanzhu.vip
第一版主,🏵️  小说,可达,206,http://www.dybz8.net
第一版主01bz9999.xyz,"搜索,发现,A级,特殊,18",可达,200,https://www.01bz9999.xyz
第一版主77(移动都能打开),"【❌❌】搜索失-效,发现失效,搜索失效",可达,206,http://www.dybz77.com
第一版主◾️,"﹅ ㊕ 特殊,搜索失效",可达,200,http://www.01bz5555.xyz/
第一版主网,官方-7-17,可达,200,https://m.diyibanzhu2.online
第一版主网,r,可达,200,https://m.diyibanzhu6.shop
第一版主🎃,,可达,200,https://m.xdybz.com#🎃
第一版主🎃#2,,可达,200,https://i.12bz.net#🎃
第一版主🎃#2,,可达,200,http://m.diyibanzhu.buzz#🎃
第一版主🎃#3,小说,可达,200,https://yibaobang.com#🎃
第一版主🎃#3,,可达,200,http://m.xinbanzhu.net#🎃
第一版主🎃#5,,可达,206,https://www.5yydstxt434.com#🎃
第一版主🎃#6,,可达,200,https://www.33yydstxt434.com#🎃
第三中文网,"发现失效,搜索失效",可达,200,https://m.8v8v.org
第九中文网手机版,"【❌❌】搜索正文失-效,搜索失效",可达,206,https://m.dijiuben.com/
第九中文🎃,,可达,200,https://www.tengwen.cc#🎃
第二书包网,🏵️  小说,可达,200,https://www.diershubao.org
第四小说网🎃,,可达,200,https://www.04xiaoshuo.com#🎃
签名诗句,其他,可达,200,https://www.gexingshuo.com#一程
简搜🎃,,可达,206,https://m.jianshou.net#🎃
米读小说,CM普通,可达,200,http://api.pycxjj.com
米读小说,小说 书源,可达,200,http://apiwz.midukanshu.com#
米读小说123🎃,,可达,200,https://m.mdxs123.com#🎃
米读小说🎃,,可达,200,http://m.miduxs.com#🎃
米读看书,,可达,200,https://apiwz.midukanshu.com
米读看书🎃#2,,可达,200,https://apiwz.midukanshu.com#🎃
米读🎃,,可达,200,http://m.miduwx.com#🎃
精华书阁,小说 书源,可达,200,https://www.richvv.com
精华书阁🎃#2,,可达,200,https://www.richvv.com#🎃
精品小说,小说 书源,可达,200,https://www.jpxs123.cc
精品小说,🍜其他,可达,200,https://jpxs123.cc/##@鱼
精彩东方,小说 书源,可达,200,https://www.jcdf99.com
精彩东方🎃,,可达,200,https://www.jcdf99.com#🎃
精武小说,全部来自论坛,可达,206,https://www.jwxs.org/
精武小说网,,可达,206,http://www.jingwubook.com
精武小说🎃,,可达,206,https://www.jwxs.org#🎃
精武小说🎃,,可达,206,https://www.jingwuxs.com#🎃
系统流小说网🎃,,可达,200,https://xitongliu.cn#🎃
系统流小说网🎃,,可达,200,https://m.xitongliu.cn#🎃
紫云心宫,小说 书源,可达,200,https://www.ziyungong.com#🎃
紫云心宫,小说 书源,可达,200,https://www.ziyungong.com
繁星四月🎃,,可达,206,http://www.fuxs.top#🎃
繁星小说,💠精选,可达,200,https://fapi.fanxxs.com/##
红人小说网,,可达,200,https://hongrenxs.net/
红人小说网,"发现失效,搜索失效",可达,200,http://www.hongrenxs.com
红月🎃,,可达,200,http://www.hongyue.org#🎃
红甘泉网,⛎JJ城,可达,200,https://wap.sogou.com/
红薯网子（发现）,小说 书源,可达,200,https://g.hongshu.com/nan.html
红薯网站,正版小说 书源,可达,200,https://g.hongshu.com/
红薯网站🎃,,可达,200,https://g.hongshu.com#🎃
红薯阅读🎃,,可达,200,https://androidv2.hongshu.com#🎃
红袖添香,女频,可达,200,https://m.hongxiu.com#kd11
红袖添香,女频,可达,200,https://www.hongxiu.com
红袖添香🎃,,可达,200,https://www.hongxiu.com#🎃
红袖添香🎃#2,,可达,200,https://m.hongxiu.com#🎃
红豆文学🎃,222最新校验成功,可达,206,https://www.hdwx.net/s.php#🎃
红豆文学🎃,🎄常用,可达,206,https://www.hdwx.net#🎃
红豆漫🅰,🏵️  小说,可达,200,http://39.105.15.250
绅士漫画,漫画,可达,200,https://www.wnacg.com
绅士漫画🌐,NSFW; 失效,可达,200,https://www.gentacg.com
绅士漫画🌐(VPN),漫画,可达,200,http://wnacg.com
经典书库🎃,,可达,200,https://www.jingdianbook.com#🎃
绑定小说,小说 书源,可达,200,http://m.92popo.cc#
维基阅读,小说 书源,可达,200,http://www.wikiyuedu.com
绾书com,,可达,200,http://app.wanshu.com
绾书文学,女频,可达,200,https://api.wanshu.com/
绾书文学,,可达,200,https://api.wanshu.com#一程
绾书文学网,,可达,200,http://app.wanshu.com:
绾书文学网(落寞尘世),xx,可达,200,http://app.wanshu.com:80
绾书文学网🎃,,可达,200,http://app.wanshu.com:80#🎃
绾书文学🎃,,可达,200,https://api.wanshu.com#🎃
绿竹小说,小说 书源,可达,200,http://www.lvzhu.cc
绿竹小说lvzhu,❤小说,可达,200,http://m.lvzhu.cc
绿色小说网,,可达,206,https://www.lusetxt.com
网易漫画,,可达,200,https://manhua.163.com
网易漫画💡,,可达,200,https://163.bilibili.com
网络小说,,可达,200,https://www.lmywl.com/
美女漫画📱,漫画,可达,200,http://mm.shazi8.com
美文小说,网页源,可达,200,https://www.mwxiaoshuo.com/
群妙书阁,小说 书源,可达,200,https://www.miaoshuge.cc
聚小说💩需要VIP，弃了,大书源🈲柳树,可达,200,https://www.juxiaoshuo.net/
聚缘书源,搜索失效,可达,200,http://m.juyuanshu.cc
聚缘书源,"﹅ 通用书源▪︎玄奇,搜索失效",可达,200,http://m.juyuanshu.com
肉书屋🎃,222最新校验成功,可达,200,https://www.roushuwu7.com#🎃
肉书屋🎃#3,,可达,200,https://m.roushuwu2.com#🎃
肉书海,第一批,可达,200,https://www.lamei2.com
肉肉屋,第一批,可达,200,https://www.rourouwu.xyz
肉肉屋🎃,,可达,200,https://m.rourouwu.de#🎃
肉肉屋🎃#2,222最新校验成功,可达,200,https://www.rourouwu.xyz#🎃
肉肉屋🎃#3,,可达,200,https://m.rourouwu5.com#🎃
肉色屋网🎃,,可达,200,https://www.rousewu.in#🎃
肉色屋🎃,,可达,200,https://m.rousewu.cc#🎃
肉色屋🎃#2,,可达,200,https://m.rousewu.in#🎃
腐书宅🎃,,可达,200,http://m.fushuzhai.net#🎃
腐书网🎃,,可达,200,http://www.fushubook.com#🎃
腐宅屋,第一批,可达,200,http://m.fuzhaiwu.net#
腐小书,🎃 通用,可达,200,https://s.fuxs2.cc#
腐小说网🎃,第一批,可达,200,http://www.fxsw.cc#🎃
腐小说🎃#2,,可达,200,http://www.fuxiaoshu.com#🎃
腐小说🎃#4,小说,可达,200,http://www.fuxs2.com#🎃
腐小说🎃#5,,可达,200,http://www.fuxs2.cc#🎃
腐漫画,✨漫画,可达,200,http://mh.fmhua.com
腰果树🎃,222最新校验成功,可达,200,https://www.yaoguoshu.com#🎃
腾讯漫画🎃,,可达,200,https://m.ac.qq.com#🎃
自由人小说,-圣灵,可达,200,http://www.zyr688.com/
舞文小说网🎃,,可达,200,http://m.wushuzw.org#🎃
色书屋🎃,,可达,200,http://seshuwu.com#🎃
色友小说,涩文,可达,200,https://seyouxiaoshuo.com/
色文网吧,漫画 书源,可达,206,https://sewen8.life
色文网🎃,,可达,200,https://www.sewenwang.top#🎃
色文🔍,,可达,206,https://20250710.lfav24.cc
色片,"发现失效,全部来自论坛,搜索失效",可达,200,https://www.sepmfjp.top/
花瓣插画（发现）,漫画 书源,可达,200,https://huaban.com
若夏网网🎃,小说,可达,200,http://www.ruoxia.com#🎃
英文小说（英）,小说 书源,可达,200,https://www.yingyuxiaoshuo.com
英语阅读（英）,小说 书源,可达,200,http://m.enread.com#
草榴小说🎃,,可达,200,http://www.caoliuxs.cyou#🎃
草莓漫画📱💡,💯【稳定】; 💡【提示】,可达,200,https://caonmei.com
草蜢漫画,漫画,可达,200,http://www.caomengcc.com
荔枝音乐（优）,音乐 书源,可达,200,https://m.lizhi.fm
荔芳文学🎃,,可达,200,http://www.lfwx1.cc#🎃
药丸文学,小说 书源,可达,200,http://wap.115wx.cc/##2
萌图社🎃,,可达,200,https://moetu.club#🎃
"落初文学,付费",,可达,206,https://m.luochu.com/
落尘小说,综合,可达,200,https://www.xluochen.com
落霞小说,💠精选,可达,206,https://luoxiadushu.com
落霞小说🎃,轩1,可达,206,https://www.luoxia123.com#🎃
落霞小说🎃#3,,可达,206,https://luoxiadushu.com#🎃
著名阅读🎃,,可达,200,https://b.wunpu.com#🎃
蒙眼中文,网页源,可达,200,https://www.mengyanzw.com/
蓝海搜书🎃,,可达,200,https://www.lansebook.com#🎃
蔷薇后花园(仅发现),涩文,可达,200,https://houhuayuan.vip/
藏书阁,"♡ོ晨光雨露✺精品源,发现失效,如月流光,搜索失效",可达,200,http://www.csg99.com
虎虎漫画📶,,可达,200,http://www.huhudm.com
蚂蚁文学,3,可达,206,https://m.mayids.com
蚂蚁文学网🎃,,可达,200,https://m.myxzm.com#🎃
蜜桃小说网,18;new_added,可达,200,http://m.mitaoxs.com/
蜜蜂小说网,综合,可达,200,http://www.mifengxs.com
蜜蜂小说网🎃,,可达,200,http://www.mifengxs.com#🎃
衍墨轩书屋🎃,,可达,200,https://www.ymxshuwu.com#🎃
衍墨轩🎃#2,,可达,200,https://m.ymxshuwu.com#🎃
衣服文学,小说 书源,可达,200,http://wap.115wx.cc##尐哖
西方奇幻小说🎃,,可达,200,https://www.westnovel.com#🎃
西瓜书屋,综合,可达,200,https://www.xiguasuwu.com
西瓜书屋🎃,,可达,200,https://www.xiguasuwu.com#🎃
视频🈲💻,💻,可达,200,https://movzn-71351-5idgoy.yoooooo666oo1.com
言情中文,"破冰｜黄凡凡,搜索失效",可达,200,http://www.17zw.org/
言情中文网🎃,,可达,206,https://www.yqzwxs.com#🎃
言情中文🎃,,可达,206,https://www.17zw.com#🎃
言情书吧🎃,,可达,200,http://m.bgnovel.com#🎃
言情小说,小说 书源,可达,200,http://www.xianqihaotianmi.org
言情小说,小说 书源,可达,200,https://m.yanqingtu.com
言情小说,小说 书源,可达,200,http://m.yqxxs.com
言情小说,小说 书源,可达,200,http://m.yqxxs.com#🎃
言情小说xs99,,可达,200,https://www.xs99.org
言情小说吧,,可达,200,https://www.xs.cn
言情小说吧,,可达,200,https://m.xs8.cn
言情小说吧🎃,女频,可达,200,https://www.xs8.cn#🎃
言情小说网🎃,222最新校验成功,可达,200,https://m.bgnovel.com#🎃
言情小说阁,,可达,200,http://www.xianqihaotianmi.com
言情小说🎃,,可达,200,http://m.cpxpsp.com.cn#🎃
言情小说🎃#3,小说,可达,200,http://m.xianqihaotianmi.org#🎃
言情文吧🎃,,可达,206,https://wap.yqwenba.com#🎃
言情文学,小说 书源,可达,200,https://www.txt101.com/
言情网,,可达,200,http://www.yqw.com
言情阁,,可达,200,http://www.yanqinge.com
词字盒子,小说 书源,可达,200,https://sg.cizige.com/
诚信小说网,C级; 发现,可达,200,https://www.jstnjt.com
话本小说,-------,可达,200,https://so.ihuaben.com/search?keyword
请看下载（下载）,小说 书源,可达,206,https://m.qinkan.net
读一读,网页源,可达,200,https://www.duyiduxs.com/
读下小说网 可乐小说,,可达,206,https://www.duxiaxsw.com
读书网,,可达,206,https://www.dushu.com
读书网吧🎃,🍜其他,可达,206,https://m.dushu.com#🎃
读书者,"💭💭💭💭💭💭,搜索失效",可达,200,https://m.dushuzhe.com
读书阁🎃#3,,可达,206,http://www.lianjianxsw.com/download.html#🎃
读书阁🎃3,🎉 精选,可达,206,http://www.lianjianxsw.com#🎃
读古今文学网🎃,,可达,200,https://www.dugujin.com#🎃
读吧文学,,可达,200,https://m.yq027.com/
读吧文学,,可达,200,https://m.gdstqf.com/
读漫屋🎃,,可达,200,https://dumanwu.com#🎃
读者🎃,出版,可达,200,https://www.52dzxy.com#🎃
读读看小说网🎃,👍🏻 普通,可达,200,http://www.dudukan.net#🎃
谷歌小说,小说 书源,可达,200,http://m.gugexs.com#🎃
谷歌小说网,,可达,200,http://m.gugexs.com
豆瓣·小站,"💭💭💭💭💭💭,搜索失效",可达,200,https://site.douban.com/194593/widget/notes/11784332
豆瓣书评🎃,书评,可达,200,https://www.douban.com#🎃
豆瓣小组,源社区,可达,200,https://m.douban.com/
豆瓣读书,⭐️ 收藏,可达,200,https://www.douban.com
豆瓣读书,📚 出版,可达,200,https://www.douban.com#关耳
豆瓣读书▪︎书评,⭐️ 收藏,可达,200,https://www.douban.com#guaner
豆腐阅读,BL,可达,200,http://api.doufuyuedu.com/##@曦灵
豆花文学🎃,🎄常用,可达,200,https://www.douhuawenxue.com#🎃
豆豆小说ddkanshu,❤小说,可达,200,https://www.ddkanshu.com
豆豆小说网🎃,,可达,200,https://www.wangming.org#🎃
贝壳读书🎃,,可达,200,https://www.shellbook.cc#🎃
贼吧网吧,,可达,206,https://www.zei8.me/
贼吧网子,-------,可达,206,https://www.zei8.me#玄奇21.0202
起点.qidian#玄奇21.0202,"发现失效,搜索失效",可达,202,https://www.qidian.com#玄奇21.0202
起点小说⭐#南笙21.0101,"发现失效,搜索失效",可达,202,https://www.qidian.com#南笙21.0101
起点笔下文学,,可达,200,http://m.qdbxwx.com
超星网站🎃,,可达,200,http://yz4.chaoxing.com#🎃
趣书吧网,小说 书源,可达,200,https://www.39shuwu.com
趣书小说,,可达,200,https://qubook.org#🎃
趣书网,综合,可达,200,http://www.ohxs.cc/
趣书网子,🍜其他,可达,200,https://www.qubook.org##旅途
趣又来小说,,可达,200,https://m.quyoulai.net
趣玩书吧,小说 书源,可达,200,https://www.39shuwu.com#🎃
趣笔阁,CM优质,可达,206,https://m.qubige.com
趣读,"【❌❌】搜索正文失-效,搜索失效",可达,200,https://m.qqduw.com/search/
趣读小说-修复版本,小说,可达,206,https://m.7dnovel.com##
趣读小说🎃,,可达,206,https://m.7dnovel.com#🎃
趣读小说🎃,,可达,200,https://www.qqduw.com#🎃
趣读网🎃,轩1,可达,200,https://m.qqduw.com#🎃
跑小说网,小说 书源,可达,200,http://www.5200xiaoshuo.com/#pb1101
跑车小说网,"5.26,搜索失效",可达,200,https://www.pc7043.com/
躺着看小说,收集出处：源论坛 4月29号,可达,200,http://m.tanzhekan7.com/
轻之文库,小说 书源,可达,200,http://www.linovel.net#温暖满怀
轻小说,"💭💭💭💭💭💭,搜索失效",可达,206,http://novel.acg.gg/
轻小说文库[api],轻小说,可达,200,http://app.wenku8.com
轻小说钱,平台,可达,200,http://www.sfacg.com
辣书库🎃,,可达,200,http://m.lashuku.me#🎃
辣妹小说🎃,,可达,200,https://m.lamei2.com#🎃
辰文网,自用，发现,可达,200,https://www.cwwx.cc
迈哲小说,天域战歌,可达,200,http://www.hot188.com
连城读书,小说 书源,可达,206,https://www.lcread.com
连城读书,小说 书源,可达,206,http://a.lc1001.com#♤yuan
连城读书,小说 书源,可达,206,http://a.lc1001.com#
连城读书,小说 书源,可达,206,http://a.lc1001.com#yuan1107
连城读书 API,论坛：6月19号,可达,206,http://h5.lc1001.com/
连尚读书🎃,,可达,200,http://www.lsds.cn#🎃
追书·女生,🍜其他,可达,206,http://www.zhuishushenqi.com/nvsheng
追书啦,🏖️免费+,可达,200,https://m.zhuishula.cc/
追书看吧（魔法）,小说 书源,可达,200,https://www.zhuishubang.net/
追书看吧（魔法）,小说 书源,可达,200,https://www.zhuishubang.net/#喜静
追书神器⭐#南笙21.0101,"发现目录失效,搜索目录失效",可达,206,https://m.zhuishushenqi.com#南笙21.0101
追书神器⭐#南笙21.0101,"发现目录失效,搜索目录失效",可达,206,https://m.zhuishushenqi.com
追书网,,可达,200,https://www.zhuis1.com/
追书网站,0905校验,可达,200,https://m.zhuishu.com/
追光阅读,综合,可达,200,http://touchlife.cootekservice.com
追文,"💭💭💭💭💭💭,搜索失效",可达,200,https://m.zhuiwenxsw.com/
追更漫画（优+）,漫画 书源,可达,200,http://www.zhuigeng.cc
追求小说🎃,,可达,200,https://m.woo15.com#🎃
逆天邪神[qi],🏖️免费+,可达,200,https://www.xuanqishi.com/
逆鳞~大主宰,发现,可达,200,https://fu448.com
逐浪小说,综合,可达,200,https://www.zhulang.com
逐浪小说,🌊 逐浪,可达,200,https://m.zhulang.com#
逐浪小说🎃,,可达,200,https://m.zhulang.com#🎃
逐浪小说💯,💰正版💰,可达,200,http://www.zhulang.com[
速书读谷,,可达,200,https://www.sudugu.com/#xsw8093
速读谷伪,"小说,搜索失效",可达,200,http://www.sudugu.co
速赢文学小说🎃,,可达,200,https://www.tenghuxs.com#🎃
速速中文🎃,,可达,200,http://www.susuzw.com#🎃
都市文学,R.i,可达,200,https://www.dswx.cc
鄱阳镇庭,,可达,200,https://www.pyzht.com#
酝酿漫画（魔法）,漫画 书源,可达,200,http://www.xmanhua.com
酷匠网,2025年4月7号：静白,可达,200,http://m.kujiang.com/
酷匠网🎃,,可达,200,http://m.kujiang.com#🎃
酷我小说,正版小说 书源,可达,200,http://appi.kuwo.cn
酷漫屋-M,漫画,可达,200,http://m.kuman56.com
酷酷看书网🎃,小说,可达,200,https://www.kuku3.com#🎃
酸奶漫画,正版漫画 书源,可达,206,https://m.1kkk.com
重生小说,免费,可达,206,https://www.cstxt.com
重生小说,小说 书源,可达,206,https://www.cstxt.com#🎃
金庸小说,,可达,200,https://www.jinyongwang.net#
金庸小说🎃,🍜其他,可达,200,https://www.jinyongwang.net#🎃
钱小说网,小说 书源,可达,206,http://m.700txt.com/
钱手打吧,念心 || 小说,可达,200,http://www.shouda8.net
铁血读书,正版小说 书源,可达,200,https://book.tiexue.net
铁血读书,免费,可达,200,http://book.tiexue.net#一程
铁血读书,,可达,200,http://book.tiexue.net#🎃
铅笔小说,小说 书源,可达,200,https://m.23qb.com
铅笔小说,小说 书源,可达,200,https://m.23qb.com#xsw8093
铅笔小说🎃#2,,可达,200,https://www.23qb.com#🎃
铅笔轻小说🎃,,可达,200,https://www.qxsw.cc#🎃
闪爵小说网🎃,,可达,200,https://www.pokemon-card.net#🎃
闪舞小说,"【❌❌】搜索失-效,搜索失效",可达,200,https://wap.350xs.com
闪舞小说🎃,,可达,200,https://www.35xss.com#🎃
阅友小说,免费,可达,200,https://sma.yueyouxs.com#🎃
阅友小说,免费,可达,200,http://m.yueyouxs.com#🎃
阅友小说,小说 书源,可达,200,https://goway.reader.yueyouxs.com#🎃
阅友网络（优）,小说 书源,可达,200,https://goway.reader.yueyouxs.com
阅文集团聚合🎃,,可达,200,https://yuewen.com#🎃
阅读中文,小说 书源,可达,206,https://www.83zws.com#🎃
阅读电子书屋◎GEd520◎,写源,可达,200,https://book.vik.im/
阅读酷,漫画,可达,200,http://ku.iszoc.com
阅读阁网,,可达,200,http://www.yueduge.cc/
阿二次元,小说 书源,可达,200,https://www.cyxsw.com
阿石小说,-------,可达,206,https://m.asp1.com.cn#
随心看吧,-------,可达,200,https://m.suixkan.com#关耳
随心看吧,小说 书源,可达,200,https://m.suixkan.com#♤guaner
随心看吧,小说 书源,可达,200,https://m.suixkan.com#guaner
随心看🎃,,可达,200,https://m.suixkan.com#🎃
随梦小说,S_Lin，不会js不推荐新手写,可达,200,https://www.suimeng.la/
随梦小说,念心 || 小说,可达,200,http://www.svimeng.com/#♤pb
随梦小说,小说 书源,可达,200,http://www.svimeng.com/
雅文中文,网页源,可达,200,https://www.yawenzw.com/
雅文小说,"🎉 精选,搜索失效",可达,200,https://m.yawenba.net/
集书阁,涩文,可达,200,https://xn--5oi-jishugevip-2z4y408c5i8f.xn--jishugevip-l81x.com/
集书阁,涩文,可达,200,https://jishuge.vip
雨枫txt电子书,下载,可达,206,http://m.yftxt.com
零度音乐,"发现失效,有声,搜索失效",可达,200,http://www.0dutv.com/
零点✘ so.biqusoso▼列表书少,"💭💭💭💭💭💭,搜索失效",可达,206,https://www.ldksw.cc#search-list li!0#芜恙
零点✘ so.biqusoso▼列表书少,"💭💭💭💭💭💭,搜索失效",可达,206,https://www.ldksw.cc
零点小说🎃,,可达,200,https://www.aiks68.com#🎃
零点小说🎃,,可达,200,https://www.aiks87.com#🎃
零点看书,"🚀 加速,🌸 免费",可达,200,http://www.seobishop.com/
零点看书axeslide,❤小说,可达,206,http://www.axeslide.com
露露书屋🎃,,可达,200,http://m.lulushuwu.com#🎃
露露书🎃,小说,可达,200,https://m.lulushu18.com#🎃
霸王游戏（优）,游戏 书源,可达,200,https://www.yikm.net
青困小说3,小说 书源,可达,200,http://top.17k.com
青花鱼,🌼晨光雨露🍒精品源💯,可达,200,https://allcp.net/🍑
青豆小说,小说 书源,可达,206,https://www.qingdou.io
青豆小说,小说 书源,可达,206,https://www.qingdou.io#🎃
青豆小说网,"发现失效,如月流光,☃晨光雨露᭄精俢源*,搜索失效",可达,200,https://www.qingdou.net
靠谱小说,📥下载,可达,200,www.kptxt.com
靠谱小说🎃,,可达,200,http://www.kptxt.com#🎃
韩国漫画,韩漫,可达,200,https://hanmm.org
韩延小说,网页源,可达,200,https://www.hanyanxs.com/
韩文小说,4月2号静白,可达,200,https://booktoki468.com/
页书小说🎃,,可达,200,https://www.shacg.com#🎃
顶点~208xs.com,"📓 小说,搜索失效",可达,200,https://www.208xs.com/
顶点中文🎃,,可达,200,http://www.ddsk.la#🎃
顶点中文🎃4,,可达,200,http://wap.dingdiansk.com#🎃
顶点小说,"发现失效,搜索失效",可达,200,https://www.booktxt.io/
顶点小说,"发现失效,搜索失效",可达,200,http://www.223wx.com/
顶点小说,,可达,200,http://api.basusan.com
顶点小说,,可达,200,http://www.23us.tw#🎃
顶点小说,正版,可达,200,https://m.dddi.cc/
顶点小说,小说 书源,可达,200,https://www.skynan.com
顶点小说,小说 书源,可达,200,https://www.skynan.com#🎃
顶点小说#4,🔝 顶点,可达,200,https://www.yjcard.com#
顶点小说wanglisong🎃,,可达,206,https://www.wanglisong.com#🎃
顶点小说⑤,综合,可达,200,http://www.23us.tw/
顶点小说网,"💭💭💭💭💭💭,搜索失效",可达,206,https://m.biqugeu.net/
顶点小说🎃#12,,可达,200,https://m.ytryx.com#🎃
顶点小说🎃#13,,可达,200,https://m.ddxsss.com#🎃
顶点小说🎃#3,,可达,200,https://www.yjcard.com#🎃
顶点小说🎃#4,,可达,200,https://www.dingdian365.com#🎃
顶点小说🎃#7,,可达,200,https://www.ysjsxcs.com#🎃
顶点小说🎃14,🎄常用,可达,200,http://api.anwaben.com#🎃
顺隆书院,天域战歌整理,可达,200,https://www.hkslg8.com
风扇枕说（日+）,小说 书源,可达,206,https://kakuyomu.jp/
风铃小说网🎃,222最新校验成功,可达,200,https://www.cordmeta.com#🎃
风雨小说,小说 书源,可达,200,https://www.fengyu.cc/
风雨小说🎃,,可达,200,https://www.fengyu.cc#🎃
飘天文学,小说 书源,可达,200,https://www.piaotian.org#未月十八改
飘天文学手机版🎃,,可达,200,https://m.ptwxz.org#🎃
飞上小说,小说 书源,可达,200,http://www.5200xiaoshuo.com/#♤pb
飞书小说🎃,小说,可达,200,https://www.feishubook.com#🎃
飞卢小说,,可达,206,https://wap.faloo.com
飞卢小说,,可达,200,http://tongren.faloo.com#🎃
飞卢小说（优）,正版小说 书源,可达,206,https://wap.faloo.com#111
飞卢小说🎃,,可达,206,https://b.faloo.com#🎃
飞漫画📱,,可达,206,https://m.feimh.com
飞翔中文（魔法）,小说 书源,可达,200,https://www.fxnzw.com
飞速中文,小说 书源,可达,200,https://feibzw.com
飞速中文,小说 书源,可达,200,https://feibzw.com#🎃
飞速中文,小说 书源,可达,200,https://www.feixs.com
飞速小说,⑤🛍︎  小说,可达,200,http://www.feisuwx.org/#♤pb
香瓜中文,小说,可达,200,http://m.nnbybxg.com
香网🎃,⑤🛍︎  小说,可达,200,http://www.xiang5.com#🎃
骑士小说,男频,可达,200,https://www.74xsw.com
骑鹿文学🎃,,可达,200,http://www.qiluwx.top#🎃
高辣书屋,女频,可达,200,https://m.gaolashuwu.com
高辣书屋🎃,,可达,200,https://m.gaolashuwu.com#🎃
鬼书集🎃,,可达,200,https://www.guishuji.com#🎃
鬼吹灯,,可达,206,http://www.cxzz.com
魏婴图库🌇🔍,柳树🌇图片,可达,206,https://sytu.top/
鲁鲁小说🎃,⑤🛍︎  小说,可达,200,http://www.luluwxw.com#🎃
鲤鱼乡,,可达,200,http://www.liyuxiang.com
鲤鱼乡🎃,,可达,206,https://www.liyuxiangall.com#🎃
鲤鱼乡🎃#2,,可达,200,https://www.liyuxiangku.com#🎃
鲲弩小说🎃,,可达,206,https://www.kunnu.com#🎃
鲸落呀,⌨🍁优质,可达,200,https://www.topwork.cc/#鲸
鸟鸟韩漫🎃,,可达,206,https://nnhanman9.com#🎃
鸠摩搜书,,可达,200,https://m.jmss.cc
麦田小说,B级; 发现,可达,200,http://book.rs05.com
黄金书屋🎃,,可达,200,https://m.hjbook.com#🎃
黄金屋,"全部来自论坛,网站失效",可达,200,https://tw.hjwzw.com/
黑岩小说,,可达,200,https://w2.heiyan.com#🎃
黑岩小说,,可达,200,https://w.heiyan.com
黑岩小说网,"【❌❌】搜索正文失-效,搜索失效",可达,200,http://www.heiyanwang.com
黑岩小说🎃,,可达,200,https://www.heiyan.com#🎃
黑岩小说🎃,,可达,200,https://w2.heiyan.com
黑岩阅读,平台,可达,200,https://www.heiyan.com#♤yc
黑岩阅读,,可达,200,https://www.heiyan.com
黑粉小说,验证,可达,200,http://m.heifenxs.org
齐鲁文学,,可达,200,https://www.qiluwx.com#测试
龙渊书屋🎃,,可达,200,http://www.lysw1.com#🎃
龙王传说网,漫画,可达,200,https://www.longwangchuanshuo.com
龙腾小说城-电脑,第一批,可达,200,https://www.longtengxiaoshuo.org
龙腾小说城🎃,,可达,200,https://m.longtengxiaoshuo.org#🎃
龙腾小说网,,可达,200,https://w9w.qwe97.com
龙腾小说🎃,小说,可达,200,https://www.longtengxiaoshuo.org#🎃
龙腾斋书ltxstxt.com,字数,可达,200,http://www.ltxstxt.com/
️全本小说网,,可达,200,https://www.quanben-xiaoshuo.net
️小说书网M🎃,,可达,206,https://m.xiaoshuo530b.com#🎃
️手机小说M🎃,,可达,200,https://wap.shoujixs.net#🎃
️沙漠🎃,,可达,200,http://m.shamoxs.com#🎃
️爱看小说️,小说 书源,可达,200,http://m.2kk.la#🎃
️落尘🎃,,可达,200,https://m.xdawujiasu.com#🎃
️速速小说🎃,,可达,200,http://m.susuzw.com#🎃
️顶点中文,,可达,200,http://wap.ddsk.org
️顶点中文,小说 书源,可达,200,http://wap.ddsk.org#🎃
（favcomic）喜漫漫画,,可达,200,https://www.favcomic.net
｡◕‿◕｡,"💭💭💭💭💭💭,搜索失效",可达,200,https://api.ipify.org
🌀笔趣阁DO,👍🏻 普通,可达,200,http://www.downcg.com
🌐 boxnoverl,🌐外语,可达,200,https://boxnovel.com
🌐 优词英文小说,🌐外语,可达,200,http://www.youdict.com
🌐 修复小说,🌐外语,可达,200,https://m.novelfix.com
🌐 玩文学网,小说,可达,200,http://www.wanwx.com
🌐U酷资源📺,"2023.7.4验证777书源,b",可达,200,https://ukuzy.com/
🌐妮可动漫📺,𐄝🎥 视频,可达,200,http://www.nicotv.me/
🌐择日小说,,可达,200,https://www.zrfsxs.com
🌐英文小说,合集,可达,200,http://novel.tingroom.com
🌕偶然中文,"☄️☄️☄️☄️☄️☄️,搜索失效",可达,200,https://www.or7.net
🌙 飛天小說,"-------,0206⭐",可达,200,http://s1.ftn178.com/
🌠 漫画看网,漫画,可达,200,https://m.mhkan.com/
🌷言情记,-------,可达,200,http://www.yanqingji.com
🌷飞言情,-------,可达,200,https://www.feiyanqing.com
🌸 二二中文,🌸 女频,可达,200,http://www.22zw.com
🌸 卡卡小说网,🌸常用,可达,200,https://www.kakakids.com
🌸 妙笔阁8,,可达,200,http://www.mbg8.com
🌸 小说520,"🌸197,🍍🍍🍍🍍🍍🍍,搜索失效",可达,200,http://www.book520.com
🌸 爱趣APP,🌸常用,可达,200,https://api.jspwjx.cn
🌸 蛋胖小说,,可达,206,https://www.danpang.com
🌸 都市文学,🌸常用,可达,200,http://www.dswx.cc
🌸101言情,"﹅ ✾ 言耽,发现目录失效,搜索失效",可达,200,http://www.txt101.com#关耳
🌸BL文库①@任尚仁,,可达,206,https://www.blwenla.org
🌸企鹅小说,②🌸  常用,可达,200,http://www.qiexs.cc
🌸半夏小说✈️,"②🌸  常用,㊣✈️ 挂梯",可达,200,https://www.xbanxia.com
🌸和图书,②🌸  常用,可达,200,https://m.hetushu.com/
🌸小说路上,②🌸  常用,可达,200,https://m.xs63b.com/
🌸小说路上,,可达,200,https://m.xs63.biz
🌸山海八荒,②🌸  常用,可达,200,http://www.bixia66.cc
🌸御书文,"﹅ ✾ 言耽,发现失效,搜索失效",可达,200,https://www.yushuwen.com#关耳
🌸新键盘,②🌸  常用,可达,200,http://www.xinjianpan.com/
🌸果文学网,②🌸  常用,可达,200,http://www.guowx.com
🌸独行小说,②🌸  常用,可达,200,http://www.dxtxt.cc
🌸神书网,-------,可达,200,http://www.pi12345.com
🌸米读小说,②🌸  常用,可达,200,http://m.miduxs.com
🌸红袖招,②🌸  常用,可达,200,https://hongxiua.com
🌸缺小说,②🌸  常用,可达,200,http://www.quexs.org/
🌸若晨文学,②🌸  常用,可达,200,https://m.ruochenwenxue.com
🌸随心看,②🌸  常用,可达,200,https://m.suixkan.com
🌼 宝书网™ ♛♚　无搜索,,可达,200,https://www.baoshuu.com#关耳md912
🌼 露西弗,"登录,🌸🌼自用",可达,200,https://www.lucifer-club.com/index.html
🌼御  书  网,,可达,200,https://www.yushubo.com/##女频发现
🌾豆瓣·日记,"📚 出版,搜索失效",可达,200,https://www.douban.com/note/662056085/?type=rec
🌿 天天书吧,官方-7-17,可达,200,https://www.ttshu8.net
🍁九桃小说,☀晨光雨露🍒精俢源💯,可达,200,https://www.9txs.org##发现
🍁有度中文,,可达,200,https://www.yoduzw.com#发现
🍁盐选书阁,"发现失效,【🈵♥🈵💯】231123千组2,搜索失效",可达,200,https://yx.cbge.top##YF
🍁笔趣阁⑧,🍁 笔趣 🍁,可达,200,https://www.tianxiabachang.cn/
🍁笔趣阁⑧,"🍂 笔趣阁们 🍂,⌛️ 全局搜书 ⌛️,®️ 搜书男频 ®️",可达,200,http://www.tianxiabachang.cn/
🍁笔趣阁⑨⑨,🍁 笔趣 🍁,可达,200,http://www.biduowu.com/
🍁笔趣阁⑪②,🍁 笔趣 🍁,可达,200,https://www.bqg74.com/
🍁笔趣阁⑭①,,可达,200,http://www.biqugexs.la/
🍁笔趣阁⑯①,,可达,200,http://www.kuaidu.org/
🍁笔趣阁⑯⑨,🍁 笔趣 🍁,可达,200,https://www.bqgdu.com/
🍁笔趣阁⑰①,,可达,200,http://www.xuesoo.com/
🍁笔趣阁⑰⓪,🍁 笔趣 🍁,可达,200,http://www.biquge002.com/
🍁笔趣阁❶220,"精选,搜索失效",可达,200,https://m.bqg220.com/##@landseer
🍁笔趣阁㉕①,,可达,200,https://www.cv148.com/
🍁笔趣阁㊶①,,可达,200,http://www.fyrsks.com/
🍁笔趣阁㊽,🍁 笔趣 🍁,可达,200,http://www.biqujia.com/
🍁笔趣阁手机版,🍜其他,可达,200,http://m.ibiqu.net
🍁趣集,小说,可达,200,https://ifun.cool##YF
🍄 秀人集,,可达,200,https://www.xiurenji.cc/
🍄 酷安,"发现目录失效,搜索目录失效",可达,200,https://www.coolapk.com
🍅 天籁小说,"🔍校验组0218,📙大众书",可达,200,https://m.ggdown8.cc
🍅无名小说,"♠ 精品 ♠,🎉 精选 🎉",可达,200,https://www.wmtxt.com/
🍅聚合书源,🍅番茄,可达,200,https://fqphp.gxom.cn/
🍊 久久小说,"💊无搜,🍊女频",可达,200,http://m.ijjxsw.com
🍊 格格党小说网,🍊女频,可达,200,http://www.ggdowns.com
🍊 蔓延文创,"🍊 女频,搜索目录失效",可达,206,https://www.emanyan.com/read/searchBook/medium/novel/sort/-scoring/page/1
🍊二次元小说网[自写/码],,可达,200,https://www.acgread.cc
🍊二次元小说网（刺猬猫菠萝包）壬二酸修复,,可达,200,https://www.2cyread.com/
🍊大米小说,免费,可达,200,https://www.damixs.vip
🍊小说王[墙],【小说 书源】,可达,200,https://www.twking.cc##@尐哖
🍊笔下之趣[百度搜索],,可达,200,www.bqgyy.com
🍊笔下之趣[百度搜索],,可达,200,https://www.baidu.com/
🍊豆腐app,免费,可达,200,https://m.doufuyuedu.com
🍑 断青丝小说,,可达,200,https://m.duanqingsi.com
🍑 腐书宅[仅发现],,可达,200,https://m.fushuzhai1.com
🍑 腐小说,可用,可达,200,http://www.fuxs1.com/🍑
🍜 轻小说文库,Tg:@sousuo234,可达,200,http://app.wenku8.com#🎃
🍩800小说[自写],,可达,200,https://www.texasreadyblog.net#xsw8093
🍩全网音乐搜索,,可达,200,https://suapi.net/
🍩圣墟小说网[自写],📃论坛,可达,206,https://www.shengxuread.co
🍩大家读书院[自写],,可达,200,https://www.dajiadushu.com/#xsw8093
🍩斗破小说网[自写],小说,可达,200,https://www.doupoall.com/
🍩新笔趣阁xbqgxs[自写],,可达,200,http://www.xbqgxs.vip/
🍩晚安小说[自写],,可达,200,https://www.wananxs.com/
🍩晚安小说[自写],,可达,200,https://www.wananxs.com/#xsw8093
🍩暖酒小说[自写],,可达,200,https://nnnxs.com/
🍩笔趣读[自写],,可达,200,http://www.bbiqudu.com/
🍩笔趣阁[自写/wap.biqige.info],【小说 书源】,可达,200,https://wap.biqige.info
🍩谷歌小说网[自写],,可达,200,http://www.gugehk.org/
🍺 168看书网,优质源👍,可达,200,https://www.168kanshu.com
🍺 3A小说,🍺 特优,可达,206,https://www.aaawz.cc
🍺 52书库 52shuku.vip,🍺 特优,可达,200,https://www.52shuku.vip/
🍺 77小说,🍺 特优,可达,200,http://m.77xs.org/
🍺 E小说,🍺 特优,可达,200,https://www.wnxsw.com/
🍺 三七中文,,可达,200,https://www.37zw.la
🍺 中文阅读网,🍺 特优,可达,200,https://www.zwydw.com/
🍺 乐文小说 lwbook.cc,🍺 特优,可达,200,https://m.lwbook.cc
🍺 九桃小说 k09.a506wge.cc,🍺 特优,可达,200,https://k09.a506wge.cc
🍺 书家文学,,可达,200,https://www.bookjia.com
🍺 冰清阁小说,🍺 特优,可达,200,https://m.bqgcn.com/
🍺 卧龙小说,🍺 特优,可达,200,http://www.wolongxs.com
🍺 奇书网,⁴☃晨光雨露᭄精品源,可达,200,https://m.qsw.la
🍺 悠读[仅发现],🍺特优,可达,200,https://www.yooread.net#sort-con-wp a
🍺 斋书苑,优质源👍,可达,200,https://www.zhaishuyuan.com#sitembox
🍺 新书阁,🍺 特优,可达,200,https://www.xinshuge.xyz
🍺 新天禧小说,🍺 特优,可达,206,https://www.tianxibook.com/
🍺 新海岸线文学,优质源👍,可达,206,https://m.yingshanrc.com
🍺 新笔趣阁,111最新校验成功,可达,200,https://www.biquge5200.cc
🍺 新笔趣阁 biquges123.com,🍺 特优,可达,200,https://www.biquges123.com
🍺 烈火书吧,,可达,200,https://www.liehuoshuba.com
🍺 爱看书吧m,🍺特优,可达,200,https://m.aikanshu8.com
🍺 玄幻文学,🍺 特优,可达,200,https://m.xhwenxue.com
🍺 玩吧小说,🍺 特优,可达,200,https://m.wanbazw.com
🍺 笔仙阁[仅发现],🍺特优,可达,200,http://www.bixiange.cc
🍺 精华书阁 jhssd.com,🍺 特优,可达,200,https://www.jhssd.com#🎃
🍺 糯米小说,,可达,200,https://m.nuomi99.com
🍺 零点看书,🍺特优,可达,200,https://m.lingdiankanshu.co
🍺 顶点小说㉗,🍺特优,可达,200,https://www.txtbook.net
🍺 飘天文字网 piaotia.com,🍺 特优,可达,200,https://www.piaotia.com
🎀多多书院,🎀优质,可达,200,http://www.txtduo.com
🎃101言情🎃,,可达,200,http://www.txt101.com#🎃
🎃178小说🎃,,可达,200,https://m.178xs.cc#🎃
🎃18文学🎃,,可达,200,https://www.gb84.com#🎃
🎃52PO小说🎃,,可达,200,https://www.52mypost.com#🎃
🎃NovelBuddy🎃,,可达,200,https://novelbuddy.io#🎃
🎃PO站🎃,,可达,200,https://www.jile1.com#🎃
🎃SF轻小说🎃#2,,可达,200,http://m.sfacg.com#🎃
🎃VIP中文🎃,,可达,200,http://m.xvipxs.net#🎃
🎃txt520小说🎃,,可达,200,http://www.txt520.com#🎃
🎃三七轻小说🎃,,可达,200,https://www.37novel.com#🎃
🎃九九藏书网🎃,,可达,200,https://www.sangshixs.com#🎃
🎃书客吧🎃#2,,可达,200,https://www.shuke8.cc#🎃
🎃休闲文学吧🎃#2,,可达,200,https://www.xxwx.com#🎃
🎃去读读🎃#3,,可达,200,http://www.51qidu.com#🎃
🎃品书楼小说网🎃,,可达,200,http://www.pinshulou.com#🎃
🎃四月天🎃,,可达,200,https://www.4yt.net#🎃
🎃图书世界🎃,,可达,200,http://rr8eky99bf.nb6jxxxwgv.soyn3h8krfk78itbu2xzm.xyz#🎃
🎃夜书库🎃,,可达,200,https://m.yeshuku.com#🎃
🎃夜伴书屋🎃,,可达,206,https://www.ybswa.com#🎃
🎃天地中文网🎃,优选书源by沐云风,可达,206,http://m.tiandizw.com
🎃奇书网🎃#2,,可达,200,http://www.qsyz.net#🎃
🎃小红书🎃,,可达,200,https://www.xxxhongshu.com#🎃
🎃小说ABC🎃,,可达,200,http://www.xsabc.com#🎃
🎃小说虎🎃#2,,可达,206,https://www.xshbook.com#🎃
🎃御书屋🎃#3,,可达,200,https://m.rourouwu16.com#🎃
🎃快眼看书,123,可达,200,https://www.ibotaodz.com#🎃
🎃快读中文🎃,,可达,200,https://www.kdzw.cc#🎃
🎃思路客🎃#6,,可达,200,http://m.isiluke.org#🎃
🎃推书君网🎃,,可达,200,https://pre-api.tuishujun.com#🎃
🎃新天禧小说🎃,,可达,206,https://www.tianxibook.com#🎃
🎃新搜读🎃,,可达,200,https://www.newsodu.org#🎃
🎃新键盘小说网🎃,,可达,200,http://www.xinjianpan.com#🎃
🎃无奈书库🎃,,可达,206,https://www.52shuku123.org#🎃
🎃朗朗书库🎃,,可达,206,https://www.llshuku.com#🎃
🎃淡水书院🎃,,可达,200,http://www.jxsc1.cn#🎃
🎃滋滋读书🎃,,可达,200,http://www.zzdushu.com#🎃
🎃烈火中文🎃,,可达,200,https://m.liehuozw.com#🎃
🎃爱久久网🎃,,可达,200,http://www.jjjxsw.com#🎃
🎃猪猪小说🎃,,可达,200,https://gg.zzxsa.com#🎃
🎃疯情书库🎃#2,,可达,200,https://fqbook.cc#🎃
🎃知乎日报🎃,,可达,200,https://daily.zhihu.com#🎃
🎃知音漫客🎃,,可达,206,https://m.zymk.cn#🎃
🎃笔尖中文🎃,,可达,200,http://m.badaoge.org#🎃
🎃笔趣阁🎃#27,,可达,200,https://www.biquge345.com#🎃
🎃笔趣阁🎃#33,,可达,200,https://www.conglianhao.com#🎃
🎃笔趣阁🎃#38,,可达,200,https://wap2.xinbiquge.org#🎃
🎃笔趣阁🎃#51,,可达,200,http://m.xinbqg.la#🎃
🎃笔趣阁🎃#54,,可达,200,https://www.biquge2345.com#🎃
🎃笔趣阁🎃#58,,可达,200,https://www.biquge.casa#🎃
🎃笔趣阁🎃#65,,可达,200,http://m.biquge345.com#🎃
🎃精华书阁🎃#4,,可达,200,https://m.jhssd.com#🎃
🎃紫云宫🎃,,可达,200,https://www.ziyungong.cc#🎃
🎃肉肉屋🎃#6,,可达,200,https://m.rourouwu2.com#🎃
🎃腐小说🎃,,可达,200,http://www.fxshu.cc#🎃
🎃菜小说网🎃,,可达,200,https://www.tatays.com/allbook#🎃
🎃要福利🎃,,可达,200,https://1fuli.one#🎃
🎃言情小说吧🎃#4,,可达,200,https://www.xs.cn#🎃
🎃话本阁🎃,,可达,200,https://www.huabenge.com#🎃
🎃起舞中文🎃,,可达,206,https://www.zhongwen.com#🎃
🎃轻小说百科🎃,,可达,200,https://lnovel.org#🎃
🎃逆鳞小说🎃,,可达,200,https://fu44.pw#🎃
🎃酷书阁小说网🎃,,可达,200,https://www.kushuge.com#🎃
🎃酷匠网🎃,,可达,200,https://m.kujiang.com#🎃
🎃镇魂小说网🎃,,可达,200,https://www.zhenhunxiaoshuo.com/chaxun.html#🎃
🎃阅读🎃,,可达,200,http://www.yuedu.info#🎃
🎃阳光中文网🎃#2,,可达,200,http://www.ygzww.com#🎃
🎃阿爱虎吧🎃,,可达,206,https://m.xshbook.com#🎃
🎃雅楠文藏🎃,,可达,200,https://www.hycmds.com#🎃
🎃零点看书🎃,,可达,200,http://23.225.143.232#🎃
🎃骑士小说🎃#2,,可达,200,https://www.txts.com#🎃
🎃鬼吹灯🎃#3,,可达,206,http://www.cxzz.com#🎃
🎃️全本小说网🎃,新,可达,200,https://www.quanben-xiaoshuo.net#🎃
🎈 亲小说APP,"🎈36,🍋🍋🍋🍋🍋🍋,搜索失效",可达,200,http://m.qinxiaoshuo.com
🎈BL文库,"-------,0206⭐",可达,200,https://m.blwenku123.cc
🎈ROM5,🎈 漫画,可达,200,https://rouman5.com
🎈SF轻小说,,可达,200,book.sfacg.com
🎈久久小说,"轻文,搜索失效",可达,200,https://www.ijjxsw.com
🎈心跳书城,④🎈  普通,可达,200,http://www.gaohbook.net
🎈福书网,④🎈  普通,可达,206,https://m.fushutxt.cc/
🎈雷云阁,"🎈36,🍋🍋🍋🍋🍋🍋,搜索失效",可达,200,https://www.leiyungewx.com
🎉 166小说[仅发现],🎉 精选 🎉,可达,200,https://www.juyit.com
🎉 16号书库[仅发现],"优质源👍,🏵️  小说,🎉 精选 🎉",可达,200,http://www.as16.cc
🎉 17模板网,🎉精品,可达,200,http://www.mfeik.com
🎉 30书院[仅发现],🎉精品,可达,200,https://www.30sy.com
🎉 36文学网,"﹅ ♛ 精品,发现失效,搜索失效",可达,200,http://www.36wxw.com
🎉 58小说网[仅发现],🎉精品,可达,200,http://m.5858xs.com
🎉 62文学网[仅发现],🎉 精选 🎉,可达,200,http://m.62ma.com
🎉 94小说网,,可达,200,http://www.94xsw.info
🎉 ABC小说网[仅发现],🎉 精选 🎉,可达,200,https://www.abcxs.com
🎉 三五小说网,🎉精品,可达,200,http://www.huoyzw.com
🎉 乐文文学网💙💙💙网页危险警告,"夏一L,★,☀️搜书/换源 B▪优质,🎉 精品",可达,200,https://lwwxw.com
🎉 书库网[仅发现],🎉精品,可达,200,http://www.shukw.com
🎉 书海阁[仅发现],,可达,200,https://m.xinshuhaige.org
🎉 五五书吧,搜索失效,可达,200,https://www.55shuba.com
🎉 全本小说①,,可达,200,https://www.quanben.net
🎉 八戒[仅发现],🎉精品,可达,200,http://www.8jzw.cc
🎉 半亩方塘[仅发现],🎉精品,可达,200,http://m.tushuu.com
🎉 去看书网[仅发现],,可达,200,https://www.qktxt.com
🎉 吉林小说网,🎉精品,可达,206,http://www.jilin555.com
🎉 奇热小说②,⁴☃晨光雨露᭄精品源,可达,200,http://www.qirexsw.com
🎉 奇热小说③,³۝天域整理,可达,200,http://www.qirexiaoshuo.cc
🎉 好看书吧[仅发现],🎉 精选 🎉,可达,200,https://www.hkshu.com
🎉 完本神站,🎉 优质,可达,200,http://www.wanbentxt.com
🎉 宙斯小说[仅发现],,可达,200,https://www.zhousixs.com
🎉 小说馆,🎉精品,可达,206,https://m.guanxs.com
🎉 思路客,Tg:@sousuo234,可达,200,http://m.siluke.cc
🎉 惠天听,,可达,200,http://www.httxs.com
🎉 我的书城[仅发现],🎉精品,可达,206,http://www.3wwd.com
🎉 斗破,🎉 精选 🎉,可达,200,https://www.doupobook.com#tbody tr
🎉 新八一书屋,,可达,200,https://www.xbyshuwu.com
🎉 新热门小说[仅发现],,可达,200,https://m.xinremenxs.net
🎉 无敌龙,🎉 正常,可达,200,http://www.wudiun.net
🎉 无错小说网quledu.net,🎉 精选 🎉,可达,200,https://www.quledu.net
🎉 晋江文学,正版,可达,200,https://m.jjwxc.net/channel/index
🎉 木木阅读[仅发现],🎉精品,可达,206,https://www.lzfootball.com
🎉 棉花糖小说②[仅发现],,可达,200,https://www.mianhuatang.co
🎉 殿行说,"﹅ ♛ 精品,发现失效,搜索失效",可达,200,http://m.dianwxw.com
🎉 看书君,🎉精品,可达,206,https://www.kanshujun.cc
🎉 看齐中文,🎉精品,可达,200,http://m.kan76.com
🎉 笔尖小说,"🎉 精选（Tg敏感资源库
https://t.me/+Gk4E1u5cvaxhYTY1）",可达,200,http://m.bjcan8.com
🎉 笔趣小说,,可达,200,http://www.biqusa.com/
🎉 笔趣读,🎉精品,可达,200,https://www.biqudu.cc
🎉 笔趣阁,,可达,200,https://m.wqge.cc
🎉 笔趣阁,"🎉 精选 🎉,💒 笔趣",可达,200,http://www.biquqe.com
🎉 笔趣阁VIP,🎉精品,可达,200,www.vipkanshu.com
🎉 笔趣阁⑬⑤,,可达,200,https://www.biqugedi.com
🎉 笔趣阁㉗[仅发现],,可达,200,https://www.bifeige.com
🎉 笔趣阁小说网,👍 备用,可达,200,https://www.seebook.net/
🎉 笔趣阁移动版[仅发现],"🎉 精选 🎉,💒 笔趣",可达,200,http://m.biquge.com
🎉 笔趣阁网,🎉 精选,可达,200,https://www.biqusa.com
🎉 第八区,"💊无搜,🎉精品",可达,200,http://www.dibaqu365.com
🎉 群U聚合,🎉 通用书源,可达,200,https://jican.x7go.top
🎉 肇庆书院,🏵️  小说,可达,200,http://www.zqkjxy.com
🎉 色小说[仅发现],🎉精品,可达,200,https://www.sssxsw.com
🎉 苏拉格[仅发现],🎉精品,可达,200,http://www.sulage.com
🎉 若晴书屋,🎉精品,可达,200,https://www.rqshuwu.com
🎉 衍墨轩,🎉精品,可达,200,https://m.yanmoxuan.org
🎉 词笔阁,🎉精品,可达,200,https://m.cibige.com
🎉 顶点小说,,可达,206,https://www.dingdianorg.com
🎉 顶点小说,,可达,200,http://www.x23us.us
🎉 顶点小说,"🎉 精选,测试组,我的精教遗留",可达,200,https://m.23us.cc
🎉 顶点小说⑩,🎉精品,可达,200,http://www.89shu.com
🎉 麒麟小说[仅发现],🎉 精选 🎉,可达,200,http://m.qilinchess.com
🎉3Q中文网①,,可达,200,https://www.3qzone.cc/
🎉67小说网①,,可达,200,http://www.67xiaoshuo.cc/
🎉69中文②①,,可达,200,https://www.69zww.cc/
🎉69中文③①,,可达,200,https://www.69zww.com/
🎉69中文④①,,可达,200,https://www.69zw.com/
🎉69书吧#嘚嘚21.0201,﹅ ♛ 精品,可达,200,https://www.69shu.org#嘚嘚21.0201
🎉69书吧⑦①,,可达,206,http://www.69shu.info/
🎉71文学网①,,可达,200,http://www.71wxw.com/
🎉一五中文网,,可达,200,http://www.156xsw.com/
🎉一八中文①,,可达,200,https://www.e8zw.com/
🎉一八中文②,,可达,206,https://www.e8zw.net/
🎉七七小说网,,可达,200,https://www.7017k.com/
🎉七二文学②,,可达,200,http://www.72wxw.com/
🎉三五中文网,小说,可达,200,http://www.35zw.com/
🎉三八八小说,,可达,200,https://www.388xs.com/
🎉中文小说①,,可达,200,https://www.uuzww.com/
🎉主流中文网,,可达,200,http://www.caibaedu.com/
🎉乐文小说⑧,🎉 精选 🎉,可达,200,https://www.lewenxs.com/
🎉乐读小说,"🎉 精选 🎉,失效",可达,200,http://www.ledozw.com/
🎉九七阅读,🎉精品,可达,200,http://m.97yd.com
🎉书包网③①,,可达,200,http://www.bookbao.tw/
🎉书迷楼③①,,可达,206,https://www.shumilou.com/
🎉书迷楼⑥①,,可达,200,http://www.mlls.net/
🎉二小说①①,,可达,200,http://www.512wine.com/
🎉五九小说网,,可达,200,http://www.5y9y.com/
🎉五八小说④,,可达,200,http://www.58daixiu.com/
🎉五六小说网,,可达,200,http://www.560xs.com/
🎉五小说网①,,可达,200,http://www.51cnlv.com/
🎉人人小说,小说,可达,200,http://www.agxs.net/
🎉亿笔阁小说,,可达,200,https://www.yibige.cc/
🎉伏天书屋①,,可达,206,http://www.hftianye.com/
🎉入殓师灵异录,优选书源by沐云风,可达,200,http://www.rulianshi.org/
🎉八一中文⑩,🎉 精选 🎉,可达,200,https://www.izwdu.com/
🎉八八读书网,,可达,200,http://www.88xdushu.com/
🎉八零小说⑦,,可达,206,http://www.800xiaoshuo.com/
🎉卡夜阁小说,,可达,200,https://m.kayege.info/
🎉去看书网①,,可达,200,http://www.988yx.com/
🎉呦呦看书①,,可达,200,https://www.youyoukanshu.com/
🎉啃文书库①,,可达,200,https://www.kenwen.com/
🎉奇书网③①,,可达,200,https://www.qsw.la/
🎉妙笔阁②①,,可达,200,https://www.mbgbook.com/
🎉小书亭①②,,可达,200,http://www.xiaoshutingapp.com/
🎉小书包网,小说,可达,200,https://www.xiaoshubao.net/
🎉小说书网①,,可达,200,https://www.xiaoshuo530.com/
🎉小说屋③①,,可达,200,http://www.wabaihui.com/
🎉小说族文学,,可达,200,https://www.xiaoshuozu.cc/
🎉幻月书院,小说,可达,200,http://m.huanyue123.com/
🎉幼狮书盟①,,可达,200,http://m.yssm.info/
🎉快书网小说,,可达,200,http://www.xlkuai.com/
🎉恋上你看书,,可达,200,https://www.630book.com/
🎉恋小说网,🎉 精选 🎉,可达,200,https://www.lianxs.com/
🎉悟空追书①,,可达,200,http://www.wkzs.com/
🎉搜狗小说①,,可达,200,http://www.sgxiaoshuo.com/
🎉新五二小说,,可达,200,https://www.x520xs.com/
🎉无名小说网,,可达,200,http://www.gwfcj.com/
🎉星门网小说,,可达,200,http://www.xingmen.cc/
🎉海书网小说,,可达,206,https://www.haishuwang.com/
🎉海岸线小说,,可达,200,http://www.thxyyy.com/
🎉海阅小说,,可达,200,https://m.haiyue8.cc
🎉炫书网小说,,可达,200,https://www.ibiquta.com/
🎉爱去小说网,,可达,200,https://www.aiquxs.com/
🎉爱得间组,,可达,200,http://m.idejian.net
🎉爱摘书小说,,可达,200,http://www.izhaishu.com/
🎉爱看小说①,🎉 精选 🎉,可达,200,https://www.aikantxt.co/
🎉猫看书#嘚嘚21.0201,"﹅ ♛ 精品,发现失效,搜索失效",可达,200,https://www.maokanshu.com#嘚嘚21.0201
🎉琦书屋小说,,可达,200,https://www.7shuwu.cc/
🎉百书楼小说,,可达,206,https://www.bsl800.cc/
🎉看书网小说,,可达,200,https://www.51kanshu.cc/
🎉笔下文学,-------,可达,200,http://www.nyzyxx.com/
🎉笔言阁,🎉 精选 🎉,可达,200,https://www.biyange.com/
🎉笔趣下书①,,可达,206,https://www.bqxiashu.com/
🎉笔趣库②①,,可达,200,https://www.c66c.com/
🎉笔趣阁,-------,可达,200,https://www.cbiqu.com/
🎉笔迷楼②①,,可达,200,https://www.bimilou.net/
🎉第三中文①,,可达,200,https://www.3zw.cc/
🎉肉书屋小说,,可达,200,http://www.jxenbo.cn/
🎉西子书院①,,可达,200,https://www.westshu.com/
🎉言情中文网,,可达,206,https://www.yqzww.cc/
🎉言情花园①,,可达,200,http://www.huamuke.net/
🎉读书吧小说,,可达,200,https://www.dushu8.com/
🎉读书族小说,,可达,200,https://www.xiaoshuo77.net/
🎉读书者小说,,可达,200,https://www.dushuzhe.com/
🎉读书者小说,,可达,200,https://www.dushuzhe.cc/
🎉谍中谍文学,🎉 精选 🎉,可达,200,https://m.dzdwx.com/
🎉谜书阁,-------,可达,200,http://www.mishug.com
🎉豆豆小说,🎉 精选 🎉,可达,200,http://www.harenliu.com/
🎉连载书,🎉 精选,可达,200,https://m.lianzaisu.com
🎉追书网#嘚嘚21.0201,"﹅ ♛ 精品,搜索失效",可达,200,https://www.zhuishu.com#嘚嘚21.0201
🎉追书网③①,,可达,200,http://www.rzsjedu.com/
🎉醋溜儿文学,⁴☃晨光雨露᭄精品源,可达,200,https://www.clewx.com/
🎉非主流中文网①,🎉 精选 🎉,可达,200,https://www.farpop.com/
🎉顶点小说,-------,可达,200,http://www.gdlianya.com/
🎉顶点小说,-------,可达,200,https://www.49us.com/
🎉顶点小说①,,可达,200,https://www.23us.cc/
🎉飞速中文网,,可达,200,https://www.feiszw.com/
🎊 有度,搜索失效,可达,200,https://www.yoduzw.com#j_list_container li#芜恙
🎊书客居,"🍋🍋🍋🍋🍋🍋,🎊21,搜索失效",可达,206,https://www.shukeju.com/
🎊书趣阁②,优质源👍,可达,200,http://www.shuquge.org/
🎊书迷屋,优质源👍,可达,200,http://www.shumi5.com/
🎊读趣网②,优质源👍,可达,200,http://www.xdu7.org/
🎧 中国评书,👂👂👂👂👂👂,可达,200,http://www.zgpingshu.com
🎧 懒人听书,有声,可达,200,http://www.lrts.me#一程
🎧 懒人听书,有声,可达,200,http://www.lrts.me#芜恙
🎧 畅悦听书,🎧 有声,可达,200,http://www.tac.cc/
🎧 静听网,,可达,200,http://m.audio699.com
🎧听姬,⑧🎧  有声,可达,206,https://www.himehear.com
🎧我听评书,🎧 有声,可达,200,https://www.5tps.com/
🎨 118漫画,🎨漫画,可达,200,http://www.88bag.net
🎨 522漫画,🎨漫画,可达,200,http://www.love127.com
🎨 99770漫画,🎨漫画,可达,206,http://99770.hhxxee.com
🎨 CC漫画,🎨漫画,可达,200,http://m.ccdm15.com
🎨 GAYRB腐漫画,🎨 漫画,可达,200,https://gaygg.cc
🎨 JPM漫画,🎨漫画,可达,200,http://www.jpm1234.com
🎨 X漫画¹-M,"🎨 B漫画,0-🏜️ 图片",可达,200,https://www.xmanhua.com/
🎨 マンガクロス,"🖼️🖼️🖼️🖼️🖼️🖼️,搜索正文失效",可达,200,https://mangacross.jp
🎨 下拉式,🎨 漫画,可达,200,https://m.xialashimanhua.com
🎨 乙女漫画,🎨漫画,可达,200,https://www.nokiacn.net
🎨 亲亲漫画,🎨漫画,可达,200,https://m.duzhez.com
🎨 亲亲漫画,🎨漫画,可达,200,https://wap.duzhez.com
🎨 优娱酷,🎨漫画,可达,200,https://www.uyuku.com
🎨 兔兔漫画网,🎨漫画,可达,200,http://m.tutumanhua.com
🎨 八极漫画,漫画,可达,200,http://www.8jj.com/
🎨 动漫之家-M,🎨漫画,可达,200,https://m.dmzj1.com
🎨 动漫之家₂-M,🎨漫画,可达,200,https://api.dmzj1.com
🎨 动漫戏说,🎨漫画,可达,200,https://comic.acgn.cc
🎨 古风漫画,🎨 漫画,可达,200,https://m.gufengmh8.com
🎨 古风漫画网,🎨漫画,可达,200,http://www.gufengmh8.com
🎨 咚漫,🎨 漫画,可达,200,https://m.dongmanmanhua.cn
🎨 咚漫,已检验,可达,200,https://m.dongmanmanhua.cn#一程
🎨 哔咔漫画,🎨 漫画,可达,200,https://www.lu85.com
🎨 崩坏3漫画,🎨漫画,可达,200,https://comic.bh3.com
🎨 彩色漫画,"🎨漫画,🔮发现,失效",可达,200,https://www.kelemh.com
🎨 我要去漫画,🎨漫画,可达,200,http://www.517manhua.com
🎨 日更计划,🎨漫画,可达,200,http://www.rigengjihua.cn
🎨 来漫画,🎨 漫画,可达,206,https://m.laimanhua.org/
🎨 海猫吧,🎨漫画,可达,200,http://www.haimaoba.com
🎨 漫客栈,"发现失效,搜索正文失效,有效",可达,206,https://m.mkzhan.com
🎨 漫漫漫画,🎨漫画,可达,206,https://m.manmanapp.com
🎨 漫漫漫画 💰,"21.0301一程,🎨 漫画",可达,206,https://www.manmanapp.com#一程
🎨 漫画吧,🎨 漫画,可达,200,http://www.manhuaba.cc
🎨 漫画吧,🎨漫画,可达,200,https://m.mhba.cc
🎨 漫画楼,🎨漫画,可达,200,https://www.manhualou.com
🎨 热门漫画,🎨漫画,可达,200,http://m.remenmanhua.com
🎨 爱看漫画,🎨 漫画,可达,200,http://wap.65dm.com
🎨 爱飒漫画,🎨漫画,可达,206,https://m.isamanhua.com
🎨 狂人漫画,🎨漫画,可达,206,https://m.krmanhua.com
🎨 看漫画啦,🎨 漫画,可达,200,https://kanmanhuala.com
🎨 看漫畫,🎨漫画,可达,200,https://www.k886.net
🎨 知音漫客$,🎨漫画,可达,206,https://m.zymk.cn
🎨 笔趣漫画,"🎨漫画,🚬刘备",可达,200,https://www.biqug.org
🎨 非凡漫画网,🎨漫画,可达,200,http://www.90ff.com
🎨 鬼罗丽 👻,🎨 漫画,可达,200,http://www.gllmh.com
🎨57漫画,🎨 漫画,可达,200,http://m.wuqimh.com
🎨90漫画,[漫画源],可达,200,http://m.90mh.com/
🎨MangaBat,漫画,可达,200,https://m.mangabat.com/m
🎨Webtoon,🎨 漫画,可达,206,https://us.webtoons.com/zh-hant
🎨ant搬运网[自写],第一批,可达,200,https://www.antbyw.com
🎨一拳漫画-M,漫画,可达,200,http://ddmmcc.com
🎨一起看动漫网-M,漫画,可达,200,http://www.17kdm.net
🎨九九漫画,🎨 漫画,可达,206,http://99.hhxxee.com
🎨亲亲漫画-M,漫画,可达,200,https://m.acgcd.com
🎨动漫在线,🎨 漫画,可达,200,http://m.dmzx.com
🎨古风漫画,🎨 漫画,可达,200,https://www.gufengmh8.com
🎨大树漫画,漫画,可达,200,https://www.dashumanhua.com
🎨开心茶馆漫画™,🎨 漫画,可达,200,http://wuman.org
🎨快看漫画,🎨 漫画,可达,200,https://www.kuaikanmanhua.com
🎨梦游漫画,漫画,可达,200,https://www.mymhh.com
🎨汗汗漫画,🎨 漫画,可达,200,http://ssoonn.com
🎨漫客栈,漫画 书源,可达,206,https://www.mkzhan.com#Haxc1107
🎨漫画伍67,[漫画源],可达,200,http://www.mh857.cn/index.php
🎨爱优漫,漫画 书源,可达,206,https://m.iyouman.com#♤Haxc
🎨看漫画网,[漫画源],可达,200,https://www.mh-mh.com
🎨腐漫画,🎨 漫画,可达,200,http://www.fmhuaaa.net
🎨腾讯漫画💰,合集,可达,200,https://m.ac.qq.com
🎨阿吧漫画,🖼️🖼️🖼️🖼️🖼️🖼️,可达,200,http://www.abamh.com
🎨韩漫窝,🎨 漫画,可达,200,http://www.hanmanwo.com
🎨顶通漫画,漫画,可达,200,http://www.2kande.com
🎶 千千,🎶 音乐,可达,200,https://music.taihe.com
🎼 千千音乐1,神段【大乘级】（小说源）,可达,200,http://music.taihe.com
🏀 18小说,,可达,200,https://www.18xs.org/
🏵起点【女频】,⁶❀耽女︎ºั轻言,可达,202,http://qidian.com
🐚八一⁶,微筛选,可达,200,https://m.81new.cc/#放开
🐣全本同人,-------,可达,200,https://www.qbtr.cc##ʕ ᵔᴥᵔ ʔ喜静
🐣拉看书,-------,可达,206,https://www.lakanshu.cc/##ʕ ᵔᴥᵔ ʔ喜静
🐣随缘,🌾  论坛,可达,200,http://www.mtslash.me/forum.php
🐳56听书网①,🐳 有声 🐳,可达,200,http://www.ting56.com/
🐳神凑🏅,搜索失效,可达,200,http://www.shencou.com#line#乃星
🐳聚听网,🐳 有声 🐳,可达,200,https://www.yousxs.com/
🐼 笔趣阁⑤-🔖,🌸 免费,可达,200,http://www.ibiqu.org
🐼♜值得阅读▪︎女生▪︎API✘  by.机,已检验,可达,200,https://s.xcfcch.com#md-ji1202ag
🐼起点图,🍜其他,可达,206,https://www.qidiantu.com
👌 新笔趣阁,👌 常用,可达,200,https://www.biqueg.com
👌 无限小说,👌 常用,可达,200,https://v.8book.com##㏫
👌 明月中文,👌 常用,可达,200,https://www.56kog.com/
👌 米读小说,👌 常用,可达,200,https://api.midukanshu.com/
👍 4k小说[仅发现],👍优质,可达,200,https://www.4ktxt.com
👍 69中文网,"发现失效,【❌❌】网站失-效",可达,200,https://www.69zww.com#一程
👍 97中文[仅发现],,可达,200,https://m.97wz.net
👍 R书屋,优质源👍,可达,200,https://www.roushuwu.net
👍 一手书城[仅发现],优质源👍,可达,200,https://www.aishushuo.com
👍 一曲书斋,"发现失效,﹅ ♜ 优质,搜索失效",可达,200,https://www.yiqushu.cc
👍 三七中文,"发现失效,﹅ ♜ 优质,搜索失效",可达,200,https://www.37zw.net#一程
👍 世纪小说网[仅发现],,可达,200,https://m.2000xs.com
👍 东方阅读,👍 优质,可达,200,https://www.lnwow.com
👍 乐文小说④,👍 优质,可达,200,https://m.lewenxiaoshuo.com
👍 书馆中文,"【❌❌】搜索失-效,发现失效,搜索失效",可达,200,http://www.sgzew.com#一程
👍 偶偶小说吧,优质源👍,可达,200,http://www.ouou8.com
👍 八一中文,优质源👍,可达,200,https://m.8zwdu.com
👍 八零电子书,"﹅ ♜ 优质,搜索失效",可达,200,http://www.balingtxt.com#一程
👍 华人小说,,可达,200,http://mip.hrsx8.net
👍 启迪小说,👍 优质,可达,200,https://www.11889.net
👍 启迪小说,👍 优质,可达,200,https://m.11889.net
👍 品书,"﹅ ♜ 优质,搜索失效",可达,200,https://www.vodtw.la#booklist dl
👍 品书小说,测,可达,200,https://www.vodtwla.cc
👍 品书小说,,可达,200,https://www.vodtw1.cc//
👍 品书小说,,可达,200,http://www.vodtw.la/
👍 在线阅读,一程,可达,200,http://www.yuedu88.com
👍 字码小说,小说,可达,206,https://zmhxs.com
👍 彩虹文学,"发现失效,﹅ ♜ 优质,搜索失效",可达,200,http://www.caihongwenxue.com
👍 彩虹文学,"发现失效,﹅ ♜ 优质,搜索失效",可达,200,http://www.caihongwenxue.com#一程
👍 心情小说,,可达,200,https://www.xinqingxs.com
👍 斗破,"﹅ ♜ 优质,搜索失效",可达,200,https://www.doupobook.com#tbody tr#芜恙
👍 无图小说,"发现失效,﹅ ♜ 优质,搜索失效",可达,200,http://www.wutuxs.com#一程
👍 格格党③,优质源👍,可达,200,https://www.ggdownxs.com
👍 格格党免费[仅发现],👍优质,可达,200,https://www.62326.net
👍 欻书网,👍优质,可达,200,http://m.shumi5.com
👍 武林中文,"﹅ ♜ 优质,搜索目录失效",可达,200,https://www.50zw.com#一程
👍 沙漠,"发现失效,👍 优质,搜索失效",可达,200,http://m.muwu2.com
👍 清风小说,👍 优质,可达,200,https://www.198200.com
👍 湘霖小说,"发现失效,﹅ ♜ 优质,搜索失效",可达,200,https://www.xianglin.org
👍 熊猫妖怪,👍 优质,可达,200,http://xmyg.cc
👍 爱久久,👍优质,可达,200,https://www.xinxingxiangzhifa.com
👍 神童中文[仅发现],👍优质,可达,200,https://www.stzw.com
👍 若晨文学[仅发现],,可达,200,https://m.ffbook.cc
👍 逆天邪神,🏵️  小说,可达,200,https://www.nitianxieshen.com#tbody tr
👍 逆天邪神,"﹅ ♜ 优质,搜索失效",可达,200,https://www.nitianxieshen.com#tbody tr#芜恙
👍 逆天邪神,神段【大乘级】（小说源）,可达,200,https://www.nitianxieshen.com
👍 金牛书吧,👍优质,可达,200,http://www.jnshuba.com
👍 风雨小说①,"﹅ ♜ 优质,搜索目录失效",可达,200,https://www.fengyu.cc#一程
👍 飞卢书屋,"发现失效,﹅ ♜ 优质,搜索失效",可达,200,https://www.flshuwu.com#一程
👍 饭饭小说,"发现失效,﹅ ♜ 优质,搜索失效",可达,200,https://www.ffxs.info#一程
👍书屋阁,优质源👍,可达,200,http://www.shuwuge.com/
👍云书阁①,优质源👍,可达,200,https://www.yn-t.cn/
👍全本书屋,优质源👍,可达,200,http://www.kanquanben.net/
👍思路客⑯,优质源👍,可达,200,https://m.silukewx.com/
👍思路客⑱,优质源👍,可达,200,https://m.slkshuwu.com/
👍悠悠书盟②,优质源👍,可达,200,https://m.uutxts.com/
👍文墨中文网,优质源👍,可达,200,https://www.kygso.com/
👍灰小说网,优质源👍,可达,200,https://www.huixsw.com/
👍笔趣阁,笔趣阁,可达,200,http://www.biquge001.com
👍顶点中文②,优质源👍,可达,200,http://www.ddsge.com/
👑 新书网,"。,3",可达,200,https://www.xinshuw.com
👑九桃小说网_By未月十八,,可达,200,https://m.9txs.org#未月十八edit
👑塔客文学,xx,可达,200,https://m.211zw.com
👑御书网_By未月十八,,可达,200,https://www.yushubo.com#未月十八edit
👔 九七阅读,👻 隐藏,可达,200,http://www.bokcms.com
👔 思路客网,,可达,200,http://m.isiluke.info/
👔御书屋网,合集,可达,200,https://m.wmp8.com
👔肉宅屋网,第一批,可达,200,https://m.rouzhaiwu.info
💊 69斗罗大陆网,💊无搜,可达,206,http://m.69zw.cc
💊 八零电子书,💊无搜,可达,200,http://m.balingtxt.com
💊 小说520,💊无搜,可达,200,https://m.ihuoyzw.com
💊 热游文学,💊无搜,可达,200,http://m.fahao.reyoo.net
💊 爱看小说网,💊无搜,可达,200,http://www.ixs.la
💊 百书楼,💊无搜,可达,200,https://m.bsl666.com
💋免费看,"发现失效,搜索失效",可达,200,http://m.mfeik.com
💋新奇书网,"🏅 精选,发现失效,搜索失效",可达,206,http://www.xsqishu.com
💎小刀阅读#乐文小说,"🎄🎄🎄🎄🎄🎄,搜索失效",可达,200,http://www.xlwxsw.com
💎若尘文学,🌼晨光雨露🍒精品源💯,可达,200,https://www.ffbook.cc
💗幽冰中文,神段【大乘级】（小说源）,可达,200,https://www.97ub.cc
💗愚猫看书#嘚嘚21.0201,"发现失效,搜索失效",可达,200,http://www.01kanshu.com#嘚嘚21.0201
💗潇湘书院,"发现失效,搜索目录失效",可达,200,https://xxsy.net
💗知轩藏书,神段【大乘级】（小说源）,可达,200,https://www.zhixuancs.com
💗陌上香坊,"💗言情,失效",可达,200,http://www.msxf.cn
💙🌸书海阁🌸▼搜索失效 发现正常 #滨边美波,"滨边美波,★,☀️搜书/换源 B▪优质,失效",可达,200,https://m.shg.tw#滨边美波
💠 啃星书库,💠 其他,可达,206,http://m.kenxing.info
💠 啃星书库,"发现失效,搜索失效",可达,206,http://www.kenxing.info
💠 落秋中文网,💠 综合,可达,200,https://www.luoqiu.us
💠 追书阁,🌼晨光雨露🍒精品源💯,可达,200,https://www.keepshu.com
💡 手机看书,💡 发现,可达,200,http://www.sjks88.com
💦书包网②,💦 精品 💦,可达,200,https://www.shubaoo.com/
💦书迷楼文学,,可达,200,https://www.ishumilou.com/
💦奇书网②,小说,可达,200,https://www.126shu.org/
💦小说书屋③,,可达,200,http://www.xiaoshuo5.com/
💦小说屋①①,,可达,200,http://www.xiaoshuo588.com/
💦柚子小说①,,可达,200,https://www.youzibook.cc/
💦烽火中文①,,可达,200,http://www.fhzw.com/
💦爱小说,💦 精品 💦,可达,200,https://www.biqugecc.cc/
💦笔趣岛,💦 精品 💦,可达,206,https://www.biqudao.net/
💦老幺小说,💦 精品 💦,可达,206,https://www.huye.org/
💦言情888小说,🎉 精选 🎉,可达,200,https://m.yq-888.com/
💦读客吧,💦 精品 💦,可达,200,https://www.xdukeba.com/
💦顶点小说⑩,🎉 精选 🎉,可达,206,http://www.dindiann.com/
💫 360小说网,📃论坛,可达,200,https://h.i360xs.com/
💫 书香门第#乃星714  书评,,可达,200,http://www.txtnovel.top#乃星714
💫新卡夜阁,,可达,200,https://www.kygnew.com#温暖满怀
💫流星小说网,,可达,206,https://www.lsesx.net/
💫第三中文,,可达,200,https://m.8v8v.org#乃星
💬有度中文,免费,可达,200,https://www.yodu.org#出版
💮UU小说,神段【大乘级】（小说源）,可达,200,https://m.uuxs.net
💮第一版主,至臻【大乘级】（小说源）,可达,200,https://www.diyibanzhu5.com
💮辰文网,神段【大乘级】（小说源）,可达,200,http://www.cwwx.cc
💮迷了吧,"发现失效,💮精品,搜索失效",可达,200,http://m.mile8.cc
💯 得间,"﹅ ♛ 精品,发现目录失效,搜索目录失效",可达,200,http://www.idejian.com#芜恙
💯完本神站,💯精品,可达,200,https://www.wanbentxt.com
💯爱奇文学,🏆精品,可达,200,http://www.iqiwx.com
💯石头小说,💯 精品 💯,可达,206,https://www.10tou.com
💯衍墨轩,"优质源👍,🏵️  小说",可达,200,http://www.ymoxuan.org by极光
💯顶点小说⑤,,可达,200,https://www.x23us.us
💰 17K,"【❌❌】搜索目录失-效,发现目录失效,搜索目录失效",可达,200,https://www.17k.com#芜恙
💰 6月小说,C组,可达,200,http://www.6yxs.com#一程
💰 iReader,"﹅ ㊣ 正版,搜索失效",可达,200,http://yc.ireader.com.cn#芜恙
💰 书香云集,"﹅ ㊣ 正版,发现失效,搜索失效",可达,200,https://www.sxyj.net#一程
💰 塔读文学,"﹅ ㊣ 正版,发现目录失效,搜索目录失效",可达,200,https://www.tadu.com#一程
💰 奇迹作品,"发现失效,【❌❌】搜索正文失-效,搜索失效",可达,206,https://www.qijizuopin.com#一程
💰 愚猫看书,"﹅ ㊣ 正版,发现失效,搜索失效",可达,200,http://www.01kanshu.com#一程
💰 掌阅,"﹅ ㊣ 正版,搜索正文失效,发现正文失效",可达,202,http://www.ireader.com#芜恙
💰 掌阅书城,【🈵♥🈵💯】231123千组1,可达,200,http://m.zhangyue.com#一程
💰 红袖添香,"发现失效,💰 正版,🍀",可达,200,http://www.hongxiu.com
💰 起点,[小说源],可达,202,https://www.qidian.com#♂
💰 起点中文,💰 正版,可达,202,http://www.qidian.com#一程
💰 酷匠网,"﹅ ㊣ 正版,搜索目录失效",可达,200,http://m.kujiang.com#一程
💰 飞卢,"﹅ ㊣ 正版,发现目录失效,搜索失效",可达,206,https://wap.faloo.com#芜恙
💰 飞卢小说#一程▼章节目录失效,"💰 正版,21.0604一程,★,失效",可达,206,https://wap.faloo.com#一程
💰 鲸鱼阅读,💰 正版,可达,200,http://www.jingyu.com
💰6月小说,合集,可达,200,http://www.6yxs.com
💰多看阅读,付费,可达,200,https://www.dkmi.com/#wenmoux
💰晋江,平台,可达,200,http://android.jjwxc.net#芜恙
💰晋江分类,,可达,206,https://m.jjwxc.net/##分类标签
💰红袖添香,"平台,女频",可达,200,https://www.hongxiu.com#一程
💰飞卢小说#631▼章节目录失效,爱猫小说书源合集,可达,206,https://wap.faloo.com#631
💳书香云集,🌱正版🎈发现,可达,200,https://www.sxyj.net
💳晋江▪详榜🌱,【🈵♥🈵💯】231123千组1,可达,200,https://www.jjwxc.net#onede
💳起点📚📑🔖〽️🌱,🌱正版🎈发现,可达,202,https://www.qidian.com#玄奇6.24c
💳起点🔹❷📊⁺🔖〽️🌱,🌱正版🎈发现,可达,202,https://www.qidian.com#玄奇6.24b
💳起点🔻❸📊⁺🔖〽️🌱,🌱正版🎈发现,可达,202,https://www.qidian.com#玄奇6.24g
💵 3G书城,💵正版,可达,206,http://book.3g.cn
💵 宜搜,💵 正版,可达,200,https://book.easou.com
💵 小说阅读,💵正版,可达,200,m.readnovel.com
💵 息壤中文网,神段【大乘级】（小说源）,可达,206,https://h5.xrzww.com
💵 晋江[总标签],💵正版,可达,200,http://www.jjwxc.net#总标签
💵 晋江[细分],【🈵♥🈵💯】231123千组4,可达,200,https://www.jjwxc.net#发现
💵 爱猎奇[网站维护中],💵正版,可达,200,https://www.ilieqi.net
💵 神马小说,神段【大乘级】（小说源）,可达,200,https://api.xiaoshuo1-sm.com:443/
💵 米国度,,可达,200,https://myrics.com
💵 联通沃阅读,⁴☃晨光雨露᭄精品源,可达,200,https://iread.wo.com
💵 起点中文♀,💵正版,可达,202,https://www.qidian.com#♀
💵 起点中文♀,💰正版💰,可达,202,http://qidian.com 🎊
💵 起点中文♂,"💵正版,☣️可用",可达,202,http://www.qidian.com 🎃
💵 起点排行,💵正版,可达,202,https://www.qidian.com/🌸
💵 追书神器,💵正版,可达,206,http://m.zhuishushenqi.com
💵 阿里文学,💵正版,可达,206,http://www.aliwx.com.cn
💵 陌上香坊,💵正版,可达,200,https://www.msxf.cn
💵 飞卢小说网,💵正版,可达,206,https://wap.faloo.com#🌸
💵 黑岩小说™备用,💵正版,可达,200,https://heiyan.com
📃lk轻之国度,,可达,200,https://www.lightnovel.us/
📃小版主,xx,可达,200,http://m.xiaobanzhu.com
📄豆瓣读书,-------,可达,200,https://www.douban.com#♤guaner
📒宅do,💗 女频,可达,200,https://tinghaode8.cc
📓苏明小说,"📓 小说,⌨ 自制",可达,200,https://www.sumingxs.com##旅途
📖 AlphaPolis,📖 小说,可达,200,https://www.alphapolis.co.jp/
📖 书迷网站,👻 隐藏,可达,206,https://m.nanshuni.com/
📖 全本小说,"【❌❌】搜索失-效,搜索失效",可达,200,http://m.olquan.com/
📖 哔哩轻小说,,可达,200,https://w.linovelib.com#一程111
📖 搜搜小说,"【❌❌】搜索目录失-效,搜索目录失效",可达,206,https://www.soeo.net/
📖 星雲小説,📖 小说,可达,200,https://www.days-well.com/
📖 格格党网,"精选,发现失效,搜索失效",可达,200,https://www.52ggdxs.com/
📖 殆知阁网,📖 小说,可达,200,http://www.daizhige.org/
📖 独步小说,📖 小说,可达,200,http://www.dubuxiaoshuo.com/
📖 电子平板,📖 小说,可达,200,http://www.qiuyelou.net/
📖 笔下文学,"【❌❌】网站失-效,搜索失效",可达,200,http://www.235wx.com
📖 笔趣阁网,📖 小说,可达,200,http://www.bqgwu.net/
📖 读书族网,👻 隐藏,可达,200,https://m.smsyt.com/
📖uu看书@任尚仁,静白240801,可达,200,https://www.zhaoshuyuan.net/
📖天涯书库,,可达,200,https://www.tianyabooks.com#乃星
📖汉扬居,"﹅ ♞ 普通,发现失效,搜索失效",可达,200,http://www.bjhanyang.com
📖汉扬居,"﹅ ♞ 普通,发现失效,搜索失效",可达,200,http://www.bjhanyang.com#乃星
📖落霞小说,合集,可达,206,http://www.luoxia.com
📖赤壁小说,"﹅ ♞ 普通,发现失效,搜索失效",可达,200,https://www.cbxs.net#乃星
📖青花鱼,"【❌❌】搜索失-效,发现失效,搜索失效",可达,200,https://allcp.net#关耳
📖风铃小说网@任尚仁,静白240801,可达,200,https://www.cordmeta.com/
📚 一百本书[仅发现],📚出版,可达,200,http://www.100ben.net
📚 书屋,📚 出版,可达,200,http://www.33shuwu.com
📚 作品集,📚 出版,可达,200,http://zuopinj.com
📚 古今经典[仅发现],📚出版,可达,200,https://www.sbkk88.com/gujinjingdian
📚 名著阅读,🏵️  小说,可达,200,http://m.mzhu8.com/wap
📚 天天读书网,📚出版,可达,200,http://wap.ttd3.cn
📚 无锡图书,"1,5.24,搜索目录失效",可达,200,http://es.bookan.com.cn
📚 格格党网,"🍍🍍🍍🍍🍍🍍,📚161,搜索失效",可达,206,https://www.ggdownxs.cc
📚 梦远书城[仅发现],📚出版,可达,206,http://www.my285.com
📚 武侠名家[仅发现],📚出版,可达,200,https://www.sbkk88.com/wuxia
📚 汉典古籍,搜索失效,可达,206,https://gj.zdic.net#一程
📚 爱奇文学网,,可达,200,http://www.iqwxw.com
📚 红薯网站,"【❌❌】搜索失-效,搜索失效",可达,200,https://m.hongshu.com
📚 豆瓣读书,"🍍🍍🍍🍍🍍🍍,📚161,搜索失效",可达,200,https://book.douban.com
📚 追书神器,发现规则为空,可达,206,http://www.zhuishushenqi.com/chuban
📚斋书苑#美波21.0126,"出版,发现失效,搜索失效",可达,200,https://m.zhaishuyuan.com/#美波21.0126
📚期刊杂志 发现,🏵️  小说,可达,200,http://qk.lifves.com
📚豆瓣阅读,【🈶🉐能用】js失-效,可达,200,https://read.douban.com#关耳
📚超星图书 #关耳,"出版,发现目录失效,搜索目录失效",可达,200,http://yz4.chaoxing.com#guaner
📜 中文书城,[小说源],可达,200,http://baidu8.cread.com
📜 九桃小说,[小说源],可达,200,https://m.9txs.org
📜晋江评论【APP端】,⑨📜  书评,可达,206,https://m.jjwxc.net#app
📜晋江评论【网页端】,⑨📜  书评,可达,200,https://m.jjwxc.net///
📡 一起读书[仅发现],,可达,200,https://www.yqxdushu.com
📡 九桃小说,,可达,200,https://so.9txs.org
📡 恐怖读书[仅发现],,可达,200,https://www.kbdushu.com
📡 斋书苑ⓒ,"📡发现,🍺特优",可达,200,https://www.zhaishuyuan.com#sitembox dl
📡 有度,"📡发现,🌸常用,☣️发现大精选",可达,200,https://www.yoduzw.com#j_list_container li
📡 清逸文学网①,📡发现,可达,200,http://m.71wx.net
📡 百草文学,"发现,发现失效,搜索失效",可达,200,http://www.100huts.com
📡 稻草人书屋[仅发现],📡发现,可达,200,http://www.07dcr.com
📡 落吧书屋[仅发现],,可达,200,https://www.luobasw.com
📡 逆鳞大主宰,📡发现,可达,200,https://alfh.top
📥 书行天下,已检验,可达,200,https://www.sxpdf.com#芜恙
📥 新奇书网,"🏵️  小说,🎉 精选 🎉",可达,206,http://m.xsqishu.com
📥书行天下,已检验,可达,200,https://www.sxpdf.com#关耳
📥书行天下,"【❌❌】搜索失-效,发现失效,搜索失效",可达,200,https://www.sxpdf.com#乃星
📥当书,🍧  特殊,可达,206,https://www.downbook.org
📥搬书匠,,可达,200,http://www.banshujiang.cn
📥知轩藏书,🕸资源,可达,200,https://119.29.186.48
📺,涩视,可达,200,https://xfll9.life/vod
📺 Xvideos,📺 视频,可达,200,https://www.xvideos.com
📺番茄短剧,xx,可达,200,https://www.shanhuzs.com
📻 99有声,💠 综合,可达,200,https://mmm.092game.com/
📻 乾坤听书™,📻有声,可达,206,https://www.qktsw.vip
📻 叶子听书,📻有声,可达,200,http://www.yzfm.net
📻 评书吧,📻有声,可达,200,https://m.pingshu8.com
📻56听书网1,a1、有声,可达,200,http://m.ting56.com#
🔆小说82m,"🎄🎄🎄🎄🎄🎄,搜索失效",可达,200,https://m.xs82.net
🔆搜小说🌱,神段【大乘级】（小说源）,可达,200,https://www.soxs.cc
🔆搜小说🌱,,可达,200,https://www.soxs.cc#一程edit
🔆新顶点m.xindingdianxsw,"🎄🎄🎄🎄🎄🎄,搜索失效",可达,200,https://m.xindingdianxsw.com#list li
🔆爱下电子书,,可达,200,https://m.aixdzs.com#温暖满怀
🔆笔趣阁❽❽,,可达,200,https://www.wqge.cc/
🔆糯米小说🌱,,可达,200,https://www.nuomi99.com/
🔎推书君▪书评▪标签10💙➖➖➖,"发现失效,搜索失效",可达,200,https://www.tuishujun.com/#10
🔎推书君▪书评▪标签1💙➖➖➖,"发现失效,搜索失效",可达,200,https://www.tuishujun.com/#1
🔎推书君▪书评▪标签2💙➖➖➖,"发现失效,搜索失效",可达,200,https://www.tuishujun.com/#2
🔎推书君▪书评▪标签3💙➖➖➖,"发现失效,搜索失效",可达,200,https://www.tuishujun.com/#3
🔎推书君▪书评▪标签4💙➖➖➖,"发现失效,搜索失效",可达,200,https://www.tuishujun.com/#4
🔎推书君▪书评▪标签5💙➖➖➖,"发现失效,搜索失效",可达,200,https://www.tuishujun.com/#5
🔎推书君▪书评▪标签6💙➖➖➖,"发现失效,搜索失效",可达,200,https://www.tuishujun.com/#6
🔎推书君▪书评▪标签7💙➖➖➖,"发现失效,搜索失效",可达,200,https://www.tuishujun.com/#7
🔎推书君▪书评▪标签8💙➖➖➖,"发现失效,搜索失效",可达,200,https://www.tuishujun.com/#8
🔎推书君▪书评▪标签9💙➖➖➖,"发现失效,搜索失效",可达,200,https://www.tuishujun.com/#9
🔔乐安宣书,"发现失效,搜索失效",可达,200,https://m.ailelela.com
🔖多多书院①,"其他,搜索失效",可达,200,http://www.txtduo.com#♤guaner
🔖追书·女生,🎃常规,可达,206,http://www.zhuishushenqi.com/nvsheng##
🔥 寒武纪年,"发现失效,备用,搜索失效",可达,200,https://www.hanwujinian.com#一程
🔥 肉色屋,"发现失效,【❌❌】搜索正文失-效,搜索失效",可达,200,https://m.rousewu.in#一程
🔥 青花鱼 🔎,"【❌❌】搜索失-效,发现失效,搜索失效",可达,200,https://allcp.net#一程
🔥🚀Buondua,"🧜‍♀️,自制",可达,200,https://buondua.com/
🔰 23书吧,,可达,200,https://23shu8.net
🔰 29热线[防盗字体],,可达,200,http://www.29rx.com
🔰 35小说[网站不稳定],🏵️  小说,可达,200,http://m.35xs.cc
🔰 58小说,[小说源],可达,200,http://www.58xs.la
🔰 65小说网,🔰普通,可达,206,https://www.65xiaoshuo.com
🔰 69书吧①,﹅ ♞ 普通,可达,200,https://www.69shu.org#一程
🔰 92k小说,🔰 普通,可达,206,http://m.92k.tw
🔰 996小说网,🔰普通,可达,200,http://www.zm996.com
🔰 三江阁,🏵️  小说,可达,200,https://www.sanjiangge.org
🔰 二月天,"🔰 普通,失效",可达,206,https://www.2yt.info
🔰 人人小说,"﹅ ♞ 普通,发现失效,搜索失效",可达,200,http://www.agxs.cc
🔰 八一中文,"🔰 普通,测试组,测试,校验超时",可达,200,https://m.81zw.org
🔰 头文字网,🔰 普通,可达,200,https://m.touwz.net
🔰 总裁小说,🔰普通,可达,200,https://www.zongcaixiaoshuo.com
🔰 教育123[仅发现],🔰普通,可达,200,https://www.jiaoyu123.com
🔰 新77读书网,,可达,200,https://www.fjweilife.com
🔰 新御书屋,🔰 普通,可达,200,https://m.xyushuwu.me
🔰 无交流窝,🔰 普通,可达,200,http://www.wu-cp.com
🔰 清逸文学,🔰普通,可达,200,https://m.71wx.net
🔰 爱上中文,🔰普通,可达,206,https://www.aszw6.com
🔰 爱去小说,🔰 普通,可达,206,http://www.aiqu222.com
🔰 爱巴士,"4,。",可达,200,https://www.ibus2333.com
🔰 看毛线,🔰 普通,可达,200,https://www.kanmaoxian.com
🔰 笔趣阁[仅发现],,可达,200,http://m.biquqe.com
🔰 第一版主,🏵️  小说,可达,200,https://yulinzhanye.info
🔰 米读小说,🔰 普通,可达,200,https://m.miduwx.com/
🔰 若夏网,,可达,200,http://www.ruoxia.com
🔰 获奇文学,🔰 普通,可达,200,http://m.huoq.com
🔰 落叶书屋,🔰 普通,可达,200,https://www.quanmai.net/
🔰 诛仙2,🏵️  小说,可达,200,https://www.zhuxian2.net
🔰 读来读往[仅发现],🔰普通,可达,200,https://wap.dulaidw.com
🔰 顶点小说②[仅发现],🔰普通,可达,200,https://www.xs222.co
🔰 飞卢小说,"🔰 正版,🔮 发现",可达,206,http://b.faloo.com
🔰 饭饭小说,【小说 书源】,可达,200,http://www.fanfanbook.com
🔰126中文网,🔰 一般 🔰,可达,200,https://www.126zw.com/
🔰51笔趣阁,🔰 一般 🔰,可达,200,https://www.51suxiu.com/
🔰69小说,⁴☃晨光雨露᭄精品源,可达,200,http://www.69xiaoshuo.com/
🔰800小说⑧,🔰 一般 🔰,可达,200,http://www.800book.net/
🔰96笔趣阁,合集,可达,206,https://m.96biquge.com
🔰三四中文,"🔰男频,发现失效,搜索失效",可达,200,http://www.34zw.com
🔰三章中文,神段【大乘级】（小说源）,可达,200,http://www.3zzw.com
🔰乐读中文,"🔰 一般 🔰,☣️senhora晋江",可达,200,http://www.leduzw.com/
🔰大帝书阁,免费,可达,200,http://www.ddsk.la
🔰天籁小说④,🔰 一般 🔰,可达,200,https://www.tlxiaoshuo.com/
🔰完结屋,,可达,206,http://www.wanjie5.com
🔰掌阅,正版,可达,200,https://m.sm.cn#掌阅
🔰搜狗文学,🔰 一般 🔰,可达,200,https://www.sougouwx.com/
🔰新野人文学,🔰 一般 🔰,可达,200,https://www.xyrwx.com/
🔰晋江,平台,可达,200,https://wap.jjwxc.net
🔰晋江文学,"﹅ ♞ 普通,搜索正文失效,发现正文失效",可达,200,http://www.jjwxc.net###
🔰杰米哒,"🍍🍍🍍🍍🍍🍍,🔰347,搜索失效",可达,200,http://www.xs63.com
🔰梦笔阁小说,🏵️  小说,可达,200,http://www.mengbige.com
🔰燃文小说⑫,🔰 一般 🔰,可达,200,https://www.rwxsw.net/
🔰笔趣阁2,合集,可达,200,http://m.b5200.net
🔰纵横中文,正版,可达,200,https://m.sm.cn#纵横中文
🔰纵横中文,正版,可达,200,https://m.sm.cn
🔰老八站,🍜其他,可达,200,https://www.8kana.com
🔰聚书库,🔰 一般 🔰,可达,200,https://www.jushuku.com/
🔰随梦小说②,🔰 一般 🔰,可达,200,http://www.suimengxs.com/
🖤 七界小说▪︎CSS ♛♛♛✘,,可达,200,https://www.7jie.com#MDedit1031b
🖤♀㊣ 起点女生♀ ♛♛♛,,可达,202,https://www.qidian.com#md102g
🖤♂㊣ 起点男生♂ ♛♛♛,,可达,202,https://www.qidian.com#md102bb
🖤㊝ 九桃小说 ♛♛♛♚,,可达,200,https://www.9txs.org#□namo-edit
🖤㊝ 九桃小说▪︎CSS ♛♛♛♚✘,,可达,200,https://www.9txs.org#冷魅edit33
🖤㊣ 晋江详榜◆百合♀♀ ♛♛♛♚,,可达,206,https://m.jjwxc.net/#sbl乃星迷迭edit-xbgl
🖤㊣ 晋江详榜◆言情♂♀ ♛♛♛♚,,可达,206,https://m.jjwxc.net/#sbl乃星迷迭edit-xbbg
🖤㊣ 起点▪︎API▪︎by.机,,可达,200,https://druid.if.qidian.com
🖤㊣♛塔读文学 1201,,可达,200,https://www.tadu.com#♤yc
🖤㊣♛塔读文学 md #破冰,"搜索目录失效,﹅ ㊣ 正版,﹅ ♛ 精品",可达,200,http://www.tadu.com/#pb1101
🖤书海阁✦ ♛♛♛♚✘,"※0MD2,☆edit,﹅♚正版or榜单,※0MD,﹅♛精品,■精品",可达,200,http://m.shg.tw/#破冰z
🚀 谷歌搜书,🚀 VPN,可达,200,https://www.google.com/
🚀搜小说,"VPN,发现失效,搜索失效",可达,200,http://m.soxs.cc
🚬 170小说网,🚬刘备,可达,200,http://www.grname.xyz
🚬 366小说[仅发现],🚬刘备,可达,206,http://www.366xsw.cc
🚬 R级小说屋,"【❌❌】搜索目录失-效,搜索目录失效",可达,200,https://www.xiaoshuowu.org
🚬 七情小说S,,可达,200,https://www.7qing7.com
🚬 乡村小说.xcxs4,🚬刘备,可达,200,http://m.xcxs4.com
🚬 夜夜小说,🚬刘备,可达,200,http://m.yeyexsw.com
🚬 宜搜小说网[仅发现],🚬刘备,可达,200,http://www.yisouxsf.com
🚬 小强小说①,"发现失效,﹅ ㊕ 特殊,搜索失效",可达,206,http://xiaoqiangla.cc/ - 夏一
🚬 小强小说②,"发现失效,﹅ ㊕ 特殊,搜索失效",可达,206,http://www.xiaoqiangla.cc/ -夏一
🚬 小强小说网,,可达,200,http://wap.xiaoqiangxs.org
🚬 小强小说网[仅发现],🚬刘备,可达,200,http://m.xiaoqiangxs.org
🚬 我的书包,🚬刘备,可达,200,http://www.wodeshubao.org
🚬 新御书屋xyushu5,"🚬刘备,🚀VPN",可达,200,https://www.xyushu5.com
🚬 有点冷,🚬刘备,可达,200,http://wap.youdianlen.com
🚬 烧书阁[仅发现],🚬刘备,可达,200,http://m.shaoshuge.xyz
🚬 特·霸气书屋™,"🚬刘备,💊无搜",可达,206,http://www.87shuwu9.com
🚬 疯情书库,🚬 刘备,可达,200,https://fqbook.cc/m/index.php
🚬 疯情小说[仅发现],🚬刘备,可达,200,https://crazyfiction.xyz
🚬 第一板主,,可达,200,http://m.diyibanzhu.info
🚬 第一版主,"🚬刘备,💊无搜",可达,200,http://www.bz9999.xyz
🚬 第一版主77(๑>؂<๑）,"🚬刘备,发现失效,搜索失效",可达,206,http://www.banzhu333.xyz
🚬 第一版主（可替换，带字数）💎,"发现失效,﹅ ㊕ 特殊,搜索失效",可达,200,http://www.diyibanzhu33.com/
🚬 霸气书屋,"🍊女频,🚬刘备,💊无搜",可达,206,http://www.87shuwu.cc
🚬 霸气书屋™猫猫,🚬刘备,可达,200,http://www.87shuwu.com
🚬渣女小说,合集,可达,200,http://m.zhanvxs.cc
🚬米国度,神段【大乘级】（小说源）,可达,200,https://m.myrics.com/
🛸得间小说⭐,正版,可达,200,https://m.idejian.com#渊呀
🛸起点🔻❶📊⁺🔖〽️⁺📑〽️⁺📚〽️🌱,🌱正版🎈发现,可达,202,https://www.qidian.com#🌸
🥕九桃小说🅰极速💜💜💜#冷魅🔎,,可达,200,https://www.9txs.org#冷魅edit
🥛go5,⁴☃晨光雨露᭄精品源,可达,200,http://www.go5.cc
🦴book8 ◆ 旧版,"发现失效,搜索失效",可达,200,http://m.book8.bid
🧐69中文,"发现失效,搜索失效",可达,206,http://www.69zw.cc
🧐完本神站②💯,SSS,可达,206,https://www.wanbentxt.net/
🧐得间小说 ♛♛♛♨️,"﹅ ♛ 精品,发现目录失效,搜索目录失效",可达,200,https://www.idejian.com#一程101
🧐息壤中文网,"发现失效,搜索失效",可达,206,https://xrzww.com
🧐斋书苑⑤,"发现失效,搜索失效",可达,200,https://m.zhaishuyuan.com/
🧐第三中文网,"发现失效,﹅ ♝ 优良,搜索失效",可达,200,https://www.139507.com/
🪐柏雅周墨,"🚀 加速,🌸 免费",可达,200,https://www.beiyongzhan1.com
新笔趣阁手机版,"发现失效,搜索失效",域名解析失败,,https:://www.xquge.com
新笔趣阁手机版,,域名解析失败,,https:://m.xquge.com
纵横？,¹▽置顶`ȏ´正版发现,域名解析失败,,zongheng
🌕起点标签,正版,域名解析失败,,DragonQuestQBqq1
🍅大灰狼漫画4.0(独立版),"番茄漫画,失效,漫画,搜索正文失效",域名解析失败,,https://api.langge.cf/#漫画/
116文学,,异常状态,521,https://www.23meigui.com/
12xs 线路3,"合集,111",异常状态,525,https://www.12xs.com/##线路3
13.新笔趣阁,c,异常状态,503,http://www.xinbqg.com-4
13.新笔趣阁,c,异常状态,503,http://www.xinbqg.com-3
13.新笔趣阁,c,异常状态,503,http://www.xinbqg.com-1
168漫画网📱,,异常状态,503,http://www.168yxmh.com
177漫画2🌐,✨漫画,异常状态,503,http://www.177pic.pw
1、优书✳️新版 书评,7、发现; 发现规则语法错误,异常状态,503,http://img.yousuu.com:80
258漫画网-M,漫画,异常状态,503,http://m.shut123.com
258漫画网📱⛅,漫画,异常状态,503,http://m.bjeea.net
360小说,🏵️  小说,异常状态,503,http://www.360xiaos.com
360小说③,天域战歌整理,异常状态,503,http://m.tushu360.com
366小说网(快),神段【大乘级】（小说源）,异常状态,503,http://www.366xsw.net
369脱水吧,³۝天域整理,异常状态,503,http://www.369hi.com
36漫画网,漫画,异常状态,503,http://www.xazhpm.com
38看书,A类,异常状态,503,http://m.38kanshu.com
4399动漫💰,,异常状态,503,http://www.4399dmw.com
5200小说🎃,,异常状态,503,http://www.txt5200.cc#🎃
52书库1,,异常状态,500,https://www.52shukuw.cc
52格格党,"💭💭💭💭💭💭,搜索失效",异常状态,503,http://m.52ggd.com
52格格党🎃,,异常状态,503,http://www.9ggd.com#🎃
71漫画,漫画,异常状态,503,http://www.71pn.com
72漫画网⛅,,异常状态,503,http://www.72qier.com
8comic,漫画,异常状态,503,http://comicvip.com:88
91文学网🈲🔍,🈲7/14,异常状态,503,http://m2yearesci.www.91wwxx.cyou/
91格格党,"💭💭💭💭💭💭,搜索失效",异常状态,503,http://m.91ggd.com
97中文手机版,神段【大乘级】（小说源）,异常状态,503,http://wap.97wz.net
9库漫画,漫画,异常状态,503,http://www.9kum.com
ACOME,加载慢…,异常状态,503,http://www.hebao1.net
CC漫画12,💯【稳定】,异常状态,503,http://www.ccdm12.com
CC漫画8,漫画,异常状态,503,http://www.ccdm8.com
CC漫画[手机版],,异常状态,503,http://m.ccdm8.com
CC漫画网6,漫画,异常状态,503,http://www.ccdm6.com
LRY漫画🅰,🅰【json】,异常状态,503,http://api.pingcc.cn/?mhname=
QQ音乐,"👂👂👂👂👂👂,搜索失效",异常状态,503,http://ustbhuangyi.com
UU小说🎃#2,,异常状态,503,http://m.uuxsw8.com#🎃
YYLS漫画,7.8修正文; 失效,异常状态,503,http://8comic.se
ZERO搬运网,💰【付费不能看】,异常状态,503,http://www.zerobywtx.com
ZERO搬运网,💰【付费不能看】,异常状态,503,http://www.zerobywtxt.com
ZERO搬运网,💰【付费不能看】,异常状态,503,http://www.zerobywps8.com
ZERO搬运网,💰【付费不能看】,异常状态,503,http://www.zerobywgeat.com
ZERO搬运网,💰【付费不能看】,异常状态,503,http://www.zerobywblac.com
ZERO搬运网,】,异常状态,503,http://www.zerobywzio.com
ZERO搬运网,"】,发现失效,搜索失效",异常状态,503,http://www.zerobyw3ds.com
ZERO搬运网,"】,发现失效,搜索失效",异常状态,503,http://www.zerobywrevi.com
ZERO搬运网,"】,发现失效,搜索失效",异常状态,503,http://www.zerobywps5.com
ZERO搬运网2💰,,异常状态,503,http://tw.zerobywpor.com/
ZERO搬运网💰,,异常状态,503,http://www.zerobywpor.com
ZERO搬运网💰,,异常状态,503,http://www.zerobywswit.com
acgzc,正版小说 书源,异常状态,503,http://www.acgzc.com-8
a💯笔趣屋🅰APP💜💜💜#渊呀🔎,"API,21.0317渊呀,★,🎉 精品,🌸  常用,★🔎,☀️搜书/换源 A▪精品",异常状态,502,https://api.ywpxg.com#渊呀edit1
i尚漫,✨漫画,异常状态,503,http://3g.ishangman.com
md♛+NB'中文网✘ #破冰,已检验,异常状态,503,http://www.nbw.la/#pb1101
x知轩藏书♥下载链接♥.zxcs#玄奇21.0202,"﹅ ㊦ 下载,发现失效,搜索失效",异常状态,503,http://www.zxcs.me#玄奇21.0202
ztv,"发现失效,搜索失效",异常状态,503,www.ztv
ʚɞ 开阅小说 ʚɞ,ฅ  发现,异常状态,503,http://new.kyxsapp.com
●🎉 有兔阅读##3♥ 日更热门🍺🔱📡⚡️,"发现失效,发现,﹅ ♛ 精品,搜索失效",异常状态,503,http://app.youzibank.com##3
☯芙蓉小说网(m),💜未分组,异常状态,503,http://m.fryutong.com/
♛无锡图书馆API #关耳,"♛42,🍋🍋🍋🍋🍋🍋,搜索目录失效",异常状态,503,http://es.bookan.com.cn1#♤guaner
♛无锡图书馆API #关耳,"♛42,🍋🍋🍋🍋🍋🍋,搜索目录失效",异常状态,503,http://es.bookan.com.cn1#guaner
♜ ✎笔趣阁⑪⑦ #破冰,²♨笔-趣-阁❆,异常状态,503,http://www.xbiquke.com/#♤pb
♜ ✎笔趣阁⑫④ #破冰 m列表,"笔趣,发现失效,﹅ ♜ 优质,搜索失效",异常状态,503,http://www.biqu321.com/#♤pb
♜ 笔趣阁⑤ #一程,"【】👾笔趣阁,【🈵♥🈵💯】231123千组1,搜索失效",异常状态,523,https://m.biqooge.com#♤yc
♜ 笔趣阁⑤ #一程1101,"【】👾笔趣阁,【🈵♥🈵💯】231123千组4,搜索失效",异常状态,523,https://m.biqooge.com#yc1101
♜+5200小说网① #破冰,"﹅ ♜ 优质,搜索失效",异常状态,521,http://www.xiaoshuo.cc/#pb1101
♜+5200小说网① #破冰,"2,搜索失效",异常状态,521,http://www.xiaoshuo.cc/#♤pb
♜+全小说① #破冰1101,"发现失效,﹅ ♜ 优质,搜索失效",异常状态,503,http://quanxs.net/#pb1101
♜+八一中文② #破冰1101,"﹅ ♜ 优质,搜索失效",异常状态,521,https://www.81zw.net/#pb1101
♜+读一读③ #破冰1101,"【❌❌】搜索失-效,发现失效,搜索失效",异常状态,503,http://du11du.com/#pb1101
♜-爱书网 #破冰,"发现失效,﹅ ♜ 优质,搜索失效",异常状态,503,http://www.52kanshu.org/#♤pb
♜-笔趣ABC w #破冰 m列表,"发现失效,﹅ ♜ 优质,搜索失效",异常状态,503,http://www.biquabc.com/#♤pb
♜360小说网② #破冰1101,"发现失效,﹅ ♜ 优质,搜索失效",异常状态,503,http://www.tushu360.com/#pb1101
♜▪︎读一读 #一程1201,已检验,异常状态,503,http://du11du.com#yc1101
♜✎笔趣阁⑭②,"笔趣,发现失效,﹅ ♜ 优质,搜索失效",异常状态,503,http://www.xibige.com/#♤pb
♜书林文学 #破冰1101,"发现失效,﹅ ♜ 优质,搜索失效",异常状态,503,http://www.miz5.com/#pb1101
♜天天书吧 #破冰,,异常状态,503,http://www.ttshuba.net/#♤pb
♜天翼小说网 #破冰1101,"【❌❌】搜索失-效,搜索失效",异常状态,503,http://www.tyxsw.cc/#pb1101
♜第九源言情 #破冰,⁴☃晨光雨露᭄精品源,异常状态,400,https://www.dijiuyuan.com/#♤pb
♜第九源言情 #破冰1101,⁴☃晨光雨露᭄精品源,异常状态,504,https://www.dijiuyuan.com/#pb1101
♜给力文学④,"发现失效,﹅ ♜ 优质,搜索失效",异常状态,503,http://www.glwx.net/#pb1101
♝ ✎笔趣阁㉟ #破冰,"2,搜索失效",异常状态,521,https://www.zpxsw.com/#♤pb
♞一听小说 #破冰1101,"﹅ ♞ 普通,发现失效,搜索失效",异常状态,503,http://www.yitingxs.com/#pb1101
♞医雲中文 #破冰1101,"﹅ ♞ 普通,发现失效,搜索失效",异常状态,503,http://www.yiyunzw.com/#pb1101
♠ 八一中文④,破冰,异常状态,503,http://www.81zw.me/
♬ 小米听书 #破冰,听书,异常状态,530,https://mitingshu.com/#♤pb
♬ 小米听书 #破冰1025,听书,异常状态,530,https://mitingshu.com/#pb1025
⚡️116文学,🔮  优选,异常状态,503,http://m.116wx.com
✈ 香书小说,精品书源,异常状态,503,http://wap.xbiqugu.la/
✐  新吾爱网,☃ 自用,异常状态,503,http://wap.555b.org/
✐ 友绘漫画网-M #Haxc,漫画🎟️,异常状态,503,http://m.xzcstjx.com#♤Haxc
✐ 友绘漫画网-M #Haxc1107,漫画🎟️,异常状态,503,http://m.xzcstjx.com#Haxc1107
✨顶点小说,【小说1书源】,异常状态,503,http://www.456.lol##@尐哖
✾♜+梦远书城,需要登录,异常状态,520,https://www.mengyuanshucheng.com/#kd11
㊕✐ 羞羞漫画 #一程,漫画🎟️,异常状态,503,http://sinaappxx6.q236.cn/post/GetInfo#♤yc
㊝ NB中文网 ♜♜,⁴☃晨光雨露᭄精品源,异常状态,503,http://www.nbw.la/#1
㊝三海屋 ♜♜,,异常状态,503,http://www.sanhaiwu.com#渊呀81
㊣悸花乐读 #关耳,"2,发现正文失效",异常状态,502,http://api.lestory.cn#♤guaner
㊣汤圆创作 #破冰1101,"﹅ ㊣ 正版,发现失效,搜索失效",异常状态,503,http://www.itangyuan.com/#pb1101
一听小说,网页源,异常状态,503,http://www.yitingxs.com/
一漫网📱⛅,,异常状态,503,http://m.muyict.com
三好小说🙈#南笙21.0101,"发现失效,搜索失效",异常状态,503,http://m.sanhao1.com#南笙21.0101
三点书屋,"发现失效,搜索失效",异常状态,503,http://www.3shuwu.net
下书小说网🎃,,异常状态,503,http://www.frxsw.com#🎃
不可能的世界M🎃,⑤🛍︎  小说,异常状态,503,http://m.8kana.com#🎃
丫丫,,异常状态,503,http://m.yayad.com
乐乐小说leletxt,❤小说,异常状态,503,http://m.leletxt.com
乐文小说⑭,⁴☃晨光雨露᭄精品源,异常状态,521,http://www.lewen3.com
乐文小说网🎃,,异常状态,521,http://www.lwxs.net#🎃
九九书盟,"💭💭💭💭💭💭,搜索失效",异常状态,521,http://www.99shumeng.com
书旗小说网🎃,轩1,异常状态,521,http://www.shuqi.cc#🎃
书朋网,"发现失效,如月流光,▽置顶`ȏ´正版发现,搜索失效",异常状态,530,https://wap.txtle.com
书朋网,☣️senhora晋江,异常状态,530,https://wap.txtle.com.
书朋网,,异常状态,530,https://m.txtle.com.
书海小说,9月,异常状态,302,http://www.shuhai.com
书海小说🎃,,异常状态,302,http://www.shuhai.com#🎃
书趣阁,,异常状态,503,http://www.shqgxs.cn
书迷阁#玄奇21.0202,"发现失效,﹅ 通用书源▪︎玄奇,搜索失效",异常状态,503,http://www.eshu.cc#玄奇21.0202
云海电子图书馆🎃,,异常状态,503,http://www.pdfbook.cn#🎃
云漫画线路2📱💡,💡【提示】,异常状态,503,http://yunmanhua2.yueriji.com
亲亲小说qinqinxiaoshuo,,异常状态,444,https://www.qinqinxiaoshuo.cc
亲亲小说qinqinxs,,异常状态,444,https://www.qinqinxs.com
亲亲漫画,漫画,异常状态,503,http://api.acg.dg
今日漫画📱,,异常状态,503,http://m.todaymanhua.com
优·奇书网④™,👍 优质,异常状态,503,http://www.qishus.com
优书,"💭💭💭💭💭💭,搜索失效",异常状态,503,http://www.yousuu.com:80
优书网,天域战歌整理,异常状态,503,http://www.duiguoguo.com
何以笙箫默🎃#2,,异常状态,503,http://m.yetianlian.org#🎃
你的笔趣阁,"全部来自论坛,搜索失效",异常状态,500,https://yourbiquge.com/
倾城漫画,"漫画,发现目录失效,搜索目录失效",异常状态,503,http://www.thyysj.com
催漫漫画,"漫画,发现目录失效,搜索目录失效",异常状态,503,http://www.cuiman.com
僵尸王漫画,漫画,异常状态,503,http://www.jsw8.net
免费小说,,异常状态,503,http://api.motie.com
免费搜书[api],🏖️免费+,异常状态,503,http://soushu.starsjoy.com/
兔兔府,,异常状态,503,http://www.tutufu.com
兔兔府📱,,异常状态,503,http://m.tutufu.com
全本小说,👍 备用,异常状态,520,https://www.qbxsw.com/#xsw8093
全本小说网 qbxsw.com,校验,异常状态,520,https://www.qbxsw.com
全本小说网🎃,,异常状态,520,https://m.qbxsw.com#🎃
八一中文,男频,异常状态,503,http://m.zwdu.app
八一小说,-------,异常状态,503,http://www.zwduxs.com#grid tr!0已整理
八区小说,小说 书源,异常状态,503,http://www.hotrydersffmc.com
六漫画📱,,异常状态,503,http://m.6mh7.com
冉冉散热,自查,异常状态,503,http://m.rr3r.com
刷漫画[手机]  {缺发现},发现读不了; 发现规则语法错误; 失效,异常状态,503,http://m.shuamanhua.com
医雲中文,网页源,异常状态,503,http://www.yiyunzw.com/
十三妹,"影视,发现失效,搜索失效",异常状态,503,http://www.13mei5.buzz:8080/
博仕书屋🎃,,异常状态,503,http://m.boshisw.com#🎃
博听网,有声; 发现,异常状态,503,http://www.boting.co
去读读小说网🎃,,异常状态,521,http://www.qududu.com#🎃
受漫画-M,漫画,异常状态,503,http://m.shoumanhua.com
受漫画📱⛅,⛅【晴天】; 💯【稳定】,异常状态,503,http://m.shoumh.com
古典文学网,³۝天域整理,异常状态,503,http://www.cngdwx.com
吧书荒慌🎃,,异常状态,503,http://m.shuhuanghuang.com#🎃
听中国,有声发现,异常状态,444,http://www.tingchina.com#
听书阁,阅读3.0有声源; 发现,异常状态,503,http://www.itingshuge.com/
吾爱中文,💠 其他,异常状态,503,http://waehrqui.fun
周读,下载; 发现,异常状态,503,http://www.ireadweek.com
咔米漫画,,异常状态,503,http://dm0115.zishupai.cn
哈哈漫画,漫画,异常状态,503,http://www.hahamh.net
哎呦文学🎃,,异常状态,521,https://www.auwxw.com#🎃
哦漫画,,异常状态,503,http://www.omanhua.cc
唐门免费看书🎃,,异常状态,502,https://zbwq.wmg.weimeigu.net/app/index.php?i=16414&c=entry&do=index&m=iweite_xiaoshuo#🎃
唔缺小说,综合,异常状态,503,http://www.quexs.com#
国漫acgg₂🅰,,异常状态,503,http://api.comicq.oacg.cn
图书世界,S_Lin,异常状态,503,http://losqo2.9ap7f7xm9.xy930m.sbs/
图书世界,自写0625,异常状态,503,http://0cungs6uh7.22o5y90q5g.205639.xyz
多书包网,天域战歌,异常状态,503,http://www.duoshubaowang.com
夜伴书屋🎃,,异常状态,503,http://www.ybsws.com#🎃
夜天连看,小说 书源,异常状态,503,http://www.yetianlian.org/
夜天连看（优）,小说 书源,异常状态,503,http://www.yetianlian.com
夜色小说🈲🔍🌄,🈲7/14,异常状态,503,http://8wjcyazxw7.www.yeseshuge.xyz/
大木漫画📱⛅,💯【稳定】; ⛅【晴天】,异常状态,503,http://m.damumh.com
天域小说,小说 书源,异常状态,503,http://www.tycqzw.net
天堂深圳,,异常状态,521,http://tiantangxiangzuoshenzhenwangyou.qwyd.net
天天中文网②,"【❌❌】搜索失-效,搜索失效",异常状态,503,http://www.ttzw.com
天天中文网③,"【❌❌】搜索失-效,搜索失效",异常状态,503,http://www.ttzw.com#wy18-1001
天涯知识（优+）,小说 书源,异常状态,502,http://3g.sbkk8.com#
天涯知识🎃,小说,异常状态,502,http://book.sbkk8.com#🎃
天籁小说🎃,,异常状态,521,http://wap.hsjsby.com#🎃
天籁小说🎃#2,,异常状态,521,https://wap.hsjsby.com#🎃
奇书小说网,"【❌❌】搜索失-效,搜索失效",异常状态,503,http://www.epaocai.com
奇快中文,小说 书源,异常状态,530,http://www.qikuaizw.com
奇快中文,小说 书源,异常状态,530,http://m.qikuaizw.com/
奇漫屋₂-M,漫画,异常状态,503,http://m.6manhua6.com
妙笔文学,【小说1书源】,异常状态,503,http://m.birrnet.com
安之原创,正版,异常状态,503,http://www.azycjd.com-6
安之原创,-------,异常状态,503,http://www.azycjd.com-2
安之原创,-------,异常状态,503,http://www.azycjd.com-3
安之原创,-------,异常状态,503,http://www.azycjd.com-8
安之原创,-------,异常状态,503,http://www.azycjd.com-a
安之原创,-------,异常状态,503,http://www.azycjd.com-7
宝来小说网🎃,,异常状态,503,http://m.baolaixsw.com#🎃
实验小说,"-------,0206⭐",异常状态,503,https://m.shankeruisi.com
小强小说网,发现; 搜索; 18X,异常状态,503,http://m.123xiaoqiang.in
小白漫画📱💰,规则,异常状态,503,http://m.xbxem.cn
小说吧,"💭💭💭💭💭💭,搜索失效",异常状态,503,http://m.xiaos8.com
小说呀丫🎃,,异常状态,503,http://www.xshuyaya.cc#🎃
小说居🎃,,异常状态,503,http://m.xiaoshuoju.com#🎃
小说屋🎃,,异常状态,503,http://m.xiaoshuoge.org#🎃
小说线路,小说 书源,异常状态,525,https://www.12xs.com/##线路1
小说线路,小说 书源,异常状态,525,https://www.12xs.com/
小说线路,小说 书源,异常状态,525,https://www.12xs.com/##线路2
小说线路,小说 书源,异常状态,525,https://www.12xs.com/##线路4
小说阅读,"已检测,校验超时",异常状态,503,http://mds.kkyd.cn
小说阅读网,,异常状态,503,http://www.xs.com.cn-0606.n.121xs.xyz
山很文学◎GEd520◎,写源,异常状态,503,http://www.shaihengce.com/
山村风狂,②一般; 发现,异常状态,503,http://www.shancunfengkuang.com
布咕阅读,,异常状态,503,http://www.bgwxc.com
布咕阅读,,异常状态,503,http://www.bgwxc.com##
布咕阅读🎃,轩1,异常状态,503,http://www.bgwxc.com#🎃
帝书阁,优选书源by沐云风,异常状态,503,http://m.xdishuge.net
幅书吧,"❀耽女︎ºั轻言,发现失效,如月流光,搜索失效",异常状态,503,http://www.fushubbw.com
开阅小说,¹▽置顶`ȏ´正版发现,异常状态,503,http://api.kyxsapp.com
开阅小说app #渊呀3.17,"API,21.0317渊呀,★,🎉 精品,🌸  常用,☀️搜书/换源 A▪精品",异常状态,503,http://new.kyxsapp.com#渊呀3.17
微博动漫💰,,异常状态,503,http://apiwap.vcomic.com
微曲小说,小说 书源,异常状态,503,http://www.acgzc.com-7
恶魔六点,"论坛,失效",异常状态,503,http://7.emoyiyi.com
悅書閣🎃,小说,异常状态,503,http://tenaciouskny.net#🎃
悟空追书,②一般; 发现,异常状态,503,http://m.kong.mg.92fangzhan.net
悸花阅读,正版小说 书源,异常状态,502,http://api.lestory.cn#关耳edit
憨憨的漫画-M,漫画,异常状态,503,http://m.hanhande.net
憨憨的漫画-M,"漫画,发现失效,搜索失效",异常状态,503,http://m.hhdmh.net
懒人小说🎃,,异常状态,503,http://m.lazytxt.shop:8081#🎃
我乐书城,小说,异常状态,503,http://www.koushuishu.me
拂袖,,异常状态,503,http://open.zzzapp.cn
拂袖小说,小说 书源,异常状态,503,http://open.zzzapp.cn#🎃
拂袖渊呀,小说 书源,异常状态,503,http://open.zzzapp.cn#♤yuan
拂袖渊呀,小说 书源,异常状态,503,http://open.zzzapp.cn#yuan1107
拉式漫画（优）,念心 || 漫画,异常状态,503,http://www.gufengmh.com
拍别小说,小说 书源,异常状态,503,http://www.acgzc.com-6
换源神器修复,,异常状态,503,http://api.xmtcpz.com
掌上阅读,天域战歌整理,异常状态,503,http://www.52zsyd.com
搜书小说（优）,小说 书源,异常状态,521,http://www.soshu8.com
搜狗书库,网页源,异常状态,503,http://www.sogouso.com/
摸鱼小说,"发现规则为空,破冰&一程0902",异常状态,530,https://sj.downbook.cc
文本豪居网,,异常状态,503,http://www.qingaiw.com
文桑小说,小说 书源,异常状态,503,http://www.wlwx.la#🎃
斗罗大陆网,💜未分组,异常状态,503,http://m.553wx.com
新墨坛文学🎃,,异常状态,503,http://www.motanwx.com#🎃
新笔中文,小说 书源,异常状态,503,http://wap.xbiquzw.com
新笔趣阁,S_Lin,异常状态,525,https://www.qidianxin.com/
新笔趣阁,🎃常规,异常状态,503,http://www.xbiquge.laa
新笔趣阁,,异常状态,503,http://m.xbiqugea.com/
新笔趣阁🎃,,异常状态,503,http://www.3y3.org#🎃
新随梦小说网~xsuimeng.com,"发现,发现失效,搜索失效",异常状态,503,http://xsuimeng.com
新顶点网,小说 书源,异常状态,521,http://www.ttwx.net
无忧小说,小说 书源,异常状态,503,http://www.5ubook.net#🎃
无忧小说（优）,小说 书源,异常状态,503,http://www.5ubook.net/
无锡图书,小说 书源,异常状态,503,http://es.bookan.com.cn1
无限小说🎃,,异常状态,503,http://www.phj.cc#🎃
无限电子书🎃,小说,异常状态,301,https://www.wxdzs.net#🎃
日升小说,小说 书源,异常状态,503,http://www.acgzc.com-9
时阅文学🎃,,异常状态,503,http://m.timeread.com#🎃
易读网,神段【大乘级】（小说源）,异常状态,503,http://www.yidudu1.net
晚安小说,网页源,异常状态,503,http://www.wananxs.com/
晚安小说网🎃,,异常状态,503,http://www.15guang.com#🎃
有兔 APP #渊呀,"发现失效,搜索失效",异常状态,503,http://app.youzibank.com#yuan1107
有兔·女生💯,,异常状态,503,http://app.youzibank.com/nvsheng
柒六八文学网,,异常状态,526,https://www.778668.com
标题逗比,小说 书源,异常状态,503,http://www.acgzc.com-a
梦幻小说,小说 书源,异常状态,503,http://www.pan5.net*
梦远书城,①快; 发现,异常状态,520,http://www.mengyuanshucheng.com
棋子小说🎃,,异常状态,503,http://www.acgzc.com#🎃
橙子免费小说,"API,21.0317渊呀,★,🎉 精品,🌸  常用,☀️搜书/换源 A▪精品",异常状态,503,http://api.smaoxs.com
欧尼小说,20250428,异常状态,503,http://m.uuxsw8.com
欧诺小说,小说 书源,异常状态,503,http://www.acgzc.com-2
歪歪书库,,异常状态,521,http://www.yysk.net
歪歪小说网,②一般; 发现,异常状态,503,http://www.zhendongliang.com
残月小说网,②一般; 发现,异常状态,502,http://x.23yue.cn
残月小说网,CM普通,异常状态,502,http://xs.23yue.cn
水照茶浓（下载）,小说 书源,异常状态,503,http://www.12z.cn/index.html
求小说网,小说 书源,异常状态,503,http://www.qiuxiaoshuo.org-By Dark
汤圆创作#玄奇21.0202,"发现失效,搜索失效",异常状态,503,http://m.itangyuan.com#玄奇21.0202
浅茝书院,"【🌸自用女频源】,优选女频",异常状态,503,http://www.adsward.net
深夜书屋,"全部来自论坛,搜索失效",异常状态,503,http://www.xbjp.com
源坛坛-笔趣阁⑤,全部来自论坛,异常状态,503,http://www.biqu.ge
源社区出品-哎呦文学,,异常状态,521,https://www.auwxw.com
漫画全集 🅰💰,漫画,异常状态,503,http://manhua.qiyunet.top:28000
漫画多📱⛅,,异常状态,503,http://m.manhuaduo.cn
漫画居,,异常状态,503,http://m.manhuaju.com
漫画搜,发现规则语法错误,异常状态,503,http://ac.zxh.la
漫画搜🅰,🅰【json】,异常状态,503,http://mh.zxh.la
漫畫迷🌐💡,💡【提示】,异常状态,503,http://www.150mov.com
火山小说,,异常状态,503,http://www.hsxs.cc
灰小说网,³۝天域整理,异常状态,503,http://m.huixsw.com
灵域小说,男频,异常状态,503,http://m.lingyutxt.com
点拉漫画（韩国漫画）,失效,异常状态,503,http://www.266687.com
燃文小说,网页源,异常状态,521,https://www.jjshu.com/
燃文小说网wanwen,❤小说,异常状态,503,http://m.ranwen.me
爱下书,,异常状态,503,http://wap.aixiashu.info
爱听俗语,有声,异常状态,500,app.365ting.com
爱奇电子书,综合,异常状态,503,http://m.i7txt.cc
爱尚小说🎃,,异常状态,503,http://www.aslwx.com#🎃
爱尚文学网,💭💭💭💭💭💭,异常状态,503,http://www.958250.com/
爱漫画w📱,"漫画,发现失效,搜索失效",异常状态,503,http://imanhuaw.com
爱漫画网📱,,异常状态,503,http://m.33am.cn
爱看漫画网💡,,异常状态,503,http://www.ikmanhua.net
爱阅小说[hy],,异常状态,503,http://www.hybooks.cn/
狂雨小说,🏵️  小说,异常状态,503,http://s7670128.uwkcroa.cn
猫念小说,天域战歌整理,异常状态,503,http://x.maojj.cc
猫猫小说🎃,,异常状态,502,https://m.mmxsw.cc#🎃
猫眼看书,-------,异常状态,503,http://download.maoyankanshu.la##自用
猴子小说网,,异常状态,521,https://www.hzxsw.com##细雨尘寰
玫瑰小说.steczx,,异常状态,503,http://m.steczx.com
甜梦文库,1、优;6、特殊,异常状态,503,http://www.tianmengsk.com
白蓝紫,CM精品,异常状态,503,http://www.bailanzi.com
皑辛文学,天域战歌,异常状态,503,http://m.ixkczb.com
看书吧kanshuba,❤小说,异常状态,521,http://m.kanshuba.org
看全本🎃,,异常状态,503,http://www.kanquanben.org#🎃
知轩,"发现失效,搜索失效",异常状态,503,www.zxcs
神仙书阁🎃,,异常状态,503,http://www.shenxianfaka.top#🎃
神仙肉小小说,禁,异常状态,503,http://www.ltxxs.com
神藏小说,小说 书源,异常状态,503,http://www.swangwx.info/
神马笔趣阁,,异常状态,503,http://www.smbiquge.com
秀十八漫画📱,💯【稳定】,异常状态,503,http://mip.xiu18.cn
秀漫画🌐❗,"3.9正文修复
例子：
关键词：斗罗大陆
查找：斗罗大陆     斗罗大陆3
{部分漫画漏斗}",异常状态,503,http://www.xiudm.com
移动阅读m,9月,异常状态,503,http://m.ndlib.com
章鱼小说🎃,,异常状态,503,http://www.z1xs.com#🎃
笔书阁,阁子,异常状态,503,http://www.969193.com
笔书阁子（优）,💠 综合,异常状态,503,http://m.dushuapp.net/
笔仙阁,"资源,出版",异常状态,503,http://www.bixiange.me
笔仙阁子🎃,,异常状态,503,http://www.236316.com#🎃
笔趣看,天域战歌整理,异常状态,503,http://m.0376h.com
笔趣网吧,小说 书源,异常状态,503,http://www.biquw.com#嘚嘚21.0201
笔趣阁,,异常状态,444,http://www.xsbiquge.co
笔趣阁,,异常状态,503,http://www.yjcat.com#
笔趣阁,,异常状态,503,http://www.shfljx.com
笔趣阁,小说 书源,异常状态,523,https://www.890h.com/
笔趣阁,"笔趣,搜索失效",异常状态,503,http://m.szfkx.com/#pb1101
笔趣阁#12,"💭💭💭💭💭💭,搜索失效",异常状态,503,http://m.1kzw.com/
笔趣阁138,念心 || 小说,异常状态,503,http://www.xiybook.com
笔趣阁88yuedu,🎄常用,异常状态,503,http://88yuedu.com
笔趣阁91,念心 || 小说,异常状态,503,http://www.limkokwingchina.com
笔趣阁[biban],🏖️免费,异常状态,503,http://www.biquban.com
笔趣阁biqooge,❤小说,异常状态,523,https://m.biqooge.com
笔趣阁bqww.net,,异常状态,503,http://www.bqww.net
笔趣阁③,9月,异常状态,504,http://www.boquku.com
笔趣阁㉓,💦 精品,异常状态,503,http://h5.duduxiaoshuo.top/
笔趣阁网🎃,📃论坛,异常状态,503,http://www.yjcat.com#🎃
笔趣阁🎃#14,,异常状态,503,http://www.xiybook.com#🎃
笔趣阁🎃#25,,异常状态,503,http://www.xinbqg.org#🎃
笔趣阁🎃#37,,异常状态,503,http://www.downcg.cc#🎃
笔趣阁🎃#63,,异常状态,444,http://www.5688w.com#🎃
笔趣阁🎃27,,异常状态,503,http://www.biqu.ge#🎃
笔趣阁🎃30,,异常状态,444,http://www.xsbiquge.co#🎃
第一版主,至臻【大乘级】（小说源）,异常状态,503,http://www.dybz9.pw
第一版主,禁,异常状态,503,http://www.diyibanzhu3.xyz
第一版主③,,异常状态,503,http://www.diyibanzhu3.in/
第一版主⑨,³۝天域整理,异常状态,503,http://www.tzkxs777.com
第一版主🎃#3,,异常状态,503,http://hdyp.net#🎃
第三小说网[笔趣模板][🈚发现],★酷安所求,异常状态,456,https://www.d3xsw.com/
第六书包,⁹ಥ刘备入川〽️,异常状态,503,http://m.e7006.net
精品小说,,异常状态,416,http://m.jingp.com#🎃
纵横中文,正版小说 书源,异常状态,500,https://www.zongheng.com/##zhbyjm7783
纵横中文,正版小说 书源,异常状态,500,https://m.zongheng.com/
纵横中文,2,异常状态,500,http://www.zongheng.com
纵横中文网,,异常状态,500,https://www.zongheng.com
纵横中文网,,异常状态,500,https://www.zongheng.com#🎃
绑定小说,,异常状态,503,http://m.popo.cc
网飞猫,全部来自论坛,异常状态,850,https://www.ncat1.app/
老笔斋,B级; 轻小说; 发现,异常状态,503,http://www.laobizhai.net
联通沃阅读,wenmoux,异常状态,503,iread.wo.com.cn
聚小说,📙大众书,异常状态,503,http://www.juxiaoshuo.net
腐书小说,"小说,念无",异常状态,503,http://www.fushuwang.co
腐小说,18,异常状态,503,http://m.fuxs.org
腐小说🎃#2,"6666666666666666,颜色",异常状态,503,http://www.fxsw.top#🎃
色图🌇,柳树🌇图片,异常状态,503,http://slspaq8t23.www.seshusetu.cfd
艾草小说,小说 书源,异常状态,503,http://www.acgzc.com-4
芙蓉小说,🏵️  小说,异常状态,503,http://www.fryutong.com
若雨中文🎃,,异常状态,503,http://www.3yt.la#🎃
苦瓜文学网,🎉 精品,异常状态,503,http://www.kgwxw.com/
菠萝动漫❕🇰🇷,韩漫,异常状态,503,http://www.boluodm.com
薪胆小说,小说 书源,异常状态,503,http://www.acgzc.com-1
虎虎漫画,漫画,异常状态,503,http://www.huhumh.com
蚂蚁看书🎃,,异常状态,500,http://www.mayiks.com#🎃
血莲书阁,🏵️  小说,异常状态,503,http://book.xuelg.com
衍墨轩吧,小说 书源,异常状态,503,http://www.yanmoxuan.net
衍墨轩吧（优）,小说 书源,异常状态,503,http://www.ymoxuan.com
衍墨轩子,小说 书源,异常状态,503,http://www.ymoxuan.com-3
衍墨轩子,小说 书源,异常状态,503,http://www.ymoxuan.com-4
衍墨轩子,小说 书源,异常状态,503,http://www.ymoxuan.com-7
衍墨轩子,小说 书源,异常状态,503,http://www.ymoxuan.com-a
衍墨轩子,小说 书源,异常状态,503,http://www.ymoxuan.com-6
衍墨轩子,小说 书源,异常状态,503,http://www.ymoxuan.com-2
衍墨轩子,小说 书源,异常状态,503,http://www.ymoxuan.com-9
言情中文,小说 书源,异常状态,530,https://m.nsxsw.net
言情中文,小说 书源,异常状态,530,https://m.nsxsw.net#🎃
言情中文🎃,,异常状态,530,https://m.nsxs5.net#🎃
读一读,"💭💭💭💭💭💭,搜索失效",异常状态,503,http://duyidu.net-By Dark
读零零小说🎃,,异常状态,444,http://www.du00.co#🎃
课外书大全,"发现失效,搜索失效",异常状态,503,http://www.new-8.com
豆腐阅读,正版小说 书源,异常状态,503,http://api.doufu.me/
豌豆文学🎃,,异常状态,503,http://www.wandouwx.com#🎃
豪横文学,⁹ಥ刘备入川〽️,异常状态,503,http://m.haohengwx.ne
貓爪漫画💰❗,,异常状态,503,http://cartoon-novel.jishusaice.cn
贝切阁,"💭💭💭💭💭💭,搜索失效",异常状态,503,http://www.beqege.cc
贝切阁,"💭💭💭💭💭💭,搜索失效",异常状态,503,http://www.beqege.cc#乃星
超速漫画⛅,漫画,异常状态,503,http://www.super-d.com
趣看小说,"发现失效,搜索失效",异常状态,503,http://www.qk-tv.com
辰文网,自用，发现,异常状态,503,http://www.cckj.design
追书啦,,异常状态,521,https://b.zhuishua.cc/
追书神器jjxsw,❤小说,异常状态,503,http://www.jjxsw.net
追书神器💯,"﹅ ♛ 精品,发现失效,搜索正文失效",异常状态,503,http://www.zhuishushenqi1.com
追书网zhuishu.cc,,异常状态,521,http://www.zhuishu.cc/
逆天邪神[93x],🏖️免费+,异常状态,416,https://www.93xscc.com/
选书小说,,异常状态,503,http://www.xuanshu.org#🎃
造化图小说网,综合,异常状态,521,https://z.zaohuatu.org
酷库小说,-------,异常状态,444,http://www.kbkxs.net
酷文小说,网页源,异常状态,503,http://www.kuwenxs.com/
酷虎小说网,"💭💭💭💭💭💭,搜索失效",异常状态,503,http://www.kuhu168.com
酷读文学,新+,异常状态,503,http://door.kuduwxw.com
醋小说网,,异常状态,503,http://www.uu234.net/
阅读论坛,CM普通,异常状态,503,http://www.fgyuedu.cn
陶瓷小说,小说 书源,异常状态,503,http://www.uuxsw8.net
随梦小说(快),神段【大乘级】（小说源）,异常状态,503,http://www.ceriah.com
零点小书屋🎃,,异常状态,444,http://www.ldxsw.co#🎃
零点小说,CM名著,异常状态,503,http://www.ypook.com
零点小说ypook.com,A级; 发现,异常状态,503,http://m.ypook.com
零点看书rhmm18,❤小说,异常状态,503,http://www.rhmm18.com
零点看书sinuoteguolv,❤小说,异常状态,503,http://www.sinuoteguolv.com
零点看书吧,,异常状态,503,http://m.0dkanshu.com
青豆小说,天域战歌整理,异常状态,503,http://www.qingdou5.com
韩漫漫画🇰🇷,漫画,异常状态,503,http://www.vipshow.cc
顶点中文,小说 书源,异常状态,503,http://wap.dingdiansk.com/
顶点小说🎃#5,,异常状态,503,http://www.jianlai.cc#🎃
飞飞漫画,漫画,异常状态,444,http://www.ffmanhua.com
飞飞漫画,漫画,异常状态,503,http://www.ffmhua.com
香网小说,小说 书源,异常状态,503,http://www.xiang5.com-8
香网小说,小说 书源,异常状态,503,http://www.xiang5.com-6
鬼吹灯,,异常状态,503,http://m.cxbz.org
魔蝎小说🎃,,异常状态,503,http://m.moxiexs.com#🎃
鸟书网吧🎃,,异常状态,503,http://wap.99xs.info#🎃
麦田小说,🏵️  小说,异常状态,503,http://www.mtxs.me
黄瓜电影mm56.cc,"发现失效,搜索失效",异常状态,301,http://www.mm56.cc
黑鼠吧,漫画,异常状态,503,http://www.heishuba.com
龙腾小说网,"发现失效,搜索失效",异常状态,503,http://www.ltxs666.com
️达文小说🎃,,异常状态,503,http://wap.dawensk.com#🎃
🌐 奇书网页,优选书源by沐云风,异常状态,503,http://www.xqishuta.net/
🌟 八叉书库,收集出处：源论坛 4月29号,异常状态,503,http://8xbook.org
🌸 五八小说,🌸 女频,异常状态,503,http://www.58xs.tw-By Dark
🌸 小小说,🌸常用,异常状态,503,http://www.xsese.com
🌸 小说笔趣,精选,异常状态,503,http://www.xwbiquge.cc
🌸 晨曦小说[仅发现],🌸常用,异常状态,503,http://m.chenxixiaoshuo.net
🌸 给力文学④,🌸常用,异常状态,503,http://www.glwx.net
🌸 追书网②,🌸常用,异常状态,521,https://www.mgxs.net
🌸天天中文,"﹅ ✾ 言耽,搜索失效",异常状态,503,http://www.ttzw.com#关耳
🌸梦远书城,②🌸  常用,异常状态,520,https://m.mengyuanshucheng.com
🌸青羽阅读,"🔍校验组0218,📙大众书",异常状态,503,http://api.kuduwxw.com/##@遇知
🌼 当书网™ ♛♛♚,,异常状态,530,https://downbook.cc#乃星md912
🍁笔趣阁⑫④,🍁 笔趣 🍁,异常状态,503,http://www.biqu321.com/
🍁笔趣阁⑬⑦,🍁 笔趣 🍁,异常状态,503,http://biqugw.com/
🍁笔趣阁⑭,🍁 笔趣 🍁,异常状态,503,http://www.biquge66.com/
🍁笔趣阁⑭③,🍁 笔趣 🍁,异常状态,503,http://www.x27gu.com/
🍁笔趣阁⑭⑦,🍁 笔趣 🍁,异常状态,503,http://www.biquexs.com/
🍁笔趣阁⑭⑧,🍁 笔趣 🍁,异常状态,503,http://www.biqugev.com/
🍁笔趣阁⑮⑦,🍁 笔趣 🍁,异常状态,503,http://www.xbqg.buzz/
🍁笔趣阁⑯⑦,🍁 笔趣 🍁,异常状态,503,http://www.biquok.com/
🍁笔趣阁⑰④,🍁 笔趣 🍁,异常状态,503,http://www.biqugla.com/
🍁风云小说,"优质源👍,🏵️  小说",异常状态,503,http://wap.fyxsw.cc
🍊 玉石书楼,"🍊 女频,搜索失效",异常状态,503,http://m3.xy776.cn/app/index.php?i=897&c=entry&do=my_shouji&op=shouye&m=iweite_xiaoshuo&wxref=mp.weixin.qq.com
🍊 玉石书楼,"🍊 女频,搜索失效",异常状态,503,http://m3.xy776.cn/
🍊 鲤鱼乡②,"💊无搜,🍊女频",异常状态,503,http://www.liyuxiangbl.com
🍊蚂蚁看书[自写],,异常状态,500,http://www.mayiks.com/
🍑 BL文网[仅发现],,异常状态,503,http://m.wenkuw99.com
🍒 言情小小说,🍒言情,异常状态,503,http://m.yqxxs.net
🍺 千帆小说,🍺特优,异常状态,503,http://www.qf-xs.com
🍺 笔趣看④,🍺特优,异常状态,503,http://www.biqukan8.com
🍺 铅笔文学,🍺 特优,异常状态,503,http://www.lbbin.com
🎃83小说网🎃,,异常状态,521,http://www.83xs.com#🎃
🎃SHF笔趣阁🎃,,异常状态,503,http://m.shfljx.com#🎃
🎃去读读🎃#2,,异常状态,503,http://m.qudvdu.com#🎃
🎃爪机书屋🎃,,异常状态,444,https://zjsw.org#🎃
🎃爱看书吧🎃#2,,异常状态,444,http://www.aidushu8.com#🎃
🎃笔趣阁🎃#52,,异常状态,502,http://www.biquy.com#🎃
🎃第三小说网🎃,,异常状态,456,https://www.d3xsw.com#🎃
🎃精品书屋🎃,,异常状态,525,https://www.jingpinshuwu.top#🎃
🎃逼事阁🎃,,异常状态,444,http://m.youdian5.com#🎃
🎉 18小说②,,异常状态,503,http://www.18xsw.net
🎉 360小说网,🎉精品,异常状态,503,http://xs.360xiaos.com
🎉 92读书,🎉精品,异常状态,503,http://www.92dus.com
🎉 AS16ME[仅发现],,异常状态,503,http://www.as16.me
🎉 七真中文,,异常状态,503,http://www.7zzw.net
🎉 乐乐爱,🎉精品,异常状态,503,http://m.lelelove.com
🎉 九桃小说网™,🎉 精选 🎉,异常状态,503,http://www.9txs.com
🎉 书库网,🎉 精选,异常状态,521,http://m.shuku123.com/
🎉 五一小说网[仅发现],🎉精品,异常状态,503,http://www.11111s.info
🎉 伊看书苑[仅发现],🎉精品,异常状态,503,http://www.1ksy.com
🎉 优·爱书网,🎉 精选,异常状态,503,http://www.shu222.net
🎉 冰地中文bingdizw,🎉精品,异常状态,503,http://m.bingdizw.com
🎉 千家文[仅发现],🎉 精选 🎉,异常状态,503,http://www.qianjiawen.net
🎉 卡趣小说,🎉 精品,异常状态,503,http://bk.wjl58.club:2
🎉 四合读书[仅发现],,异常状态,503,http://www.siheds.com
🎉 手打小说网,【小说2书源】,异常状态,503,http://m.sdxsw.cc
🎉 换源神器[仅发现],🎉精品,异常状态,503,http://info.chnsmoker.com
🎉 溜书网[仅发现],,异常状态,503,http://www.jsls1.com
🎉 看了又看小说网,🎉精品,异常状态,530,http://m.k6yk.com
🎉 笔搜阁,🎉精品,异常状态,503,http://www.bisoge.com
🎉 笔趣阁㉘,,异常状态,521,https://www.tingshuge.com
🎉 酷书网xtxtrar[仅发现],🎉精品,异常状态,503,http://m.xtxtrar.com
🎉 顶点小说321,🎉精品,异常状态,503,http://m.321xsw.com
🎉 龙腾5200,🎉精品,异常状态,503,http://www.longteng52.com
🎉17小说网①,,异常状态,503,https://www.17kxsw.com/
🎉36小说网①,,异常状态,503,http://www.360xs.cc/
🎉58小说③①,,异常状态,521,http://xs.5800.cc/
🎉NB中文网#嘚嘚21.0201,已检验,异常状态,503,http://www.nbw.la#嘚嘚21.0201
🎉uc小说网①,,异常状态,503,http://www.ucxiaoshuo.cc/
🎉七猫小说①,,异常状态,503,http://www.tuofa.org/
🎉书朋网②,"🎉 男频精选 🎉,⌛️ 全局搜书 ⌛️,®️ 搜书男频 ®️",异常状态,530,https://www.txtle.com/
🎉书楼小说网,🎉 精选 🎉,异常状态,503,http://m.luduzww.com/
🎉书阅小说网,🎉 精选 🎉,异常状态,503,http://www.shuyue.la/
🎉免费小说之王#嘚嘚21.0201,搜索失效,异常状态,503,http://reader.browser.miui#嘚嘚21.0201
🎉八一中文⑭,🎉 精选 🎉,异常状态,503,http://www.81dux.com/
🎉叶非夜小说,🎉 精选 🎉,异常状态,503,http://www.yefeiyexsw.com/
🎉墨鱼小说网,"🏵️  小说,🎉 精选 🎉",异常状态,503,http://www.moyks.com/
🎉小说CMS,⁴☃晨光雨露᭄精品源,异常状态,503,http://book.xiaoshuocms.com/
🎉小说书网①,,异常状态,503,https://www.xiaoshuoshu.org/
🎉小说追书①,,异常状态,503,http://www.xszsw.com/
🎉开阅▪︎API💜💜💜🔎,,异常状态,503,http://api.kyxsapp.com#渊呀827
🎉格格党①①,,异常状态,521,https://www.lwxs99.com/
🎉泡书读,🎉 精选 🎉,异常状态,503,http://www.paoshudu.com/
🎉燃文小说,-------,异常状态,503,http://www.ranwenxiaoshuo.com/
🎉爱书阁小说,,异常状态,503,http://www.aizijc.com/
🎉看看小说,"🎉 精选 🎉,失效",异常状态,503,http://www.kk-xs.com/
🎉笔趣家小说,,异常状态,503,http://www.biqujia.cc/
🎉笔趣库④①,,异常状态,503,http://www.biquk.org/
🎉笔趣趣②①,,异常状态,503,http://www.biququ.info/
🎉请看书②①,,异常状态,521,http://www.qingkanshu.com/
🎉顶点中文①,,异常状态,503,http://www.btwenhao.com/
🎉顶点小说㉟,小说,异常状态,503,http://www.23uu.net/
🎊小刀阅读# 筆趣閣,"🍋🍋🍋🍋🍋🍋,🎊21,搜索失效",异常状态,503,http://www.xibige.com
🎊榕树下小说,优质源👍,异常状态,503,http://m.rongshus.com/
🎨 CC漫画,🎨 漫画,异常状态,503,http://m.ccdm16.com
🎨 CC漫画①,[漫画源],异常状态,503,http://m.ccdm5.com
🎨 CC漫画网,🎨漫画,异常状态,503,http://www.ccdm5.com
🎨 ZERO搬运网,🎨漫画,异常状态,503,http://www.wyborez.com
🎨 i尚漫,🎨漫画,异常状态,503,http://search.ishangman.com
🎨 一拳漫画,🎨漫画,异常状态,444,http://www.1manhua.net
🎨 一耽漫画,"⑹🎨  漫画,③🚫  禁验",异常状态,530,https://yidan.in
🎨 友绘漫画,🎨 漫画,异常状态,503,http://m.xzcstjx.com
🎨 友绘漫画,🎨 漫画,异常状态,503,http://m.seeym.net
🎨 哇嘎漫画🇰🇷,🎨漫画,异常状态,503,http://www.xoiof.com
🎨 国人漫画网,🎨漫画,异常状态,702,http://m.grmanhua.com
🎨 国漫ACG,🎨漫画,异常状态,503,http://m.comic.oacg.cn
🎨 天天爱动漫,🎨漫画,异常状态,503,http://www.ttadm.com
🎨 微博动漫,🎨漫画,异常状态,503,http://manhua.weibo.com
🎨 有妖气 💰,🎨 漫画,异常状态,503,http://app.u17.com
🎨 神漫画,🎨漫画,异常状态,503,https://www.taomanhua.com
🎨 腐漫画,🎨漫画,异常状态,503,http://app.fmmhua.com
🎨 草蜢漫画,🎨漫画,异常状态,503,http://www.caomeng.cc
🎨 邪琉璃神社,,异常状态,503,http://m.bancangyang.com
🎨 黑白漫话,🎨漫画,异常状态,503,http://m.heibaimanhua.com
🎨KuKu动漫,🎨 漫画,异常状态,503,http://m.kukudm2.com
🎨僵尸王漫画,🎨 漫画,异常状态,503,http://www.jswgushi.net
🎨爱漫画,🎨 漫画,异常状态,503,http://mh.2manhua.com
🎬 奇优影院,影视,异常状态,503,http://1e6e.com/
🐑知轩藏书,"🐑25,🍋🍋🍋🍋🍋🍋,搜索失效",异常状态,503,http://zxcs.me##1
🐣追书啦,-------,异常状态,521,https://b.zhuishua.cc/##ʕ ᵔᴥᵔ ʔ喜静
🐳听书网②,🐳 有声 🐳,异常状态,503,http://www.tingshu.co/
🐳有兔听书②,🐳 有声 🐳,异常状态,503,http://app.zhoudamozi.com/
👍 5200文学网[仅发现],,异常状态,503,http://www.5200wxw.com
👍 九库全书,优质源👍,异常状态,503,http://www.youkand.com
👍 书籍网,🌿精选源,异常状态,503,http://www.shujw.com
👍 书馆中文,优质源👍,异常状态,503,http://www.sgaaw.com
👍 八八读书,👍优质,异常状态,503,http://www.88dushu.cc
👍 太子爷[仅发现],,异常状态,503,http://www.taiziye2.com
👍 奇塔文学[仅发现],👍优质,异常状态,503,http://m.qqtshu.com
👍 开心阅读,👍 优质,异常状态,521,https://www.biltmoreetc.com
👍 无错小说网,,异常状态,503,http://www.xquledu.com-By Dark
👍 爱阿巴小说,🌼晨光雨露🍒精品源💯,异常状态,503,http://www.iabatech.com
👍 神马小说网,"发现失效,﹅ ♜ 优质,搜索失效",异常状态,503,http://www.shenmaxs.com
👍 笔趣阁yuetutu,"优质源👍,💒 笔趣",异常状态,503,http://www.yuetutu.com
👍乐文小说⑱,优质源👍,异常状态,521,https://m.lwxs.net/
👍番茄小说,🍅 番茄,异常状态,521,http://www.fqxsw.net
💊 武魂小说,💊无搜,异常状态,456,https://www.whtxt.com
💊 笔趣阁,💊无搜,异常状态,521,http://www.xxbiquge.cc
💐纵横中文▪总榜,,异常状态,500,http://www.zongheng.com#一程
💗段友小说,神段【大乘级】（小说源）,异常状态,503,http://xs98k.com
💠 鬼大大,"💠 其他,失效",异常状态,503,http://www.guidada.com
💦二零小说网,,异常状态,521,https://www.5200.tv/
💦可乐小说①,"💦 男频精品 💦,®️ 搜书男频 ®️,⌛️ 全局搜书 ⌛️",异常状态,530,https://www.klxs.la/
💦多本小说①,,异常状态,521,https://m.duoben.net/
💦藏书阁小说,,异常状态,521,http://www.cangshuge.com/
💦读书阁小说,,异常状态,521,http://www.dushuge.com/
💦趣趣书屋①,,异常状态,503,http://www.wtxsw.com/
💫免费小说之王,☃晨光雨露🍒精品源💯,异常状态,503,http://reader.browser.miui
💬灯石岭间,"💬 名著,✉️  出版文学",异常状态,503,http://www.dushu369.com
💯58小说①,💯 精品 💯,异常状态,503,http://www.fbxsw.com/
💯E文学,💯 精品 💯,异常状态,503,http://ewenxue.la
💯看看小说①,,异常状态,503,http://www.7788xsw.com/
💰 书海,搜索失效,异常状态,302,http://www.shuhai.com#一程
💰 汤圆创作,💰 正版,异常状态,503,http://m.itangyuan.com
💰 阅听小说,⭐️小说,异常状态,503,http://api.cdyt.com#一程
💰优书网,"﹅ ㊣ 正版,发现失效,搜索失效",异常状态,503,http://www.yousuu.com
💰纵横①,,异常状态,503,http://betawww.zongheng.com
💵 3G书城,💵正版,异常状态,503,http://freeapk.ggbook.cn:80
💵 HI!喵,"💵正版,🚬刘备",异常状态,503,http://www.hicat.co
💵 元气阅读备用,💵正版,异常状态,503,http://app.yqacg.com
💵 搜狗免费小说,,异常状态,503,http://mf.k.sogou.com
📒 第一版主,📒 绯梦,异常状态,503,http://hdyp.net#吗
📒第一版主,"☄️☄️☄️☄️☄️☄️,搜索失效",异常状态,503,http://www.fengyuan8.com
📖 乐兔阅读,👻 隐藏,异常状态,503,http://door.tl05.com
📖 梦远书城,📖 小说,异常状态,520,https://www.mengyuanshucheng.com/
📖 番茄小说,精选,异常状态,503,http://154.37.154.143
📖 看书神网,"测试组,@念丶无 残留,👻 隐藏,第二次精校遗留",异常状态,521,https://www.kanshushen.com
📖 笔尖小说,📜 轻小说类 📜,异常状态,503,http://m.bjcan.com
📖 笔趣阁网,📖 小说,异常状态,503,http://m.szfkx.com/
📖古典文学,"﹅ ♞ 普通,发现失效,搜索失效",异常状态,503,http://www.cngdwx.com#乃星
📚 99藏书,📚出版,异常状态,503,http://99lib.net
📚 天下书库,📚 出版发行 📚,异常状态,503,http://www.txshuku.la
📚 天下书库,"出版,发现失效,搜索失效",异常状态,503,http://www.txshuku.la#一程
📚 黃金屋网,👻 隐藏,异常状态,503,http://m.twnovel.org/
📚 黃金屋网,👻 隐藏,异常状态,503,twnovel.org
📚汤圆创作 #关耳,"出版,发现失效,搜索失效",异常状态,503,http://m.itangyuan.com#guaner
📜 图畅数字图书馆,[小说源],异常状态,503,http://www.gxgsxx.net:81
📜 笔下文学,[小说源],异常状态,503,http://m.bxwxorg.com
📜笔趣ABC,[小说源],异常状态,503,http://www.biquabc.com/
📜速酷小说,[小说源],异常状态,503,http://www.sukucc.com/
📡 格格党小说网,📡发现,异常状态,503,http://www.ggdowns.net/
📥 云海图书馆,【❌❌】搜索正文失-效,异常状态,503,http://www.pdfbook.cn#芜恙
📥 新奇书网[仅发现],📥下载,异常状态,503,http://m.qishudu.com
📥 知轩,"﹅ ㊦ 下载,发现失效,搜索失效",异常状态,503,http://www.zxcs.me#芜恙
📥云海图书馆,【❌❌】搜索正文失-效,异常状态,503,http://www.pdfbook.cn#乃星
📥云海电子图书馆,【❌❌】搜索失-效,异常状态,503,http://www.pdfbook.cn#关耳
📥知轩,"﹅ ㊦ 下载,发现失效,搜索失效",异常状态,503,http://www.zxcs.me#乃星
📻 511听书,📻有声,异常状态,503,http://www.511ts.com/
📻 一路听书,"【❌❌】网站失-效,【】👂有声,搜索失效",异常状态,503,http://16ting.com
📻 幻听网,📻有声,异常状态,503,http://www.ting89.com
📻 酷我听书1,📻有声,异常状态,503,http://www.kwting.com#
🔖 作品集,🔖 书刊,异常状态,503,http://zuopinj.com-DM
🔖8文库,⭐️小说,异常状态,521,http://www.8wenku.com
🔰 19小说,🔰普通,异常状态,503,http://www.19xsf.com
🔰 七七716,🏵️  小说,异常状态,503,http://api.zhuishushen.com
🔰 云轩阁[仅发现],🏵️  小说,异常状态,503,http://m.yxgxz.com
🔰悟空书屋,"🔰男频,发现失效,搜索失效",异常状态,444,http://wksw.la
🔰搜小说④,🔰 一般 🔰,异常状态,503,http://www.shouxs.com/
🔰邀月小说,🔰 一般 🔰,异常状态,503,http://www.yaoyuexs.com/
🖤㊣ 纵横m▪细分榜单,¹▽置顶`ȏ´正版发现,异常状态,500,https://m.zongheng.com#□namo edit4
🖤有兔★APP ♛♛,,异常状态,503,http://app.youzibank.com#825md
🚬 17书屋,,异常状态,503,http://www.17shuwu.com
🚬 三四中文网,🚬刘备,异常状态,503,http://m.3434zw.com
🚬 乐文小说[仅发现],🚬刘备,异常状态,503,http://m.00lewen.com
🚬 寂寞书屋[仅发现],🚬刘备,异常状态,503,http://m.jmshuwu.com
🚬 小强小说②[仅发现],🎉精品,异常状态,503,http://www.123xiaoqiang.in
🚬 小强小说网④[仅发现],🚬刘备,异常状态,503,http://www.335xs.in
🚬 左右小说网,🚬刘备,异常状态,503,http://www.zuoyou2.com
🚬 恶魔六点[论坛],🚬刘备,异常状态,503,http://8.emoyiyi.com
🚬 斗书阁[仅发现],🚬刘备,异常状态,503,http://www.doushuge.com
🚬 斗书阁[仅发现],🚬刘备,异常状态,503,http://m.doushuge.com
🚬 新书包网lashubao.org,🚬刘备,异常状态,444,http://www.lashubao.org
🚬 甜梦文库,"🍊女频,🚬刘备,💊无搜",异常状态,521,http://www.tmxs.net
🚬 第一版主6™,🚬刘备,异常状态,503,http://www.diyibanzhu6.net
🚬 第一版主③[仅发现],🚬刘备,异常状态,503,http://www.diyibanzhu1.in
🚬 第一版主④（乱字）,"发现失效,﹅ ㊕ 特殊,搜索失效",异常状态,503,http://www.diyibanzhume5.com/
🚬 第一版主网[仅发现],🚬刘备,异常状态,503,http://www.diyibanzhu2.in
🚬 第二荷包网,🔱 绅士淑女 🔱,异常状态,503,http://m.027869.net
🚬 翠微居,🚬刘备,异常状态,503,http://wap.cuiweiju6.com
🚬 花月文库[仅发现],🚬刘备,异常状态,503,http://www.huayuewenku.com
🚬 麒麟书城,🚬刘备,异常状态,503,http://www.qlsc2.com
🚬 麒麟书城,🚬刘备,异常状态,503,www.qlsc2.com
🛍︎布咕阅读,"【正版小说 书源】,搜索失效",异常状态,503,http://m.bgwxc.com/
🧐三江小说[仅发现]💯,"﹅ ♛ 精品,发现失效,搜索失效",异常状态,503,http://www.sanjiangxs.com
🧐我们爱看小说,"发现失效,﹅ ♝ 优良,搜索失效",异常状态,503,http://www.womenaikan.com
🧐热门小说①,"发现失效,﹅ ♝ 优良,搜索失效",异常状态,502,https://m.rmxs8.com/
023小说网🎃,,有响应(拦截),403,https://www.023dn.com#🎃
101看书,"VPN,Cloudflare",有响应(拦截),403,https://101kks.com/
101看书,小说 书源,有响应(拦截),403,https://101kan.com
166小说🎃#2,,有响应(拦截),403,http://www.16kbook.co#🎃
168TXT小说,,有响应(拦截),403,https://www.168txt.cc/##细雨尘寰
168TXT小说天堂🎃,,有响应(拦截),403,https://www.168txt.cc#🎃
17K小说网,,有响应(拦截),405,https://h5.17k.com
17K小说💯,💰正版💰,有响应(拦截),405,http://search.17k.com/
258漫画网⛅💡,"小尸妹(防盗链)
7.2; 剑逐; 花姐修改360漫画; 失效",有响应(拦截),403,http://www.bjeea.net
31小说网~f,🎉️精选,有响应(拦截),403,http://www.31xs.net#Namo1101
360小说,天域战歌整理,有响应(拦截),403,http://www.uz360.net
36书房,⌨自制,有响应(拦截),403,https://www.x36sfw1.com/
36书房网🎃,,有响应(拦截),403,https://www.x36sfw.com#🎃
3A小说,综合,有响应(拦截),403,https://www.ldzv.cc
3A小说,官方-7-17,有响应(拦截),403,https://www.aaaxs.cc/
3Z小说,男频,有响应(拦截),429,http://m.3rzw.com
43423漫画网,💯【稳定】,有响应(拦截),403,https://www.43423.cc
48文学网,⭐️ 收藏,有响应(拦截),403,https://m.48wx.org
48文学网🎃,,有响应(拦截),403,https://www.48wx.org#🎃
5200小说网,小说 书源,有响应(拦截),403,https://www.xs5200.net##喵~
5G小说m.5gxs,"💭💭💭💭💭💭,搜索失效",有响应(拦截),403,https://m.5gxs.com
5G小说m.5gxs,"💭💭💭💭💭💭,搜索失效",有响应(拦截),403,https://m.5gxs.com#乃星
66小说,,有响应(拦截),403,http://www.66story.com
69主站,第一批,有响应(拦截),403,https://69shuba.cx
69书吧read,S_Lin,有响应(拦截),403,https://www.69read.net/
69书吧🎃#2,,有响应(拦截),403,https://www.69shu.io#🎃
800文学网🎃,,有响应(拦截),403,https://www.800wenxue.com#🎃
"97漫画[手机]【部分解决】{在线不加载图,下载后能看}",漫画,有响应(拦截),403,https://m.97manhua.com
Boom漫画₁ 🅰💰,🅰【json】,有响应(拦截),429,https://sdk.boommanga.com
Boom漫画₂ 🅰💰,🅰【json】,有响应(拦截),429,http://sdk.boommanga.com
Boom漫画📱,漫画,有响应(拦截),429,https://m.boommanga.com/cn
CC漫画网10,漫画,有响应(拦截),403,http://www.ccmh10.com
CC漫画网db,"漫画,发现失效,搜索失效",有响应(拦截),429,http://www.ccdmb.com
D书吧,🏵️  小说,有响应(拦截),403,http://dshu.cc
Manganelo,漫画,有响应(拦截),403,https://manganelo.com
R 36书房网🐶,0227⭐,有响应(拦截),403,https://m.x36sfw1.com/
R 可乐小说🐶,R🐶,有响应(拦截),403,https://www.kelexs.com##🐶
RoozFun™,"💭💭💭💭💭💭,搜索失效",有响应(拦截),429,http://www.roozfun.com
WebtoonXYZ🌐,,有响应(拦截),403,https://www.webtoon.xyz
YYDS轻小说🎃,,有响应(拦截),403,https://yydskxs.com#🎃
ZERO搬运网💰,,有响应(拦截),429,http://www.zerobywplus.com
[阿玖·AJiu]花生小说,"📓 小说,搜索失效",有响应(拦截),403,https://www.hs313.net/
b🌸趣书网💜💜💜🔎json（宝书网？） bak,"🌸  常用,21.0611乃星,★,",有响应(拦截),403,https://www.qubook.net#乃星
cc漫画网,,有响应(拦截),403,http://www.c46d.com
manhuaus,漫画,有响应(拦截),403,https://manhuaus.com/
md♛ 新笔趣阁so  #一程,笔趣阁,有响应(拦截),403,https://www.xbiquge.so#yc1101
md♛-㊝81中文♜♜+ +,"发现失效,漫画,﹅ ♛ 精品,﹅ ♜ 优质,搜索失效",有响应(拦截),403,https://www.81zw.com#渊呀81
ʚɞ 优书榜单 ʚɞ,,有响应(拦截),403,https://api.yousuu.com##最后更新时间+字数
⁉️㊝ 搜狗小说 ♛♛♛,,有响应(拦截),403,https://www.sgxs.cc/#pb
♛ 九九藏书·出版 #Namo1101,"﹅ ♛ 精品,发现失效,搜索失效",有响应(拦截),403,https://www.99csw.com#Namo1101
♛ 书快小说 #一程1101,"﹅ ♛ 精品,发现失效,搜索失效",有响应(拦截),403,https://www.shukuai.net#yc1101
♛ 八一中文 #渊呀1107,"﹅ ♛ 精品,发现失效,搜索失效",有响应(拦截),403,https://www.81zw.com#yuan1107
♛新笔趣阁so md #一程▼分类列表书少,²♨笔-趣-阁❆,有响应(拦截),403,https://www.xbiquge.so#md-yc1101
♛读一读① #pb,已检验,有响应(拦截),403,http://du1du.org#pb1101
♜ 69书吧 #一程,,有响应(拦截),403,https://www.69shu.io#yc1101
♜ 69书吧 #一程,"﹅ ♜ 优质,搜索失效",有响应(拦截),403,https://www.69shu.io#♤yc
♜ ✎笔趣阁⑥③ #破冰,²♨笔-趣-阁❆,有响应(拦截),403,https://www.biquxsw.com/#♤pb
♜ ✎笔趣阁⑥③ #破冰1101,²♨笔-趣-阁❆,有响应(拦截),403,https://www.biquxsw.com/#pb1101
♜ ✎笔趣阁⑧⑧ #破冰1101,"【】👾笔趣阁,【❌❌】搜索失-效,搜索失效",有响应(拦截),403,http://www.biqugexsw.net/#pb1101
♜ ✎笔趣阁⑨② #破冰,"笔趣,﹅ ♜ 优质",有响应(拦截),403,https://www.bbiquge.net/#♤pb
♜ ✎笔趣阁⑮ #破冰,²♨笔-趣-阁❆,有响应(拦截),403,https://www.bequgexs.com/#♤pb
♜ ✎笔趣阁⑮ #破冰1101,²♨笔-趣-阁❆,有响应(拦截),403,https://www.bequgexs.com/#pb1101
♜ ✎笔趣阁⑮⓪ #破冰1101,²♨笔-趣-阁❆,有响应(拦截),403,http://www.cits0871.com/#pb1101
♜ 御书阁 #一程1101,"【❌❌】搜索失-效,搜索失效",有响应(拦截),403,https://www.yushuge.info#yc1101
♜ 新笔趣阁① #一程,²♨笔-趣-阁❆,有响应(拦截),403,https://www.xbiquge.so#♤yc
♜ 武林中文② #一程1101,"【❌❌】搜索失-效,搜索失效",有响应(拦截),403,https://www.50zw.co#yc1101
♜ 燃文小说① #一程,"﹅ ♜ 优质,搜索目录失效",有响应(拦截),403,https://www.ranwen.tw#♤yc
♜ 风雨小说② #一程1101,"【❌❌】搜索目录失-效,搜索目录失效",有响应(拦截),403,https://www.fengyu.la#yc1101
♜+全本小说① #破冰1101,"﹅ ♜ 优质,搜索失效",有响应(拦截),403,https://www.xxqb5200.net/#pb1101
♜+千千小说① #破冰1101,"发现失效,﹅ ♜ 优质,搜索失效",有响应(拦截),403,https://www.qqxsnew.net/#pb1101
♜+新八一中文② #破冰1101,"【🈵♥🈵💯】231123千组4,搜索失效",有响应(拦截),403,https://www.x81zw.co/#pb1101
♜+烟雨中文网 #破冰,⁴☃晨光雨露᭄精品源,有响应(拦截),403,https://www.yanyuzw.com/#♤pb
♜+烟雨中文网 #破冰1101,⁴☃晨光雨露᭄精品源,有响应(拦截),403,https://www.yanyuzw.com/#pb1101
♜+零零看书 #破冰1101,"﹅ ♜ 优质,搜索失效",有响应(拦截),403,http://www.00kxs.com/#pb1101
♜-31小说网③ #破冰1101,"﹅ ♜ 优质,搜索失效",有响应(拦截),403,http://www.31xs.org/#pb1101
♜-八一中文⑦ #破冰1130,"﹅ ♜ 优质,搜索失效",有响应(拦截),403,https://www.81zw.co/#pb1101
♜-四五中文网① #破冰,【❌❌】网站失-效,有响应(拦截),403,https://www.45zw.org/#♤pb
♜-四五中文网① #破冰1101,【❌❌】网站失-效,有响应(拦截),403,https://www.45zw.org/#pb1101
♜-武林中文③ #破冰1101,"【❌❌】搜索失-效,搜索失效",有响应(拦截),403,https://www.50zw.co/#pb1101
♜-武林中文④ #破冰1101,﹅ ♜ 优质,有响应(拦截),403,https://www.50zww.net/#pb1101
♜-笔下文学④ #破冰1101,"【❌❌】搜索失-效,搜索失效",有响应(拦截),403,https://www.bixiawenxue.org/#pb1101
♜-顶点小说⑧ #破冰1101,"发现失效,﹅ ♜ 优质,搜索失效",有响应(拦截),403,https://www.xs222.cc/#pb1101
♜-飘天文学② #破冰1101,"﹅ ♜优质,🍀,搜索失效",有响应(拦截),403,https://www.piaotianwenxue.com/#pb1101
♜17书库 #破冰,已检验,有响应(拦截),403,https://www.17suu.com/#♤pb
♜17书库 #破冰1101,需要登录,有响应(拦截),403,https://www.17suu.com/#pb1101
♜58小说②,"【❌❌】搜索失-效,搜索失效",有响应(拦截),403,http://www.58xs.cc/#pb1101
♜66电子书 #破冰,,有响应(拦截),403,https://www.66txt.net/#♤pb
♜69书吧④ #破冰1101,"【❌❌】搜索失-效,搜索失效",有响应(拦截),403,https://www.69shu.io/#pb1101
♜69书吧⑤ #破冰1101,"发现失效,﹅ ♜ 优质,搜索失效",有响应(拦截),403,http://www.69shu8.com/#pb1101
♜800小说② #破冰1101,"【❌❌】搜索失-效,发现失效,搜索失效",有响应(拦截),403,https://www.800xiaoshuo.info/#pb1101
♜800小说④ #破冰1101,"发现失效,﹅ ♜ 优质",有响应(拦截),403,https://www.800txt.org/#pb1101
♜800文学网 #破冰,"发现失效,﹅ ♜ 优质,搜索失效",有响应(拦截),403,https://www.800wenxue.com/#pb1101
♜▪︎八一中文③ #一程1201,已检验,有响应(拦截),403,https://www.x81zw.co#yc1101
♜▪︎武林中文③ #一程1201,"【❌❌】搜索失-效,搜索失效",有响应(拦截),403,https://www.50zw.org#yc1101
♜一品中文,"发现失效,﹅ ♜ 优质,搜索失效",有响应(拦截),403,http://www.yipinzw.com/#pb1101
♜久久小说 #破冰,"﹅ ♜ 优质,搜索失效",有响应(拦截),403,http://www.jjxxs.cn/#pb1101
♜书客居 #破冰1101,"【❌❌】搜索失-效,搜索失效",有响应(拦截),403,http://www.shukeju.net/#pb1101
♜书旗小说 #破冰,"发现失效,2,搜索失效",有响应(拦截),403,http://www.shuqixs.cc/#♤pb
♜书旗小说 #破冰1101,"发现失效,﹅ ♜ 优质,搜索失效",有响应(拦截),403,http://www.shuqixs.cc/#pb1101
♜云轩阁③ #破冰1101,"发现失效,﹅ ♜ 优质,搜索失效",有响应(拦截),403,http://www.yxgxs.net/#pb1101
♜全本小说⑤ #破冰1101,"发现失效,﹅ ♜ 优质",有响应(拦截),403,http://www.qb5200.net/#pb1101
♜全本小说⑦,已检验,有响应(拦截),403,https://www.qb5.tw/#pb1101
♜全本言情 #破冰1101,"﹅ ✾ 言耽,﹅ ♜ 优质,搜索失效",有响应(拦截),403,http://www.qbyqxs.com/#pb1101
♜八一中文⑪ #破冰1101,"﹅ ♜ 优质,搜索失效",有响应(拦截),403,https://www.81book.com/#pb1101
♜四四中文网,"【❌❌】搜索失-效,搜索失效",有响应(拦截),403,http://www.44zw.net/#pb1101
♜墨坛文学② #破冰1101,"发现失效,﹅ ♜ 优质,搜索失效",有响应(拦截),403,http://www.22mt.co/#pb1101
♜小说旗②,"【❌❌】搜索失-效,搜索失效",有响应(拦截),403,http://www.xs-7.com/#pb1101
♜小说旗②,"﹅ ♜ 优质,搜索失效",有响应(拦截),403,http://www.xs-7.com/#♤pb
♜御书阁②,"【❌❌】搜索失-效,搜索失效",有响应(拦截),403,https://www.yushuge.info/#pb1101
♜思路客⑦ #破冰,【🈵♥🈵💯】231123千组4,有响应(拦截),403,https://www.silukexsw.com/#pb1101
♜思路客⑦ #破冰,﹅ ♜ 优质,有响应(拦截),403,https://www.silukexsw.com/#♤pb
♜思路客⑫ #破冰,,有响应(拦截),403,https://www.siluke520.com/#♤pb
♜恋上你看书② #破冰,"﹅ ♜ 优质,搜索失效",有响应(拦截),403,https://www.630book.org/#♤pb
♜恋上你看书② #破冰1101,"发现目录失效,【❌❌】网站失-效,搜索失效",有响应(拦截),403,https://www.630book.org/#pb1101
♜爱尚小说② #破冰1101,"﹅ ♜ 优质,搜索失效",有响应(拦截),403,https://www.asxs.com/#pb1101
♜笔下文学⑩ #破冰,"发现失效,2,搜索失效",有响应(拦截),403,http://www.bixiaju.com/#♤pb
♜算年年 #破冰,已检验,有响应(拦截),403,https://www.suanniannian.com/#♤pb
♜落秋中文⑤ #破冰,﹅ ♜ 优质,有响应(拦截),403,http://www.luoqiu.io/#♤pb
♜落秋中文⑤ #破冰1101,【🈵♥🈵💯】231123千组4,有响应(拦截),403,http://www.luoqiu.io/#pb1101
♜言情中文网②,【🈵♥🈵💯】231123千组4,有响应(拦截),403,http://www.yqzww.org/#pb1101
♜顶点小说⑱ #破冰1101,"【❌❌】搜索失-效,搜索失效",有响应(拦截),403,http://www.ddbook.cc/#pb1101
♜顶点小说㉓ #破冰,⁴☃晨光雨露᭄精品源,有响应(拦截),403,http://www.23wx.io/#♤pb
♜顶点小说㉓ #破冰,⁴☃晨光雨露᭄精品源,有响应(拦截),403,http://www.23wx.io/#pb1101
♜风雨小说⑥,【🈵♥🈵💯】231123千组4,有响应(拦截),403,https://www.fengyu.la/#pb1101
♜飘天文学⑥ #破冰1101,"发现失效,﹅ ♜ 优质,搜索失效",有响应(拦截),403,http://www.piaotianwx.com/#pb1101
♜麒麟中文网 #破冰,,有响应(拦截),403,https://www.70zw.com/#♤pb
♞六九小说 #破冰1101,"﹅ ♞ 普通,发现失效,搜索失效",有响应(拦截),403,https://www.ljxiaoshuo.com/#pb1101
♞追哟文学,"﹅ ♞ 普通,搜索失效",有响应(拦截),403,https://www.zhuiyo.com/#pb1101
♠ 乐文小说⑥,破冰,有响应(拦截),403,http://www.lewenxs.cc/
♠ 爱读小说网,"♠48,🍋🍋🍋🍋🍋🍋,搜索失效",有响应(拦截),403,https://www.52dus.net/
♠ 起点中文,"优质源👍,🏵️  小说",有响应(拦截),403,https://m.qdzw.cc/
♨️小说迷,,有响应(拦截),403,https://pub.wowonongjia.com
♻️笔趣阁biduo.cc🔸女频快,🌴💒笔趣阁,有响应(拦截),403,https://www.biduo.cc/
⚡️书汇小说网,"【❌❌】搜索失-效,搜索失效",有响应(拦截),403,https://www.shuhui9.com
✈ 六九书吧,精品书源,有响应(拦截),403,https://www.liujiushuba.com/
✈AA阅读aaread,❤小说,有响应(拦截),403,https://aaread.space
✈iwara动画,"💗视频,☀其一",有响应(拦截),403,https://www.iwara.tv##SUN
✐ 搜动漫📱 #Haxc,漫画🎟️,有响应(拦截),403,http://m.soudongman.com#♤Haxc
✾+看书室,"﹅ ✾ 言耽,发现失效,搜索失效",有响应(拦截),403,https://www.kanshushi.com#kd11
✾四五中文,⑤🛍︎  小说,有响应(拦截),403,https://www.45zw.org/#wy18-1001
㊝ 书快小说 ♜♜ 速,,有响应(拦截),403,https://www.shukuai.net#一程z
㊝ 八一中文 ♜♜ 81zw.io 速,,有响应(拦截),403,https://www.81zw.io#一程
㊝ 笔趣阁㊻ ♜♜,,有响应(拦截),403,https://www.biquge.biz/#pb
㊝TVB小说网 ♜♜♜,,有响应(拦截),403,https://www.tvbts.net/#m
㊞ 九九藏书 ♜♜♜,,有响应(拦截),403,https://www.99csw.com#一程
㊞ 稻草人书屋 ♛♛♚ 20dcr.com,,有响应(拦截),403,https://www.20dcr.com/#pb
㊣磨铁中文 #一程,【小说1书源】,有响应(拦截),403,http://app2.motie.com#♤yc
㊣经致文学 #一程1201,"﹅ ㊣ 正版,搜索正文失效",有响应(拦截),403,http://www.jingzhi5.com#yc1101
㊣经致文学 #破冰,"2,搜索正文失效",有响应(拦截),403,http://www.jingzhi5.com/#♤pb
㊣经致文学 #破冰1101,"﹅ ㊣ 正版,搜索正文失效",有响应(拦截),403,http://www.jingzhi5.com/#pb1101
一世书城,小说 书源,有响应(拦截),403,https://m1.1114txt.net
一世书城,20250428,有响应(拦截),403,https://m.1114txt2.com
一世书城🎃#2,,有响应(拦截),403,https://m1.1114txt.net#🎃
一世书城🎃#2,,有响应(拦截),403,https://m.1114txt.xyz#🎃
一九中文,"发现失效,天域苍穹,搜索失效",有响应(拦截),403,https://www.19zw.com/
一品小说,,有响应(拦截),401,https://m.ypxxs.com
一游读,"发现失效,文学,搜索失效",有响应(拦截),403,http://m.youduxs.com
七三中文,小说 书源,有响应(拦截),403,https://www.73zw8.com/
七九小说,,有响应(拦截),403,http://www.79xs.cc
七八中文,小说 书源,有响应(拦截),403,https://www.yqd6.com
七八中文🎃,,有响应(拦截),403,https://www.yqd6.com#🎃
七四小说,小说 书源,有响应(拦截),403,https://www.xs74w.com#
七四小说,小说 书源,有响应(拦截),403,http://wap.xs74w.com
七四小说🎃,,有响应(拦截),403,https://www.xs74w.com#🎃
万合中文🎃,,有响应(拦截),403,https://m.bus6.com#🎃
万州小说,B级,有响应(拦截),403,http://m.wztmw.com
三三中文,小说 书源,有响应(拦截),403,https://wap.33yqxs.com#
三三言情🎃,,有响应(拦截),403,http://m.33yqxss1.com#🎃
三号中文🎃,,有响应(拦截),403,https://www.3hzw.com#🎃
下书网,男频,有响应(拦截),403,https://m.xiashu.cc
下书网🎃#2,,有响应(拦截),403,http://www.cntnn.com#🎃
东流小说,水幽临渊0905,有响应(拦截),403,https://www.bifengzw.com/
临高启明同人🎃,,有响应(拦截),403,http://lgqm.huijiwiki.com/wiki#🎃
乐文中文,2023.7.20效验,有响应(拦截),403,https://www.gdsgy.com/
乐文中文🎃,,有响应(拦截),403,https://www.gdsgy.com#🎃
乐文小说[leo],🏖️免费+,有响应(拦截),403,https://www.lewen.org/
乐文小说⑦,免费,有响应(拦截),403,https://www.lwxs0.net
乐文小说⑨,⁴☃晨光雨露᭄精品源,有响应(拦截),403,https://www.lwxs9.org
乐文小说网🎃,,有响应(拦截),403,https://m.xlwxs9c.com#🎃
乐文小说🎃,,有响应(拦截),403,https://m.xlwxs9.net#🎃
乐文小说🎃#2,,有响应(拦截),403,https://www.lwxs0.net#🎃
乐文小说🎃#3,,有响应(拦截),403,https://www.62zw.com#🎃
九九九网,小说 书源,有响应(拦截),403,https://m.x999xs5.com
九九藏书📚#南笙21.0101,⭐️小说,有响应(拦截),403,https://www.99csw.com#南笙21.0101
书包网杂,❄️,有响应(拦截),403,https://www.shubaoip.com
书单,书单,有响应(拦截),403,https://www.yousuu.com#booklist
书单,🏵️  小说,有响应(拦截),403,https://www.yousuu.com/:
书博网,天域战歌整理,有响应(拦截),429,http://m.bookbo.com
书城网包,小说 书源,有响应(拦截),403,http://www.shucw.net
书快小说,小说 书源,有响应(拦截),403,https://www.shukuai.net/
书快小说🎃#2,,有响应(拦截),403,https://m.shukuai9.com#🎃
书房网吧,-------,有响应(拦截),403,https://www.x36sfw.com
书旗小说,小说 书源,有响应(拦截),403,https://www.shuq.net/
书旗小说,小说 书源,有响应(拦截),403,https://www.shuq.net#🎃
书旗小说🎃#2,,有响应(拦截),403,https://m.shuq.net#🎃
书旗小说🎃#3,,有响应(拦截),403,http://m.shuq.net#🎃
书本网🎃,,有响应(拦截),403,http://www.huaen.net#🎃
书林文学,"普通,校验超时",有响应(拦截),403,http://www.shulinw.com/
书苑小说网🎃,,有响应(拦截),401,https://m.shuyuan6.com#🎃
书荒啦•推书,"发现失效,﹅ 通用书源▪︎玄奇,搜索失效",有响应(拦截),403,http://www.wencaijia.com
书轩小说（优）,念心 || 小说,有响应(拦截),403,http://www.bookxuan.org/
书迷楼,全部来自论坛,有响应(拦截),403,https://www.shumilou.co
书迷楼🎃,🎄常用,有响应(拦截),403,http://www.shumi99.com#🎃
二Ｋ小说🎃,,有响应(拦截),403,https://m.sdhear.com#🎃
云阅小说,校验超时,有响应(拦截),403,https://www.yunyueba.com
五六小说网🎃,,有响应(拦截),403,http://www.wuliushu.com#🎃
亲亲小说手机版,"【❌❌】搜索失-效,搜索失效",有响应(拦截),403,https://m.qinqinxsw.cc/
仙域书库,小说,有响应(拦截),403,http://www.xianyuandisplay.com
伍贰文学,综合,有响应(拦截),403,https://www.52wx.com
优书(作者),优书,有响应(拦截),403,https://api.yousuu.com#2
优书标签,优书标签,有响应(拦截),403,https://www.yousuu.com#3
优书网💯｜女频,①快; 发现,有响应(拦截),403,https://www.yousuu.com/bookstore?channel=1
优思路客,小说 书源,有响应(拦截),403,https://www.xsiluke.com
你的地址,第一批; 发现规则语法错误,有响应(拦截),403,https://www.nidedizhi2.com
你的地址🎃,,有响应(拦截),403,https://www.nidedizhi1.com#🎃
你的地址🎃,,有响应(拦截),403,https://www.nidedizhi2.com#🎃
傲轩小说网🎃,,有响应(拦截),403,https://www.axzw.com#🎃
免费全本小说,"搜索目录失效,如月流光,☃晨光雨露᭄精俢源*",有响应(拦截),403,https://www.iqb5.com
免费电子书🎃,,有响应(拦截),403,http://www.ibookben.net#🎃
全书书阁,🏖️免费,有响应(拦截),403,https://cobiqu.com/
全本小说,小说 书源,有响应(拦截),403,http://m.iquanben.net
全本小说,小说 书源,有响应(拦截),403,https://www.quanbenba.com/
全本小说,小说 书源,有响应(拦截),403,https://www.qbtxt.net/
全本小说,小说 书源,有响应(拦截),403,https://www.qb5.la#wy18-1001
全本小说,小说 书源,有响应(拦截),403,http://www.qb5.tw#🎃
全本小说,小说 书源,有响应(拦截),403,https://www.qb5.la#🎃
全本小说,小说 书源,有响应(拦截),403,https://www.qbtxt.net#🎃
全本小说,小说 书源,有响应(拦截),403,https://www.qb5.la#未月十八改
全本小说,小说 书源,有响应(拦截),403,https://www.quanben.la/
全本小说网,小说 书源,有响应(拦截),403,https://www.quanben.so
全本小说🎃,,有响应(拦截),403,https://www.quanbenba.com#🎃
全本言情🎃,,有响应(拦截),403,http://www.qbyqxs.com#🎃
八一中文,💠精选,有响应(拦截),403,http://www.x81zws.com
八一中文,,有响应(拦截),403,https://www.81zw2.com
八一中文,小说 书源,有响应(拦截),403,https://www.81zw.com/
八一中文,小说 书源,有响应(拦截),403,https://www.81zw2.com#🎃
八一中文🎃4,,有响应(拦截),403,https://www.81zw.com#🎃
八一八网,小说 书源,有响应(拦截),403,https://m.818812c.com#🎃
八一八网,小说 书源,有响应(拦截),403,https://m.818812c.com
八哥小说,综合,有响应(拦截),403,https://www.bagzw.com/
八戒中文,小说 书源,有响应(拦截),403,http://m.bjwxw.com/
八月小说,小说,有响应(拦截),403,http://www.oread8.net
八百小说,小说 书源,有响应(拦截),403,https://www.800xiaoshuo.net/
六九小说,网页源,有响应(拦截),403,https://www.ljxiaoshuo.com/
凤文网🎃,,有响应(拦截),401,https://m.fwxs8.com#🎃
包子漫画,xx,有响应(拦截),403,https://cn.baozimh.com/##@曦灵
包子漫画,漫画,有响应(拦截),403,https://cn.baozimh.com/##@okou
包子漫画,漫画,有响应(拦截),403,https://cn.baozimh.com/
千千中文🎃,,有响应(拦截),403,https://m.xlewen4.com#🎃
千千小说,小说 书源,有响应(拦截),403,http://m.qqxcw.com/
千千小说网,💜未分组,有响应(拦截),403,https://www.77xsw.cc
千千小说网🎃,,有响应(拦截),403,http://www.qqxs8.co#🎃
华东看书,,有响应(拦截),403,http://www.dandanwx.com
华东看书,小说 书源,有响应(拦截),403,http://www.dandanwx.com/##细雨尘寰
华曦小说🎃,,有响应(拦截),403,https://www.heag8.com#🎃
博发小说,小说 书源,有响应(拦截),429,http://www.8boo.com#🎃
卡酷小说网,,有响应(拦截),403,https://www.kakuxs.com
卫星小说🎃,,有响应(拦截),403,https://m.wenxue12d.com#🎃
卫星小说🎃#2,,有响应(拦截),403,https://m.wenxue12c.com#🎃
去看文学🎃,,有响应(拦截),403,http://www.qkwx.net#🎃
去读读小说🎃,,有响应(拦截),403,https://m.hongyue8.net#🎃
去读读🎃,,有响应(拦截),403,http://www.wodudu.cc#🎃
古古漫画⛅,⛅【晴天】,有响应(拦截),403,http://www.gugumh.com
可乐小说🎃#2,,有响应(拦截),403,https://www.kelexs.com#🎃
吾爱小说,《精选书源》,有响应(拦截),403,https://m.5ixs.net
品书网吧,小说 书源,有响应(拦截),403,https://www.pinshuxsw.com/
品书网吧,小说 书源,有响应(拦截),403,https://www.pinshuxsw.com#🎃
哈罗小说,小说 书源,有响应(拦截),403,https://www.hlxs9.com/
哦漫画,漫画,有响应(拦截),403,http://www.omanhua.net
嘛文学网,小说 书源,有响应(拦截),403,https://www.48wx.org/
四五中文45zw,❤小说,有响应(拦截),403,http://www.45zw.org
四五中文🎃,,有响应(拦截),403,https://www.45zw.org#🎃
四五中文🎃,,有响应(拦截),403,https://m.45zww.net#🎃
四合小说,网页源,有响应(拦截),403,https://www.sihexs.com/
图标小说,"-------,0206⭐",有响应(拦截),403,https://www.x33xs6.com/
图标小说,小说 书源,有响应(拦截),403,https://www.x33xs6.com/#xsw8093
塔阅小说,小说 书源,有响应(拦截),401,https://m.tycbooks.com#🎃
塔阅小说,小说 书源,有响应(拦截),401,https://m.tycbooks.com
大众小说,"发现失效,搜索失效",有响应(拦截),403,https://wap.dzxsw.net
大文学②,校验可用,有响应(拦截),403,https://www.ssdzgj.com/
大文学吧,4月2号静白,有响应(拦截),403,https://m.ssdzgj.com/
大文学吧,小说 书源,有响应(拦截),403,https://www.ssdzgj.com#🎃
大文学吧,小说 书源,有响应(拦截),403,https://www.dawenxue.net
大文学无错小说网,"人机验证-搜索,暂不可用",有响应(拦截),403,https://www.wcxsw.org
大文学🎃#2,,有响应(拦截),403,https://www.dawenxue.net#🎃
大神小说,神段【大乘级】（小说源）,有响应(拦截),403,http://m.dashenxiaoshuo.com
大角虫-M,漫画,有响应(拦截),403,https://m.dajiaochongmanhua.com
大风小说🎃,,有响应(拦截),403,https://m.ba1zw.com#🎃
天天小说,小说 书源,有响应(拦截),403,https://cn.ttkan.co#🎃
天空中文,网页源,有响应(拦截),403,https://www.tiankongzw.com/
天籁小说,小说 书源,有响应(拦截),403,https://m.x81zw.co
奇奇小说,20250428,有响应(拦截),403,https://www.477zw.com
奇快中文🎃,,有响应(拦截),403,https://m.7kzww7.com#🎃
奇快中文🎃#2,,有响应(拦截),403,https://m.7kzww1.com#🎃
奇快文学,,有响应(拦截),403,https://m.xqikuaiwx.com
奇漫屋₁-M,漫画,有响应(拦截),403,http://m.qiman6.com
奥福书屋🎃,,有响应(拦截),401,https://m.aofusw.com#🎃
女生小小说,网页源,有响应(拦截),403,http://www.nsxxs.com/
好小说吧,"♡ོ晨光雨露✺精品源,发现失效,如月流光,搜索失效",有响应(拦截),403,https://www.hxs8.com
婷阅中文,"发现失效,搜索失效",有响应(拦截),403,https://www.tyue.me/
安奥中文网🎃,,有响应(拦截),401,https://m.anaow.com#🎃
寤寐中文(需要验证）,,有响应(拦截),403,https://www.wumeizw.com
小狐看书,待分组,有响应(拦截),403,https://www.xiaohuks.com
小说-🥝天天看书🍒,常用,有响应(拦截),403,https://cn.ttkan.co/##
小说城,🏖️免费+,有响应(拦截),403,http://zhujic.com/
小说宝库,A级; 发现,有响应(拦截),403,https://www.xsbk.cc
小说旗,,有响应(拦截),403,https://m.xs.org
小说旗🎃,,有响应(拦截),403,https://www.mqxs.com#🎃
小说馆,"💭💭💭💭💭💭,搜索失效",有响应(拦截),429,https://novelepubs.com
山炮小说,,有响应(拦截),403,https://m.sdhear.com#
左叶小说🎃,,有响应(拦截),403,https://www.zuoye101.com#🎃
巴卡漫画-幕惜,第一批,有响应(拦截),403,https://bakamh.com
布拉书屋🎃,,有响应(拦截),401,https://www.bulasw.com#🎃
平板电子书🎃,,有响应(拦截),403,http://www.qiuyelou.co#🎃
幽客社📱📶,,有响应(拦截),403,http://m.yookes.com
广安中文,小说 书源,有响应(拦截),403,http://www.tianshuwx.org#🎃
广安中文网,⑤🛍︎  小说,有响应(拦截),403,http://www.tianshuwx.org
快眼小说网🎃,,有响应(拦截),403,https://www.biqugej.net#🎃
快眼看书🎃#4,,有响应(拦截),403,https://www.hrftv.com#🎃
思路客,小说 书源,有响应(拦截),403,https://www.siluke520.com/
思路客,小说 书源,有响应(拦截),403,https://www.silukex.com
思路客🎃#2,,有响应(拦截),403,https://m.silukex.com#🎃
思路客🎃#3,,有响应(拦截),403,https://www.siluke520.com#🎃
悟空看书,小说 书源,有响应(拦截),403,https://www.wkxs.net/#♤pb
悟空看书,小说 书源,有响应(拦截),403,https://www.wkxs.net/
悟空看书,小说 书源,有响应(拦截),403,https://www.wkxs.net/#pb1101
我爱小说,小说 书源,有响应(拦截),403,https://www.5200wx.com/
我爱小说,小说 书源,有响应(拦截),403,https://www.5200wx.com#未月十八改
手打吧,🌼晨光雨露🍒精品源💯,有响应(拦截),403,https://m.shouda8.com/
手打吧②,"发现失效,如月流光,☃晨光雨露᭄精俢源*,搜索失效",有响应(拦截),403,https://www.shouda8.com
手机小说网,小说,有响应(拦截),403,https://m.shoujixsw.com
掌阅漫画  [用不了] 循环*,"缺目录地址下一页,图片未能获取",有响应(拦截),403,http://resource.cm233.com
提花小说网,👍🏻 普通,有响应(拦截),401,https://m.tihuashu.com
搜读小说🎃,,有响应(拦截),403,http://www.sodu.info#🎃
摸摸小说,小说 书源,有响应(拦截),403,https://m.zym888.com#🎃
文学三四①,🎉 精品,有响应(拦截),403,https://www.wenxue34.net/
新书包网🎃,,有响应(拦截),403,https://m.jywad.com#🎃
新书本吧🎃,,有响应(拦截),403,http://www.bookbenx.cc#🎃
新书迷楼🎃,,有响应(拦截),403,http://www.xshumilou.net#🎃
新八一中文,"🍍🍍🍍🍍🍍🍍,♜230,搜索失效",有响应(拦截),403,https://www.x81zw.co#1
新八一网,小说 书源,有响应(拦截),403,https://www.x81zw.co#响海
新八零电子书,蜗牛,有响应(拦截),403,https://www.80txt.net
新八零电子书🎃,,有响应(拦截),403,https://www.80txt.net#🎃
新天籁小说🎃,,有响应(拦截),403,https://m.xintianlaixsw.com#🎃
新笔趣阁,"📚 笔趣阁,搜索失效",有响应(拦截),403,https://www.xbqgs.com
新笔趣阁00②,"💭💭💭💭💭💭,搜索失效",有响应(拦截),403,https://www.jdxs5200.net
新笔趣阁aishang,❤小说,有响应(拦截),403,https://www.aishangba8.com
新笔趣阁【全名搜索】,,有响应(拦截),403,http://www.42zw.com
无错小说,小说 书源,有响应(拦截),403,https://www.quledu.com/
无错小说7,小说 书源,有响应(拦截),403,https://www.quledu.com#🎃
无错小说🎃,小说,有响应(拦截),403,https://www.xread8.net#🎃
无限小说网🎃,,有响应(拦截),403,https://www.txt53.com#🎃
无限小说🎃2,🎄常用,有响应(拦截),403,http://www.txt97.cc#🎃
旧时光文学🎃,,有响应(拦截),403,https://www.oldtimeswx.cc#🎃
旧时光网,小说 书源,有响应(拦截),429,http://www.lanrenyuhai.com/#wy18-1001
明月文学,小说 书源,有响应(拦截),403,http://www.mingyuewenxue.cn/
易文台🎃,,有响应(拦截),401,https://m.ewentai.com#🎃
易雅小说网🎃,,有响应(拦截),401,https://m.yiyaxs.com#🎃
晚秋中文网🎃,,有响应(拦截),403,http://www.wanqiuwx.com#🎃
晴天漫画<晴天>,番茄漫画,有响应(拦截),403,http://caricature.cloudepays.cn
杰哥小说,小说 书源,有响应(拦截),403,https://www.88ttv.com
枝叶小说网🎃,,有响应(拦截),401,https://m.zhiyexs.com#🎃
染尘中文,网页源,有响应(拦截),403,https://www.ranchenzw.com/
树小说网,小说 书源,有响应(拦截),403,http://www.31xs.net
格格党小说网,,有响应(拦截),403,http://www.ggdxsw.cc/m/
格格党🎃#4,小说,有响应(拦截),403,http://www.ggdxs8.cc#🎃
格格党🎃#5,,有响应(拦截),403,https://www.flydoing.com#🎃
桃花看书,小说 书源,有响应(拦截),403,https://www.13800100.com
梦幻看书,念心 || 小说,有响应(拦截),403,https://m.175book.com
梦琪小说,小说 书源,有响应(拦截),403,https://m.gdasqjob.com
梦远书城mengyuan,❤小说,有响应(拦截),403,https://www.mengyuanshuchengcn.com/
森趣🎃,,有响应(拦截),403,https://m.1688ts4.com#🎃
欢欢中文🎃,,有响应(拦截),403,http://www.huanhuanzw.com#🎃
歌笔趣吧,小说 书源,有响应(拦截),403,https://wap.bequwx.org#🎃
歡享小說,收集出处：源论坛 4月29号,有响应(拦截),403,https://18read.net
武林中文,小说 书源,有响应(拦截),403,https://www.50zww.net
武林中文🎃,,有响应(拦截),403,https://www.50zw.co#🎃
歪片星球（优）,影视 书源,有响应(拦截),403,https://waipian19.com
每日书屋,网页源,有响应(拦截),403,https://www.meirisw.com/
汗汗漫画网[手机]  [腾讯不能看，好多未经允许],失效,有响应(拦截),429,http://m.1997666.com
汗汗漫画网🇰🇷,漫画,有响应(拦截),429,http://www.x2xs.com
江印小说sinicprint,❤小说,有响应(拦截),403,https://www.sinicprint.com
污书小屋,涩文,有响应(拦截),403,https://www.miaoquan2016.com
沙滩小说,小说 书源,有响应(拦截),403,http://www.shatanxs.com/
泡书吧子,小说 书源,有响应(拦截),403,http://www.paoshu8.com/
流行百科,,有响应(拦截),403,https://www.lxybaike.com
海外书包🎃,,有响应(拦截),403,https://www.haiwaishubao.com#🎃
海普文学,,有响应(拦截),403,https://www.haipu-xs.com
海警学院🎃,,有响应(拦截),403,https://www.hjgzf.com#🎃
润文网🎃,,有响应(拦截),401,https://www.runwens.cc#🎃
清河文学🎃,,有响应(拦截),403,https://www.qhyrzs.com#🎃
源社区出品-新笔趣阁xsbiquge（必应搜索）,,有响应(拦截),403,http://m.xsbiquge.la
源社区出品-暑期小说,收集出处：源论坛 4月29号,有响应(拦截),403,http://m.shuqixs.cc
源社区出品-魔法书库,收集出处：源论坛 4月29号,有响应(拦截),403,http://www.molizw.com#qin
漫符号,,有响应(拦截),403,https://manfh.com
瀚海书阁,自定义,有响应(拦截),403,https://www.txtdd.top
火山中文,小说 书源,有响应(拦截),403,https://www.hsrnsw.org#
火山中文🎃,,有响应(拦截),403,https://www.hsrnsw.org#🎃
灯笔小说,小说 书源,有响应(拦截),403,https://m.dengbi8.xyz
灯笔小说🎃,小说,有响应(拦截),403,https://wap.dengbi8.com#🎃
灵域小说,小说 书源,有响应(拦截),403,https://m.lingyutxt.net#未月十八repair#wy18-1001
灵域小说,小说 书源,有响应(拦截),403,https://m.lingyutxt.net#未月十八改
灵域小说,-------,有响应(拦截),403,https://m.lingyutxt.net
灵域小说,-------,有响应(拦截),403,https://m.lingyutxt.net#未月十八repair
灵域小说,20250428,有响应(拦截),403,https://wap.lingyutxt.net
灵域小说🎃2,,有响应(拦截),403,https://www.lingyutxt.net#🎃
灵武中文,小说 书源,有响应(拦截),403,https://www.05zw.com
点外漫画（英文）,漫画 书源,有响应(拦截),403,https://manhwatop.com/
烟雨中文,念心 || 小说,有响应(拦截),403,https://m.yanyuzw.com
烟雨中文,小说 书源,有响应(拦截),403,https://www.yanyuzw.com/
烟雨中文网#玄奇21.0202,"发现失效,搜索失效",有响应(拦截),403,http://www.yanyuzw.com#玄奇21.0202
热辣漫画测试,,有响应(拦截),403,https://www.manga2022.com
燃文小说,小说 书源,有响应(拦截),403,https://www.ranwen.org/
燃文小说,小说 书源,有响应(拦截),403,https://www.ranwen.tw#wy18-1001
燃文小说,小说 书源,有响应(拦截),403,https://www.ranwen.org#🎃
燃文小说,"🔍校验组0218,📙大众书",有响应(拦截),403,https://www.778buy.cc/
燃文小说⑤,"9月,搜索失效",有响应(拦截),403,https://m.ranwenxs.cc/
燃文小说⑦,,有响应(拦截),403,https://m.ranwen.tw
燃文小说🎃#5,,有响应(拦截),403,https://www.ranwen.tw#🎃
爱书网,"发现失效,搜索失效",有响应(拦截),403,http://m.aswxs.com/
爱奇文学,小说 书源,有响应(拦截),403,http://www.iqwx.com
爱尚书吧,"52bnx,发现目录失效,搜索失效",有响应(拦截),403,https://www.23shu8.com
爱尚小说网,,有响应(拦截),403,https://www.23xsw.cc
爱尚小说网#玄奇21.0202,搜索失效,有响应(拦截),403,http://www.asxs.com#玄奇21.0202
爱猫书屋,"失效,js失效,收集出处：源论坛 4月29号",有响应(拦截),401,https://m.aimaosw.com/
爱看书网,小说 书源,有响应(拦截),403,https://www.630kan.com/
爱看书阁,综合,有响应(拦截),403,https://m.akkxs.net/
爱看书阁,小说 书源,有响应(拦截),403,https://m.akkxs.net/##细雨尘寰
爱看小说🎃,,有响应(拦截),403,https://m.qxs9.com#🎃
爱雅小说网,女频,有响应(拦截),401,https://tw.iyabooks.com
版主🌸,收集方：源论坛 4月25号,有响应(拦截),403,https://www.diyibanzhu.me
版主🌸,,有响应(拦截),403,https://www.diyibanzhu.online/
版主🌸,小说 书源,有响应(拦截),403,https://www.diyibanzhu.me//#防
牛眼(仅搜索),涩文,有响应(拦截),403,https://www.52niuyanxs.top/
特步🎃,,有响应(拦截),401,https://m.tebusw.com#🎃
特漫网📱,,有响应(拦截),429,https://38te.com
猎文网,💭💭💭💭💭💭,有响应(拦截),403,https://m.liewenn.com
猫耳小说,"【❌❌】搜索正文失-效,搜索失效",有响应(拦截),403,http://wd.wdxsb.com/
番茄,,有响应(拦截),403,http://www.wpzw.cc
番茄免密钥版本<晴天>,"❤️番茄,❤️常用",有响应(拦截),403,"http://api.cloudepays.cn#
2024年12月16日10:30官方重制版"
番茄免密钥版本<晴天>,"❤️番茄,❤️常用",有响应(拦截),403,http://api.cloudepays.cn
番茄小说,"③🚫  禁验,⑵💯  典藏",有响应(拦截),403,https://www.88ttv.com#🎃
番茄小说①,🍅 番茄,有响应(拦截),403,http://m.zym888.com
白光小说🎃,,有响应(拦截),401,https://m.bgxs8.cc#🎃
白龙君漫画📱⛅,失效,有响应(拦截),403,http://m.bailongjun.com
百书楼,³۝天域整理,有响应(拦截),403,https://www.bsl800.com
百书楼bsl88,❤小说,有响应(拦截),403,https://m.bsl88.cc
百合小说🎃,,有响应(拦截),403,http://m.baihexs66.com#🎃
百字小说网,,有响应(拦截),401,https://www.baizixs.com
百家文学,,有响应(拦截),403,http://www.baijiawenxue.com/
百度贴吧,-------,有响应(拦截),403,https://tieba.baidu.com#乃星
看书啦啦🎃,,有响应(拦截),403,https://www.kanshu5.net#🎃
看书室吧,🍁多型,有响应(拦截),403,https://wap.kanshushi.com/
看书室网,小说 书源,有响应(拦截),403,https://wap.kanshushi.com#🎃
看书室🎃,,有响应(拦截),403,https://www.kanshushi.com#🎃
看书破冰,念心 || 小说,有响应(拦截),403,https://www.175book.com/#pb1101
看书网吧,小说 书源,有响应(拦截),403,https://m.csgdw.com/
看书阁,,有响应(拦截),403,https://m.xseeshu.net
看客小说🎃,,有响应(拦截),401,https://m.kankexs.com#🎃
看来书吧,小说 书源,有响应(拦截),403,https://www.laishu8.com
看笔趣阁(手机版),💠 其他,有响应(拦截),429,http://m.biquge6.com
真白萌(请先登录),0ina轻,有响应(拦截),403,https://masiro.me/admin/
石头小说,,有响应(拦截),403,https://www.twbook.cc
磨铁,🗓 磨铁,有响应(拦截),403,http://app2.motie.com#芜恙
磨铁中文,正版,有响应(拦截),403,http://app2.motie.com#yc1101
秀书,"0206⭐,💠精选,[小说源]",有响应(拦截),403,http://www.xiumb12.com
秀书网🎃,🎄常用,有响应(拦截),403,http://www.xiumb12.com#🎃
秀书网🎃2,🎄常用,有响应(拦截),403,https://www.xiumb.com#🎃
秋语阁,🎉 精品,有响应(拦截),403,http://www.qiuyuwu.com
笑傲文学,小说 书源,有响应(拦截),403,https://m.818812.net
笑傲文学🎃,"③🚫  禁验,⑤🛍︎  小说",有响应(拦截),403,https://m.818812.net#🎃
笔下文学,综合,有响应(拦截),403,https://www.pafuke.com/
笔下文学,-------,有响应(拦截),403,https://m.fyyhm.org/
笔下文学[x5],校验可用,有响应(拦截),403,https://www.bxwx5.cc/
笔下文学⑥,"发现失效,搜索失效",有响应(拦截),403,https://www.bxwz9.org
笔下文学🎃2,,有响应(拦截),403,https://m.fyyhm.org#🎃
笔仙阁jtnws,小说 书源,有响应(拦截),403,http://m.jtnws.com
笔仙阁🎃#4,小说,有响应(拦截),403,http://m.jtnws.com#🎃
笔墨小说🎃,,有响应(拦截),403,http://www.bimoxs.cc#🎃
笔墨看书网,🎃 通用,有响应(拦截),401,https://www.bimoks.com#
笔墨看书🎃#2,,有响应(拦截),401,https://m.bimoks.com#🎃
笔趣包汇,小说 书源,有响应(拦截),403,http://www.biquhui.com/
笔趣宝备,小说 书源,有响应(拦截),403,https://www.biqubao.com/3
笔趣小说,小说 书源,有响应(拦截),403,https://m.biqugee6.com
笔趣读,写源by河鹅和,有响应(拦截),403,https://www.biqudv.com
笔趣阁,网页源,有响应(拦截),403,https://www.chuanshuoshuo.com/
笔趣阁,,有响应(拦截),403,http://m.bbiquge.net
笔趣阁,小说 书源,有响应(拦截),403,https://www.njxhds.com#🎃
笔趣阁,小说 书源,有响应(拦截),403,https://www.bxetv.com#🎃
笔趣阁,20250428,有响应(拦截),403,https://www.biqubao.com
笔趣阁,,有响应(拦截),403,https://m.biqugetv.org#
笔趣阁,小说 书源,有响应(拦截),403,https://www.biqugej.net
笔趣阁,小说 书源,有响应(拦截),403,https://www.njxhds.com/
笔趣阁,小说 书源,有响应(拦截),403,http://m.yuyougu.com
笔趣阁,小说 书源,有响应(拦截),403,https://www.biqupai.com
笔趣阁,小说 书源,有响应(拦截),403,http://www.biqugexs.com
笔趣阁,小说 书源,有响应(拦截),403,http://www.biqubu.com
笔趣阁,小说 书源,有响应(拦截),403,http://www.biquhui.com#🎃
笔趣阁,小说 书源,有响应(拦截),403,https://www.ydxrf.com#🎃
笔趣阁,小说 书源,有响应(拦截),403,https://www.ydxrf.com
笔趣阁,小说 书源,有响应(拦截),403,https://www.dzxzh.com#🎃
笔趣阁,小说 书源,有响应(拦截),403,https://www.dzxzh.com
笔趣阁,小说 书源,有响应(拦截),403,https://m.xsobiquge.com
笔趣阁,小说 书源,有响应(拦截),403,https://m.biqugee6.com#🎃
笔趣阁,小说 书源,有响应(拦截),403,https://www.xzmncy.com
笔趣阁,阁子,有响应(拦截),403,http://www.bequgexs.com
笔趣阁,,有响应(拦截),403,https://www.xbiquge.so/
笔趣阁108,小说 书源,有响应(拦截),403,https://m.baiycap.net
笔趣阁116,念心 || 小说,有响应(拦截),403,https://www.xjjfcw.com/
笔趣阁127,小说 书源,有响应(拦截),403,http://www.biquge99.cc
笔趣阁166,小说 书源,有响应(拦截),403,https://www.biquge9.cc
笔趣阁189,,有响应(拦截),403,https://www.biqugecom.cc
笔趣阁6,,有响应(拦截),403,http://m.biqu6.cc
笔趣阁63,小说 书源,有响应(拦截),403,https://www.bqg6.com/
笔趣阁7,小说 书源,有响应(拦截),403,https://m.52biquge.com/
笔趣阁[geco],"【】👾笔趣阁,【❌❌】网站失-效,搜索失效",有响应(拦截),403,http://www.biqugecom.co/
笔趣阁[zx],🏖️免费+,有响应(拦截),403,https://www.zxbiquge.net/
笔趣阁bxetv(API),S_Lin,有响应(拦截),403,https://www.bxetv.com/
笔趣阁fd80,®📖 搜集整理™,有响应(拦截),403,https://www.fd80.com/
笔趣阁fd80,自己,有响应(拦截),403,http://www.fd80.com/
笔趣阁qu-la.com #迷迭  蜡笔,"💭💭💭💭💭💭,搜索失效",有响应(拦截),403,http://www.qu-la.com/#md1222
笔趣阁ᶻ,合集0905,有响应(拦截),403,https://www.biquzge.com
笔趣阁㉔,"🍁 笔趣 🍁,7月份,精品,👍🏻",有响应(拦截),403,https://www.aishangba.info/
笔趣阁㉔,精品,有响应(拦截),403,https://www.aishangba.org/
笔趣阁中🎃,,有响应(拦截),403,https://www.aishangba4.com#🎃
笔趣阁文学网 biqugewxw.com,未测试,有响应(拦截),403,https://www.biqugewxw.com
笔趣阁网,笔趣阁0905,有响应(拦截),403,https://www.zfangchan.com/
笔趣阁🎃#22,,有响应(拦截),403,https://www.xjjfcw.com#🎃
笔趣阁🎃#26,,有响应(拦截),403,http://www.bqg36.com#🎃
笔趣阁🎃#27,,有响应(拦截),403,https://www.xzmncy.com#🎃
笔趣阁🎃#30,,有响应(拦截),403,https://m.ydxrf.com#🎃
笔趣阁🎃#31,,有响应(拦截),403,http://www.bqg24.com#🎃
笔趣阁🎃#55,,有响应(拦截),403,https://m.jieshengit.com#🎃
笔趣阁🎃#55,,有响应(拦截),403,https://m.biqugeq.org#🎃
笔趣阁🎃#59,,有响应(拦截),403,https://www.biqugexsw.cc#🎃
笔趣阁🎃#60,,有响应(拦截),403,https://m.biqubao.com#🎃
笔趣阁🎃#64,,有响应(拦截),403,https://m.bxetv.com#🎃
笔趣阁🎃#72,,有响应(拦截),403,https://m.biqugexs.com#🎃
笔趣阁🎃#89,,有响应(拦截),403,https://www.bqg13.com#🎃
笔趣阁🎃11,,有响应(拦截),403,https://m.biqugetv.org#🎃
笔趣阁🎃21,🎄常用,有响应(拦截),403,https://www.ybiquge.net#🎃
笔趣阁🎃66,,有响应(拦截),403,https://www.biqugu.cc#🎃
笔趣鸽,笔趣阁,有响应(拦截),403,https://m.ahfgb.com
笔趣鸽,小说 书源,有响应(拦截),403,https://www.ahfgb.com
笔阁趣文ᵖᶜ @🍀无CP,"全部来自论坛,搜索失效",有响应(拦截),403,https://www.xbgqw.com/
篱笆好文学,综合,有响应(拦截),403,https://www.libahao.com/
米读小说,小说 书源,有响应(拦截),403,https://www.nsdkh.com/
米读小说🎃#2,,有响应(拦截),403,https://www.nsdkh.com#🎃
粉翼书屋🎃,,有响应(拦截),401,https://m.fenyisw.com#🎃
精品小说,A级; 发现,有响应(拦截),403,https://m.jpxs.org
红莲相依（需要验证）,红莲相依,有响应(拦截),403,https://www.liandengzw.com
经致文学🎃,,有响应(拦截),403,http://www.jingzhi5.com#🎃
综合ss要数字？,,有响应(拦截),403,https://3wx4.23uup.com
综合文学(仅发现),涩文,有响应(拦截),403,https://www.23uup.com/##by_夏尔
美女图片网,"全部来自论坛,搜索失效",有响应(拦截),403,https://m.ku138.cc/
翠微居,男频,有响应(拦截),403,http://m.cuiweijux.com
翠微居,"男频,女频",有响应(拦截),403,http://www.cuiweijux.com
肉色漫画🎃,,有响应(拦截),403,https://m.roumh.com#🎃
艾途小说🎃,本地,有响应(拦截),401,https://m.aitbooks.com#🎃
芊芊小说,小说 书源,有响应(拦截),403,https://www.qqxsqqxs.com/#♤pb
芊芊小说,小说 书源,有响应(拦截),403,https://www.qqxsqqxs.com/#pb1101
芊芊小说,小说 书源,有响应(拦截),403,https://www.qqxsqqxs.com/
芊芊小说🎃,,有响应(拦截),403,https://www.qqxsqqxs.com#🎃
苦读书,"General,Cloudflare",有响应(拦截),403,http://www.kudushu.org/
菊奇书屋 #关耳 ▼下页 js,综合,有响应(拦截),401,https://m.juqisw.com#♤guaner
萝莉文学🎃,,有响应(拦截),403,https://www.luoliwx.net#🎃
落秋中文,小说 书源,有响应(拦截),403,https://www.luoqiu.info/
落秋中文⭐#南笙21.0101,"发现失效,搜索目录失效",有响应(拦截),403,http://www.luoqiuzww.com#南笙21.0101
落秋中文🎃,,有响应(拦截),403,http://www.luoqiu.io#🎃
落秋小说,小说 书源,有响应(拦截),403,http://www.luoqiu.io#grid tr!0
落秋小说,小说 书源,有响应(拦截),403,http://www.luoqiu.io#grid tr!0#芜恙
藏书阁,🏖️免费+,有响应(拦截),403,http://www.csgbook.com/
行知小说🎃,,有响应(拦截),403,https://m.cqgmp.com#🎃
衍墨轩子,小说 书源,有响应(拦截),403,http://www.ymxwx.com#
西瓜书屋🎃,222最新校验成功,有响应(拦截),401,https://www.xiguasw.com#🎃
言情中文网🎃,,有响应(拦截),403,http://www.yqzww.org#🎃
言情小说笔趣阁,★💒笔趣阁,有响应(拦截),403,https://m.xyqxs.cc
说书吧shuoshu8,❤小说,有响应(拦截),403,https://m.shuoshu8.com
诸天阁,小说 书源,有响应(拦截),403,https://www.zhutiange.com
诸天阁🎃,,有响应(拦截),403,https://www.zhutiange.com#🎃
读书吧,【小说1书源】,有响应(拦截),403,https://www.book56e.com
读书网,,有响应(拦截),403,https://www.dushuw.net
读书言情🎃,,有响应(拦截),403,http://www.bizhizhijia.com#🎃
读书阁子,-------,有响应(拦截),403,http://www.zmtt.net#yuan1107
读书阁渊,-------,有响应(拦截),403,http://www.zmtt.net#♤yuan
读了小说,小说 书源,有响应(拦截),403,http://www.dule.cc
读客书库,小说 书源,有响应(拦截),401,https://m.dukesk.com#🎃
读康阁🎃,222最新校验成功,有响应(拦截),401,https://m.dukangge.com#🎃
读康阁📖,,有响应(拦截),401,https://m.dukangge.com
豆瓣读书,自查,有响应(拦截),403,https://search.douban.com
起舞中文网🎃,,有响应(拦截),403,https://m.75zwcom.com#🎃
起舞中文🎃#2,,有响应(拦截),403,https://www.75zwcom.com#🎃
趣书吧,"精品,7月份,👍🏻",有响应(拦截),403,https://www.qushuba.net/
路虎小说,小说 书源,有响应(拦截),401,https://m.luhubook.com#🎃
酷漫屋,,有响应(拦截),403,http://www.kuman5.com
酷漫屋-自用,【WOW】,有响应(拦截),403,http://kuman5.com
酷漫屋📱,💯【稳定】,有响应(拦截),403,http://m.kuman5.com
醋溜儿文学网,可用,有响应(拦截),429,http://m.clewx.com
醋溜儿文学🎃,,有响应(拦截),403,https://m.clewxw.com#🎃
金羚文学,"发现目录失效,留备🔺,搜索目录失效",有响应(拦截),403,https://www.chinajinlingd.com
铅笔小说🎃,,有响应(拦截),403,http://www.jundu8.com#🎃
银卡书屋🎃,,有响应(拦截),401,https://m.yinkasw.com#🎃
阅宝书屋,"全部来自论坛,搜索失效",有响应(拦截),403,https://m.yuezibaomush1.com/
阳光中文,,有响应(拦截),403,https://www.sunzw.com
阳光中文🎃,,有响应(拦截),403,https://www.sunzw.com#🎃
阿婆小说🎃,,有响应(拦截),403,http://m.apoxs.com#🎃
陌上阁m,💭💭💭💭💭💭,有响应(拦截),403,https://m.xszww8.net/
陌上阁m🎃,,有响应(拦截),403,https://m.xszww8.net#🎃
雁北堂,💠精选,有响应(拦截),403,https://m.ebtang.com
雁北堂网,小说 书源,有响应(拦截),403,https://www.ebtang.com/
雨烟小说,【小说1书源】,有响应(拦截),401,https://m.yuyanxs.com
雪文网吧,小说 书源,有响应(拦截),401,https://m.xuewens.com
青果阅读⭐#南笙21.0101,"发现失效,搜索失效",有响应(拦截),403,http://api.qingoo.cn#南笙21.0101
青豆小说,天域战歌整理,有响应(拦截),403,http://www.qingdouw.cc
青豆小说,念心 || 小说,有响应(拦截),403,https://www.qingdou.la
非凡看书,,有响应(拦截),403,https://www.feifanks.com
顶点小说,,有响应(拦截),403,http://www.ibooktxt.net
顶点小说,小说 书源,有响应(拦截),403,https://www.znxdxs.com/
顶点小说,小说 书源,有响应(拦截),403,https://www.ddyueshu.com/
顶点小说,小说 书源,有响应(拦截),403,https://www.xiaoshuopu.com
顶点小说,小说 书源,有响应(拦截),403,https://www.xiaoshuopu.com#🎃
顶点小说,小说 书源,有响应(拦截),403,https://www.znxdxs.com#🎃
顶点小说,小说 书源,有响应(拦截),403,https://www.23wx.la/
顶点小说,"测试组,测试1,神",有响应(拦截),403,http://www.xsbooktxt.org
顶点小说 ddxs,人机验证-搜索,有响应(拦截),403,https://www.ddxs.com
顶点小说[jsz],水幽临渊0905,有响应(拦截),403,https://www.jszxfx.com/
顶点小说ibooktxt,,有响应(拦截),403,https://m.ibooktxt.com
顶点小说① #未月十八1001,"💭💭💭💭💭💭,搜索失效",有响应(拦截),403,http://www.23wx.io/#wy18-1001
顶点小说① #未月十八1001,"💭💭💭💭💭💭,搜索失效",有响应(拦截),403,http://www.23wx.io/
顶点小说②③,"【❌❌】网站失-效,搜索失效",有响应(拦截),403,https://m.23hh.net/#abysses
顶点小说🎃#10,222最新校验成功,有响应(拦截),403,https://www.sbooktxt.com#🎃
顶点小说🎃#9,,有响应(拦截),403,https://www.x23wxw.com#🎃
顶点小说🎃4,,有响应(拦截),403,https://www.ddyueshu.com#🎃
风华居,神段【大乘级】（小说源）,有响应(拦截),403,http://m.fenghuaju.cc
风华居/书库网,💐 女频,有响应(拦截),403,https://m.fenghuaju.cc/
风雨小说,小说 书源,有响应(拦截),403,https://www.fengyu.la/
风雨小说🎃,,有响应(拦截),403,https://www.fengyuxs.cc#🎃
飘天中文,小说 书源,有响应(拦截),403,https://www.ptzw.com/
飘天文学,小说 书源,有响应(拦截),403,http://www.piaotian.us#
飛豆小說,天域战歌整理,有响应(拦截),403,https://www.aishuxs.com
飞速中文,,有响应(拦截),403,https://m.feisxs.com#
飞速中文🎃#2,,有响应(拦截),403,https://m.feisxs.com#🎃
食在广州书网,🌸 免费,有响应(拦截),403,http://www.gzmeal.com/
饭团追书追书神器app,,有响应(拦截),403,http://b.zhuishushenqi.com
香网,🌸女生,有响应(拦截),429,http://www.xiang5.com
魔法书屋,💠精选,有响应(拦截),403,http://www.molizw.com
魔法书库,-------,有响应(拦截),403,http://www.molizw.com/##1
魔爪小说,综合,有响应(拦截),401,https://m.wenzhug.com
鱼鱼中文网🎃,,有响应(拦截),403,http://m.yuyuzw.com#🎃
鲁鲁小说网,³۝天域整理,有响应(拦截),403,https://www.luluskw.com
鲜果小说网🎃,,有响应(拦截),401,https://m.xianguoxs.com#🎃
麒麟书城⭐,发现,有响应(拦截),403,http://www.70sc.net
️书包族🎃,,有响应(拦截),403,https://m.shubaozu.org#🎃
️元宝小说M🎃,,有响应(拦截),403,https://m.ybwzx9e.com#🎃
️千千中文M🎃,,有响应(拦截),403,https://m.xqqxs8.net#🎃
️小说中文网🎃,,有响应(拦截),403,https://www.xszww8.net#🎃
🌐 爱思英语[仅发现],,有响应(拦截),403,https://www.24en.com
🌟 呦呦看书,"【❌❌】搜索正文失-效,搜索失效",有响应(拦截),403,https://www.youliaoxs.com
🌸 Y笔趣阁,"测试组,测试1,神",有响应(拦截),403,https://www.ybiquge.net
🌸 五八小说,小说,有响应(拦截),403,http://www.58xs.tw
🌸 读书网,,有响应(拦截),403,https://www.dushu66.net
🌸 采墨阁,"🌸197,🍍🍍🍍🍍🍍🍍,搜索失效",有响应(拦截),403,http://www.caimoge.com
🌸 风华居[更新快],🌸常用,有响应(拦截),403,https://www.fenghuaju.cc
🌸思怡小说,②🌸  常用,有响应(拦截),401,https://m.siyixs.com/
🌼 笔下纵横中文,"☄️☄️☄️☄️☄️☄️,搜索失效",有响应(拦截),403,https://www.apjadhw.com
🌼 趣书网™ ♈️♉️♊️♋️♌️♍️♎️♏️♐️♑️♒️♓️,,有响应(拦截),403,https://www.qubook.net#一程md912
🌼 趣书网™ ♈️♉️♊️♋️♌️♍️♎️♏️♐️♑️♒️♓️,,有响应(拦截),403,https://www.qubook.net
🍁 31小说 ♜,💯 精品,有响应(拦截),403,http://www.31xs.net#Namo1
🍁笔趣阁⑥⑧,🍁 笔趣 🍁,有响应(拦截),403,https://www.bqg11.com/
🍁笔趣阁⑥⑨,🍁 笔趣 🍁,有响应(拦截),403,https://www.xbqg8.com/
🍁笔趣阁⑧⑨,"【❌❌】搜索失-效,【】👾笔趣阁,搜索失效",有响应(拦截),403,http://www.108shu.com
🍁笔趣阁⑪③,🍁 笔趣 🍁,有响应(拦截),403,https://www.bqg27.com/
🍁笔趣阁⑬⑧,"🍁 笔趣 🍁,发现失效,搜索失效",有响应(拦截),403,http://www.bqgzw.org/
🍁笔趣阁⑭③,🍁 笔趣 🍁,有响应(拦截),403,http://www.27gu.net/
🍁笔趣阁⑰③,🍁 笔趣 🍁,有响应(拦截),403,http://www.bqgreed.com/
🍁笔趣阁㉜,,有响应(拦截),403,https://www.biqugexsw.cc
🍁笔趣阁㊺①,,有响应(拦截),403,http://www.ibiqudiao.com/
🍉 笔下文学,🍉 男频,有响应(拦截),403,http://www.ybsggzyjyxxw.com
🍏 婷阅小说>增加更新时间,🌼晨光雨露🍒精品源💯,有响应(拦截),403,https://m.tyue.net
🍒 红颜书吧[仅发现],🍒言情,有响应(拦截),403,https://www.hyshu.com
🍥笔趣小说,神段【大乘级】（小说源）,有响应(拦截),403,https://m.whzh-cw.com
🍩69书吧[yandex搜索代理],,有响应(拦截),403,https://69shuba.cx#yandex
🍩全本esstr[自写],,有响应(拦截),403,https://www.esstr.com/#xsw8093
🍩全本esstr[自写],,有响应(拦截),403,https://www.esstr.com/
🍩全本小说网[自写],👍 备用,有响应(拦截),403,https://www.songzichuanmei.com/#xsw8093
🍩天天看小说[繁体/墙],"可搜索,魔法,正文cf盾",有响应(拦截),403,http://ttk.tw
🍩无忧书城[自写],,有响应(拦截),403,https://www.51shucheng.net/#xsw8093
🍩曲歌小说[自写],,有响应(拦截),403,https://www.bequw.com/
🍩曲歌小说[自写],,有响应(拦截),403,https://www.bequw.com/#xsw8093
🍩泥古小说[自写],,有响应(拦截),401,https://m.nigubook.com/
🍩泥古小说[自写],,有响应(拦截),401,https://m.nigubook.com/#xsw8093
🍺 166小说,🍺特优,有响应(拦截),403,https://www.166xsk.com
🍺 墨缘文学,🍺 特优,有响应(拦截),403,https://www.mywxw.com/
🍺 天籁小说 picdg.co,🍺 特优,有响应(拦截),403,http://www.picdg.co
🍺 流星小说[仅发现],🍺特优,有响应(拦截),403,https://www.shupu.org
🍺 爱阅读[仅发现],🍺特优,有响应(拦截),429,http://m.loveyuedu.com
🍺 看小说去,,有响应(拦截),403,https://www.kxs7.net
🍺 笔趣阁,🍺特优,有响应(拦截),403,http://qq.hehuamei.com
🍺 算年年,已检验,有响应(拦截),403,https://www.suanniannian.com#修改
🎀旺尼小说,𐄚📖 小说常用,有响应(拦截),401,https://m.wnwen.com
🎃00小说网🎃#2,,有响应(拦截),403,https://www.00xiaoshuo.net#🎃
🎃三零读书🎃,,有响应(拦截),403,https://www.30dushu.com#🎃
🎃书仓网🎃,,有响应(拦截),403,https://m.shucangxs.com#🎃
🎃书本吧包🎃,,有响应(拦截),403,http://www.shuben8.cc#🎃
🎃全本小说网🎃,,有响应(拦截),403,http://www.xqb5.cc#🎃
🎃啦啦小说网🎃,,有响应(拦截),403,https://www.shulala.org#🎃
🎃奇幻小说🎃,,有响应(拦截),403,https://www.7huan.com#🎃
🎃女读小说🎃,,有响应(拦截),401,https://m.nvdushu.cc#🎃
🎃小强小说🎃,,有响应(拦截),403,http://123xiaoqiang.me#🎃
🎃我的书阁🎃,,有响应(拦截),403,https://www.myshuge.org#🎃
🎃摘书网🎃,,有响应(拦截),403,http://www.zhaishulou.net#🎃
🎃无忧小说网🎃,,有响应(拦截),403,https://www.51xsw.net#🎃
🎃无限小说🎃#5,,有响应(拦截),403,http://www.xs55.org#🎃
🎃第八小说🎃,,有响应(拦截),403,https://www.8xiaoshuo.com#🎃
🎃精华书阁🎃#3,,有响应(拦截),403,http://www.2ksk.org#🎃
🎃绿色小说网🎃,,有响应(拦截),403,http://www.greentxt.net#🎃
🎃蜘蛛小说网🎃,,有响应(拦截),403,https://www.zhizhuxs.com#🎃
🎃趣书吧🎃,,有响应(拦截),403,http://wap.qushuba.net#🎃
🎃金刚小说🎃,,有响应(拦截),401,https://m.jgxs.org#🎃
🎃️沙滩🎃,,有响应(拦截),403,http://m.shatanxs.com#🎃
🎈鲤鱼乡,"轻文,发现失效,搜索失效",有响应(拦截),403,http://www.liyuxiang123.com#关耳
🎉 01书库,,有响应(拦截),403,http://www.01shuku.com
🎉 147小说[仅发现],🎉精品,有响应(拦截),403,http://m.147xiaoshuo.com
🎉 16K小说网,🎉精品,有响应(拦截),403,https://www.16kxsw.com
🎉 乐文小说网,🎉精品,有响应(拦截),403,https://www.lewxs.com
🎉 叮当小说网[仅发现],,有响应(拦截),403,https://www.guxs.net
🎉 唐金文学,🎉精品,有响应(拦截),403,https://m.sztjgold.com
🎉 唯品书阁shusvip,🎉精品,有响应(拦截),403,https://www.shusvip.com
🎉 新快眼看书,"﹅ ♛ 精品,发现失效,搜索失效",有响应(拦截),403,https://ge8.net
🎉 新笔下文学,,有响应(拦截),403,https://www.xbxwx.org
🎉 梦千叠,🎉 精选 🎉,有响应(拦截),429,https://www.mqdxs.com
🎉 火推资源库,🎉 精选 🎉,有响应(拦截),403,https://www.htzyk.com
🎉 笔趣阁24,🎉 精选,有响应(拦截),403,http://www.bqg24.com/
🎉 笔趣阁36,🎉 精选,有响应(拦截),403,http://www.bqg36.com/
🎉 笔趣阁①⑤②,"💊无搜,🎉精品",有响应(拦截),403,https://www.xiaoshuo240.com
🎉 第一小说,,有响应(拦截),403,https://www.01xs.org
🎉 艾米小说[仅发现],🎉 精选 🎉,有响应(拦截),403,https://m.amxsw.com
🎉 落秋中文,🎉 精选 🎉,有响应(拦截),403,https://www.luoqiu8.com
🎉 雅文小说,-------,有响应(拦截),403,https://m.yawen.cc
🎉 魔眼看书,🎉精品,有响应(拦截),403,https://www.moyankan.com
🎉5200小说③,🎉 精选 🎉,有响应(拦截),403,http://www.5200xs.com/
🎉5200小说网⑤,"﹅ ♛ 精品,发现失效,搜索目录失效",有响应(拦截),403,https://www.5200xsw.net/
🎉52小说①①,,有响应(拦截),403,https://www.52xs.net/
🎉7k小说网②,,有响应(拦截),403,http://www.cdyzzx.com/
🎉UC小说网①,,有响应(拦截),403,http://www.ucxs.cc/
🎉一七五看书,,有响应(拦截),403,https://www.175book.com/
🎉一八零小说,,有响应(拦截),429,http://www.180xs.com/
🎉一点文学①,,有响应(拦截),403,https://www.1dwxw.com/
🎉一起看小说,,有响应(拦截),403,https://www.173kxsw.com/
🎉一零一看,魔法,有响应(拦截),403,https://101kan.com/##细雨尘寰
🎉书朋网①①,,有响应(拦截),403,https://www.shupengwang.com/
🎉书迷楼②①,,有响应(拦截),403,https://www.shumi.la/
🎉云轩阁①,🎉 精选 🎉,有响应(拦截),403,https://m.yunxuange.org/
🎉八零小说①,,有响应(拦截),403,https://www.800xs.cc/
🎉八零文学网,,有响应(拦截),403,https://www.800wenxue.com/
🎉六三小说网,,有响应(拦截),403,http://www.nbptweb.net/
🎉千千小说⑩,小说,有响应(拦截),403,https://www.77xs.com/
🎉啦啦文学网,"﹅ ♛ 精品,搜索失效",有响应(拦截),403,https://www.lalawx.net/
🎉墨坛库,🎉 精选 🎉,有响应(拦截),403,https://www.motanku.com/
🎉奇书网⑧①,,有响应(拦截),403,http://www.xjcas.com/
🎉奇快文学①,,有响应(拦截),403,https://www.qikuaiwx.com/
🎉奇趣小说①,,有响应(拦截),403,https://www.qiquxiaoshuo.com/
🎉小说旗①①,,有响应(拦截),403,https://www.xiaoshuo7.net/
🎉幻笔阁小说,,有响应(拦截),403,https://www.huanbige.com/
🎉思路客⑧①,,有响应(拦截),403,https://www.siluke5.com/
🎉思路客⑩①,,有响应(拦截),403,http://www.siluke8.com/
🎉恋上看书④,,有响应(拦截),403,https://www.630book.net/
🎉搜狗小说,小说,有响应(拦截),403,https://www.sgxs.cc/
🎉文学三四,🎉 精选,有响应(拦截),403,https://m.wenxue34e.com
🎉新笔趣阁,发现规则语法错误,有响应(拦截),403,https://m.bqg369.com
🎉无错小说网,,有响应(拦截),403,https://www.wcxsw.cc/
🎉晚秋中文网,🎉 精选,有响应(拦截),403,http://www.wanqiuwx.com/
🎉柠檬小说,,有响应(拦截),403,https://www.letnovel.com/
🎉格格党②①,,有响应(拦截),403,https://www.ggdown8.com/
🎉梦琪小说①,,有响应(拦截),403,https://www.mqxs8.com/
🎉森趣阁小说,,有响应(拦截),403,https://www.sktxt.net/
🎉燃文小说⑩,🎉 精选 🎉,有响应(拦截),403,https://www.ranwenxs.com/
🎉爬书网小说,,有响应(拦截),403,http://www.pashu.la/
🎉爱去小说网,,有响应(拦截),403,https://www.57zw.com/
🎉皮皮书吧①,,有响应(拦截),429,https://www.ppshu8.com/
🎉笔下文学⑥,🎉 精选 🎉,有响应(拦截),403,https://www.bixia77.com/
🎉笔下文学⑧,小说,有响应(拦截),403,https://www.vbixia.com/
🎉笔趣泡小说,,有响应(拦截),403,https://www.xbiqupao.com/
🎉米社书屋①,,有响应(拦截),403,http://www.mishe.cc/
🎉菊奇书屋 🈲,【小说1书源】,有响应(拦截),401,https://m.juqisw.com#guaner
🎉诺秋中文,🎉 精选 🎉,有响应(拦截),403,https://www.nuoqiuu.com/
🎉采墨阁②,🎉 精选 🎉,有响应(拦截),403,https://www.caimoge.org/
🎉零点看书③,🎉 精选 🎉,有响应(拦截),403,http://9kmy.com/
🎉顶点小说💜💜💜速,,有响应(拦截),403,http://www.ddxs.com#mdedit
🎉飘天文学,-------,有响应(拦截),403,http://www.huruijz.com/
🎉麒麟看书①,,有响应(拦截),403,https://www.70xs.cc/
🎉齐林书院①,,有响应(拦截),403,https://www.70shu.com/
🎊天籁书屋,优质源👍,有响应(拦截),403,https://m.tlshuwu.com/
🎊阅读书吧,优质源👍,有响应(拦截),403,https://m.yshuoba.com/
🎨 97漫画网,🎨漫画,有响应(拦截),403,https://www.97manhua.com
🎨 奇漫屋,🎨 漫画,有响应(拦截),403,http://qiman6.com
🎨 滴滴漫画,🎨漫画,有响应(拦截),429,http://www.nfydd.com
🎨 漫卡通,🎨漫画,有响应(拦截),403,https://mangakakalot.com
🎨 肉色漫画,"🚬刘备,🎨漫画",有响应(拦截),403,https://m.roumh.com
🎨 飞卢漫画,🎨漫画,有响应(拦截),403,https://mh.faloo.com
🎨147漫画网,漫画🎟️,有响应(拦截),403,https://m.i2356.com
🎨滴滴漫画,🎨 漫画,有响应(拦截),429,https://www.nfydd.com
🎨韩国漫画网,🎨 漫画,有响应(拦截),403,https://www.roumh.com
🏆婷阅中文¹🌱🪐Ⓜ️💦💢💥有空白页,"发现失效,﹅ ㊕ 特殊,﹅ ♛ 精品,搜索失效",有响应(拦截),403,https://www.tyue.me#修第二页获取
🏷️斋书苑,"☀晨光雨露💫精俢源💯,发现失效,搜索失效",有响应(拦截),403,https://www.sckaichi.com/
👌 临高启明同人,👌 常用,有响应(拦截),403,http://lgqm.huijiwiki.com/wiki/
👍 02书屋,,有响应(拦截),403,https://m.02shu.cc
👍 138看书,👍 优质,有响应(拦截),403,https://m.13800100.com
👍 19楼书包网[仅发现],👍优质,有响应(拦截),403,http://m.aishuxs.com
👍 31小说💙💙#onede,"❄️ 冷门,🌈onede,★",有响应(拦截),403,http://m.31xs.com#onede
👍 不格不,👍优质,有响应(拦截),403,https://www.vbuge.com
👍 免费看,,有响应(拦截),403,http://m.01shuku.com
👍 军婚小说,"【❌❌】搜索正文失-效,搜索失效",有响应(拦截),403,https://www.junhunxiaoshuo.com
👍 奇书网③,🏆精品,有响应(拦截),403,https://www.qisuu.la
👍 影视,神段【大乘级】（小说源）,有响应(拦截),403,http://www.yingshixiaoshuo.com
👍 影视,②💫优选,有响应(拦截),403,http://www.yingshixiaoshuo.com#type-post
👍 思路客,"🍍🍍🍍🍍🍍🍍,👍344,搜索失效",有响应(拦截),403,https://www.silukexsw.com#grid tr!0#芜恙
👍 搜狗小说,优质源👍,有响应(拦截),403,https://m.sgxs.cc
👍 熏梅在線小說[仅发现],³۝天域整理,有响应(拦截),403,https://www.twnovel.com
👍 爬书网[仅发现],👍优质,有响应(拦截),429,http://www.xywxs.com
👍 瓜子小说sm搜,👍优质,有响应(拦截),429,https://www.gzbpi.com
👍 真本小说,优质源👍,有响应(拦截),403,http://m.zhenben.org
👍 笔趣阁㉙[仅发现],,有响应(拦截),403,https://www.biqiugexsw.com
👍 笔趣阁㉜,👍 优质,有响应(拦截),403,https://m.biqugeii.com
👍 阅书阁[仅发现],👍优质,有响应(拦截),403,https://www.yshuge.com
👍爱尚小说#温暖满怀,"🍍🍍🍍🍍🍍🍍,👍344,搜索失效",有响应(拦截),403,http://www.asxs.com
👍爱尚小说#温暖满怀,"🍍🍍🍍🍍🍍🍍,👍344,搜索失效",有响应(拦截),403,http://www.asxs.com#温暖满怀
👍顶点小说㉒,优质源👍,有响应(拦截),403,https://www.23wx.io/
👔 都市言情,👔 绅士,有响应(拦截),403,http://www.dsyq.org/
💊 全本小说,💊无搜,有响应(拦截),403,https://www.xiaoshuo5.org
💊 抓书网,💊无搜,有响应(拦截),403,https://m.zhuashu.net
💊 纳兰小说,💊无搜,有响应(拦截),403,https://www.nlxs.org
💋知己小说,"7.其他,1.发现",有响应(拦截),403,https://www.zjxsfm.com
💗牛阅网,神段【大乘级】（小说源）,有响应(拦截),401,https://m.6yue.org
💠 天天看书,,有响应(拦截),403,https://ttk.tw/@
💦二三书吧①,,有响应(拦截),403,https://23shu8.com/
💦可乐小说①,💦 精品 💦,有响应(拦截),403,https://www.klxs.vip/
💦思路客④,"﹅ ♛ 精品,发现失效,搜索失效",有响应(拦截),403,https://www.siluke.la/
💦无错小说②,,有响应(拦截),403,https://www.read8.org/
💦看书啦小说,,有响应(拦截),403,https://www.stxsw.com/
💫5G小说,"发现目录失效,☃晨光雨露🍒精品源💯,搜索失效",有响应(拦截),403,https://m.5gxs.com#namo
💫趣书网,,有响应(拦截),403,https://www.qubook.net#一程edit
💯千千小说⑤,"﹅ ♛ 精品,发现失效,搜索失效",有响应(拦截),403,https://www.qqxs9.com/
💯悟空追书,🎉 精选 🎉,有响应(拦截),403,http://www.wukongzhuishu.com/
💯悟空追书,💯精品,有响应(拦截),403,https://www.wukongzhuishu.com
💰 磨铁中文,💰 正版,有响应(拦截),403,http://app2.motie.com#一程
💰 纵横 ⚤,🍀,有响应(拦截),403,https://search.zongheng.com#芜恙
💰 雁北堂,💰 正版,有响应(拦截),403,http://www.ebtang.com
💵 九九藏书·出版,💵 正版,有响应(拦截),403,https://www.99csw.com
💵 追书神器##3,"发现失效,【🈵♥🈵💯】231123千组1",有响应(拦截),403,http://b.zhuishushenqi.com##3
📄 橙瓜网▪数据,📑书单,有响应(拦截),403,http://api.chenggua.com
📖 五八小说,"测试组,👻 隐藏,第二次精校遗留,搜索失效",有响应(拦截),403,https://www.xwbxsw.com
📖 八路中文,微筛选,有响应(拦截),403,https://m.86zw.co/
📖 幽梦雨声,🤖 验证,有响应(拦截),403,http://www.youmengyusheng.com/
📖 快眼看书,📖 小说,有响应(拦截),403,http://www.bookcu.com/
📖 新斋书苑,📖 小说,有响应(拦截),403,http://www.sodu60.com/
📖 笔奇部网,📖 小说,有响应(拦截),403,https://m.biqubu.com/
📖 笔趣阁③#onede,🌴💒笔趣阁,有响应(拦截),403,https://www.biduo.cc/#onede
📖 笔趣阁网,"【🈵♥🈵💯】231123千组1,【】👾笔趣阁,搜索失效",有响应(拦截),403,https://www.biqugee6.com/
📖新八一中文网手机站【无搜索】@任尚仁,小说,有响应(拦截),403,https://m.x81zw2.com/
📖笔奇部【无搜索】@任尚仁,小说,有响应(拦截),403,https://m.biqubu3.com/
📚 奇快文学,微筛选,有响应(拦截),403,https://m.qikuaiwx.com
📚 舟默途桐,"🎉 精选（Tg敏感资源库
https://t.me/+Gk4E1u5cvaxhYTY1）",有响应(拦截),403,http://www.zmtt.net
📚九九藏书,,有响应(拦截),403,http://www.99csw.com#温暖满怀
📚九九藏书 #关耳,"出版,发现失效,搜索失效",有响应(拦截),403,https://www.99csw.com#guaner
📜 31小说手机版,[小说源],有响应(拦截),403,http://m.31xs.org
📜 奇幻小说,[小说源],有响应(拦截),403,https://m.7huan.com
📜 诺哈小说,[小说源],有响应(拦截),403,https://nuoha.com
📜八一中文⑬,[小说源],有响应(拦截),403,http://www.zwba.net/
📜热门小说①,[小说源],有响应(拦截),403,https://m.rmxsba.com/
📜笔下文学⑩,[小说源],有响应(拦截),403,http://www.bixiaju.com/
📡 完本神站[仅发现],📡发现,有响应(拦截),403,https://www.xinwanben.com
📡 晨曦[仅发现],📡发现,有响应(拦截),403,http://m.chenxitxt.com
📡 瓜子小说,"📡发现,🎉精品",有响应(拦截),429,https://m.gzbpi.com
📡 阅读书吧[仅发现],,有响应(拦截),403,https://www.yshuoba.com
📥 奇书网①,📥下载,有响应(拦截),403,http://www.qishu.cc
📥巴士书库 关耳,"📥 39,🍋🍋🍋🍋🍋🍋,搜索失效",有响应(拦截),403,http://m.84sk.com
📥巴士书库 关耳,"📥 39,🍋🍋🍋🍋🍋🍋,搜索失效",有响应(拦截),403,http://m.84sk.com#guaner
📦爱书小说,【小说3书源】,有响应(拦截),403,http://m.aishu55.cc
🔆笔趣阁❼❺,神段【大乘级】（小说源）,有响应(拦截),403,https://www.biqugev.cc/
🔌 笔趣宝™六月,"🎄🎄🎄🎄🎄🎄,搜索目录失效",有响应(拦截),403,https://www.biqubao.com/1
🔖17K小说,正版,有响应(拦截),405,https://search.17k.com
🔰 19楼书包网,,有响应(拦截),403,http://www.aishuxs.com/
🔰 5200小说网,小说,有响应(拦截),403,https://www.xs5200.net
🔰 58看书网,"﹅ ♞ 普通,发现失效,搜索失效",有响应(拦截),403,http://www.58kanshu.cc
🔰 TXT小说,🔰普通,有响应(拦截),403,https://www.txtxs.org
🔰 孤台中文,【小说2书源】,有响应(拦截),403,http://www.zhenshezw.com
🔰 小说娃[仅发现],🔰普通,有响应(拦截),403,https://m.xiaoshuowa.com
🔰 布拉,🔰 普通,有响应(拦截),401,https://www.bulasw.com
🔰 悠悠小说,🔰 普通,有响应(拦截),429,https://www.uuxss.com
🔰 洛尼小说网,🔰 普通,有响应(拦截),401,https://m.luonxs.com
🔰 灰太狼小说,🔰 普通,有响应(拦截),403,http://m.huitailang.org
🔰 看书堂,🔰 普通,有响应(拦截),403,https://www.kanshutang.org
🔰 穿越小说 💗,🔰 普通,有响应(拦截),403,http://www.chuanyue1.com
🔰 笔趣阁,🔰 普通,有响应(拦截),403,http://www.lebangyimin.com/
🔰 藏书阁,"﹅ ♞ 普通,发现失效,搜索失效",有响应(拦截),429,http://www.csg99.com#一程
🔰 麒麟,"🔰 普通,搜索失效",有响应(拦截),403,https://www.70xs.cc##
🔰ABC小说网#温暖满怀▼搜索不可用,,有响应(拦截),403,https://www.abcxs.net#温暖满怀
🔰D586小说网,🔰 一般 🔰,有响应(拦截),403,https://www.d586.com/
🔰一品小说②,🔰 一般 🔰,有响应(拦截),403,http://www.ypxiaoshuo.com/
🔰书海阁③,🏵️  小说,有响应(拦截),403,http://www.shuhaige.org/
🔰梧州,神段【大乘级】（小说源）,有响应(拦截),403,http://www.gxwztv.com
🔰起点中文,🔰 一般 🔰,有响应(拦截),403,https://www.qdzw.cc/
🔷 笔趣阁,"🔷 25,🍋🍋🍋🍋🍋🍋,搜索失效",有响应(拦截),403,https://www.biqooge.com#grid
🚀 SiS文学-android,微筛选,有响应(拦截),403,https://b.sis.la/
🚀 就是要爱,🚀VPN,有响应(拦截),403,https://941novel.com
🚬 小强小说②[仅发现],🚬刘备,有响应(拦截),403,http://www.123xiaoqiang.me
🚬 我的书阁[仅发现],💜未分组,有响应(拦截),403,https://www.myshuge.org
🚬 新暖才,🚬刘备,有响应(拦截),403,http://www.xncwxw2.com
🚬 百书楼①,BAD,有响应(拦截),403,https://m.bsl800.com
🚬 笔趣下书,🚬刘备,有响应(拦截),429,https://m.biquxiashu.com
🚬 第一版主(导航),BAD,有响应(拦截),403,https://www.ebay.com/usr/diyib31
🚬 第一版主(手机版),神段【大乘级】（小说源）,有响应(拦截),403,http://m.diyibanzhu.store/
🚬 辣文小说,🚬刘备,有响应(拦截),403,http://m.lawen24.com
🛠️ 千千小说②[无正文],🛠️待修,有响应(拦截),403,https://www.qqxs.cc
🥈百草堂文学,"🥈补充,失效",有响应(拦截),403,https://www.bctbook.com
🥈笔趣阁③,2,有响应(拦截),403,https://www.biqooge.com#grid tr!0
🥉30书院,💜未分组,有响应(拦截),403,https://m.30sy.cc
🧐52小说[仅发现]💯,"﹅ ♛ 精品,发现失效,搜索失效",有响应(拦截),403,http://www.52xs.cc
🧐诺哈💯,"﹅ ♛ 精品,发现失效,搜索失效",有响应(拦截),403,https://nuoha.com/book/index.html
🧐青果阅读,🏵️  小说,有响应(拦截),403,http://api.qingoo.cn
🪐老司机网,🪐绅士,有响应(拦截),403,http://www.laosijixs.net
+♛+爱小说网 #破冰1130,✔️,超时,,http://www.ixs5200.com#pb1101
100本·出版,"发现失效,搜索失效",超时,,https://www.100ben.net#🇨🇳Namo
116中文🎃,,超时,,https://m.116zw.com#🎃
12小说,网页源,超时,,https://www.12shuoxs.com/
166小说,,超时,,https://m.166xs.cc
16号书库,🏵️  小说,超时,,http://www.as16.com
171小说网,"发现失效,如月流光,☃晨光雨露᭄精俢源*,搜索失效",超时,,http://www.171xs.cc
23书吧,👍 备用,超时,,https://m.23shu8.net
258漫画网,💯【稳定】,超时,,https://m.wnixk.com
258漫画网⛅,,超时,,https://www.wnixk.com
2b小说网~2bzy.com,"AAA,发现失效,搜索失效",超时,,http://www.2bzy.com
2k小说,💠精选,超时,,https://m.2kxsw.com
33言情①（仅发现）,,超时,,https://www.33yq.com
360小说网🎃,,超时,,https://h.x360xs.com#🎃
360漫画🖥💡,"小尸妹(防盗链),失效",超时,,http://www.xueshine.com
365漫画📱⛅,漫画,超时,,http://m.iqg365.com
36漫画,漫画,超时,,https://www.36mh.net
36漫画,𐄛🎨 漫画常用,超时,,https://m.36manhua.com##柚屿
398小说,,超时,,https://m.398xs.com
39小说,🏵️  小说,超时,,http://m.fashuwx.com
3Z小说网,男频,超时,,http://www.3rzw.com
4020电子书,,超时,,http://www.wsskw.com
4020电子书·陆🎃,,超时,,http://m.wrlwx.com#🎃
4020电子书¹,✔,超时,,http://www.wrltxt.com
4020电子书🎃#2,,超时,,http://m.wsskw.com#🎃
4020电子书🎃#3,,超时,,https://www.iwurexs.net#🎃
4020🎃,,超时,,http://www.xwurexs.com#🎃
42zwcc,,超时,,http://www.42zw.cc
4小说🎃,,超时,,http://www.xyusk.com#🎃
5200小说,【小说2书源】,超时,,http://www.txtdd.com
520听书,🎧 有声,超时,,http://www.520tingshu.com
52PO小说🎃,,超时,,https://wap3g.po52.cc#🎃
52PO小说🎃,,超时,,https://www.po52.cc#🎃
52看漫画,,超时,,http://mh.59kan.vip
55读书,综合,超时,,https://www.changduzw.com/
55读书网,综合,超时,,http://www.changduba.com
60,校验公众号：【omega推文】,超时,,http://www.60ks.info
67书吧🎃,,超时,,https://www.67book.net#🎃
69书吧69shu.pro,®📖 搜集整理™,超时,,https://www.69shu.pro
69书吧🎃,,超时,,https://69shux.co#🎃
69书啦,神段【大乘级】（小说源）,超时,,http://m.69shu.la
69飞速中文网,☣️senhora起点,超时,,http://m.feiszw.com
7766小说网🎃,,超时,,http://wap.qiliuxs.com#🎃
7766小说🎃,,超时,,http://wap.qiliuwx.com#🎃
77网,"1,5.26,搜索失效",超时,,https://m.77z5.com/s.php
800文学网🎃,,超时,,https://www.800wx.net#🎃
81中文网🎃,,超时,,https://m.81cnw.com#🎃
88影视,𐄝🎥 视频,超时,,https://m.88mv.org
8X8X,³۝天域整理,超时,,https://bh8e9s.vip
8comic 🅰,漫画,超时,,http://app.6comic.com:88
95小说,综合,超时,,http://www.95dushu.net/
98漫画™,"🖼️🖼️🖼️🖼️🖼️🖼️,搜索失效",超时,,http://www.98mh.com
ACG和谐漫画-M,"漫画,发现失效,搜索失效",超时,,https://acgz.lianaimh.com
GMANHUA,漫画,超时,,http://www.gmanhua.com
HanaScan🇬🇧,,超时,,https://batoscan.net
HanaScan🇬🇧,,超时,,https://hanascan.com
HiComic-M,漫画,超时,,https://m.hicomic.net/h5
IOS软件兼容书源,番茄小说,超时,,http://110.40.38.4:5008
MM小说网,女频,超时,,https://www.mmtxt.com/
MangaFox™,"💭💭💭💭💭💭,搜索失效",超时,,https://ww3.mangafox.online
QC轻小说,神段【大乘级】（小说源）,超时,,https://www.qcacg.com/
QC轻小说,轻小说,超时,,www.qcacg.com
R 星星小说网🐶,"发现失效,搜索目录失效,失效,R🐶",超时,,https://www.xingxingxsw.com/
R 星星小说网🐶,R🐶,超时,,https://www.xingxingxsw.com/##RosiaPng
SoDu小说🎃,,超时,,http://m.soduzw.com#🎃
TVBS漫画,,超时,,https://www.tvbsmh.com
TXT小说天堂,"发现失效,搜索失效",超时,,http://www.xiaoshuotxt.org
UC小说🎃,平台,超时,,http://m.ucshuku.net#🎃
VV小说网🎃,,超时,,https://www.vvxs.xyz#🎃
Woo18小说,,超时,,https://m.woo15.com
bak🐼 丹书铁卷 ♛♛✘b,,超时,,https://www.dstiejuan.com#MDedit111x
bbiquge🎃,,超时,,http://m.bbiquge8.net#🎃
bl书库🔮,漫画,超时,,https://www.blshuku.com
https://www.pilibook.com/,微筛选,超时,,https://www.pilibook.com/
i社中国aisecy,☀其一,超时,,https://www.aisecy.com
md♛+✾燃文小说m✘,"﹅ ✾ 言耽,﹅ ♛ 精品,搜索失效",超时,,https://m.ranwen.la#1
md♜+百合小说 #一程,"【❌❌】搜索失-效,发现失效,搜索失效",超时,,https://m.baihexs.com#md-yc1101
mmKuu小说网,🏵️  小说,超时,,http://m.mmkuu.com
one漫画,"漫画,发现失效,搜索失效",超时,,https://www.ionemanhua.com
xheiyan黑岩阅读pc,正版,超时,,http://www.xheiyan.info
●♛+搜小说org✔︎✦ md,"发现失效,漫画,﹅ ♛ 精品,搜索失效",超时,,https://m.soxscc.org#md-yc1101
♛- ✎笔趣阁⑭⑤ #破冰,²♨笔-趣-阁❆,超时,,http://www.gebiqu.com/#♤pb
♛搜小说①,"﹅ ♛ 精品,发现失效,搜索失效",超时,,http://m.soxscc.org/#pb1101
♜ ✎笔趣阁⑦⑦ #破冰,²♨笔-趣-阁❆,超时,,http://www.biquluo.com/#♤pb
♜ ✎笔趣阁⑦⑦ #破冰1101,²♨笔-趣-阁❆,超时,,http://www.biquluo.com/#pb1101
♜ ✎笔趣阁⑧④ #破冰1101,²♨笔-趣-阁❆,超时,,https://www.mcmssc.com/#pb1101
♜ ✎笔趣阁⑪⑦ #破冰1101,笔趣阁,超时,,http://www.xbiquke.com/#pb1101
♜ ✎笔趣阁⑬ #破冰,²♨笔-趣-阁❆,超时,,https://www.xxxbiquge.com/#♤pb
♜ ✎笔趣阁⑬ #破冰1101,²♨笔-趣-阁❆,超时,,https://www.xxxbiquge.com/#pb1101
♜ ✎笔趣阁⑮⑨ #破冰,笔趣阁,超时,,https://www.biqugeka.com/#♤pb
♜ ✎笔趣阁⑮⑨ #破冰1101,笔趣阁,超时,,https://www.biqugeka.com/#pb1101
♜ ✎笔趣阁㊾ #破冰,"发现失效,小说",超时,,https://www.bbiquge.cc/#♤pb
♜ ✎笔趣阁㊾ #破冰1101,"发现失效,小说",超时,,https://www.bbiquge.cc/#pb1101
♜ 乐文小说① #一程1101,乐文,超时,,https://www.365xs.la#yc1101
♜ 官场小说 #一程,¹▽置顶`ȏ´正版发现,超时,,http://www.gcxs8.com#♤yc
♜ 官场小说 #一程1101,"发现失效,✔️,搜索失效",超时,,http://www.gcxs8.com#yc1101
♜ 武林中文① #一程1101,"【❌❌】网站失-效,搜索失效",超时,,https://www.50zw.com#yc1101
♜ 若雨中文 #一程1101,校验超时,超时,,http://www.3yt.com#yc1101
♜ 霹雳书坊 #一程,,超时,,https://www.pilibook.com#♤yc
♜ 霹雳书坊 #一程1101,,超时,,https://www.pilibook.com#yc1101
♜+166小说② #破冰,已检验,超时,,https://www.166xs.cc/#♤pb
♜+166小说② #破冰,已检验,超时,,https://www.166xs.cc/#pb1101
♜+3Z中文网 #破冰,⁴☃晨光雨露᭄精品源,超时,,http://www.530p.com/#♤pb
♜+3Z中文网 #破冰,⁴☃晨光雨露᭄精品源,超时,,http://www.530p.com/#pb1101
♜+乐文小说① #破冰1101,"﹅ ♜ 优质,搜索失效",超时,,https://www.xlewen.com/#pb1101
♜+思路客③ #破冰1101,"﹅ ♜ 优质,搜索失效",超时,,http://www.siluke.com/#pb1101
♜+搜书网① #破冰1101,"发现失效,搜书,﹅ ♜ 优质,搜索失效",超时,,https://m.soshuwu.com/#pb1101
♜+棉花糖小说① #破冰1101,已检验,超时,,https://www.mhtxs.la/#pb1101
♜+求小说网 #破冰,⁴☃晨光雨露᭄精品源,超时,,https://www.qiuxiaoshuo.org/#♤pb
♜+求小说网 #破冰,已检验,超时,,https://www.qiuxiaoshuo.org/#pb1101
♜+爱书包 #破冰1101,⁴☃晨光雨露᭄精品源,超时,,https://www.ishubao.org/#pb1101
♜+爱小说网 #破冰1101,⁴☃晨光雨露᭄精品源,超时,,https://www.ixs.cc/#pb1101
♜-31小说网② #破冰1101,"发现失效,﹅ ♜ 优质,搜索失效",超时,,https://www.31xsw.net/#pb1101
♜-✎笔趣阁⑤⑨ #破冰,²♨笔-趣-阁❆,超时,,http://www.biqugeu.cc/#pb1101
♜-✎笔趣阁⑤⑨ #破冰,²♨笔-趣-阁❆,超时,,http://www.biqugeu.cc/#♤pb
♜-全小说② #破冰,⁴☃晨光雨露᭄精品源,超时,,http://quanxiaoshuo.net/#♤pb
♜-全小说② #破冰1101,"发现失效,【❌❌】网站失-效,搜索失效",超时,,http://quanxiaoshuo.net/#pb1101
♜-千千小说④ #破冰,"发现失效,﹅ ♜ 优质",超时,,https://www.qqxs.tw/#♤pb
♜-来读读 #破冰1101,"﹅ ♜ 优质,搜索失效",超时,,https://www.laidudu.com/#pb1101
♜00小说网② #破冰1101,"发现失效,﹅ ♜ 优质,搜索失效",超时,,https://www.00xs.us/#pb1101
♜147小说✘ #一程,"﹅ ♜优质,🍀,搜索失效",超时,,https://www.147xs.org#yc1101
♜67书吧① #破冰1101,"发现失效,﹅ ♜ 优质,搜索失效",超时,,https://www.67shu.net/#pb1101
♜67书吧②,【🈵♥🈵💯】231123千组4,超时,,https://www.67book.net/#pb1101
♜69书吧① #破冰1101,【🈵♥🈵💯】231123千组4,超时,,https://www.69book.net/#pb1101
♜800文学网②,【❌❌】搜索失-效,超时,,https://www.800wx.net/#pb1101
♜▪︎燃文小说② #一程1201,"【❌❌】搜索失-效,搜索失效",超时,,https://www.ranwen8.com#yc1101
♜三六中文网,"【❌❌】搜索失-效,搜索失效",超时,,http://www.36zw.net/#pb1101
♜三六中文网,"﹅ ♜ 优质,搜索失效",超时,,http://www.36zw.net/#♤pb
♜五六文学网,"【❌❌】网站失-效,搜索失效",超时,,http://www.56wx.cc/#pb1101
♜千千小说⑦ #破冰,"发现失效,【❌❌】网站失-效",超时,,https://www.qqxsw.info/#♤pb
♜千千小说⑦ #破冰1101,"发现失效,【❌❌】网站失-效",超时,,https://www.qqxsw.info/#pb1101
♜品书居 #破冰1101,"﹅ ♜ 优质,搜索失效",超时,,http://www.pinshuw.la/#pb1101
♜天翼文学② #破冰,,超时,,https://www.tianyibook.la/#♤pb
♜天翼文学② #破冰1101,"发现失效,【🈵♥🈵💯】231123千组1,搜索目录失效",超时,,https://www.tianyibook.la/#pb1101
♜奇书网④ #破冰,﹅ ♜ 优质,超时,,https://www.qishubook.com/#pb1101
♜奇书网④ #破冰,﹅ ♜ 优质,超时,,https://www.qishubook.com/#♤pb
♜奇热小说② #破冰1101,"发现失效,﹅ ♜ 优质,搜索失效",超时,,https://www.qirexs.com/#pb1101
♜小说书库① #破冰1101,"【❌❌】搜索失-效,搜索失效",超时,,https://www.xssk.la/#pb1101
♜小说书库② #破冰1101,"发现失效,﹅ ♜ 优质,搜索失效",超时,,https://www.xssk.net/#pb1101
♜小说旗② #破冰1101,"发现目录失效,【❌❌】网站失-效,搜索失效",超时,,https://www.xs7.la/#pb1101
♜悠久小说,"﹅ ♜ 优质,搜索失效",超时,,http://m.ujxs.com/#pb1101
♜无限小说网② #破冰1101,校验超时,超时,,https://www.wenxuesk.com/#pb1101
♜烟雨小说网 #破冰1101,"发现失效,﹅ ♜ 优质,搜索失效",超时,,https://www.yyxsw.org/#pb1101
♜燃文小说⑥,"﹅ ♜ 优质,搜索失效",超时,,https://www.ranwen8.com/#pb1101
♜爱尚小说③ #破冰1101,"【❌❌】搜索失-效,搜索失效",超时,,https://www.23xsw.net/#pb1101
♜爱看中文网 #破冰1101,"🍍🍍🍍🍍🍍🍍,♜230",超时,,https://www.akzw.com/#pb1101
♜玲珑小说 #破冰,"发现失效,2,搜索失效",超时,,http://www.linglongfen.com/#♤pb
♜给力文学① #破冰1101,"【❌❌】搜索失-效,搜索失效",超时,,http://www.geiliwx.net/#pb1101
♜给力文学③ #破冰1101,"发现失效,﹅ ♜ 优质,搜索失效",超时,,http://www.wxg7.com/#pb1101
♜铅笔小说② #破冰,⁴☃晨光雨露᭄精品源,超时,,https://www.qianbiwx.com/#♤pb
♜铅笔小说② #破冰1101,⁴☃晨光雨露᭄精品源,超时,,https://www.qianbiwx.com/#pb1101
♜零点看书④ #破冰1101,"﹅ ♜ 优质,搜索失效",超时,,http://www.lingdiankanshu.com/#pb1101
♜顶点小说⑲ #破冰,⁴☃晨光雨露᭄精品源,超时,,http://www.dingdianxs.la/#♤pb
♜风雨小说④,"【❌❌】搜索失-效,搜索失效",超时,,http://www.fengyuxs.net/#pb1101
♜鬼吹灯①破冰,👍🏻 普通,超时,,http://www.gdbzkz.com/#♤pb
♜龙坛书网④ #破冰1101,需要登录,超时,,https://www.longtanshuw.net/#pb1101
♞ 69书吧 #一程1101,"【❌❌】搜索目录失-效,搜索目录失效",超时,,https://www.69book.net#yc1101
♞奇书网⑥ #破冰1101,"﹅ ♞ 普通,发现失效,搜索失效",超时,,https://www.qishuw.com/#pb1101
♠ 千千小说⑩,"♠ 精品 ♠,🎉 精选 🎉",超时,,https://www.77xsw.la/
♠ 笔趣看,"♠ 精品 ♠,🎉 精选 🎉",超时,,https://www.biqukan.net/
♬ 520听书 #破冰,"发现失效,2,搜索失效",超时,,http://www.fushu520.com/#♤pb
♬ 中文听书网 #破冰,"【❌❌】搜索失-效,搜索失效",超时,,https://www.tingzh.com/#♤pb
♬ 中文听书网 #破冰1025,听书,超时,,https://www.tingzh.com/#pb1025
♬ 芒果听书 #破冰,"发现失效,【❌❌】搜索正文失-效,【】👂有声,搜索失效",超时,,https://www.mgting.com/#♤pb
♬ 芒果听书 #破冰1025,听书,超时,,https://www.mgting.com/#pb1025
♬有声小说吧,"2,搜索失效",超时,,http://www.ysxs8.com/#♤pb
♻️丹书铁卷🌱⭐,,超时,,https://www.dstiejuan.com#温暖满怀
✈ 八一中文,精品书源,超时,,https://www.zwduxs.com
✈ 幻想小说,精品书源,超时,,https://m.huanxiangxs.com
✈ 悠久小说,精品书源,超时,,http://www.ujxsw.org
✈ 手机小说,精品书源,超时,,http://www.wbshuku.com
✈ 梦书中文,精品书源,超时,,http://www.mcxs.info
✈ 碧曲书库,精品书源,超时,,http://www.biqugewx.info
✈ 笔趣中文,精品书源,超时,,http://www.xbiquzw.net
✈ 阁笔趣,AAAAA新,超时,,http://www.gebiqu.com
✈ 鸟书网,精品书源,超时,,http://www.99xs.info
✈妹塔宇宙meitaav,𐄝🎥 视频,超时,,https://meitaav.com
✐   五一 txt,☃ 自用,超时,,https://www.51txt.cc/
✐   新笔趣阁,☃ 自用,超时,,https://api.diwudianqi6.cn
✐  第八区,☃ 自用,超时,,https://www.szsdjh.com//
✐ 1359漫画-M #Haxc,"🎨 C漫画,0-🏜️ 图片",超时,,https://m.1359mh.com#♤Haxc
✐ ㊣极速漫画 #Haxc1107,【🈵♥🈵💯】231123千组4,超时,,http://www.1kkk.com#Haxc1107
✐ 哔咔漫画🌐 #Haxc,漫画🎟️,超时,,http://m.bikabika.com#♤Haxc
✐ 酷爱漫画💡 #Haxc,漫画🎟️,超时,,https://www.kuimh.com#♤Haxc
✔︎㊝ 天籁小说m ♜♜♜,,超时,,https://m.23txt.com#渊呀81m
✔︎㊝ 搜小说✦ ♛♛♛ soxscc.org,,超时,,http://m.soxscc.org/#m1
✔︎㊝ 酷笔记✦ ♛♛♛ kubiji.net,,超时,,https://m.kubiji.net/#1
✾ 520小说 #一程1101,"发现失效,【❌❌】网站失-效,搜索失效",超时,,http://m.520xsb.com#yc1101
✾+ 搜小说,"﹅ ✾ 言耽,搜索失效",超时,,https://m.soxscc.net/#kd11
✾.Ⓒ 霹雳书坊 #未月十八1001,微筛选,超时,,https://m.pilibook.com#wy18-1001
✾百合小说 #关耳,⭐️小说,超时,,https://m.baihexs.com#guaner
❗️闲读小说,"发现失效,----> 06_开车源,---> 061_ 成长,搜索失效",超时,,https://www.xianduxs.info/
⭐全民追书,"搜索正文失效,🎄🎄🎄🎄🎄🎄",超时,,http://api.lemengfun.com
㊕ ✾爱他小说 #一程,"【❌❌】搜索失-效,发现失效,搜索失效",超时,,http://www.hiaita.com#♤yc
㊕ ✾爱他小说 #一程1101,"【❌❌】搜索失-效,发现失效,搜索失效",超时,,http://www.hiaita.com#yc1101
㊕ 白马楼 #一程,"无梦解书荒,1030",超时,,https://www.baimalou.com#♤yc
㊝ 奇书网 ♜♜,,超时,,https://www.qishubook.com/#z
㊝ 思路客① ♜♜,,超时,,https://www.shuquxs.com/#破冰
㊝ 新青豆小说 ♛♛♛♚ +,,超时,,https://www.xinqingdou.net/
㊝ 新青豆小说 ♛♛♛♚ +,,超时,,https://www.xinqingdou.net/#pb
㊝ 热门小说m ♛♛,,超时,,https://m.rmxs8.net/#pb
㊝ 燃文小说② ♛♛速,,超时,,https://www.ranwen8.com#一程z
㊝ 爱小说 ♜♜,⁴☃晨光雨露᭄精品源,超时,,https://www.ixs.cc/#cookie？
㊝ 笔下文学m✦ ♛♛♛,,超时,,https://www.bxwxorg.com/#m
㊝ 精武小说网 ♜♜♜,,超时,,http://www.jingwuhotel.com
㊝ 采墨阁 ♛♛♛,,超时,,https://www.caimoge.net#1
㊝ 青豆小说 ♜♜♜,,超时,,http://www.xinqingdou.cc/#md
㊣✐ 酷爱漫画  #一程,漫画🎟️,超时,,https://www.kuimh.com#♤yc
一世书城,,超时,,https://m.14txt.net
一世书城,20250428,超时,,https://www.1114txt.net
一个漫画amcomic,💜漫画,超时,,https://www.amcomic.com
一曲书斋,😂首选,超时,,https://www.cowxs.com
一曲书斋🎃,,超时,,https://m.xseeo.com#🎃
一百本网#玄奇21.0202,"发现失效,搜索失效",超时,,https://www.100ben.net#玄奇21.0202
一读小说（优）,,超时,,https://www.121ds.cc
一读小说🎃,,超时,,https://www.121ds.cc#🎃
一起看书网,🏵️  小说,超时,,http://www.17books.xyz
七七读书,综合,超时,,http://www.77dushu.com
七七读书,小说 书源,超时,,http://www.77dushu.com#未月十八改
七七读书,,超时,,http://www.shuku.net
七七读书,小说 书源,超时,,http://www.77shuku.net#🎃
七七读书,💯 满分,超时,,http://www.77dushu.com#未月十八repair
七六小说,,超时,,http://wap.qiliuwx.com/
七零一七🎃,,超时,,https://www.7017k.net#🎃
万书屋🎃,,超时,,http://wap.wanshuwu.com#🎃
万相书城🎃#2,,超时,,https://www.wxscn.com#🎃
三K小说,"♡ོ晨光雨露✺精品源,发现失效,如月流光,搜索失效",超时,,http://m.kkkxs.com
三七轻小说,✨,超时,,https://m.37yq.com/
三九小说,小说 书源,超时,,http://www.xyshuk.com
三九小说,小说 书源,超时,,http://www.wxshuku.info
三九小说,,超时,,http://www.wxshuku.org
三九小说网,"发现失效,搜索失效",超时,,https://www.39xsw.com/
三五中文,小说 书源,超时,,https://www.xkushu.com/#pb1101
三五中文网🎃,,超时,,http://www.xkushu.info#🎃
三五文学🎃,,超时,,https://www.35wx.la#🎃
三八小说,小说 书源,超时,,https://m.88gp.net/
三好小说,🏵️  小说,超时,,http://m.sanhaoxs.net
三好小说网#玄奇21.0202,"发现失效,搜索失效",超时,,http://www.sanhaoxs.net#玄奇21.0202
下书小说,小说 书源,超时,,https://m.moshayuan.com#🎃
下书小说网 m.moshayuan.com,未测试,超时,,https://m.moshayuan.com
专业txt小说下载,天域战歌整理,超时,,https://www.xiazaitxt.net
东方小说,小说 书源,超时,,https://103.127.124.25
东方小说🎃,,超时,,https://103.127.124.25#🎃
东阳小说,小说 书源,超时,,http://www.77shuku.la
中学读物📚#南笙21.0101,"出版,发现失效,搜索失效",超时,,https://fox2008.cn#南笙21.0101
丹书铁卷 ✘,¹▽置顶`ȏ´正版发现,超时,,https://www.dstiejuan.com#温暖满怀edit
久久小说🎃,小说,超时,,http://www.5299txt.net#🎃
久久文学,"💭💭💭💭💭💭,搜索失效",超时,,http://www.99wenku.org
乐库小说🎃,,超时,,http://m.6lk.la#🎃
乐文⁷⁷,,超时,,https://www.lw77.cc
乐文小说,小说 书源,超时,,http://www.lwxstxt.com
乐文小说,笔趣阁 [蓝] （天天的鸟蛋蛋）,超时,,https://m.lwma.cc
乐文小说🎃#2,小说,超时,,http://m.lewenge.cc#🎃
乐文小说🎃#3,,超时,,https://www.newpopo.com#🎃
乐文小说🎃#4,,超时,,http://www.65xs.net#🎃
乐文阁网🎃,小说,超时,,http://www.lewenge.cc#🎃
乐阅读,🌼晨光雨露🍒精品源💯,超时,,https://www.lread.net
九五书包,-------,超时,,http://www.95shubao.info
九五书包🎃#2,222最新校验成功,超时,,http://www.95dushu.net#🎃
九五小说,,超时,,http://www.jwdushu.com#南笙21.0101
九五小说🎃,🍜其他,超时,,http://www.jwdushu.com#🎃
九五小说🎃#2,,超时,,http://m.95dushu.com#🎃
九啦啦漫画,,超时,,http://manhua.9lala.com
九桃小说,小说 书源,超时,,http://00txs.com
九桃小说,小说 书源,超时,,http://www.11txs.com
九桃小说🎃,,超时,,http://11txs.com#🎃
九霄文学,³۝天域整理,超时,,http://www.jxwts.com
书书小说网,综合,超时,,http://www.shushun.cc
书包文学网,💠 其他,超时,,http://www.shubaowx.com
书林文学①,📖 晨光雨露,超时,,http://www.shu111.com
书枫迟诗,自查,超时,,https://s.fjwhcbsh.com
书楼吧小说,🎉 精品,超时,,https://www.shulouba8.com/
书楼吧🎃#2,,超时,,https://m.shulouba8.com#🎃
书籍推荐🎃,,超时,,https://www.aixiake.com#🎃
书虫中文,💜未分组,超时,,https://www.shuchong.info#time发现
书趣阁[is],"🚀 加速,🌸 免费",超时,,https://www.ishuquge.org/
书趣阁吧,,超时,,http://www.xshuquge.net
书趣阁子,,超时,,http://wap.xshuquge.net
书趣阁子,小说 书源,超时,,http://wap.xshuquge.net/##细雨尘寰
书连阅读,小说 书源,超时,,https://www.facerome.com
书迷之家,小说,超时,,https://m.vu8o.com
书阁🎃,222最新校验成功,超时,,https://www.shugege.net#🎃
书阅屋,🎉 精品,超时,,http://www.shuyuewu.cc/
二三中文,综合,超时,,http://wap.ersanxs.info
二三中文网🎃,🍜其他,超时,,http://m.ersanxs.net#🎃
二开小说,小说 书源,超时,,https://www.2kxs.org#wy18-1001
云中书库,小说 书源,超时,,http://m.yunxs.cc#
云中书库,小说 书源,超时,,http://m.yunxs.com
云中书库,小说 书源,超时,,http://m.yunxs.com#薅白
云中书库,小说 书源,超时,,http://www.yunxs.com#嘚嘚21.0201
云中书库,小说 书源,超时,,http://m.yunxs.info
云中书库,念心 || 小说,超时,,http://www.yunxs.com#未月十八改
云中书库3,,超时,,http://www.yunxs.com/#wy18-1001
云小说网,,超时,,http://www.yunxs.com
云小说网,念心 || 小说,超时,,http://www.yunxs.com#1
云来阁,👍 优质,超时,,https://www.yunlaige.com
云霄阁,小说 书源,超时,,http://www.yxgxs.org
五二书库 ip,搜索失效,超时,,http://83.136.49.2
五五小说,小说 书源,超时,,https://www.changduzw.com#未月十八改
五六书库⭐#南笙21.0101,搜索失效,超时,,http://www.pingshuku.com#南笙21.0101
五六书库🎃,,超时,,https://wap.56shuku.info#🎃
五湖中文网,普通,超时,,http://www.5hzw.com
人文书库🎃,,超时,,http://www.rwsk2.com#🎃
亿软小说,🍜其他,超时,,http://m.yiruan.info
亿软小说,,超时,,http://www.yiruan.info#🎃
亿软小说🎃3,,超时,,https://m.yruan.com#🎃
亿软网吧,,超时,,http://www.yruan.com#🎃
亿软网吧,-------,超时,,http://www.yruan.com
优·快眼小说🎃,,超时,,http://www.kyxsw.org#🎃
优·笔趣阁,精品书源,超时,,http://www.173kt.net#🎃
优书荒子,-------,超时,,http://www.shuhuanghuang.com
优优🎃,,超时,,https://m.yoyowx.com#🎃
优步小说网,涩文,超时,,http://m.ubuxs.com
优特小说🎃,,超时,,https://m.utexs.com#🎃
侠客中文网🎃,,超时,,http://www.xkzww.cc#🎃
侠客小说,小说 书源,超时,,https://m.tcknh.com/
修真堂,已检,超时,,http://www.xiuzhent.com/
儿童读书,小说 书源,超时,,https://www.changduzw.com#🎃
免费听书,³۝天域整理,超时,,http://www.tingfree.com
免费看,"发现失效,搜索失效",超时,,http://m.qshuk.com/
免费看,,超时,,http://m.dashenbook.com
免费读网,名著出版,超时,,https://www.mianfeidu.com
全免小说,女频,超时,,https://www.danmeic.com
全本小说,,超时,,http://www.jwdushu.com#wy18-1001
全本小说,🎃 通用,超时,,https://www.quanbentxt.net#
全本小说5200🎃,,超时,,http://www.xs5200.com#🎃
全本小说网,"发现失效,🍀,搜索失效",超时,,http://www.wanbenxiaoshuo.net
全本小说网🎃#2,,超时,,https://m.qbxiaoshu.com#🎃
全本小说🎃#4,,超时,,https://www.qb50.net#🎃
八一中文,静白校对(2023年3月31号),超时,,http://www.zwduxs.com#grid tr!0
八一中文,-------,超时,,https://www.zwduxs.com#关耳
八一中文,-------,超时,,http://www.zwduxs.com#grid tr!0#芜恙
八一中文,小说 书源,超时,,http://www.81zw.tv/
八一中文,小说 书源,超时,,http://www.81zw.tv#🎃
八一中文2,[小说源],超时,,https://m.blxs.la/
八一中文🎃,📃论坛,超时,,https://www.zwduxs.com#🎃
八一中文🎃,,超时,,http://www.zwduxs.com tr!0#芜恙#🎃
八一中文🎃#2,,超时,,http://m.zwduxs.com#🎃
八中文网,-------,超时,,https://www.zwduxs.com#嘚嘚21.0201
八月文学,"♡ོ晨光雨露✺精品源,如月流光",超时,,http://www.xiaqu.org
八零中文80zw,❤小说,超时,,http://www.80zw.cc
六九中文,E组,超时,,https://www.liujiuzw.com
六漫画-M,漫画,超时,,http://m.sixmh6.com
冬天中文,小说 书源,超时,,https://www.xkushu.com/
冷冷文学🎃,小说,超时,,https://www.lengleng.cc#🎃
冷门小说网,9月,超时,,https://www.lengmen.org/
凌晨看书,"发现规则为空,破冰&一程0902",超时,,https://www.lingchenkanshu.com
凌晨看书,1005个,超时,,https://m.lingchenkanshu.com
凡人小说,天域战歌整理,超时,,https://wap.washuw.com
凤凰小说,"💭💭💭💭💭💭,搜索失效",超时,,http://www.11txt.com
出处源-仓库 不格小说网,,超时,,https://m.bugexs.com
出处源-仓库 笑佳人文学,,超时,,https://m.xiaojiaren.com
出处源-仓库🔰 笔趣阁⑦,,超时,,http://www.biqushu100.com/
前路🎃,,超时,,https://www.qianluxiaoshuo.com#🎃
动漫之家,5.轻文,超时,,https://v3api.dmzj.com
动漫之家s₁️-A,漫画,超时,,http://s.acg.dmzj.com
勤书网吧,小说 书源,超时,,http://member.iqinshu.cn/##zhbyjm7783
千千小说,小说 书源,超时,,https://www.qqxs.io#🎃
千帆小说,"💭💭💭💭💭💭,搜索失效",超时,,https://www.qianfanxs.com#未月十八改
南山书院①,"【❌❌】搜索失-效,搜索失效",超时,,https://www.szyangxiao.com#wy18-1001
南山书院④,"【❌❌】搜索失-效,搜索失效",超时,,https://www.szyangxiao.com#南笙21.0101
南山书院⑤,"【❌❌】搜索失-效,搜索失效",超时,,https://www.szyangxiao.com#温暖满怀
南山书院⑥,"【❌❌】搜索失-效,搜索失效",超时,,https://www.szyangxiao.com#鸡排饭
博爱书屋,小说 书源,超时,,http://www.bequgew.info
卡卡文学,小说 书源,超时,,https://m.kkwxw.cc
卡卡文学🎃,,超时,,https://m.kkwxw.cc#🎃
原創市集,,超时,,https://www.woo16.vip#🎃
去看书网,"🔱 绅士淑女 🔱,网站失效",超时,,https://www.qkshu.com
去读书网,,超时,,http://www.77dushu.com#🎃
发的小说,"🥇小黑网络素材,小说 书源",超时,,https://m.xiaxs.la
发的小说,-------,超时,,https://m.xiaxs.la##响海
发米友小说网,神段【大乘级】（小说源）,超时,,http://www.famiyou.com
古典小说📖#南笙21.0101,"﹅ ♞ 普通,发现失效,搜索失效",超时,,https://www.seeol.com#南笙21.0101
句子迷🎃,,超时,,https://www.juzimi.com.cn#🎃
可以小说🎃,,超时,,https://www.shongshu.com#🎃
叽叽小说网🎃,,超时,,https://www.jjiiw.cc#🎃
同人小说🎃,,超时,,https://199.33.125.173#🎃
同人小说🎃#2,,超时,,http://www.trxs123.com#🎃
吧电子书,小说 书源,超时,,http://www.wrltxt.com#🎃
吧电子书,小说 书源,超时,,http://www.wsskw.com#🎃
听书楼,,超时,,https://m.tingshulou.com
吾爱看书,"普通,发现",超时,,http://m.52shu.net
咔咪漫画,失效,超时,,http://www.nkcartoon.com/comic
品书客子,小说 书源,超时,,https://www.pinshuke.org
品书客🎃,,超时,,https://www.pinshuke.org#🎃
品书居,"破冰｜黄凡凡,搜索失效",超时,,http://www.pinshuw.la/
哇啊书库,小说 书源,超时,,http://m.pingshuku.com#🎃
哔哩轻小说,轻小说📗,超时,,https://m.linovelib.com
唐三中文,,超时,,http://www.tangsanshu.org#🎃
唐三中文,💠精选,超时,,http://www.xtangsanshu.com
唐三中文,小说 书源,超时,,http://www.tangsanshu.org#
唐三中文🎃,常规,超时,,http://www.xtangsanshu.com#🎃
唔唔小说,小说 书源,超时,,https://www.changduzw.com#未月十八repair#wy18-1001
唔啊读书,小说 书源,超时,,http://www.55dushu.com
啃文中文,天域战歌整理,超时,,https://m.kenwenzw.com
四零二零,小说 书源,超时,,http://www.wrlwx.com#guaner
四零二零,,超时,,https://www.iwurexs.com
四零二零,-------,超时,,https://m.iwurexs.com/
四零二零,小说 书源,超时,,http://www.wrlwx.com#wy18-1001
四零二零🎃,,超时,,http://www.iwurexs.com#🎃
土豆小说,⁵♡ོ晨光雨露✺普通源,超时,,https://www.tdxs.com/
土豪漫画-M,漫画,超时,,https://m.toho123.com
土豪漫画📱,漫画,超时,,https://m.tohomh123.com
地狱,18,超时,,https://18comic2.one/?__cf_chl_jschl_tk__=69592bfcc4e6033828b7655b38ba87681781ec8f-1620649642-0-AbUKXGE3fR7Fm5xD4GE9r5iJz2DfS3m
地狱,18,超时,,https://18comic2.one/
多多漫画,💯【稳定】,超时,,https://www.hlgoo.cn
多多漫画-M,漫画,超时,,https://m.duoduomh.com
夜读书屋,🏖️免费+,超时,,https://www.yedu360.com/
大帝小说,,超时,,http://www.anshuge.com/
大漠阁,🏵️  小说,超时,,https://www.damoke.cc
大漠阁,男频,超时,,http://www.damoke.cc
天域小说,小说 书源,超时,,https://www.zmccx.com#🎃
天域小说,小说 书源,超时,,https://www.tycqzw.la#🎃
天域小说网,⁴☃晨光雨露᭄精品源,超时,,http://www.tycqxs.com
天天中文网①,"【❌❌】搜索失-效,搜索失效",超时,,http://www.ttzw.tv/
天平小说,,超时,,http://www.77shuku.net
天章小说网,,超时,,https://m.tianzhangs.com
天籁小说,小说 书源,超时,,https://m.23sk.com
天籁小说网🎃,,超时,,https://m.tlaibook.cc#🎃
天美小说🎃,第一批,超时,,https://m.tianmeixs.com#🎃
天龙书院,天域战歌整理,超时,,http://m.tl-book.com
奇书网①,3、精品,超时,,https://www.xqishuta.com
奇书网⑥,"发现失效,﹅ 通用书源▪︎玄奇,搜索失效",超时,,https://www.qishuw.com/
奇书网吧,小说 书源,超时,,http://www.iqishu.la
奇塔小说,小说 书源,超时,,http://www.feishuwx.com
奇漫屋🎃,,超时,,https://www.mqzjw.com#🎃
女生文学,,超时,,http://m.wenxuem.com
女生文学🎃,,超时,,http://www.wenxuem.com#🎃
女生文学🎃#2,,超时,,http://m.wenxuem.com#🎃
奴奴漫画,失效,超时,,http://www.2nunu.com
奴奴漫画,漫画,超时,,https://www.2nunu.com
好笔阁🎃,,超时,,https://www.1688by.com#🎃
妈妈小说🎃,222最新校验成功,超时,,http://m.momxs.com#🎃
妙笔文学,🏖️免费+,超时,,https://www.mbtxt.la/
妹子GIF-P,"发现失效,搜索失效",超时,,https://www.meizigif.com
学笔网,酷友,超时,,https://www.xuebiw.com/
宅阅读吧,小说 书源,超时,,https://m.zydu3.com
完本小说,,超时,,https://www.wbxs.org
完本小说,小说 书源,超时,,https://www.wanbenxs.com/
完本小说🎃,常规,超时,,https://www.wbxs.org#🎃
完结书库,小说 书源,超时,,https://m.wanjieshuku.com
完结书库🎃,,超时,,https://m.wanjieshuku.com#🎃
完结屋,,超时,,http://www.wanjie.com
完美小说,小说 书源,超时,,https://m.22pq.com
完美小说,Namo,超时,,https://www.umiwx.info
完美小说🎃,,超时,,https://m.umiwx.com#🎃
宝  书  网,"﹅ ㊦ 下载,搜索目录失效,发现目录失效,﹅ 通用书源▪︎玄奇",超时,,http://m.baoshuxuan.com
宝文书库🎃,小说,超时,,https://www.mybaowen.com#🎃
小强小说网（网站不稳定）,"☣️精选senhora,天域战歌,☣️发现大精选",超时,,https://www.xiaoqiang520.cc
小强文学,男频,超时,,https://www.xiaoqiangwx.org
小说520,,超时,,https://www.xs520.com/
小说520,💠精选,超时,,https://m.xiaoshuo520.com#
小说520🎃,,超时,,https://m.xiaoshuo520.com#🎃
小说书库,🏵️  小说,超时,,http://www.xssk.la
小说书库,小说 书源,超时,,https://www.xssk.net#🎃
小说书库②,🎉 精品,超时,,https://www.xssk.net/
小说书库🎃,,超时,,https://www.xssk.la#🎃
小说云🎃,,超时,,http://api.xiaoshuoyun.cn#🎃
小说天堂🎃,,超时,,https://www.xstt5.com#🎃
小说屋子,小说 书源,超时,,http://www.xiaoshuowu.com/
小说旗🎃,🍜其他,超时,,https://www.xs7.la#🎃
就爱文学,,超时,,http://m.92xs.info/
就爱文学,小说 书源,超时,,http://m.92xs.info/##细雨尘寰
就爱文学🎃,,超时,,http://www.92xs.info#🎃
就爱言情,女频,超时,,https://m.92yanqing.com
就爱言情小说网,小说,超时,,https://www.92yanqing.com
就爱言情🎃,,超时,,https://www.92yanqing.com#🎃
尾小说网,小说 书源,超时,,https://www.2kxs.info/
尾巴小说,小说 书源,超时,,https://wap.pan8.net
山立漫画,漫画,超时,,https://www.setnmh.com
巴士看书,🎃 通用,超时,,https://www.84kanshu.com#
巴士看书🇨🇳,111最新校验成功,超时,,https://www.84kanshu.com/##xsw
巴蜀库,"﹅ 通用书源▪︎玄奇,搜索失效",超时,,http://www.bashuku.net/
帝书阁,🏖️免费+,超时,,http://www.dishuge.org/
帮我书库,小说 书源,超时,,http://www.ppskw.com#一程
常新小说,,超时,,https://m.xinqiaoxs.com
干电子书,小说 书源,超时,,https://m.iwurexs.com#🎃
平凡文学,综合,超时,,http://www.pfwx.com
平凡文学,水幽临渊0905,超时,,http://www.pksge.com/
平凡文学🎃,,超时,,http://www.pfwx.com#🎃
幻想小说网,,超时,,https://m.smrhm.com
废纸文学🎃,,超时,,https://www.sosadhappy.com#🎃
开源书源,免费,超时,,http://www.loubiqu.com/
彼阅漫画,漫画,超时,,https://www.bymanhua.com
御宅书屋🎃,,超时,,http://m.xbbxs.com#🎃
必去书屋,﹅ ♞ 普通,超时,,https://wap.biqusk.com/
必去楼🎃,,超时,,http://www.bequ6.org#🎃
必去楼🎃,🎄常用,超时,,http://m.bequ6.org#🎃
必读小说[修复],"9月,搜索失效",超时,,https://www.xbiquxs.com
必读小说[修复],搜索失效,超时,,https://www.biquxs.me/
志虎文学,小说 书源,超时,,https://zhihuwenxue.com/
快看小说,网页源,超时,,https://www.kuaikanxs.com/
思怡小说,小说 书源,超时,,https://m.haidao8.org
思路客,,超时,,http://www.shuqusk.info
思路客,"人机验证-搜索,暂不可用",超时,,https://www.siluke.com
思路客,小说 书源,超时,,http://www.siluwu.com#🎃
思路客网,,超时,,http://www.siluwu.com/
悠久小说,"破冰｜黄凡凡,搜索失效",超时,,http://m.ujxs.com/
悠久小说,小说 书源,超时,,http://www.ujxsw.net#🎃
悠久小说,小说 书源,超时,,http://wap.ujxsw.net/##细雨尘寰
悠久小说🎃#4,,超时,,http://m.ujxsw.net#🎃
悠悠书盟,天天,超时,,https://www.u33.me
懒人小说,小说 书源,超时,,https://www.lrxsw.org
懒人小说🎃,,超时,,https://www.lrxsw.org#🎃
成语读书,小说 书源,超时,,https://www.changduzw.com#未月十八repair
我看书斋,111最新校验成功,超时,,https://www.5ccc.net/
手打吧,¹▽置顶`ȏ´正版发现,超时,,https://www.shouda88.com#js
手机TXT小说,优选书源by沐云风,超时,,http://wap.sjwx.la
手机小说,-------,超时,,https://www.xiaxs.la/#pb1101
手机小说,20250428,超时,,http://wap.sjwx.info
手机小说下载🎃,,超时,,https://www.xsjtxt.com#🎃
找找小说,小说 书源,超时,,https://m.zzxsw.cc
找找小说🎃,,超时,,https://m.zzxsw.cc#🎃
换源神器,,超时,,http://api.hongshuo666.cn:1952
掌中免费读书香网,小说,超时,,https://www.jgzydp.com
推荐书吧,小说 书源,超时,,https://www.69shuba.pro/
推荐书啦,念心 || 小说,超时,,https://www.69shu.la/#pb1101
搜狗小说🎃,,超时,,https://www.sgzw.net#🎃
搜猫小说,小说 书源,超时,,https://www.soumal.com
搜读,🍜其他,超时,,http://www.soduzw.com
搜读中文,小说 书源,超时,,http://www.soduzw.com#🎃
摘书楼🎃,,超时,,http://www.zhaishuyuan8.org#🎃
摩比小說網🎃,,超时,,https://www.mobidushu.com#🎃
文墨中文,综合,超时,,https://www.maxreader.la/
文墨中文🎃,,超时,,https://www.maxreader.la#🎃
文学中文,网页源,超时,,https://www.wenxuezw.com/
文学度网,小说 书源,超时,,http://www.wenxuedu.com/
文学楼,天域战歌整理,超时,,https://www.wenxue6.com
文档小说,-------,超时,,https://www.xiaxs.la/#♤pb
文档小说,小说 书源,超时,,https://www.xsjtxt.com
斗破小说,小说 书源,超时,,https://doupocangqiong1.com#
斗破小说,小说 书源,超时,,https://doupocangqiong1.com#🎃
斗破苍穹,小说 书源,超时,,https://www.doupocangqiong1.com#
斗破苍穹,小说 书源,超时,,https://m.doupocangqiong1.com#
斗破苍穹,小说 书源,超时,,https://www.doupocangqiong1.com#🎃
斗破苍穹小说xdoupo,❤小说,超时,,http://www.xdoupocangqiong.com
斗破苍穹小说网,,超时,,http://www.doupocangqiong.info
斗破苍穹小说网,"⑺📚  普通,⑼💰  出版,③🚫  禁验",超时,,http://m.doupocangqiong1.com/
斗破苍穹小说网🎃2,,超时,,http://www.doupocangqiong.info#🎃
新御书屋,漫画,超时,,https://m.xyushu5.vip
新笔趣塔,,超时,,http://www.xbiquta.com/
新笔趣阁,笔趣阁,超时,,http://www.paoshuzw.com/
新笔趣阁 静白校验搬运其他渠道去除防伪,笔趣,超时,,https://www.xsbiquge.net#
新笔趣阁🎃#4,,超时,,https://www.biqugezw.us#🎃
新笔趣🎃,,超时,,http://www.vvss.net#🎃
新酷书网,小说 书源,超时,,http://www.xkushu.com#
新酷书网,小说 书源,超时,,http://www.xkushu.com#🎃
新龙小说🎃,,超时,,https://www.longmebook.com#🎃
新龙腾小说网,发现,超时,,https://www.ltxsw88.vip
无双小说,小说 书源,超时,,http://www.buxia.org#
无双小说🎃,,超时,,http://www.buxia.la#🎃
无双小说🎃,,超时,,http://www.buxia.org#🎃
无弹窗,⁴☃晨光雨露᭄精品源,超时,,https://530p.com
无敌小说,,超时,,https://www.8xs.org
无敌小说🎃,,超时,,https://www.8xs.org#🎃
无极小说,小说 书源,超时,,https://wujixsw.info#🎃
无极小说,优选书源by沐云风,超时,,https://wujixsw.info
无极小说网,,超时,,https://www.wj27.com/
无错小说2,小说 书源,超时,,https://w.xread8.com
无限小说,综合,超时,,http://154.19.89.72:80
无限小说,小说 书源,超时,,https://www.wenxuesk.net/
无限小说网,,超时,,https://wap.wenxuesk.com
无限小说网🎃,,超时,,http://m.wenxuesk.info#🎃
无非小说,小说 书源,超时,,https://www.2kxs.org
日照小说,小说 书源,超时,,http://www.rzlib.org/
旧时光文学,"自写,搜索失效",超时,,https://www.oldtimescc.net/
时代阅读网,💭💭💭💭💭💭,超时,,https://www.timesinfor.com
时时激情h小说网,天域战歌,超时,,https://m.24novel.com
时时激情h小说网,🔱 绅士淑女 🔱,超时,,https://wap.24novel.com
旺仔小说网🎃,,超时,,https://www.wzxmt.cc#🎃
明月中文🎃,222最新校验成功,超时,,https://www.365bok.com#🎃
明月小说,小说 书源,超时,,https://wap.aishuge.org#🎃
明月小说,小说 书源,超时,,http://wap.ikanxs.la#🎃
明月小说,小说 书源,超时,,http://wap.ikanxs.la/
明月文学mingyue,❤小说,超时,,https://www.mingyuewenxue.cn
明清小说网📚,Wave,超时,,http://www.xmqxsw.com
易读手机,小说 书源,超时,,https://yqzw5.net#🎃
易读手机网,🎃 通用,超时,,https://yqzw5.net#
星彬小说阁🎃,,超时,,https://www.xbing.cc#🎃
星月书吧,🎉 精品,超时,,http://www.xyshu8.com/
星月书吧①,未分,超时,,https://www.xyshu8.com/#pb1101
星空小说[修复],自写修复0909,超时,,http://www.xaixs.la
星空小说网,"💭💭💭💭💭💭,搜索失效",超时,,https://wap.aixswx.com/
星空小说🎃,小说,超时,,http://wap.aixswx.org#🎃
星空小说🎃,,超时,,http://wap.aixswx.net#🎃
晋江文学,天域战歌,超时,,http://m.cqlriz.com
晚班小说,,超时,,https://www.99mk.info#🎃
晚班小说,小说 书源,超时,,https://www.99mk.info#
最终小说网,"全部来自论坛,搜索失效",超时,,https://www.zuizhong.net/
有声听书,听书 书源,超时,,https://m.ysts.cc
望书阁ge,,超时,,https://m.wangshuge.com/
望书阁②,"﹅ 通用书源▪︎玄奇,搜索失效",超时,,http://www.wangshuge.la
望书阁网🎃,小说,超时,,http://wap.wangshugu.org#🎃
望书阁网🎃,222最新校验成功,超时,,http://wap.wangshugu.net#🎃
望书阁🎃,,超时,,http://wap.wangshuge.la#🎃
木叶小说网,🏵️  小说,超时,,https://wap.xiaqu.org
木叶小说网🎃,,超时,,https://wap.qixiashu.com#🎃
木马漫画-M,漫画,超时,,https://muamh.com
未来天王🎃,,超时,,http://www.weilaitianwang.org#🎃
未来天王🎃3,🎄常用,超时,,http://www.weilaitianwang.net#🎃
来读读,🌼晨光雨露🍒精品源💯,超时,,http://www.laidudu.com/
杰众文学,,超时,,http://www.jiezhong.cc
松语小说,小说 书源,超时,,http://www.songyuwenxue.com#c_row#芜恙
松语文学,小说 书源,超时,,http://www.songyuwenxue.com#c_row
柚子小说,小说 书源,超时,,https://www.xizu.org/
柚子小说,-------,超时,,https://www.xizu.org/##细雨尘寰
柚子小说🎃,,超时,,https://www.xizu.org#🎃
格格党小说🎃,,超时,,http://206.238.220.99#🎃
桃子小说🎃,,超时,,http://www.taozitxt.net#🎃
桃花小说（优）,小说 书源,超时,,https://www.2kxs.org#kd11
梦书中文🎃,小说,超时,,http://www.mcmssc.la#🎃
梦幻小说,小说 书源,超时,,http://www.pan5.net/
梦幻小说,,超时,,https://www.pan.la/
棉花小说,👍 备用,超时,,http://www.mhtxs.cc
棉花糖,,超时,,http://www.mhtxs.cc##
棉花糖小说🎃#3,,超时,,http://www.mhtxs.info#🎃
棉花糖网,小说 书源,超时,,http://www.mhtxs.cc#🎃
楼兰小说论坛,天域战歌整理,超时,,https://www.loulanshu.com
橘子小说🎃,,超时,,http://www.xinshuge.net#🎃
橘子小说🎃#2,常规,超时,,http://www.cxinbz.com#🎃
橘子小说🎃#2,"-------,0206⭐",超时,,http://www.cxinbz.com
欲书台,综合,超时,,https://58rom.org/
歌书小说,小说 书源,超时,,http://m.gashuw.com#🎃
歌书网,全部来自论坛,超时,,http://www.gashuw.com/
正规漫画💡,💡【提示】,超时,,http://mh-zg.7qh.net
武侠小说,小说 书源,超时,,https://www.wuxia8.com
武侠小说,小说 书源,超时,,https://www.wuxia8.com#🎃
武道文学22pq,❤小说,超时,,https://www.22pq.com
民国奇人,综合,超时,,http://www.minguoqiren.net/
民国奇人,,超时,,http://m.minguoqiren.org/
民国奇人,-------,超时,,http://www.minguoqiren.org/
民国奇人,-------,超时,,http://www.minguoqiren.org/#♤pb
民国奇人,-------,超时,,http://www.minguoqiren.org/#pb1101
民国奇人,小说 书源,超时,,http://www.minguoqiren.net#🎃
民国奇人minguo,❤小说,超时,,http://www.minguoqiren.info
民国奇人小说🎃2,,超时,,http://m.minguoqiren.org#🎃
民国奇出,,超时,,http://www.minguoqiren.org#🎃
永恒小说网🎃,,超时,,http://wap.4pan.org#🎃
永恒小说🎃,小说,超时,,https://www.cizi.org#🎃
求书网,精品,超时,,http://www.aidusk.info/
求小说网,小说 书源,超时,,http://m.81ht.com
求小说网手机站,静白240801,超时,,https://m.qiuxiaoshuo.org/
求小说网手机站🎃,,超时,,https://m.qiuxiaoshuo.org#🎃
求小说网🎃,,超时,,https://www.qiuxiaoshuo.org#🎃
求小说网🎃,🍜其他,超时,,http://www.81ht.com#🎃
求小说网🎃#3,,超时,,http://www.qiuxs.org#🎃
求小说网🎃3,免费,超时,,http://m.81ht.com#🎃
江南小说,小说 书源,超时,,https://www.medabc.com.cn
泡泡小说,小说 书源,超时,,https://www.paopaoxs.cn/
泡泡小说🎃,,超时,,https://www.paopaoxs.cn#🎃
测试,"正版,Json",超时,,https://m.yfxiaoshuoe.com
海马读书🎃#2,,超时,,https://www.haimabooks.com#🎃
深夜看书,小说 书源,超时,,https://www.shenyebook.com
渣渣小说,,超时,,https://www.zztxt.net/
渣渣小说🎃,,超时,,https://www.zztxt.net#🎃
游湖小说网手机版🎃,,超时,,https://m.uhuxs.com#🎃
湘潭图书,小说 书源,超时,,https://www.bookshuku.com
源书库吧,小说 书源,超时,,https://www.yuanshuku.com
源书库🎃,,超时,,https://www.yuanshuku.com#🎃
溜达小说,,超时,,http://www.liudatxt.la/
溜达小说,-------,超时,,http://www.liudatxt.org/
溜达小说,-------,超时,,http://www.liudatxt.net
溜达小说,小说 书源,超时,,http://www.txtshuku.org/
溜达小说🎃,🎄常用,超时,,http://www.liudatxt.org#🎃
溜达小说🎃4,🎄常用,超时,,http://www.liudatxt.net#🎃
漫漫看漫画网📱💡,,超时,,https://m.manmankan.cc/api
漫潮漫画网📱⛅,⛅【晴天】,超时,,http://m.manchao.net
漫画呗,💯【稳定】,超时,,https://www.manhuabei.com
漫画堆,漫画,超时,,https://www.manhuadui.com
漫画小屋（优）,,超时,,https://m.dm.com/
漫画牛,✨漫画,超时,,https://m.manhuaniu.com
漫畫寶,漫画,超时,,https://www.magabao.com
灵境行者,小说 书源,超时,,https://lingjingxingzhe.com/
灵境行者,小说 书源,超时,,https://lingjingxingzhe.com#🎃
灵梦小说,,超时,,https://www.lengmen.org/search/
灿海小说,网页源,超时,,https://www.canghaixs.com/
炫书网,🏖️免费+,超时,,https://www.ibiquta.net/
燃文小说,"💭💭💭💭💭💭,搜索失效",超时,,https://www.ranwen.la/
燃文小说 #渊呀,搜索失效,超时,,https://www.ranwen8.com#yuan1107
燃文小说网①,³۝天域整理,超时,,https://m.ranwen8.com
燕山小说,综合,超时,,http://www.yanshan33.com/
爱 书 屋,"笔趣,搜索失效",超时,,https://m.ishuse.com
爱上读书🎈,校验可用,超时,,http://www.23dushu.net
爱下小说,小说 书源,超时,,http://api.aixdzs.com/
爱下小说,小说 书源,超时,,https://api.aixdzs.com/
爱下文学⑤,微筛选,超时,,http://m.aixiawx.com
爱下🎃,小说,超时,,http://www.sjwx.la#🎃
爱书包,综合,超时,,https://www.ishubao.org/
爱书包🎃,,超时,,https://www.ishubao.org#🎃
爱书屋,³۝天域整理,超时,,https://www.ishuw.la
爱书屋小说网(下载),🎉 精选 🎉,超时,,https://www.ishuw.com
爱奇,"﹅ ♞ 普通,搜索失效",超时,,http://www.i7wx.net#grid tr!0
爱奇电子,小说 书源,超时,,http://m.i7txt.cc#🎃
爱小说网,0227⭐,超时,,http://www.18ys.net
爱尚小说,小说 书源,超时,,https://www.23hh.la/
爱尚小说,小说 书源,超时,,https://www.23hh.la#🎃
爱尚小说,小说 书源,超时,,http://www.23hh.la#🎃
爱尚小说（优）,小说 书源,超时,,http://www.23hh.la/
爱心书阁,小说 书源,超时,,https://wap.aishuge.org/
爱曲小说,小说 书源,超时,,https://m.xbiqusa.com/##@遇知
爱看中文,念心 || 小说,超时,,https://www.akzw.com
爱看中文网,已校验,超时,,https://www.akzw.com/#♤pb
爱看书吧,"发现失效,搜索失效",超时,,https://www.ikshu8.com/
爱看书吧,小说 书源,超时,,https://m.kbiquge8.com/#给源仓库的修好了
爱看书吧,小说 书源,超时,,https://m.kbiquge8.com/
爱看书吧🎃,,超时,,https://m.akshu88.com#🎃
爱笔书网,小说 书源,超时,,https://m.biqukun.com
爱笔楼🎃,,超时,,https://m.ibiquge.info#🎃
爱谈小说,小说 书源,超时,,https://www.9itans.com/
爱豆看书,小说 书源,超时,,http://m.26ks.org
爱青果网,小说 书源; 发现规则语法错误,超时,,https://www.iqingguo.com
版主001(中),神段【大乘级】（小说源）,超时,,http://www.bz001.org
狗狗搜书🎃,,超时,,https://book.gouyg.com#🎃
独阅读吧,,超时,,https://app.duread8.com
猪猪书,💠精选,超时,,http://www.zzs5.com
猪猪书网,,超时,,http://www.zzs5.info#
猪猪岛小说网,"1.1 ⭐️直连,1.2 🚀翻墙",超时,,http://www.zzdxss.com
猪猪手机TXT小说下载网,,超时,,http://wap.zzs5.info
玄幻阁吧,小说 书源,超时,,http://www.xuankuks.com
玄幻阁网,小说 书源,超时,,http://wap.xuanyge.org/##细雨尘寰
玄幻阁网🎃,,超时,,http://www.xuanhuange.net#🎃
玫瑰小说网,,超时,,https://www.jygfa.com
电吧子书,小说 书源,超时,,https://m.iwurexs.net#🎃
电子书屋,网页源,超时,,https://www.dianzishuwu.net/
电子书陆,小说 书源,超时,,http://m.wrlwx.com
电子小说🎃,,超时,,https://www.dzxs8.com#🎃
番茄小说🎃,,超时,,https://ikun.laoguantx.top:45554#🎃
番茄小说🎃,,超时,,https://ikun.laoguantx.top:45598#🎃
白马小说,小说 书源,超时,,https://www.baimakanshu.com#🎃
白马楼小说,④🔖  备用,超时,,https://www.baimakanshu.com/
百书文学,网页源,超时,,https://www.baishuwx.com/
百年漫画网📱,💯【稳定】,超时,,https://m.bainianx.com
皇帝之家,小说 书源,超时,,https://m.huangdizhijia.com/
皇帝之家🎃#2,,超时,,https://www.huangdizhijia.com#🎃
皮小说网,小说 书源,超时,,https://www.00shu.com/
盘古中文网 m.panguxs.org,未测试,超时,,https://m.panguxs.org
盛世阅读,综合,超时,,http://m.s4yd.com
看书吧,"2,搜索失效",超时,,www.shuquge.com
看书室小说网,,超时,,https://m.kanshushi.com/wap/
看书网,"【❌❌】搜索正文失-效,搜索失效",超时,,https://www.ezksw.org
看妹子漫画🇰🇷,韩漫,超时,,https://www.kanmeizi.cc
看小说网,小说 书源,超时,,https://www.2kxs.info#🎃
神书网,⭐️ 收藏,超时,,http://www.shenshuwx.com/
神书网pi12345,已检,超时,,https://www.pi12345.com/
神书网🎃,,超时,,http://wap.shenshuwx.com#🎃
神书网🎃,,超时,,https://www.pi12345.com#🎃
神藏小说,小说 书源,超时,,http://www.swangwx.com#玄奇
神藏小说,小说 书源,超时,,http://www.swangwx.com#未月十八改
神藏小说,小说 书源,超时,,http://www.swangwx.com
神藏小说网🎃,,超时,,http://www.swangwx.la#🎃
穿越小说🎃#3,,超时,,http://m.kk169.com#🎃
竹鼠免费漫画大全 🅰,【发现】; 🅰【json】,超时,,http://47.113.26.114
笑佳人文学🎃,🍜其他,超时,,https://www.xiaojiaren.com#🎃
笑佳人网,"﹅ 通用书源▪︎玄奇,搜索失效",超时,,https://www.xiaojiaren.com
笔下小说,小说 书源,超时,,https://m.bixiaxs.org
笔下文学,,超时,,http://www.bxwxorg.com/
笔下文学,💠精选,超时,,https://m.bxwxue.com
笔下文学,,超时,,http://www.bequmo.com#
笔下文学,,超时,,http://www.bxwx.la
笔下文学,小说 书源,超时,,http://www.bxwx8.la
笔下文学[bxw],"⛱️免费,搜索失效",超时,,https://wap.bxwenku.com
笔下文学🎃,,超时,,http://88txs.com#🎃
笔下文学🎃,,超时,,http://www.bequmo.com#🎃
笔下文学🎃#5,,超时,,https://m.bxwxue.com#🎃
笔下文学🎃3,,超时,,http://www.bxwx8.la#🎃
笔书网[ibi],,超时,,https://www.ibiquku.la/search.php
笔尖中文,全部来自论坛,超时,,http://wap.xbiquzw.net/
笔翠小说🎃#2,,超时,,http://www.bicui6.com#🎃
笔趣中文爱笔楼,👍🏻 普通,超时,,http://m.ibiquzw.info
笔趣小说,-------,超时,,https://www.xbiqusa.com#
笔趣小说,小说 书源,超时,,https://www.xbiqusa.com#🎃
笔趣屋[3378],🏖️免费+,超时,,https://www.3378.org/
笔趣网吧,,超时,,http://www.biquw.info#🎃
笔趣网吧,小说 书源,超时,,http://www.biquw.com#
笔趣读,小说 书源,超时,,https://www.biqusk.com/#pb1101
笔趣读阅,小说 书源,超时,,http://www.biqudu.tv/
笔趣阁,网页源,超时,,https://www.ku162.com/
笔趣阁,"破冰｜黄凡凡,发现失效,搜索失效",超时,,http://www.biquchong.cc/
笔趣阁,"破冰｜黄凡凡,发现失效,搜索失效",超时,,http://www.biqugenew.com/
笔趣阁,💜未分组,超时,,https://m.52bqg.net
笔趣阁,"🏵️  小说,💒 笔趣",超时,,http://m.biqugge.com
笔趣阁,笔趣阁,超时,,https://www.xbiquwx.la
笔趣阁,,超时,,https://wap.ishuquge.la#🎃
笔趣阁,,超时,,http://m.bbiquge8.net
笔趣阁,小说 书源,超时,,https://m.yuyouge.com
笔趣阁,小说 书源,超时,,http://www.kshuwx.com#🎃
笔趣阁,小说 书源,超时,,https://www.biqukun.com#
笔趣阁,小说 书源,超时,,http://www.xbiqusa.com#🎃
笔趣阁,小说 书源,超时,,https://m.bswtan.com
笔趣阁,🍜其他,超时,,https://www.ibiquge.la
笔趣阁,小说 书源,超时,,https://www.ibiquges.info#
笔趣阁,小说 书源,超时,,http://www.biqusk.com#
笔趣阁,笔趣阁,超时,,http://www.biquge.info
笔趣阁,,超时,,https://www.xbiqu6.com/
笔趣阁,小说 书源,超时,,https://www.bequgew.com
笔趣阁,小说 书源,超时,,https://www.biquge34.net
笔趣阁,小说 书源,超时,,http://www.xbiqusa.com#
笔趣阁,小说 书源,超时,,http://www.bequgew.com/
笔趣阁,-------,超时,,http://www.xbiquge.la#
笔趣阁,小说 书源,超时,,http://www.biqu520.net
笔趣阁,小说 书源,超时,,http://www.kshuwx.com
笔趣阁,小说 书源,超时,,https://www.biqusk.com/#♤pb
笔趣阁,"-------,0206⭐",超时,,https://www.yuyouku.com
笔趣阁,-------,超时,,http://www.173kt.net
笔趣阁,写源by河鹅和,超时,,https://www.glimpsewave.com
笔趣阁,小说 书源,超时,,https://www.biquge.info
笔趣阁,小说 书源,超时,,https://www.boquge.com
笔趣阁,小说 书源,超时,,http://www.biquluo.com/
笔趣阁,小说 书源,超时,,https://www.ibiquge.net
笔趣阁,小说 书源,超时,,https://m.bswtan.com#🎃
笔趣阁,小说 书源,超时,,https://m.ibiquge.net#🎃
笔趣阁,小说 书源,超时,,https://www.xbiquge.la#🎃
笔趣阁,小说 书源,超时,,http://www.biqusk.com#🎃
笔趣阁,小说 书源,超时,,http://www.39txt.com#🎃
笔趣阁,小说 书源,超时,,http://www.biquge.info#🎃
笔趣阁,小说 书源,超时,,http://www.biqu520.net#🎃
笔趣阁,小说 书源,超时,,https://www.beqege.cc
笔趣阁,小说 书源,超时,,https://www.bqg10.com#🎃
笔趣阁,小说 书源,超时,,https://www.52bqg.net#🎃
笔趣阁,小说 书源,超时,,https://www.52bqg.net
笔趣阁,小说 书源,超时,,https://www.biquge34.net#🎃
笔趣阁,小说 书源,超时,,https://www.52bqg.com
笔趣阁,,超时,,https://www.biquge123.cc/#♤pb
笔趣阁 #一程,🍁 笔趣,超时,,https://www.liquge.com#yc1101
笔趣阁#31,🍁 笔趣,超时,,https://www.bqg10.com#
笔趣阁11,,超时,,http://www.bbiquge8.net
笔趣阁123,小说 书源,超时,,https://m.boquge.com
笔趣阁188,念心 || 小说,超时,,http://www.biqugedd.com/
笔趣阁196,念心 || 小说,超时,,http://www.tongluzixun.com
笔趣阁25,小说 书源,超时,,http://www.52cake.net
笔趣阁34,S_Lin,超时,,https://www.bqg34.org/
笔趣阁68,【小说1书源】,超时,,http://www.biquges.com
笔趣阁9,小说 书源,超时,,https://www2.youtuzige.com/
笔趣阁99,4月2号静白,超时,,https://m.ibiquge.net
笔趣阁[xbiqusa],💭💭💭💭💭💭,超时,,http://m.xbiqusa.info/
笔趣阁biqige.cc,A级; 发现,超时,,https://m.biqige.cc
笔趣阁fun,综合,超时,,https://www.bqg.fun
笔趣阁ibiquges,❤小说,超时,,https://www.ibiquges.org
笔趣阁shengxu5w,❤小说,超时,,https://m.shengxu5w.com
笔趣阁③,,超时,,https://www.uubiqu.com/
笔趣阁⑤,🍁 笔趣,超时,,https://www.bbiquge.cc
笔趣阁⑨,精品,超时,,https://www.bqg1.com/
笔趣阁⑭⑥,²♨笔-趣-阁❆,超时,,http://www.ibiqunai.com
笔趣阁网,,超时,,http://www.39txt.com
笔趣阁网,小说 书源,超时,,http://www.szqccw.com
笔趣阁网,小说 书源,超时,,https://www.biquge.info#🎃
笔趣阁🎃#102,,超时,,https://m.bqggz.com#🎃
笔趣阁🎃#102,,超时,,http://www.biquluo.com#🎃
笔趣阁🎃#108,,超时,,https://m.quge7.cc#🎃
笔趣阁🎃#113,,超时,,https://m.42bqg.cc#🎃
笔趣阁🎃#13,,超时,,https://www.bqg.fun#🎃
笔趣阁🎃#14,小说,超时,,http://www.ibiquw.info#🎃
笔趣阁🎃#15,,超时,,https://www.xbiquwx.la#🎃
笔趣阁🎃#19,,超时,,https://www.biqueg.vip#🎃
笔趣阁🎃#38,小说,超时,,https://www.biquzw.info#🎃
笔趣阁🎃#4,小说,超时,,http://www.biqugewx.info#🎃
笔趣阁🎃#41,222最新校验成功,超时,,https://m.biqukun.com#🎃
笔趣阁🎃#43,,超时,,https://m.egyguard.com#🎃
笔趣阁🎃#47,,超时,,http://m.bequgew.info#🎃
笔趣阁🎃#54,小说,超时,,http://m.ibiquta.org#🎃
笔趣阁🎃#54,,超时,,http://www.vvbiquge.cc#🎃
笔趣阁🎃#62,,超时,,https://m.13bqg.com#🎃
笔趣阁🎃#64,小说,超时,,http://wap.biqusk.la#🎃
笔趣阁🎃#66,,超时,,http://wap.biqugewx.info#🎃
笔趣阁🎃#87,,超时,,https://m.bqgdi.com#🎃
笔趣阁🎃#90,,超时,,https://m.bq9.cc#🎃
笔趣阁🎃#98,,超时,,https://www.biqugesk.org#🎃
笔趣阁🎃16,🎄常用,超时,,http://www.ibiquw.com#🎃
笔趣阁🎃22,🎄常用,超时,,http://m.xbiqusa.info#🎃
笔趣阁🎃22,,超时,,http://wap.xshuquge.net#🎃
笔趣阁🎃4,,超时,,http://www.xbiqugu.net#🎃
笔趣阁🎃5,,超时,,http://www.xbiquge.la#🎃
笔趣阁🎃6,笔趣阁,超时,,http://www.biqushu100.com#🎃
笔趣🎈,笔趣阁,超时,,http://www.xbiquwx.la
第一版主(中),至臻【大乘级】（小说源）,超时,,http://www.banzhuwang.org
第一版主🎃#7,,超时,,https://www.diyibanzhu444.com#🎃
第九中文网由静白校验，如果搬运其他渠道可自行去除防伪,"💭💭💭💭💭💭,搜索失效",超时,,https://m.dijiuben.net/
第二书包网,"💭💭💭💭💭💭,搜索失效",超时,,https://www.shubaoan.com
管我小说,小说 书源,超时,,http://www.2kxs.org
米阅小说🎃,,超时,,https://m.miyuexiaoshuo.com#🎃
精选小说书🎃,,超时,,https://www.jxxss.com#🎃
紫幽阁,🌼晨光雨露🍒精品源💯,超时,,https://www.ziyouge.com
红豆小说,,超时,,https://www.mayi93.com/
经典小说,小说 书源,超时,,http://www.jdxs.cc
统计书啦,念心 || 小说,超时,,https://www.69shu.la#1
统计书啦,念心 || 小说,超时,,https://www.69shu.la#2
统计小说,念心 || 小说,超时,,https://www.69shu.la/#♤pb
绳艺故事网,"优,18,new_added",超时,,https://www.sygs123.club/
网阅小说🎃,,超时,,https://m.beiwobook.cc#🎃
老幺,综合,超时,,https://m.laoyaoxs.org/
老幺小说网,小说 书源,超时,,https://m.laoyaoxs.org#&喵~ 改
耳电子书,-------,超时,,http://www.wurexs.com
联合阅读（修）,,超时,,http://unionread.vip
聚合书库,微筛选,超时,,https://mjjxs.net/##by:landseer<9.15>
聚合书库,-通用,超时,,https://mjjxs.net/##@landseer
聚合书库,☘️ 常用,超时,,https://mjjxs.net/##landseer
聚合书库,@jwk,超时,,https://mjjxs.net##尐哖
肉电子书-δ🎃,,超时,,http://www.rstxt.com#🎃
胡行小说🎃,,超时,,https://m.67txt.com#🎃
腐书网,"发现失效,﹅ 通用书源▪︎玄奇,搜索失效",超时,,https://www.fubooks.org/
色欲文🎃,,超时,,https://m.seyuwen.com#🎃
艾克小说,🎃 通用,超时,,http://www.ik555.net
艾克小说,3,超时,,http://m.ik555.net/
艾克小说🎃,,超时,,http://www.ik555.net#🎃
苗疆小说,🏵️  小说,超时,,https://m.miaojiang8.com
若初(test),,超时,,http://www.ruochuwx.com/
若尘文学3.0,🏵️  小说,超时,,https://www.ruochenwx.com/
若雨中文🎃#2,,超时,,http://www.3yt.com#🎃
茂鑫小说,综合,超时,,http://www.tcmaoxin.org#
茂鑫小说,-------,超时,,http://www.tcmaoxin.org##尐哖
茂鑫小说🎃,,超时,,http://www.tcmaoxin.org#🎃
茶叶小说,小说 书源,超时,,http://xs.168xs.org/#xsw8093
荷塘书屋🎗,,超时,,https://www.myhetang.com
菊奇书屋,小说 书源,超时,,https://m.juqisw.com
菠萝笔记🎃,,超时,,https://www.boluobiji.com#🎃
萌妹子网-P,"发现失效,﹅ 通用书源▪︎玄奇,搜索失效",超时,,https://mmz.moe
落宅小说🎃,,超时,,https://m.lazhaiwu.com#🎃
落尘小说,🏵️  小说,超时,,https://m.luocs.cn
落秋中文,【小说1书源】,超时,,https://www.luoqiu.cc/
蒂亚漫画www,"漫画,发现失效,搜索失效",超时,,https://www.diya1.com
藏海花,神段【大乘级】（小说源）,超时,,http://www.nanpaisanshu.org
蚂蚁文学,,超时,,https://www.mayiwxw.com
蚂蚁文学,小说 书源,超时,,https://m.mayiwsk.com
蚂蚁文学,,超时,,https://www.mayiwxw.com/#♤pb
蚂蚁文学,综合,超时,,https://www.mayiwsk.com
蚂蚁文学,-------,超时,,https://www.mayiwxw.com#Namo1101
蚂蚁文学,③🌸  精品,超时,,https://www.mayiwxw.com#🎃
蚂蚁文学2,👍🏻 普通,超时,,https://www.mayiwxw.com#仅搜索
蚂蚁文学🎃,🍜其他,超时,,https://www.mayiwsk.com#🎃
蚂蚁阅读,,超时,,http://www.imayitxt.com#md-yc
蚂蚁阅读,小说 书源,超时,,http://www.mayitxt.com
蚂蚁阅读,-------,超时,,http://www.mayitxt.com#嘚嘚21.0201
蚂蚁阅读🎃,🍜其他,超时,,http://wap.mayitxt.org#🎃
蚂蚁阅读🎃2,🎉 精选,超时,,http://www.mayitxt.org#🎃
被电子书,小说 书源,超时,,https://www.iwurexs.info#
西德书屋,"全部来自论坛,搜索失效",超时,,https://m.xide8.com/
西瓜小说网,,超时,,https://www.pdske.com/#檬默默
要么小说🎃,222最新校验成功,超时,,https://m.ymtxt.cc#🎃
言情999🎃,,超时,,https://m.yanqing999.com#🎃
说说520🎃,,超时,,http://m.shuquta.com#🎃
读万卷,,超时,,http://wap.duwanjuan.info/
读万卷🎃#3,小说,超时,,http://m.duwanjuan.info#🎃
读乐星空🎃,,超时,,https://z.dlxk.com#🎃
读书国学,【小说1书源】,超时,,https://www.dushu.com/lianzai
读书阁,🪜,超时,,https://m.mobanjishi.com
读趣,全部来自论坛,超时,,http://m.xduqu.com
读趣网站🎃,,超时,,http://www.xduqu.com#🎃
豆豆小说,小说 书源,超时,,https://www.ddshu.net
豆豆小说网,漫画,超时,,http://www.ddshu.net
起舞文学,小说 书源,超时,,https://m.75zw.com/
超凡小说,小说 书源,超时,,https://wap.pan8.net/##手机版
趣阅,"💭💭💭💭💭💭,搜索失效",超时,,https://www.qvyue.com
轻之文库🎃,,超时,,https://www.linovel.net:443#🎃
轻之文库🎃,轩1,超时,,http://www.linovel.net#🎃
达文小说,小说 书源,超时,,http://www.dawensk.com#🎃
追书小说,⭐️小说,超时,,https://www.avqc.com.cn/wap_index2.html
追书神器,正版小说 书源,超时,,http://zhuishushenqi.com/
追追漫画₁🅰,🎨漫画,超时,,http://api.ilikemanga.com
那中文网,,超时,,https://www.83zg.net
酷漫屋,漫画,超时,,http://www.kuman57.com
酸奶全额（越语）,小说 书源,超时,,https://truyenyy.pro
采墨阁网,🎉️精选,超时,,https://m.caimoge.net/
钱小说网,小说 书源,超时,,http://m.77shuku.net/
键盘小说🎃,,超时,,http://www.janpn.com#🎃
键盘小说🎃,,超时,,http://www.janpn.info#🎃
长乐歌,综合,超时,,https://m.mcmssc.com
长沙❤️💜,🏵️  小说,超时,,https://m.csxsrc.com
阅读爱库,,超时,,http://www.yuedsk.com#🎃
阑珊文学,网页源,超时,,https://www.lanshanwx.com/
阳光小说,🏵️  小说,超时,,https://www.ygycwx.com
阴阳代理,小说 书源,超时,,http://www.yinyangdailiren.org/
阿姑小说网手机版🎃,,超时,,http://m.aguxs.com#🎃
阿宝小说,念心 || 小说,超时,,https://www.2kxs.org#guaner
零书小说,小说 书源,超时,,https://m.00shu.la#🎃
零二小说,"💭💭💭💭💭💭,搜索失效",超时,,http://m.02xs.org
零点中文[lgaa],"﹅ 通用书源▪︎玄奇,搜索失效",超时,,http://www.lgaa.net/
零点看书🎃,,超时,,https://www.jsshsc.com#🎃
零零小说,💠精选,超时,,https://www.00shu.la
青果破解,🏵️  小说,超时,,http://www.qingoo.cn#myself
青果阅读💯,"☀晨光雨露💫精俢源💯,发现失效,搜索失效",超时,,http://api.qingoo.cn:9090
青空漫画,,超时,,http://www.qkmh5.com
青豆小说,"🎉 精选,搜索失效",超时,,http://m.xinqingdou.net
青豆小说网,综合,超时,,https://www.jdzwo.com
非主流中文网,天域战歌,超时,,http://m.118jie.com
韩漫漫画🇰🇷,,超时,,https://www.manhwa.cc
顶点小说,,超时,,http://www.dingdian.com
顶点小说,小说 书源,超时,,https://www.32us.com
顶点小说,小说 书源,超时,,https://m.23wx.cc/
顶点小说,小说 书源,超时,,http://www.kmwx.net/
顶点小说,小说 书源,超时,,http://www.kmwx.net#🎃
顶点小说,小说 书源,超时,,https://www.23us.so
顶点小说,小说 书源,超时,,http://www.ddxsku.com#onede
顶点小说,"🔍校验组0218,⌨ 自制,📙大众书",超时,,https://www.23wxx.net
顶点小说~f,🎉️精选,超时,,http://m.dingdianxs.la
飘天文学,"已校验,搜索失效",超时,,http://www.piaotianw.com/
饿狼小说🎃,🍜其他,超时,,http://m.elkoparts.net#🎃
香书小说,小说 书源,超时,,https://www.ibiquges.com#🎃
香书小说,,超时,,https://www.xbiqugu.com/
香书小说,,超时,,http://www.xbiqugu.la/
香书小说,小说 书源,超时,,http://www.xbiqugu.net/
马戏小说,,超时,,http://www.imayitxt.com
鬼吹灯,,超时,,http://m.gdbzkz.com#南笙21.0101
鬼吹灯,,超时,,http://m.cxbz958.org
鬼吹灯[天域战歌],免费,超时,,http://m.gdbzkz.com
鬼吹灯（精),,超时,,http://www.gdbzkz.org/
鬼吹灯🎃,,超时,,http://www.cxbz958.com#🎃
鬼吹灯🎃#4,,超时,,http://www.cxzz958.com#🎃
鬼吹灯👀,,超时,,http://m.cxbz958.org#🎃
鸟书网吧,小说 书源,超时,,https://m.99mk.la
鸟书网🎃,,超时,,http://www.99xs.info#🎃
鸟书网🎃,,超时,,http://wap.99mk.cc#🎃
鹅儿小说,小说 书源,超时,,https://www.39xs.cc
鹅给书库,小说 书源,超时,,http://www.ppskw.com
黄易小说,,超时,,http://m.xhytd.com#🎃
黄易小说,🎄常用,超时,,http://www.xhytd.com
黄易小说,"【❌❌】搜索正文失-效,搜索失效",超时,,http://www.huangyixiaoshuo.com#嘚嘚21.0201
黄易小说[hy],🏖️免费+,超时,,http://www.huangyixiaoshuo.org/
黑岩阅读,正版,超时,,http://www.heiyan.org
黑岩阅读网,,超时,,http://www.heiyan.org/#♤pb
黑岩阅读网🎃,,超时,,http://www.heiyan.org#🎃
黑岩阅读网🎃2,,超时,,http://m.xheiyan.info#🎃
黑岩阅读🎃,,超时,,http://www.xheiyan.info#🎃
黑炎小说,,超时,,http://www.heiyan.info#🎃
黑炎小说,,超时,,http://www.heiyan.info
龙坛书网🎃,,超时,,https://www.longtanshuw.cc#🎃
️7766小说🎃,,超时,,http://m.qiliuzw.info#🎃
️乐文🎃,,超时,,http://m.lewenge.la#🎃
️戊戟武侠,小说 书源,超时,,http://m.wujixsw.org#🎃
️明月小说🎃,,超时,,http://wap.aishuge.cc#🎃
️星空小说🎃,,超时,,http://wap.aixswx.la#🎃
️爱尚小说🎃,,超时,,https://m.23hh.la#🎃
️笔下文学🎃,,超时,,http://www.bixia88.org#🎃
️轮回小说🎃,,超时,,https://m.9xs.info#🎃
️顶点小说️,小说 书源,超时,,https://wap.maxreader.la#
️顶点小说️,-------,超时,,https://wap.maxreader.la/##响海
️顶点小说️🎃,,超时,,https://wap.maxreader.la#🎃
🌀笔趣阁,🎄常用,超时,,http://www.vvbiquge.cc
🌐 书趣阁网,👍 备用,超时,,https://wap.ishuquge.la
🌐 文墨中文网,📃论坛,超时,,http://www.maxreader.net/
🌐奇漫屋,,超时,,http://qiman56.com
🌐淘片资源网📺,"测试组,测试1,神",超时,,https://taopianzy.com/home/index.html
🌙 聚合书源,👍 备用,超时,,http://39.104.64.234:9999/
🌞晴天漫画4.0,"番茄漫画,漫画",超时,,https://api.qingtian618.com/#漫画/
🌞晴天融合漫画2.1(独立版),"优质登录源,晴天,漫画",超时,,http://api.qingtian618.cn:9999/#漫画
🌞晴天融合漫画2.1(独立版),"晴天小说会员专属请勿传播,番茄漫画,漫画",超时,,http://api.qingtian618.cn:9999/#漫画/
🌞晴天融合短剧2.1(独立版),番茄短剧,超时,,https://api.qingtian618.com/
🌞晴天融合短剧3.0(独立版),"番茄短剧,河马短剧",超时,,http://api.qingtian618.cn:9999/#短剧/
🌸 18小说②,,超时,,https://www.18xs.com
🌸 久久小说,🌸 女频,超时,,https://m.899zw.com
🌸 完美书库,🌸常用,超时,,https://www.wanmeitxt.com
🌸 稻草人,防盗,超时,,https://www.daocaorenshuwu.com#tbody tr
🌸 稻草人✈,"🌸常用,🚀VPN",超时,,https://www.daocaorenshuwu.com
🌸4020电子书,②🌸  常用,超时,,https://m.iwurexs.net
🌸棉花糖,②🌸  常用,超时,,https://www.mhtxs.la/
🌸燃文小说,"🌸197,🍍🍍🍍🍍🍍🍍,搜索失效",超时,,https://www.ranwen.la#乃星111
🌸百合小说,1005个,超时,,https://m.baihexs.com
🌸笔趣阁①,②🌸  常用,超时,,https://m.gebiqu.com
🌸笔趣阁②,②🌸  常用,超时,,http://m.biquxs.info/
🌸起舞中文,②🌸  常用,超时,,https://m.75zhongwen.com
🌹棉花糖网,免费,超时,,https://m.mhtxss.com
🍁笔趣阁②,🍁 笔趣 🍁,超时,,https://www.ibswtan.com/
🍁笔趣阁⑤①,🍁 笔趣 🍁,超时,,https://www.biquge2.com/
🍁笔趣阁⑫①,,超时,,https://www.haobiquge.com/
🍁笔趣阁⑬⑧,🍁 笔趣 🍁,超时,,https://www.biqumo.com/
🍁笔趣阁⑰,🍁 笔趣 🍁,超时,,http://www.156n.com/
🍁笔趣阁㉚①,,超时,,https://www.biqugo.com/
🍁笔趣阁㊽①,,超时,,http://www.17biquge.com/
🍅大灰狼融合漫画2.1,"大灰狼小说会员专属请勿传播,番茄漫画,漫画",超时,,http://110.40.80.64:5006/#漫画/
🍅番茄听书🍅,,超时,,http://novelsdk.hhlqilongzhu.cn/
🍎小说书库,22,超时,,http://m.duqu.net/modules/article/articlefilter.php
🍎新书阁,🍜其他,超时,,http://www.xinshuge.net
🍏永恒小说网cizi,,超时,,https://www.cizi.org
🍑笔趣阁,"🍑86,🙈🙈🙈🙈🙈🙈",超时,,https://wap.bequgew.com
🍑老王看书,效验可用,超时,,https://lwkk.xyz
🍒BL漫画网,"发现失效,﹅ ♞ 普通,漫画,搜索失效",超时,,https://www.kanbl.cc
🍒六九(繁转简),"精选,69",超时,,https://69shux.net
🍩天章小说[自写],【小说 书源】,超时,,https://www.tianz.net
🍩巴士看书[必应搜索],【小说 书源】,超时,,https://www.84kanshu.com/##xsw8093
🍩笔趣阁ibiquge[自写],,超时,,https://www.ibiquge.vip#xsw8093
🍩笔趣阁ibiquge[自写],,超时,,https://www.ibiquge.vip
🍩笔趣阁yqbsv,笔趣阁,超时,,https://www.yuyouku.com/#xsw8093
🍺 52笔趣阁①,🍺特优,超时,,https://m.52bqg.com
🍺 千帆小说,🍺 特优,超时,,https://www.qianfanxs.com/
🍺 无极小说ajnnan,🍺特优,超时,,http://ajnnan.com
🍺 烟雨小说网,🍺特优,超时,,https://www.yyxsw.org
🍺 神书网shenshuxs,,超时,,https://www.shenshuxs.com
🍺 读远手机版🌱,,超时,,https://wap.readfar.com
🍺 达文小说,"测试组,🍺 男频,我的精教遗留",超时,,http://www.dawen.org
🍺 追读看书,🍺特优,超时,,https://www.zhuidu.cc
🍺 顶点小说㉚,,超时,,https://www.222book.com
🍺txt小说,免费,超时,,http://m.xiaxs.la
🍺笔趣阁②,🍜其他,超时,,https://wap.ibiquge.la
🎃123文学网🎃,,超时,,http://www.123txt.cc#🎃
🎃77读书🎃,,超时,,http://www.77shuku.org#🎃
🎃书荒小说网🎃,,超时,,https://www.shuhuangxs.com#🎃
🎃书香阁🎃,,超时,,https://www.sxgread.com#🎃
🎃亿软小说,,超时,,http://m.yiruan.info#🎃
🎃夜读居🎃,,超时,,http://www.yeduju.com#🎃
🎃大帝小说库🎃,,超时,,http://m.aikushuge.com#🎃
🎃大河文学🎃,,超时,,https://www.dahewenxue.com#🎃
🎃彩色文学🎃,,超时,,https://m.sewenxue.com#🎃
🎃御宅书屋🎃,,超时,,https://www.3wx9.com#🎃
🎃按钱看书🎃,,超时,,https://m.54kanshu.com#🎃
🎃无限小说网🎃,,超时,,http://www.book55.cc#🎃
🎃晋南言情🎃,,超时,,https://www.jinnanyq.com#🎃
🎃棉花糖小说🎃#3,,超时,,http://www.mianhuatang8.net#🎃
🎃炫动小说网🎃,,超时,,https://www.xdxss.com#🎃
🎃爱小说🎃,,超时,,http://m.18ys.net#🎃
🎃神书网🎃,,超时,,http://wap.shenshuzw.net#🎃
🎃笔下文学🎃#6,,超时,,https://m.zuohs.com#🎃
🎃笔趣阁🎃#71,,超时,,https://wap.ibiquge.la#🎃
🎃笔趣阁🎃#74,,超时,,https://www.ishuquge.la#🎃
🎃笔趣阁🎃#87,,超时,,http://m.xxxbiquge.info#🎃
🎃笔趣阁🎃#89,,超时,,https://m.xbiqusa.com#🎃
🎃第一版主🎃#12,,超时,,http://7778877.net#🎃
🎃读万卷🎃#4,,超时,,http://www.duwanjuan.com#🎃
🎃醉读小说🎃,,超时,,http://wap.imaxreader.com#🎃
🎃阅读库🎃,,超时,,http://www.yeudusk.com#🎃
🎃顶点小说🎃#4,,超时,,http://www.dingdianxs.la#🎃
🎈爱看书吧,"🎈36,🍋🍋🍋🍋🍋🍋,搜索失效",超时,,http://www.ikshu8.com
🎈私塾网,④🎈  普通,超时,,https://m.4shuwangba.com
🎉 55读书,🎉 精选 🎉,超时,,http://wap.changdusk.com
🎉 9书库,🎉 精选 🎉,超时,,http://www.9shuku.com
🎉 iTXT小说网,🎉精品,超时,,https://m.itxt.vip
🎉 全本书屋[仅发现],🎉 精选 🎉,超时,,http://www.kanquanshu.com
🎉 八零电子书[仅发现],,超时,,https://www.balingtxt.com
🎉 大海中文[仅发现],🎉 精选 🎉,超时,,https://www.dhzw8.com
🎉 天籁小说[仅发现],🎉精品,超时,,https://www.23txt.com
🎉 奇书阁,🎉 优质,超时,,https://m.7shuge.com
🎉 妙书屋[文名乱码],🎉 精选 🎉,超时,,https://m.miaoshuwu.com
🎉 宁谧小说,🎉 精选,超时,,http://joseph-sz.net
🎉 小疙瘩小说,🎉精品,超时,,https://www.xgeda.com
🎉 搜小说,🎉 精选 🎉,超时,,https://m.soxscc.com
🎉 梁羽生,🎉精品,超时,,https://www.liangyusheng.net
🎉 次元猫𖤓,🎉 精选 🎉,超时,,https://www.ciymao.com
🎉 求书网,🎉 精选,超时,,http://www.aidusk.com/
🎉 涮书,"🏵️  小说,🎉 精选 🎉",超时,,https://m.shuanshu.com
🎉 热门小说[仅发现],,超时,,https://m.rmxsba.net
🎉 爱看书八,🎉 精选,超时,,https://m.xakshu8.com
🎉 爱看书吧,🎉 精选,超时,,https://m.akshu8.com
🎉 电子书,,超时,,https://www.txtbook.org
🎉 百年书屋,,超时,,https://www.bsshuwu.com
🎉 皮皮小说,🎉 精选,超时,,http://www.ppxsw.cc
🎉 笑傲文学,🎉 精选,超时,,https://m.xaanr.com
🎉 笔下文学[仅发现],,超时,,https://www.xinbxwx.net
🎉 笔趣阁,🎉精品,超时,,https://www.shcbylzx.com
🎉 笔趣阁,🎉 精选,超时,,https://m.bqg.fun
🎉 笔趣阁,-------,超时,,http://www.weishijing66.com
🎉 笔趣阁⑩③,²♨笔-趣-阁❆,超时,,http://www.biquger.com
🎉 笔趣阁⑩⑧,,超时,,https://hananke.com
🎉 笔趣阁㉙,,超时,,https://www.bqgxx.com
🎉 红硕小说𖤓,🎉 精选 🎉,超时,,http://api.hongshuo666.cn:19527
🎉 说说520™[仅发现],🎉 精选 🎉,超时,,http://m.xshuoshuo.com
🎉 读远手机版,🎉精品,超时,,http://wap.readfar.com
🎉 起源小说,"💊无搜,🎉精品",超时,,https://www.gzqiyuan.com
🎉 顶点小说,📃论坛,超时,,https://www.23wx.cx
🎉 顶点小说㉖,🎉精品,超时,,https://www.e1w.net
🎉 饿狼小说,"🎉 精选（Tg敏感资源库
https://t.me/+Gk4E1u5cvaxhYTY1）",超时,,http://m.elkoparts.net
🎉 香书小说,已检,超时,,https://www.xbiqugu.info
🎉00小说网②,🎉 精选 🎉,超时,,https://www.00xs.us/
🎉56小说①①,,超时,,http://www.x56xs.com/
🎉800小说⑤,🎉 精选 🎉,超时,,https://www.800xs.org/
🎉800小说⑤,小说,超时,,https://www.800txt.net/
🎉一三小说网,,超时,,http://www.qjzfcgw.com/
🎉一二小说网,,超时,,http://www.android123.com.cn/
🎉一八小说②,,超时,,https://www.18xs.cc/
🎉一六八小说,,超时,,http://www.168xs.net/
🎉一四中文网,,超时,,https://www.114zww.com/
🎉一本读💙💙💙#嘚嘚21.0201,"嘚嘚21.0201,🎉 精品,★,☀️搜书/换源 B▪优质",超时,,http://www.ybdu.me#嘚嘚21.0201
🎉七七小说①,,超时,,http://www.txt77.cc/
🎉万书网文学,,超时,,https://www.wanshuwang.cc/
🎉三k小说网,🎉精选,超时,,https://www.kkkxs.com/
🎉上书库小说,,超时,,https://www.shangshu.cc/
🎉主机屋小说,,超时,,https://www.zhujiwu.org/
🎉乐文小说#嘚嘚21.0201,乐文,超时,,https://www.365xs.la#嘚嘚21.0201
🎉书屋楼小说,,超时,,https://www.shuwulou.cc/
🎉书海小说①,,超时,,http://www.ai0817.com/
🎉书荒啦小说,,超时,,https://www.shuhuang.la/
🎉二四小说①,,超时,,https://www.24kwx.com/
🎉免费读小说,,超时,,http://www.iewatch.com/
🎉六九书啦①,,超时,,https://www.69shu.la/
🎉如书屋𖤓,,超时,,http://www.rushuwu.net
🎉小书窝小说,,超时,,https://m.xiaoshuwo.cc/
🎉小小说文学,,超时,,https://www.xiaoxs.com/
🎉小说1234①,,超时,,https://www.xs1234.com/
🎉小说13①①,,超时,,https://www.xs123.org/
🎉小说天下①,,超时,,http://www.xstx.com.cn/
🎉小说楼小说,,超时,,http://www.xs6.cc/
🎉帝书阁小说,,超时,,http://www.dishuge.com/
🎉悠久小说网①,,超时,,https://www.ujxs.net/
🎉我爱读,"🏵️  小说,🎉 精选 🎉",超时,,https://www.u8txt.com/
🎉手机TXT小说,,超时,,https://www.xiaxs.la
🎉无弹窗小说🅰💜💜💜530p.com #温暖满怀,"🎉 精品,★,☀️搜书/换源 A▪精品",超时,,http://www.530p.com#温暖满怀
🎉有书楼,🎉 精选 🎉,超时,,https://www.bjkj66.com/
🎉棉花糖小说,,超时,,http://www.dlcbjx.com/
🎉求小说网,合集,超时,,http://www.qiuxiaoshuo.org
🎉火山中文①,,超时,,https://www.hsrnsw.com/
🎉热门小说③,⁴☃晨光雨露᭄精品源,超时,,https://m.rmxs8.net/
🎉爱去小说网,,超时,,https://www.iquxs.com/
🎉爱看书吧①,,超时,,http://www.i2book.com/
🎉看全本小说,"🎉 精选 🎉,🏵️  小说",超时,,https://www.kquanben.com/
🎉神马小说①,,超时,,https://www.shenmaxiaoshuo.com/
🎉笔下文学⑤,,超时,,https://www.bxwx520.com/
🎉笔趣吧小说,,超时,,http://www.biquba.net/
🎉聚合书库,,超时,,https://mjjxs.net
🎉趣书屋②①,,超时,,https://www.qushuwu.com/
🎉零点书院,🎉 精选 🎉,超时,,https://www.00sy.net/
🎉青果小说①,,超时,,http://www.qgqy.com/
🎉顶点小说㉝,🎉 精选 🎉,超时,,https://www.zwduba.com/
🎋完美小说网🎋,🍜其他,超时,,https://m.umiwx.com
🎧 奇酷听书,🎧 有声,超时,,http://www.qikuxs.com/
🎨 178漫画,🎨漫画,超时,,http://178mh.com
🎨 98漫画网,🎨漫画,超时,,https://www.98comic.com
🎨 乐语漫画,🎨 漫画,超时,,https://m.leyuman.com
🎨 倾城漫画,🎨 漫画,超时,,http://m.mhba123.com
🎨 动漫之家,🎨漫画,超时,,https://manhua.dmzj.com
🎨 哔咔哔咔,🎨 漫画,超时,,http://m.bikabika.com
🎨 啵乐漫画,,超时,,https://bmhl.xyz
🎨 喵绅士,🎨漫画,超时,,https://hmghmg.xyz
🎨 奇漫屋56[修],-------,超时,,http://qiman56.com#修改
🎨 布卡漫画,🎨漫画,超时,,http://m.buka.cn
🎨 布卡漫画 💰,🎨 漫画,超时,,http://www.buka.cn
🎨 木马漫画,"🚬刘备,🎨漫画",超时,,https://www.muamh.com
🎨 汗汗酷漫,🎨漫画,超时,,http://www.hhimm.com
🎨 漫漫看,🎨漫画,超时,,https://www.manmankan.cc
🎨 漫画堆📱,🎨漫画,超时,,https://m.manhuadui.com
🎨 漫画淘,🎨漫画,超时,,https://www.manhuatao.com
🎨 漫画淘,🎨漫画,超时,,https://m.manhuatao.com
🎨 漫画粉,🎨漫画,超时,,https://www.manhuafen.com
🎨 百年漫画,🎨 漫画,超时,,https://m.bnmanhua.com
🎨 皮皮漫画,🎨 漫画,超时,,https://www.ppmh.cc
🎨 绅士漫画网,🎨漫画,超时,,http://ssmh.cc
🎨 羞羞韩漫(登录),"✨漫画,搜索失效",超时,,https://www.xxhm.net/
🎨 非常爱漫,🎨漫画,超时,,http://m.veryim.com
🎨 非麻瓜$,[漫画源],超时,,https://www.fmgmh.com
🎨one漫画,漫画,超时,,https://www.onemanhua.com
🎨乙女漫画,🎨 漫画,超时,,https://m.yinvmh.com
🎨吹雪漫画,🎨 漫画,超时,,http://www.chuixue.net
🎨爱飞漫画,🎨 漫画,超时,,https://m.2feimh.com
🎴 四库书屋 (Bing),,超时,,http://www.4ksw.com##Bing接口
🎼 看见音乐1,🎼音乐,超时,,https://www.kanjianmusic.com#
🏷️得间小说🌱⭐,"☀晨光雨露💫精俢源💯,发现目录失效,搜索目录失效",超时,,https://www.idejian.com#一程
🏷️若晨文学🌱,,超时,,https://m.ruochenwx.com#onede
🐳爱听书,⏳ 听书有声 ⏳,超时,,http://www.2uxs.com/
👌 键盘小说,👌 常用,超时,,https://www.jianpan.la
👍 2b小说,👍 优质,超时,,https://m.2bzy.com
👍 567中文网,👍优质,超时,,http://211.151.212.88
👍 56书库[仅发现],,超时,,http://www.liuxs.la
👍 七七书包网[仅发现],👍优质,超时,,http://m.gshubao.xyz
👍 乐文小说,,超时,,https://m.lwlewen.net
👍 书迷楼co[仅发现],👍优质,超时,,http://www.shumil.co
👍 书迷楼①,,超时,,http://www.shumilou.net
👍 同人小说,"。,3",超时,,https://www.tczh.cn
👍 天籁小说[仅发现],👍优质,超时,,http://www.23txt.com
👍 宅阅读,👍优质,超时,,https://m.zhaiyd6.com
👍 峡谷小说,👍优质,超时,,https://www.xiagu.org
👍 换源神器,优质源👍,超时,,http://api.hongshuo666.cn
👍 新青豆小说网[仅发现],,超时,,https://www.xinqingdou.com
👍 暖才文学网,👍 优质,超时,,http://wap.nuancaiwenxue.com
👍 棉花糖,优质源👍,超时,,http://www.mianhuatang.cc
👍 热门小说,"发现失效,﹅ ♜ 优质,搜索失效",超时,,https://m.xinremenxs.com#一程
👍 爪机小说[仅发现],优质源👍,超时,,https://m.zhuaji.org
👍 爱奇,"【🈵♥🈵💯】231123千组1,搜索失效",超时,,http://www.i7wx.net#grid tr!0#芜恙
👍 爱好中文[仅发现],👍优质,超时,,http://www.ahzww.net
👍 爱好中文网[仅发现],👍优质,超时,,https://www.ahzww.net
👍 爱看书吧,"👍优质,发现失效,搜索失效",超时,,http://m.ikshu8.com
👍 笔趣阁,,超时,,http://www.ibswtan.com
👍 笔趣阁儿,👍优质,超时,,http://wap.biquger.com
👍 第九中文[仅发现],,超时,,https://m.dijiubook.com
👍 系统小说,🏆精品,超时,,https://www.kuwx.net
👍 系统小说[仅发现],,超时,,https://wap.kuwx.net
👍 艾克小说,﹅ ♜ 优质,超时,,http://www.ik555.net#一程
👍 键盘小说,已检验,超时,,http://www.janpn.com#一程
👍 闪闪书网,"优质源👍,🏵️  小说",超时,,http://www.33shu.net
👍 零点看书,"发现失效,﹅ ♜ 优质,搜索失效",超时,,https://www.00ksw.com#一程
👍 饭饭小说[仅发现],,超时,,https://www.ffxs.info
👍千千小说⑫,优质源👍,超时,,http://www.77nt.net/
👍笔趣阁⑩⑧,"优质源👍,💒 笔趣",超时,,https://m.51suxiu.com/
💊 爱豆看书,💊无搜,超时,,https://www.a6ksw.com
💊 秀书网①,💊无搜,超时,,https://www.xiumb.net
💊 笔趣阁⑫②,💊无搜,超时,,https://www.cyewx.com
💋青果阅读,"🏅 精选,发现失效,搜索失效",超时,,http://www.qingoo.cn
💎 完美小说,喵公子,超时,,wanmeitxt.com
💎小刀阅读# 搜小说,"🎄🎄🎄🎄🎄🎄,搜索失效",超时,,https://www.soxscc.org
💗 前路,精选,超时,,https://www.qianluxiaoshuo.com#一程
💗潇湘文学,"🔍校验组0619,📙大众书",超时,,http://www.xxwx.net/
💞第三小说网,"🌸静白,⑴好用",超时,,https://www.xdsxs.com/
💞第三小说网,免费,超时,,https://www.xdsxs.com/#细雨尘寰
💠 哇啊书库,💠 综合,超时,,http://m.pingshuku.com
💠 必去书库,💠 综合,超时,,https://www.biqusk.com
💠 看书中,💠 其他,超时,,https://m.kanshuzhong.cc
💦三五文学网,小说,超时,,https://www.35wx.com/
💦书荒阁小说,,超时,,https://www.shuhuangge.org/
💦书迷楼②,"💦 男频精品 💦,⌛️ 全局搜书 ⌛️,®️ 搜书男频 ®️",超时,,https://www.shumilou.net/
💦云轩阁②①,,超时,,https://www.yxgsk.com/
💦去读读②①,,超时,,https://www.gonb.org/
💦望书阁小说,,超时,,https://www.wangshuge.com/
💦清逸文学①,,超时,,https://www.71wx.com/
💦笔趣阁㉜,💦 精品 💦,超时,,https://www.vbiquge.com/
💫爱灵异ailingyi,☀晨光雨露💫精俢源💯,超时,,https://www.ailingyi.com
💫选书网①,,超时,,http://www.xuanshu.com/
💯书本网③①,,超时,,https://www.ibookben.com/
💯无错小说网①,"⌛️ 全局搜书 ⌛️,🍄   💯 精品 🍄,®️ 搜书男频 ®️",超时,,https://www.read8.net/
💯笔趣阁①,-------,超时,,http://www.b520.org/
💯选书网,🎉 精选 🎉,超时,,http://www.xuankuwx.com/
💰 有伴小说,"发现失效,🍀,搜索失效",超时,,http://www.iuban.com#一程
💰八一中文,付费,超时,,http://www.zwduxs.com
💰柠檬小说,💸正版,超时,,https://m.lemonyd.com/
💰蚂蚁阅读,付费,超时,,http://www.xmayitxt.com
💰达文小说,付费,超时,,http://www.dawensk.com
💵 连载阅读♀,"﹅ ㊣ 正版,发现失效,搜索失效",超时,,https://www.lianzai.com/nvsheng
💵 连载阅读♂,"﹅ ㊣ 正版,发现失效,搜索失效",超时,,https://www.lianzai.com/nansheng
📃亲小说qinxiaoshuo,"发现失效,搜索失效",超时,,https://www.qinxiaoshuo.com#玄奇
📖 一读小说,👻 隐藏,超时,,https://www.121du.cc/
📖 一读小说,"1,5.26,搜索失效",超时,,https://m.121du.net/
📖 五一看书 静白校验搬运其他渠道去除防伪,搜索失效,超时,,https://m.51nm.cc/
📖 五六风筝,微筛选,超时,,http://m.56fz.net
📖 唐三中文,🚀 加速,超时,,http://www.tangsanshu.com/
📖 无敌小说,"【❌❌】搜索失-效,搜索失效",超时,,http://www.bashuku.com
📖 笔趣阁⑩,📖 笔趣阁,超时,,http://www.biqudao.me
📖 笔趣阁网,"🍍🍍🍍🍍🍍🍍,📖 324,搜索失效",超时,,https://www.quge7.cc/
📖 红甘泉网,"﹅ ♞ 普通,搜索失效",超时,,https://hgq26.com
📖 缤纷幻想,"搜索正文失效,【❌❌】网站失-效",超时,,https://colorful-fantasybooks.com#一程
📖 言情小说笔趣阁,📖 小说,超时,,https://m2.yqxs.cc/
📖 谷歌小说,B组,超时,,http://www.gugexs.com
📖 零点看书,👻 隐藏,超时,,http://www.tstdoors.com/
📖 顶点小说,"🍍🍍🍍🍍🍍🍍,📖 324,搜索失效",超时,,https://www.booktxt.net/
📖亲小说#嘚嘚21.0201,"﹅ ♞ 普通,发现失效,搜索失效",超时,,https://www.qinxiaoshuo.com#嘚嘚21.0201
📖幽月轻小说文库,"发现失效,📖轻文,搜索失效",超时,,http://so.slieny.com
📖幽月轻小说文库,"发现失效,📖轻文,搜索失效",超时,,http://novel.slieny.com
📗缤纷幻想,,超时,,http://www.colorful-fantasybooks.com
📚 中学生读书[仅发现],🌿网站搜书,超时,,http://fox2008.cn
📚 九九藏书[仅发现],📚出版,超时,,http://cffote.com
📚 古典小说,📚 出版,超时,,https://www.seeol.com
📚 天下书库,"📚出版,☣️senhora起点",超时,,http://www.txshuku.net
📚 小说阁网,"【❌❌】搜索失-效,搜索失效",超时,,http://www.liushuba.com
📚 明清小说[仅发现],📚出版,超时,,https://www.mingqingxiaoshuo.com
📚 柠檬小说,📚 正版,超时,,https://search.lemonyd.com
📚 番茄小说,"【❌❌】网站失-效,搜索失效",超时,,https://www.xhsxsw.com
📚 读典籍,📚出版,超时,,http://www.dudj.net
📚100本网,"出版,发现失效,搜索失效",超时,,https://www.100ben.net#关耳
📚一百本书#嘚嘚21.0201,"出版,发现失效,搜索失效",超时,,https://www.100ben.net#嘚嘚21.0201
📚一百本网,📚 出版发行 📚,超时,,https://www.100ben.net
📚中学读物,,超时,,https://fox2008.cn
📜 2k中文网,[小说源],超时,,https://www.2kzw.cc
📜 学笔网,[小说源],超时,,https://m.xuebiw.com
📜 黑客小说,[小说源],超时,,https://m.heikexs.com
📜思路客⑤,[小说源],超时,,https://www.silukeke.com/
📜🧾妙笔阁,[小说源],超时,,https://h5.imiaobige.com
📡 妙笔阁,,超时,,https://www.imiaobige.com#onede
📡 文学中文[仅发现],,超时,,https://m.wenxuezw.com
📡 高端书院,📡发现,超时,,http://gaoduan.szjinruixin.com/yushuge/index/index.html
📥超级书库,📥  下载,超时,,https://shuayouxi.cn
📻 乾坤听书,📻有声,超时,,https://www.qktsw.com
🔆妙笔阁❼🌱⭐,,超时,,https://www.imiaobige.com#一程
🔆爱看书吧,,超时,,https://m.ikshu8.com#温暖满怀
🔆笔趣阁❷🌱,🌴💒笔趣阁,超时,,http://www.dvdspring.com/
🔆笔趣阁❻⓿,,超时,,https://www.236n.cn/
🔆第九中文APP🌱,,超时,,https://app.yqzw5.net#渊呀edit
🔌 书香云集,"🎄🎄🎄🎄🎄🎄,搜索失效",超时,,http://www.ireadercity.com
🔥 24中文,喵公子,超时,,http://www.24zw.com
🔥 爱书屋,优质源👍,超时,,http://www.ishuw.org
🔥 美文网,"发现失效,✔️,搜索失效",超时,,http://www.fushuwang365.com#一程
🔥Imgasd-最新,"🧜‍♀️,自制",超时,,https://imgasd.com/
🔰 171小说,"﹅ ♞ 普通,发现失效,搜索失效",超时,,http://www.171xs.cc#一程
🔰 56书库[仅发现],🏵️  小说,超时,,http://m.56shuku.org
🔰 三九书屋,"4,。",超时,,https://www.sanjiushuwu.com
🔰 乐文小说~5lewen.com,"🍍🍍🍍🍍🍍🍍,🔰347,搜索失效",超时,,http://www.5lewen.com
🔰 全本小说,🔰 普通,超时,,http://www.jwdushu.com
🔰 暖才文学,🔰 普通,超时,,https://www.xncwxw.net
🔰 最言情,"发现正文失效,﹅ ♞ 普通,﹅ ✾ 言耽,搜索正文失效",超时,,https://www.zzzyq.net#一程
🔰 棉花糖,🔰 普通,超时,,https://wap.mhtxs.la
🔰 混混小说网,"🍍🍍🍍🍍🍍🍍,🔰347,搜索失效",超时,,https://m.hunhun520.com
🔰 溜达小说,小说,超时,,http://m.liudatxt.la
🔰 爱书网,"【❌❌】搜索失-效,搜索失效",超时,,https://www.22ff.org
🔰 笔趣阁27,"🏵️  小说,💒 笔趣",超时,,https://m.biqugemm.com
🔰 笔趣阁7,【小说3书源】,超时,,https://www.bqg7.com
🔰 第二书包[仅发现],🔰普通,超时,,https://www.shubao85.com
🔰 顶点书库,-------,超时,,https://wap.dingdiansk.com
🔰4020电子书·叁,,超时,,http://m.wsskw.com
🔰一八小说,🔰 一般 🔰,超时,,https://www.18wxw.com/
🔰伍九文学,🔰 一般 🔰,超时,,https://www.wujiuwenxue.com/
🔰快看中文,🔰 一般 🔰,超时,,https://www.kuaikanzw.com/
🔰恋上你看书④,🏵️  小说,超时,,http://www.630book.cc
🔰热书小说,🔰 一般 🔰,超时,,https://www.reshuxs.com/
🔰笔下文学520,🔰 一般 🔰,超时,,https://www.bxwx520.org/
🔰迅读网,🔰 一般 🔰,超时,,https://www.xundu.org/
🔰领域文学,🏵️  小说,超时,,https://www.lingyu.org/
🖤书海阁✦② ♛♛♛✘,"※0MD2,☆edit,﹅♚正版or榜单,※0MD,﹅♛精品,■精品",超时,,https://m.xinshuhaige.net/#pb
🖤妙笔阁 ♛♛♛,,超时,,https://www.imiaobige.com#onede.md
🖤妙笔阁 ♛♛♛✘ 自用,,超时,,https://www.imiaobige.com#onede-edit
🚬 31bz.org,"🚬刘备,💊无搜,🚀VPN",超时,,https://www.31bz.org
🚬 一书阁备用™,🔱 绅士淑女 🔱,超时,,https://www.yishug.net
🚬 久久文学,BAD,超时,,http://m.99wenku.org
🚬 小强小说网②,🚬刘备,超时,,http://www.xiaoqiang520.cc
🚬 小说520,🚬刘备,超时,,https://www.xs520f.com
🚬 御书宅[仅发现],"🙈🙈🙈🙈🙈🙈,🚬185,搜索失效",超时,,http://wap.fjxs.net
🚬 挺好的,,超时,,https://tinghaode.org
🚬 无限小说网[修],校验超时,超时,,https://m.wenxuesk.com#修改
🚬 涩文书库,i,超时,,https://sewen.cc/shuku
🚬 烧书阁,🚬刘备,超时,,http://m.shaoshuge8.com
🚬 甜梦文库网,🚬刘备,超时,,https://m.tianmengwenku.org
🚬 神书网,"🚬刘备,💊无搜,🚀VPN",超时,,http://www.shenshu.la
🚬 第一版主555[仅发现],"🚬刘备,🛠️待修",超时,,https://www.diyibanzhu555.com
🚬 第一版主④[仅发现],0108,超时,,http://www.diyibanzhu555.com
🚬 第二书包网,🚬刘备,超时,,http://m.shubaowang123.cc
🚬 第二书包网123,🚬刘备,超时,,https://m.shubaowang123.cc
🛠️ 铅笔小说网[仅发现[无正文],🛠️待修,超时,,http://www.23qb.net
🛸得间小说🌱⭐📑,"☀晨光雨露💫精俢源💯,♻️️置顶🍹破防书源",超时,,https://www.idejian.com#叶落风起
🥛妙笔阁,⁴☃晨光雨露᭄精品源,超时,,https://www.imiaobige.com#发现
🥩你懂的🍭🎐,神段【大乘级】（小说源）,超时,,http://www.120w.info
🧐147小说🅰💜💜💜m#嘚嘚💯,"漫画,﹅ ♛ 精品,搜索失效",超时,,http://m.147xs.org#嘚嘚21.0201
🧐SCIF♨️,"发现失效,﹅ ♝ 优良,搜索失效",超时,,https://www.shuchong.info#发现
🧐天庭第八区小说网,"发现失效,﹅ ♝ 优良,搜索失效",超时,,http://m.dibaqubook.cn
🧐长沙小说[仅发现]💯,"﹅ ♛ 精品,发现失效,搜索失效",超时,,https://www.csxsrc.com
(搜索需输验证码)兰兰文学网,,连接失败,,https://www.lanlanguoji.com
1234小说,网页源,连接失败,,https://www.1234xs.com/
1359漫画💡,💡【提示】,连接失败,,https://www.1359mh.com
1359漫画💡,网站封面挂了很多,连接失败,,https://mh1359.com
147小说,合集0905,连接失败,,https://154.37.155.223
22🇨🇳,,连接失败,,https://www.22shuquge.net/search/#🎃
27漫画-M,漫画,连接失败,,https://m.5freed.com
30书院,💠 普通,连接失败,,https://m.30syy.com
321书吧,³۝天域整理,连接失败,,https://m.eq321.com
321免费,B级; 发现,连接失败,,https://www.xs321.com
358小说大全,酷友,连接失败,,https://www.35851.net
360漫画📱,💯【稳定】,连接失败,,https://m.100fanwo.com
37小说,☀晨光雨露🍒精俢源💯,连接失败,,https://000xs.net
38看书,"﹅ 通用书源▪︎玄奇,搜索失效",连接失败,,https://m.mijiashe.com
38看书,天域战歌,连接失败,,https://www.38kanshu.cc
38看书,小说,连接失败,,https://www.mijiashe.com
39漫画📱,💯【稳定】,连接失败,,https://m.manhua39.com
51图库🌇🔍,柳树🌇图片,连接失败,,https://wuyi1.shop/123/456/
520漫画网,漫画,连接失败,,https://m.niu07.com
520漫画网⛅,⛅【晴天】,连接失败,,https://m.vuzx0939.com
567中文™,"发现失效,﹅ 通用书源▪︎玄奇,搜索失效",连接失败,,https://www.xntk.net
62文学网①,天域战歌整理,连接失败,,https://m.62wx.com
69书吧,,连接失败,,https://www.69haoshu.com  ##_By-[曦灵]
69完本🎃,,连接失败,,https://69wb.net#🎃
72小说网,天域战歌,连接失败,,https://m.72hf.com
83中文Z,小说 书源,连接失败,,https://www.83zwz.com
83中文🎃#3,,连接失败,,https://m.x83zw.net#🎃
88读书网🎃,,连接失败,,https://www.88haoshu.com#🎃
91图库🌇🔍,柳树🌇图片,连接失败,,https://jiuyi2.shop/123/456/
993小说,网页源,连接失败,,https://www.993xs.com/
99comic📶,电信能看; 失效,连接失败,,https://www.99comic.co
ACG和谐漫画-M,漫画,连接失败,,https://m.acgzone.net
Ammmi二次元-P,"发现目录失效,﹅ 通用书源▪︎玄奇,搜索目录失效",连接失败,,https://www.ammmi.com
KuKu动漫-M,漫画,连接失败,,https://wap.kukudm.com
MT小说网,🏵️  小说,连接失败,,https://m.mtdzj.com#
PO文学,,连接失败,,https://m.poyu.com
QQ浏览器,正版,连接失败,,https://novel.html.qq.com/
QQ浏览器,,连接失败,,https://so.html.qq.com
R 乐阅读🐶,R🐶,连接失败,,https://www.22is.com/##RosiaPng
SVIP漫画💡,💡【提示】;,连接失败,,https://www.404mh.com
UU小说网xuu234.cc,⁵♡ོ晨光雨露✺普通源,连接失败,,https://www.xuu234.cc
UU小说网㈡,"发现失效,发现,A级,搜索失效",连接失败,,https://m.uu234w.com
X18漫画,漫画,连接失败,,https://www.x18mh.com
X18漫画-M,漫画,连接失败,,https://m.x18mh.com
X18漫画⛅,部分漫画乱章节,连接失败,,https://www.x18.cn
bl文库,神段【大乘级】（小说源）,连接失败,,https://www.blwenku.net
owlook,🏵️  小说,连接失败,,https://www.owlook.com.cn1
xo小说网🎃,,连接失败,,https://xoxiaoshuo.com#🎃
ʚɞ 豆腐小说 ʚɞ,ฅ  发现,连接失败,,https://m.doufu.la
⑥⑨阅读,,连接失败,,https://www.69wb.net
●棉花糖小说▪APP ♝♝+,"发现失效,﹅ ♝ 优良,搜索失效",连接失败,,https://api.mianhuatangxs.cn#haxc
☁️云端聚合[普通源],"📖小说,🗂 聚合",连接失败,,https://read.search.qingread.icu
♜ ✎笔趣阁⑨① #破冰,"笔趣,﹅ ♜ 优质",连接失败,,https://www.20biquge.com/#♤pb
♜ ✎笔趣阁⑨① #破冰1101,"【❌❌】网站失-效,【】👾笔趣阁",连接失败,,https://www.20biquge.com/#pb1101
♜ ✎笔趣阁⑨④ #破冰1101,"【🈵♥🈵💯】231123千组4,【】👾笔趣阁",连接失败,,https://www.bqg34.net/#pb1101
♜ ✎笔趣阁⑭⓪ #破冰,2,连接失败,,https://wap.quge6.com/#♤pb
♜ ✎笔趣阁⑮③ #破冰,笔趣阁,连接失败,,https://www.biqugexx.net/#♤pb
♜ ✎笔趣阁⑮③ #破冰1101,笔趣阁,连接失败,,https://www.biqugexx.net/#pb1101
♜ ✎笔趣阁⑮⑥ #破冰,"笔趣,发现失效,﹅ ♜ 优质,搜索失效",连接失败,,https://www.xinbiqugew.com/#♤pb
♜ 笔趣阁④ #一程1101,"【】👾笔趣阁,搜索目录失效,【❌❌】搜索目录失-效",连接失败,,https://www.bqg34.net#yc1101
♜+巴巴鱼 #破冰1101,"发现失效,﹅ ♜ 优质,搜索失效",连接失败,,https://www.babayu.com/#pb1101
♜-3000小说 #破冰,"2,搜索失效",连接失败,,https://www.3000xs.com/#♤pb
♜-3000小说 #破冰1101,"﹅ ♜ 优质,搜索失效",连接失败,,https://www.3000xs.com/#pb1101
♜-69中文① #破冰1101,"发现失效,﹅ ♜ 优质,搜索失效",连接失败,,https://www.zw69.com/#pb1101
♜-书海屋 #破冰1101,"﹅ ♜ 优质,搜索失效",连接失败,,https://www.shuhaiwu.com/#pb1101
♜-全本小说③ #破冰1101,"发现失效,﹅ ♜ 优质,搜索失效",连接失败,,https://www.xqb5200.com/#pb1101
♜45小说网 #破冰1101,需要登录,连接失败,,https://www.45txt.com/#pb1101
♜八一中文⑭ #破冰1101,"发现失效,﹅ ♜ 优质,搜索失效",连接失败,,https://www.xzwdu.com/#pb1101
♜博看小说 #破冰1101,"发现失效,﹅ ♜ 优质,搜索失效",连接失败,,https://www.bkxsw.net/#pb1101
♜天翼文学① #破冰1101,"【❌❌】搜索失-效,发现失效,搜索失效",连接失败,,https://www.tianyi.la/#pb1101
♜新笔下文学①,"发现失效,﹅ ♜ 优质,搜索失效",连接失败,,https://www.newbixia.cc/#♤pb
♜选书网② #破冰,⁴☃晨光雨露᭄精品源,连接失败,,https://www.xuanshu6.com/#♤pb
♜选书网② #破冰1101,⁴☃晨光雨露᭄精品源,连接失败,,https://www.xuanshu6.com/#pb1101
♜风雨小说③ #破冰1101,"【❌❌】网站失-效,搜索目录失效",连接失败,,https://www.44pq.cc/#pb1101
♠ 114中文网,"♠ 精品 ♠,🎉 精选 🎉",连接失败,,https://www.114zw.la/
♬ 馨雨听书网 #破冰,听书,连接失败,,https://xytingshu.com/#♤pb
♬ 馨雨听书网 #破冰1025,听书,连接失败,,https://xytingshu.com/#pb1025
⚡️凤凰小说,🏵️  小说,连接失败,,https://m.fhxsz.com
⛔️ 帅同,⛔️  帅同,连接失败,,https://www.shuaigay.pro
✈ 笔趣阁,AAAAA新,连接失败,,https://www.biquger.com
✐    随梦小说,☃ 自用,连接失败,,https://www.cjudfcg.net
✐  随梦小说 ✐,☃ 自用,连接失败,,https://www.cjudfcg.net##发现
✐ 动漫之家 #一程1101,"🎨 C漫画,0-🏜️ 图片",连接失败,,https://m.dmzj.com#yc1101
✐ 动漫之家₁-M #Haxc,"🎨 C漫画,0-🏜️ 图片",连接失败,,https://m.dmzj.com#♤Haxc
✐ 动漫之家₁-M #Haxc1107,"🎨 C漫画,0-🏜️ 图片",连接失败,,https://m.dmzj.com#Haxc1107
✐ 动漫之家₂-M #Haxc,"🎨 C漫画,0-🏜️ 图片",连接失败,,https://api.dmzj.com#♤Haxc
✐ 多多漫画🅰 #Haxc,"🎨 C漫画,0-🏜️ 图片",连接失败,,https://api.duoduomh.1a3.net#♤Haxc
✐ 多多漫画🅰 #Haxc1107,"🎨 C漫画,0-🏜️ 图片",连接失败,,https://api.duoduomh.1a3.net#Haxc1107
✐ 好漫6 #Haxc1107,漫画🎟️,连接失败,,https://www.haoman6.com#Haxc1107
✐ 最漫画 #Haxc,"🎨漫画,公众号:皮斯精选,搜索失效",连接失败,,https://m.zuimh.com#♤Haxc
✐ 趣话漫画🅰💰 #Haxc,漫画🎟️,连接失败,,https://api.iqhmh.com#♤Haxc
✨下拉式阅读🎨📱,"✨,✨📱 手机,🎨 漫画",连接失败,,https://gg.hxt9881.com/
✨笔趣阁⁷⁷,搜索失效,连接失败,,https://www.qiushubang.com##@尐哖
✾+巴巴鱼,"﹅ ✾ 言耽,发现失效,搜索失效",连接失败,,https://m.babayu.com#kd11
✾晨曦小说 #关耳,"﹅ ✾ 言耽,发现失效",连接失败,,https://m.chenxixsw.com#guaner
㊕ ✾鲤鱼乡② #一程,⁶❀耽女︎ºั轻言,连接失败,,https://www.liyuxiangbl.com#♤yc
㊝ ABC小说 ♜♜ yb3.cc,,连接失败,,https://www.yb3.cc/#pb
㊝ 久久小说com ♜♜- + 速,⁴☃晨光雨露᭄精品源,连接失败,,https://www.txt909.com/#md
㊝ 书荒阁API ♛♛,,连接失败,,https://api.shgxsapp.com#渊呀81
㊝棉花糖API ♝♝+,,连接失败,,https://api.mianhuatangxs.cn#一程
㊣ 话本小说,,连接失败,,https://www.ihuaben.comyc
㊣✐ 米推漫画 #一程,漫画🎟️,连接失败,,https://imt.dushimh.com#♤yc
㊣✐ 趣话漫画🅰 #Haxc,漫画🎟️,连接失败,,https://api.iqhmh.com#Haxc1107
一直看 🅰💰✔,,连接失败,,https://yzkapi.yizhikan.cn
一直看🅰,🏵️  小说,连接失败,,https://otherapi.yizhikan.cn
一耽漫画,念心 || 漫画,连接失败,,https://yidan.one
一起看漫画,漫画,连接失败,,https://www.17kmanhua.com
七猫读书网,,连接失败,,https://www.ygbqtl.com/
万卷吧,男频,连接失败,,https://www.wanjuanba.net
三优小说🎃,,连接失败,,https://www.3uxs.org#🎃
三四中文,小说 书源,连接失败,,https://www.zw34.net#未月十八改
下书网②,天域战歌整理,连接失败,,https://m.xiashuwu.cc
下拉漫画网,💯【稳定】,连接失败,,https://www.xiala5.com
不可能的世界🎃,🎄常用,连接失败,,https://m.8kana.com#🎃
丫丫电子书,2025 4月7号 ：静白,连接失败,,https://www.xshuyaya.cc/
丫电子书,小说 书源,连接失败,,https://www.xshuyaya.com
丫电子书,-------,连接失败,,https://www.xshuyaya.cc/#♤pb
丫电子书,小说 书源,连接失败,,https://www.xshuyaya.cc/#pb1101
中文泡泡,②一般,连接失败,,https://www.zwpaopao.com
久久小说,天域战歌,连接失败,,https://www.jjx.la
久久小说,微筛选,连接失败,,https://www.txt99.org/
久久小说④,小说,连接失败,,https://m.969txt.com
乐文书包网,"☣️精选senhora,天域战歌整理",连接失败,,https://m.bookbao.hk
乐文小说网🎃#3,,连接失败,,https://m.xlwxs9a.com#🎃
乐翁,"【🈵♥🈵💯】231123千组1,搜索失效",连接失败,,https://www.mcswi.com/
乐读窝,,连接失败,,https://m.xleduwo.com/
九六城堡,天域战歌整理,连接失败,,https://www.96txt.com
九品文学-只能看灵异/其他无法看/规则不一样,网络; 发现,连接失败,,https://m.9pwx.com
九桃小说‼️,🏵️  小说,连接失败,,https://www.9txs.com/#🌱
书屋小说,,连接失败,,https://www.ishu5.com
书楼吧,,连接失败,,https://m.shulouba.org
书趣阁,,连接失败,,https://www.2shuquge.net
书趣阁🇨🇳,"优选女频,#已校验",连接失败,,https://www.2shuquge.cc
书趣阁🎃,,连接失败,,https://m.22shuqu.com#🎃
书香小说,网页源,连接失败,,https://www.shuxzy.com/
二次元,同人,连接失败,,https://www.2cyxs.com/
云读小说网🎃,,连接失败,,https://m.yundu9.com#🎃
五二书库🎃#2,,连接失败,,https://www.52shukuw.com#🎃
五二小说网 m,搜索失效,连接失败,,https://m.52xs.net/
亲亲小说,"💭💭💭💭💭💭,搜索失效",连接失败,,https://www.qinqinxsw.com
亲亲小说,"💭💭💭💭💭💭,搜索失效",连接失败,,https://www.qinqinxsw.com#未月十八改
亲亲漫画📱,💯【稳定】,连接失败,,https://m.mhzhan.com
人人小说,漫画,连接失败,,https://www.agxs.net-axin
人人阅读,A级; 发现,连接失败,,https://m.rrtxt.com
优酷漫画📱,,连接失败,,https://m.ykmh.com
伤城中文网,B级; 发现,连接失败,,https://www.dashubao.la
傲世中文,小说 书源,连接失败,,https://www.23zw.la
元尊小书屋,"Wave,普通,发现失效,搜索失效",连接失败,,https://m.xiaoshuwu5.com
元尊小书屋(慢),神段【大乘级】（小说源）,连接失败,,https://m.xsw55.net/
先锋小说,🏖️免费+,连接失败,,https://www.xfwxs.com/
免费小说,,连接失败,,https://m.b.com/
全书网🎃,,连接失败,,https://yybook.vip#🎃
全本免费,🏵️  小说,连接失败,,https://www.88quanben.com
全本小说🎃#5,小说,连接失败,,https://m.qbxsba.com#🎃
八一中文APP#haxc,"zip,🎉 精品,★,☀️搜书/换源 A▪精品",连接失败,,https://api.81zwapp.com#haxc
八叉书库🎃,,连接失败,,https://www.8xbook.org#🎃
八叉小说,³۝天域整理,连接失败,,https://8xbk0.com
六九书吧🎃,小说,连接失败,,https://www.69hsz.com#🎃
六零小说,,连接失败,,https://www.60355.com
写意小说,"普通,发现失效,搜索失效",连接失败,,https://wap.xieyixs.com
冷门书屋,,连接失败,,https://www.ilengmen.com/
冷门书屋,小说 书源,连接失败,,https://www.ilengmen.com#🎃
出处源-仓库名著阅读,,连接失败,,https://api.diandu.com/
剑来/顶点小说🎃,,连接失败,,https://m.jianlai.cc#🎃
动漫AGE2（优）,,连接失败,,https://www.agedm.org/search#🎃
动漫之家S₂🅰,漫画1,连接失败,,https://sacg.dmzj.com
动漫之家s₃-A,漫画,连接失败,,https://sacg.dmzj.com/mh
动漫之家₂-M,"🎨漫画,JSON,失效",连接失败,,https://m.dmzj1.com@2
动漫之家₃-M,漫画,连接失败,,https://m.dmzj.com/search
努努书坊,💜未分组,连接失败,,https://www.nunusf.com
包同人圈,,连接失败,,https://199.33.126.51
医学读书,网页源,连接失败,,https://www.yixueds.com/
华文在线,漫画,连接失败,,https://wap.chinesezj.com
华文在线,禁,连接失败,,https://m.chinesezj.net
南极,,连接失败,,🐧
卡夜阁①™备用,"发现失效,搜索失效",连接失败,,https://m.kayege
去兔九三,小说 书源,连接失败,,https://bd.tu93.biz
去读小说/红月忆🎃,,连接失败,,https://m.hongyue1.net#🎃
参与书库,,连接失败,,https://www.shukuw.com
古风漫画,💯【稳定】,连接失败,,https://www.123gf.com
古风漫画📱,💯【稳定】,连接失败,,https://m.123gf.com
可米酷,漫画,连接失败,,https://www.comicool.cn
可能世界,-------,连接失败,,https://m.8kana.com#
同人小说,网页源,连接失败,,https://www.trxiaoshuo.com/
吾读书屋,网页源,连接失败,,https://www.wudusw.com/
哆哩漫画🇰🇷,漫画,连接失败,,https://duolimh.com
哔咔漫画,,连接失败,,https://www.lu851.com
喜纯小说,,连接失败,,https://www.xichubao.com/
喜纯小说,,连接失败,,https://m.xichubao.com
喜纯小说🎃,,连接失败,,https://www.xichubao.com#🎃
喜纯阅读,小说 书源,连接失败,,https://www.xichubao.com##小说
喵上漫画🌟,𐄛🎨 漫画常用,连接失败,,https://www.miaoshangmanhua.com
嗨皮漫画,"全部来自论坛,搜索失效",连接失败,,https://m.happymh.com/
四三中文,念心 || 小说,连接失败,,https://www.zw43.com/
四合读书（修复发现）,🏵️  小说,连接失败,,https://www.siheds.com
四库小说,网页源,连接失败,,https://www.sikuxs.com/
四库读书,网页源,连接失败,,https://www.sikudushu.com/
土豪漫画网-M,漫画,连接失败,,https://m.tuhao456.com
圣武书库,小说 书源,连接失败,,https://www.iswsk.com#阅读
坏蛋1234 #关耳,"💭💭💭💭💭💭,搜索失效",连接失败,,https://www.huaidan1234.com/#guaner
坏蛋1234 #关耳,"💭💭💭💭💭💭,搜索失效",连接失败,,https://www.huaidan1234.com/#♤guaner
坏蛋1234 #关耳,"💭💭💭💭💭💭,搜索失效",连接失败,,https://www.huaidan1234.com/
墨斋小说网,,连接失败,,https://www.mozhai123.net
墨语小说mys8,❤小说,连接失败,,https://www.mys8.net
墨语小说🎃,,连接失败,,https://www.mys8.net#🎃
夜书吧🎃,,连接失败,,https://www.yeshuba.com#🎃
夜空漫画🇰🇷,失效,连接失败,,https://www.sotns.com
大神小说,³۝天域整理,连接失败,,https://m.qr1234.com
大米小说,综合,连接失败,,https://www.damixs.biz
大网文,💜未分组,连接失败,,https://m.dawangwen.com
天文阁,天域战歌,连接失败,,https://www.tianwenge.net
天涯在线书库🎃,,连接失败,,https://www.tianyabook.com#🎃
天籁小说[sobi],"5.24,搜索失效",连接失败,,https://wap.sobiquge.com/
奇书小说,小说 书源,连接失败,,https://www.qisxs.com#
奇书小说,小说 书源,连接失败,,https://www.qisxs.com#🎃
奥安小说（魔法）,"0227⭐,校验超时",连接失败,,https://1.ao3-cn.top/
好汉中文🎃,,连接失败,,https://wapk.china-yantai.net#🎃
孤独小说网🎃,222最新校验成功,连接失败,,https://m.shyosun.com#🎃
学姐吧🌇🔍,柳树🌇图片,连接失败,,https://xuejievip.com
完本小说网,其他,连接失败,,https://m.wbxs.org
完本神站(手机版搜索),"大佬源,☣️senhora起点",连接失败,,https://mip.xinwanben.com
官术网,🌼晨光雨露🍒精品源💯,连接失败,,https://m.gsdushu.com
富书网,CM名著,连接失败,,https://m.365fushu.com
小姐姐漫画,🇰🇷【韩漫】,连接失败,,https://jusebao.co
小小追书,¹▽置顶`ȏ´正版发现,连接失败,,https://book.zsngf.com
小强小说网🎃,,连接失败,,https://www.xiaoqiangla.com#🎃
小白漫画📱💰,,连接失败,,https://www.xiaobaimh.com
小说-🥝koko🍒,第一分组,连接失败,,https://mnz.koroneko.co/
小说旗🎃,,连接失败,,https://m.xs7.com#🎃
小说精华阁,,连接失败,,https://www.babahome.net
小说精品屋,,连接失败,,https://miwen.net
小说部落🎃,,连接失败,,https://www.xs86.net#🎃
少儿不宜,"【❌❌】搜索失-效,搜索失效",连接失败,,https://m.o2000.com/
就爱文学~9awx.com,"优,发现失效,发现,搜索失效",连接失败,,https://www.9awx.com
就看小说,发现规则为空,连接失败,,https://www.wokanxiaoshuo.com/
山药小说网[free],🏖️免费+,连接失败,,https://www.freexswa.com/
巅峰小说🎃,🍜其他,连接失败,,https://wap.fdsrxx.com#🎃
帝书阁🎃,,连接失败,,https://www.22dishuge.com#🎃
幼狮书盟,CM精品,连接失败,,https://www.yssm.tv
幼狮小说,网页源,连接失败,,https://www.youshixs.com/
得意漫画,漫画,连接失败,,https://mh.dymanhua.com
御宅书屋🎃,,连接失败,,https://m.mxbxs.com#🎃
微风小说②,,连接失败,,https://www.wfxs.org
必读小说,网页源,连接失败,,https://www.biduxs.com/
快书读吧,小说 书源,连接失败,,https://m.kuaishuku.net
快岸漫画-M,漫画,连接失败,,https://www.kanbook.net
快眼书海,"💭💭💭💭💭💭,搜索失效",连接失败,,https://www.jqbh.net
悟空小说wkxs,❤小说,连接失败,,https://m.wkxs.cc
我爱文学城,B类,连接失败,,https://m.8kzw.com
我的书城,💜未分组,连接失败,,https://m.wodeshucheng.com/
我的书城,"全部来自论坛,校验超时",连接失败,,https://www.wodeshucheng.com/fenlei/
我看读书,网页源,连接失败,,https://www.wkdushu.com/
拨云搜索,微筛选,连接失败,,https://www.boyunso.com
搜书网,"名著,修复",连接失败,,https://m.soshuw.cn
搜本书,,连接失败,,https://m.sobenshu.com/
搜狗阅读💯,³۝天域整理,连接失败,,https://book.sogou.com
放眼看书,,连接失败,,https://aifangyan.net
文学城🎃,,连接失败,,https://m.wxc.cc#🎃
文鱼中文网,🏵️  小说,连接失败,,https://m.5ibiquge.com
斋书苑,🏵️  小说,连接失败,,https://m.zhaishuyuan.com2
斋书苑②,"发现失效,搜索失效",连接失败,,https://m.zhaishuyuan.comj
斗罗小说网,,连接失败,,https://www.idouluo.com
新思路中文网,🌿精选源,连接失败,,https://m.slzww.com/
新新漫画₁,💯【稳定】,连接失败,,https://www.77mh.cool
新新漫画₂,漫画,连接失败,,https://www.77mh.cc
新笔趣阁,,连接失败,,https://www.tnnd.lol
新笔趣阁,"笔趣,搜索失效",连接失败,,https://www.dghsym.com/
无错小说🎃#4,,连接失败,,https://m.wcxsw.la#🎃
无限动漫,🎨漫画,连接失败,,https://comic.dreamsinfo.cn
时光小说,,连接失败,,https://wap.3399st.com
星星小说,,连接失败,,https://www.zbcxw.cn/
星辰漫画,漫画 书源,连接失败,,https://m.gmh1234.com
晋江文学城(仅发现),天域战歌,连接失败,,https://www.bm-xiaoshuo.com
晚班小说,,连接失败,,https://www.mk.info
晨曦小说网,,连接失败,,https://m.chenxixsw.com##by_夏尔
暖酒小说,小说 书源,连接失败,,https://nuan9.com#🎃
更新书屋,网页源,连接失败,,https://www.gxshuwu.com/
最新火热,"💭💭💭💭💭💭,搜索失效",连接失败,,https://www.qdtianruimuye.com
望海,男频,连接失败,,https://m.wanghairead.com
木木悦读,漫画,连接失败,,https://www.ykwhcomic.com
极速漫画,漫画,连接失败,,https://jsohan.com
格格党,⁴☃晨光雨露᭄精品源,连接失败,,https://m.gegedownn.com/
格格党🎃3,,连接失败,,https://www.qingzichan8.com#🎃
桃桃书屋taotao,❤小说,连接失败,,https://www.taotaoshu8.com
梦幻小说🎃,,连接失败,,https://www.pan5.la#🎃
梦魇小说,网页源,连接失败,,https://www.mengyanxs.com/
棉花糖,"测试组,@念丶无 残留,🏖️免费",连接失败,,https://wap.mianhuatang.info
棉花糖小说网[xw],🏖️免费+,连接失败,,https://m.mhtwxw.com/
棋子小说,"💭💭💭💭💭💭,搜索失效",连接失败,,https://www.qizi02.com#乃星
楼兰小说论坛,天域战歌,连接失败,,https://www.loutxt.com
武侠文学,网页源,连接失败,,https://www.wuxiawx.com/
武林中文,小说 书源,连接失败,,https://www.50zw.so#
歪歪小说,爱猫小说书源合集,连接失败,,https://www.huangshiruanbao.com/index.html
毒部小说,小说 书源,连接失败,,https://www.dubu123.com#未月十八净化#wy18-1001
氨茶动漫（优）,-------,连接失败,,https://www.agedm.org/search
汇雅苑,天域战歌,连接失败,,https://m.huiyayuan.com
沙迦小说,,连接失败,,https://www.isjxs.com
波阅漫画-M,漫画,连接失败,,https://m.bymanhua.com
泼墨小说🎃,,连接失败,,https://m.pomoxs.com#🎃
海岸线文学网,B级; 18; 发现,连接失败,,https://www.22hax.com
清河文学🎃,小说,连接失败,,https://www.qhwxw.com#🎃
清风🎃,,连接失败,,https://www.qingquan.ren#🎃
源社区出品-小果短剧,收集出处：源论坛 4月29号,连接失败,,https://mov.xhl97.cn/
源社区出品-笔趣家,收集出处：源论坛 4月29号,连接失败,,https://www.biqujia.cc
滴哩漫画,失效,连接失败,,https://www.dilimh.com
漫画160,失效,连接失败,,https://m.mh160.com
漫画殿📱⛅,⛅【晴天】,连接失败,,https://m.manhuadian.com
漫画鱼,漫画,连接失败,,https://www.manhuayu8.com
火鹰小说网,天域战歌,连接失败,,https://m.1358.tv
灵域小说,可用,连接失败,,https://m.lingyutxt.com
炎上书屋🎃,,连接失败,,https://book.zri.moe#🎃
热血小说,🏵️  小说,连接失败,,https://www.rexue.org
爱下书小说网,✍🏻自制,连接失败,,https://www.2wxsl.com
爱优漫📱,💯【稳定】,连接失败,,https://m.kaimanhua.com
爱听书🎧,有声,连接失败,,https://m.ting22.com
爱尚小说,小说 书源,连接失败,,https://m.aslwx.com#
爱悦读🎃,,连接失败,,https://www.iyd.wang#🎃
爱看文学,天域战歌整理,连接失败,,https://m.akwenxue.com
爱米推漫画,漫画,连接失败,,https://www.imitui.com
爱米推漫画📱,"🎨漫画,🍙",连接失败,,https://m.imitui.com
爱读小说网,⁹ಥ刘备入川〽️,连接失败,,https://www.52dus.org
爱豆浆小说,,连接失败,,https://www.idoujiang.com
特好书王,综合,连接失败,,https://m.shuwang1.com
独步小说,小说 书源,连接失败,,https://www.dubuxiaoshuo.com/
独步小说,小说 书源,连接失败,,https://www.dubu123.com
独步小说,小说 书源,连接失败,,https://www.dubu123.com#未月十八改
独步小说,小说 书源,连接失败,,https://www.dubu123.com#未月十八净化
独漫画-M,漫画,连接失败,,https://m.dumanhhua.com
玄幻文学,"已校验10.21,搜索失效",连接失败,,https://www.xhwx3.com
玉米小说yookbook,W,连接失败,,https://m.yookbook.com
电影先生🌟,𐄝🎥 视频,连接失败,,https://dianyi.ng
番奇中文,网页源,连接失败,,https://www.fanqizw.com/
番茄小说🎃#2,,连接失败,,https://api.v2.sukimon.me:45554#🎃
番茄最新版本,"番茄小说,慢速",连接失败,,https://api.langge.tk
番茄有声,,连接失败,,https://reading.snssdk.comlistening
番薯小说,,连接失败,,https://g21.manmeng168.com/##番薯
番薯小说,小说 书源,连接失败,,https://ggs.manmeng168.com#kd11
番薯小说,小说 书源,连接失败,,https://ggs.manmeng168.com#yuan1107
番薯渊呀,小说 书源,连接失败,,https://ggs.manmeng168.com#♤yuan
百书阁小说网,"💭💭💭💭💭💭,搜索失效",连接失败,,https://www.baitxt.com/
百度文库,"💭💭💭💭💭💭,搜索目录失效",连接失败,,https://wk.baidu.com111
皮皮漫画网📱,漫画,连接失败,,https://m.pipimov.com
看书吧,天域战歌,连接失败,,https://m.kanshu78.com
看漫画,,连接失败,,https://kanbook.net
看漫画-M,漫画,连接失败,,https://m.kanbook.net
看漫社,,连接失败,,https://www.kanmanshe.com
看看小说,小说 书源,连接失败,,https://www.kankanxs.xyz
看看小说🎃,,连接失败,,https://www.kankanxs.xyz#🎃
知轩藏书,CM名著,连接失败,,https://m.zhixuancs.com
短剧合集（优+）,影视 书源,连接失败,,https://ss.apps.dj
短篇言情🎃,🍜其他,连接失败,,https://www.freenovelstudio.com#🎃
神书小皮🎃,,连接失败,,https://www.shensuw.com#🎃
神仙书阁🎃,,连接失败,,https://m.shenxianfaka.top#🎃
福中福中文,天域战歌整理,连接失败,,https://m.fzfzw.com
福书网🎃#2,,连接失败,,https://www.fushuwang.net#🎃
离奇🌇🔍,柳树🌇图片,连接失败,,https://123.lieqi1.shop
秀十八漫画-M,漫画,连接失败,,https://mip.xiushiba.com
笔下文学[bixi],"测试组,@念丶无 残留,🏖️免费",连接失败,,https://www.bixiawenku.com
笔下看书,,连接失败,,https://www.yn388.com388
笔下看书②,"💭💭💭💭💭💭,搜索失效",连接失败,,https://m.bxwxorg.com
笔仙阁小说网🎃,,连接失败,,https://www.bxge8.com#🎃
笔仙阁🎃,,连接失败,,https://m.bixiange.me#🎃
笔尖中文,小说 书源,连接失败,,https://www.biquzw.la/
笔屋小说,小说 书源,连接失败,,https://www.ibiwu.cc
笔搜阁,,连接失败,,https://m.bisoge.com
笔趣啦,💠 其他,连接失败,,https://biqula.twgsmoex.fun
笔趣客(手痒做一下),💯  精选,连接失败,,https://www.biquker.com
笔趣岛吧,女频,连接失败,,https://m.daowx.com/
笔趣工,"💭💭💭💭💭💭,搜索失效",连接失败,,https://www.855zw.com/
笔趣泡,优质,连接失败,,https://m.biqupao.la
笔趣阁,仓库,连接失败,,https://m.paozw.com
笔趣阁,⁉️ 自制,连接失败,,https://m.biquge.win
笔趣阁,"破冰｜黄凡凡,发现失效,搜索失效",连接失败,,https://www.xinbiqugew.com/
笔趣阁,CM普通,连接失败,,https://www.whzh
笔趣阁,💗,连接失败,,https://m.bqg5200.com
笔趣阁,-------,连接失败,,https://www.biqubao.com-By Dark
笔趣阁,小说 书源,连接失败,,https://www.biquge.info-By Dark
笔趣阁,,连接失败,,https://www.4zw.cc/
笔趣阁,小说 书源,连接失败,,https://www.ybiquge.com
笔趣阁,,连接失败,,https://wap.xinbiquge.org
笔趣阁,小说 书源,连接失败,,https://www.2shuquge.cc#🎃
笔趣阁164,小说 书源,连接失败,,https://www.bqg34.net/
笔趣阁APP,微筛选,连接失败,,https://infosxs.pysmei.com/
笔趣阁aishu9,"❤小说,☀其一",连接失败,,https://www.aishu9.com#sun
笔趣阁aishu9,𐄞📖 𐄚𐄙精品,连接失败,,https://www.aishu9.com
笔趣阁③③,Wave,连接失败,,https://m.cc148.net
笔趣阁⑤🎗,特殊,连接失败,,https://www.22shuquge.com
笔趣阁⑤🎗,特殊,连接失败,,https://www.22shuquge.com#🎃
笔趣阁㉓,"🍁 笔趣 🍁,7月份,精品,👍🏻",连接失败,,https://h5.duduxiaoshuo.top/
笔趣阁㉓,"【🈵♥🈵💯】231123千组1,【】👾笔趣阁",连接失败,,https://m.bbiqq.com
笔趣阁快眼,,连接失败,,https://www.hengfaienterprises.com
笔趣阁🎃#3,,连接失败,,https://www.4zw.cc#🎃
笔趣阁🎃#49,,连接失败,,https://m.bqg70.com#🎃
笔趣阁🎃#60,,连接失败,,https://m.22biqu.net#🎃
笔趣阁🎃#68,,连接失败,,https://m.bqgbe.com#🎃
笔趣阁🎃#74,,连接失败,,https://m.22biqu.com#🎃
笔趣阁🎃#83,,连接失败,,https://m.bqgie.com#🎃
笔趣阁🎃#90,,连接失败,,https://m.biquge5.la#🎃
笔趣阁🎃#91,,连接失败,,https://www.biqugl.com#🎃
笔趣阁🎃#99,,连接失败,,https://m.bqg234.com#🎃
笔趣阁🎃25,,连接失败,,https://www.ybiquge.com#🎃
笔阅读器,小说 书源,连接失败,,https://novelapi.kpkpo.com##
第一版主,,连接失败,,https://hdyp.net
第一版主,A级; 特殊; 发现; 搜索; 18,连接失败,,https://m.diyibanzhu.tw
第一版主01,"搜索,发现,A级,特殊,18",连接失败,,https://www.01bz.tel
第一版主cc,,连接失败,,https://diyibanzhu4.in
第一版主~diyibanzhu3.net（书源URL改成diyibanzhu9.net或diyibanzhu3.xyz也适用）,禁,连接失败,,https://www.diyibanzhu3.net
第一版主③,,连接失败,,https://diyibanzhu3.in
第一版主⑨,"B级,发现,18",连接失败,,https://www.diyibanzhu9.in
第九中文网🎃,,连接失败,,https://m.d9book.net#🎃
第二书包网④,³۝天域整理,连接失败,,https://www.muqiu55.com
第五放映,视频,连接失败,,https://www.d5uu.com/
米肉肉漫画,💯【稳定】,连接失败,,https://www.mirourou.com
米花书房,"💭💭💭💭💭💭,搜索失效",连接失败,,https://m.mihua.net
米趣小说‼️,🏵️  小说,连接失败,,https://www.meegoq.com/#🌱
精华书阁🎃#6,,连接失败,,https://m.xbyuan.com#🎃
紫陌小说,网页源,连接失败,,https://www.zimoxs.com/
红包小说,小说 书源,连接失败,,https://wwww.2kxs.org
红尘黄色🔍,,连接失败,,https://www.hhss40.xyz
红颜书吧,"发现目录失效,天域苍穹,搜索目录失效",连接失败,,https://www.hyshub.com
绮洺小说,漫画,连接失败,,https://book.moec.cc
缀舒阅读,"☣️精选senhora,⛎JJ城",连接失败,,https://www.avqc.com.cn
缘分小说,网页源,连接失败,,https://www.51yuanxs.com/
缥缈小说,网页源,连接失败,,https://www.piaomiaoxs.com/
网络小说网,综合,连接失败,,https://m.txtwl.com
美文书屋🙈#南笙21.0101,"发现失效,搜索失效",连接失败,,https://m.62ru.com#南笙21.0101
群书库,天域战歌,连接失败,,https://www.qunshuku.com
耐看吧,网页源,连接失败,,https://www.twotxt.com/
聚书库,神段【大乘级】（小说源）,连接失败,,https://m.jushuku.com
肉肉屋🎃2,,连接失败,,https://www.rourouwu.in#🎃
脸红心跳,,连接失败,,https://www.po.in
腐小说(慢),神段【大乘级】（小说源）,连接失败,,https://www.xgosd.net
腐读阁,,连接失败,,https://www.ffuduge.com
自制书源【永久有效】,,连接失败,,https://po.rouwenapp.com
自制书源【永久有效】,,连接失败,,https://poto.rouwenapp.com
船说CMS,,连接失败,,https://ziyuan.jipingxs.com/
艾米漫画,,连接失败,,https://www.aimimh.com
芝士豪八动漫,✨漫画,连接失败,,https://manhua.zsh8.com
若晴小说,网页源,连接失败,,https://www.rqxiaoshuo.com/
萌猫动漫（简介）,念心 || 观影,连接失败,,https://www.17imoe.com/
蚂蚁文学,,连接失败,,https://www.mayiwxw.comNamo
言情小筑,小说 书源,连接失败,,https://www.yqxz.org#🎃
言情小筑,🌸女生,连接失败,,https://m.yqxz.org
言情小筑🎃,,连接失败,,https://m.yqxz.org#🎃
言情小说园,言情; 发现,连接失败,,https://m.yqxsy.com
诗词中文,网页源,连接失败,,https://www.shicizw.com/
读书阁🎃,⑤🛍︎  小说,连接失败,,https://stxt.top#🎃
读吧文学,,连接失败,,https://m.yq.com/
读客小说,网页源,连接失败,,https://www.dukexs.com/
读小说,³۝天域整理,连接失败,,https://m.23dxs.com
读读小说网,🌼晨光雨露🍒精品源💯,连接失败,,https://www.nmdzps.com
谜书文学,网页源,连接失败,,https://www.mishuwx.com/
豆腐阅读,,连接失败,,https://doufu.la
超凡小说,小说 书源,连接失败,,https://wap.pan8.info
超凡小说,收集出处：源论坛 4月29号,连接失败,,https://wap.pan8.org
超凡小说,,连接失败,,https://www.pan8.info/
超凡小说🎃,,连接失败,,https://www.pan8.info#🎃
趣书网543🎃,,连接失败,,https://www.543xs.com#🎃
躺着看,🐿️,连接失败,,https://www.tzkxs9.com
轩宇阅读🎃,,连接失败,,https://wwww.xyyuedu.com#🎃
轻文,6、特殊,连接失败,,https://poi.iqing.com
轻文库🎃,,连接失败,,https://m.wenkuchina.com#🎃
选书网吧🎃,,连接失败,,https://www.ixuanshu.net#🎃
酷客村🎃,,连接失败,,https://kukecun.com#🎃
酷酷小说,网页源,连接失败,,https://www.kukusxs.com/
酸奶漫画,,连接失败,,https://m.kkk.com
锋书网,【小说1书源】,连接失败,,https://www.fengshuge.com/
长夜读书,🏵️  小说,连接失败,,https://www.changyedu.com/
阅书小说网  搜索正常,³۝天域整理,连接失败,,https://m.yueshu.org
阿u小说网,,连接失败,,https://auxsw.com/
随心看吧,,连接失败,,https://m.suixkan.comguaner
雨露读书,网页源,连接失败,,https://www.yuluds.com/
零点看书,自制,连接失败,,https://m.0dkanshu.com
零点看书🇨🇳🎃,,连接失败,,https://www.rhmm18.com#🎃
雷漫画📱,失效,连接失败,,https://m.leimanhua.com
霹雳书屋🎃,,连接失败,,https://www.xiarishuwu.com#🎃
青梨小说,女频,连接失败,,https://qingly.ink/
青梨小说🎃,🍜其他,连接失败,,https://qingly.ink#🎃
青瓜看书,小说 书源,连接失败,,https://qingking.hyhyn.com
韩漫吧,漫画,连接失败,,https://www.hanman8.net
顶点小说,小说 书源,连接失败,,https://www.23ddw.cc#🎃
顶点小说8,普通,连接失败,,https://www.x23us.me
顶点小说🎃#7,小说,连接失败,,https://m.23ddw.net#🎃
风雨小说,小说 书源,连接失败,,https://www.44pq.cc
风雨小说🎃#2,,连接失败,,https://www.44pq.cc#🎃
饭饭论坛,自用,连接失败,,https://bbs.fanfanf.com##发现
骑士小说网,第一分组,连接失败,,https://m.74txt.com
骑士小说🎃,,连接失败,,https://m.74txt.cc#🎃
魅夜小说,天域战歌整理,连接失败,,https://m.pcwap.cn
魔爪中文,网页源,连接失败,,https://www.mozhuazw.com/
鸟书网吧,,连接失败,,https://m.mk.la
鸭蛋秀（可搜索）,美女图片,连接失败,,https://www.yadanxiu.com
黑沼泽,涩文,连接失败,,https://zhaoze.pro
黑龙小说,网页源,连接失败,,https://www.heilongxs.com/
龙族小说网,⁴☃晨光雨露᭄精品源,连接失败,,https://www.longfu8.com
🌐 武侠世界2✈,,连接失败,,https://wuxiaworld.online
🌐新新漫画,漫画 书源,连接失败,,https://m.77mh.xyz
🌟 丫丫读书,🌟 精品,连接失败,,https://www.yayayd.com
🌟 爱阅小说,"🌟 抓包,js失效",连接失败,,https://api.dgjiayuan.cn/#1
🌠 动漫AGE,🌠 漫画,连接失败,,https://www.agedm.org/
🌠 韩漫大全,🌠 漫画,连接失败,,https://www.hanmandq.com/
🌠酷漫漫画,漫画; 发现规则语法错误,连接失败,,https://kumanapp.com
🌴聚合书库,"【❌❌】搜索正文失-效,搜索失效",连接失败,,https://mjjxs.com/
🌸 书海文学,🌸常用,连接失败,,https://www.kanshuhai.net
🌸 值得阅读,🎃常规,连接失败,,https://s.4billion.tv
🌸 感情文学,🌸 女频,连接失败,,https://www.ganqing5.com
🌸 晨曦小说,🌸常用,连接失败,,https://m.chenxixiaoshuo.net
🌸 玉米小说,,连接失败,,https://m.yumitxt.com
🌸 百合小说,"【❌❌】搜索失-效,搜索失效",连接失败,,https://m.baihexs.com-DYS
🌸 起读书,,连接失败,,https://m.qidushu.com
🌸 轨道小说,②🌸  常用,连接失败,,https://www.biqueg.cc
🌸大雪天,"发现失效,搜索失效",连接失败,,https://www.daxuetian.com#关耳
🌸晨曦小说,②🌸  常用,连接失败,,https://m.chenxixsw.com
🌸歪歪小说,🏵️  小说,连接失败,,https://www.99xiyue.com🌸
🌸玫瑰小说,②🌸  常用,连接失败,,https://api.meiguixsapp.com/
🌼L M A P P,,连接失败,,https://api.laomaoxs.com##
🌼起  读  书,,连接失败,,https://www.qidushu.com##
🌾聚合API – 速读谷/得奇/江南小说,"全部来自论坛,网站失效",连接失败,,https://novel.api.qingread.icu
🍁 一品侠小说,"【❌❌】搜索正文失-效,搜索失效",连接失败,,https://www.yipingxia.com##旅途
🍁笔趣阁⑤②,🍁 笔趣 🍁,连接失败,,https://www.xxbqg.com/
🍁笔趣阁⑥②,🍁 笔趣 🍁,连接失败,,https://www.vipkanshu.com/
🍁笔趣阁⑩⑤,🍁 笔趣 🍁,连接失败,,https://www.bixuege.com/
🍁笔趣阁⑬⓪,²♨笔-趣-阁❆,连接失败,,https://www.cc148.net/
🍁笔趣阁⑰②,🍁 笔趣 🍁,连接失败,,https://www.biqidu.com/
🍁笔趣阁㉜,🍁 笔趣 🍁,连接失败,,https://www.xxbiquge.net/
🍁笔趣阁㊷①,,连接失败,,https://www.pingyuege.com/
🍅大灰狼融合漫画2.1(独立版),大灰狼,连接失败,,https://20.langge.tk/#漫画/
🍅大灰狼融合短剧2.1(独立版),大灰狼,连接失败,,https://20.langge.tk/#短剧/
🍅番茄小说[纯享阅读],"番茄小说,pyfqweb",连接失败,,https://ikun.laoguantx.top:45554#b
🍉 玉彩网,"已校验10.21,🚬 刘备,🍉 男频,搜索失效",连接失败,,https://m.yucaizw.com
🍒 凤鸣轩hndzqx,"🍒30,🍋🍋🍋🍋🍋🍋,搜索失效",连接失败,,https://www.hndzqx.com
🍒 女生言情,🍒言情,连接失败,,https://dpyqxs.com
🍒 笑傲文学,"常用,搜索失效",连接失败,,https://www.szslkb.com
🍒乐阅读,全部来自论坛,连接失败,,https://so.27k.net/
🍩乐阅读[自写],免费,连接失败,,https://www.22is.com#xsw8093
🍩暖酒小说,111最新校验成功,连接失败,,https://nuan9.com/
🍩西红柿小说,,连接失败,,https://api.xihongshixsapp.com
🍭256文学💗🎐,神段【大乘级】（小说源）,连接失败,,https://www.256wenxue.com
🍺 2K小说[仅发现],🍺特优,连接失败,,https://www.fpzw.com
🍺 MI看书,"﹅ ♛ 精品,发现失效,搜索失效",连接失败,,https://www.mikanshu.com44
🍺 东方小说网,🍺 特优,连接失败,,https://m.dfxsw.com/
🍺 同人志,🍺特优,连接失败,,https://m.faloo.org
🍺 宜搜文学,🍺特优,连接失败,,https://www.yisouwx.com
🍺 猫扑小说[仅发现],优质源👍,连接失败,,https://www.mop369.com
🍺 笔趣阁,🍺特优,连接失败,,https://m.biqugee.com
🍺 米妮小说,🍺特优,连接失败,,https://m.amini.net
🍺 红叶书斋[仅发现],🍺特优,连接失败,,https://m.hongyeshuzhai.com
🎀唐画南坊,⁹ಥ刘备入川〽️,连接失败,,https://tinghao.info/
🎃69书吧🎃#2,,连接失败,,https://www.69haoshu.net#🎃
🎃69好书🎃,,连接失败,,https://www.69haoshu.com#🎃
🎃三五中文网🎃,,连接失败,,https://m.guigushi2.com#🎃
🎃下书小说网🎃,,连接失败,,https://www.frxsw.com#🎃
🎃冬日小说🎃,,连接失败,,https://www.drxsw.com#🎃
🎃参与书库🎃#2,,连接失败,,https://www.shukuw.com#🎃
🎃奇怪小说🎃,,连接失败,,https://www.aahhss.com#🎃
🎃花生小说🎃,,连接失败,,https://api.wanx.com#🎃
🎃言情花园🎃,,连接失败,,https://www.yqhy.tw#🎃
🎃顶点小说🎃#4,,连接失败,,https://www.2dingdian.net#🎃
🎃顶级看书网🎃,,连接失败,,https://www.djks5.com#🎃
🎃骑士小说🎃,,连接失败,,https://www.74txts.com#🎃
🎈258漫画网,🎈 漫画,连接失败,,https://m.shut123.com
🎈52书库② #关耳,"轻文,发现失效,搜索失效",连接失败,,https://www.52shukuw.com#guaner
🎈私塾网,④🎈  普通,连接失败,,https://m.4shuwang.net
🎉 1600小说,"﹅ ♛ 精品,发现失效,搜索失效",连接失败,,https://1600.xyz
🎉 2000book💙💙 ▼嗅探？,"👍 优质,夏一L,★,☀️搜书/换源 B▪优质",连接失败,,https://www.2000book.com
🎉 30书院[仅发现],,连接失败,,https://www.30syy.com
🎉 38看书网,🎉精品,连接失败,,https://m.38kanshu.com
🎉 88读书③,,连接失败,,https://www.jiyaetuomaoji.com
🎉 i笔趣阁,,连接失败,,https://i.bqgshu.com
🎉 一曲书斋𖤓,"🎉 精品,发现失效,搜索失效",连接失败,,https://www.equsz.com
🎉 中文泡泡,,连接失败,,https://zwpaopao.com
🎉 乐文小说⑥[仅发现],,连接失败,,https://www.lwlewen.com
🎉 乐文小说⑫[仅发现],,连接失败,,https://www.lwxs9.com
🎉 书呆网,🎉精品,连接失败,,https://m.shudai.xyz
🎉 书荒小说网,,连接失败,,https://www.xunlingol.com
🎉 云看小说,🎉 精选 🎉,连接失败,,https://kan.ks666.top
🎉 你我看书,🎉精品,连接失败,,https://wap.25kanshu.com
🎉 国度小说,🎉精品,连接失败,,https://www.guoduxs.com
🎉 奇书网,🎉精品,连接失败,,https://www.126shu.co
🎉 宙斯[仅发现],,连接失败,,https://m.zhousixs.com
🎉 少年文学[仅发现],🎉 精选 🎉,连接失败,,https://www.snwxx.com
🎉 快眼看书[仅发现],,连接失败,,https://www.see023.com
🎉 思路客𖤓,"🎉 精品,☣️senhora起点",连接失败,,https://www.siluke.tv
🎉 新卡夜阁,🎉精品,连接失败,,https://www.kayega.com
🎉 新青豆小说,🌼晨光雨露🍒精品源💯,连接失败,,https://m.xinqingdou.com
🎉 无名中文,🎉精品,连接失败,,https://www.wumingwx.com
🎉 泊星石[仅发现],🎉精品,连接失败,,https://m.mkxs6.com
🎉 海岸线文学,🎉 精选 🎉,连接失败,,https://m.haxyuedu.com
🎉 爱情小说,🎉精品,连接失败,,https://www.aiqingxs.com
🎉 爱情小说[仅发现],,连接失败,,https://m.aiqingxs.com
🎉 秒书屋,🎉精品,连接失败,,https://m.miaoshuwu.cc
🎉 笑傲文学,一程,连接失败,,https://m.23sk.net
🎉 笔趣阁②,🎉精品,连接失败,,https://m.biquge.com
🎉 老猫小说,🎉 精品,连接失败,,https://api.laomaoxs.net
🎉 速赢文学,🎉 精选,连接失败,,https://m.tenghuxs.com
🎉 锦绣文学,🎉 精品,连接失败,,http://m.580bk.com
🎉 阅小说网,,连接失败,,https://www.yuexs.com
🎉 顶点小说23us,🎉精品,连接失败,,https://m.23us.net
🎉 鬼片小说,🎉精品,连接失败,,https://www.gpxiaoshuo.com
🎉 魔法小说,🎉精品,连接失败,,https://wap.mofaxs.com
🎉 黑客小说,,连接失败,,https://www.heikexs.com
🎉4k小说网,🎉 精选 🎉,连接失败,,https://www.4kxiaoshuo.com/
🎉75小说,🎉 精选 🎉,连接失败,,https://www.75dr.com/
🎉88读书网①,"🚀 加速,💗 男频",连接失败,,https://www.88dutxt.com/
🎉三台文学①,,连接失败,,https://www.santaiwx.com/
🎉三零小说网,,连接失败,,https://www.30xiaoshuo.com/
🎉乐文小说⑬,🎉 精选 🎉,连接失败,,https://www.lewen.cm/
🎉书家园,🎉 精选 🎉,连接失败,,https://www.xinshujy.com/
🎉书阁小说①,,连接失败,,https://www.shuge9.com/
🎉全本小说网,5.26,连接失败,,https://www.qb5.tw-By Dark#嘚嘚21.0201
🎉八一八小说,,连接失败,,https://www.818812.com/
🎉大众小说,🎉 精选 🎉,连接失败,,https://m.xdzxsw.com/
🎉奇书网⑤,🎉 精选 🎉,连接失败,,https://www.cnziyuan.com/
🎉妙笔阁③①,,连接失败,,https://www.mbgtxt.com/
🎉小说汇小说,,连接失败,,https://www.txthui.com/
🎉快眼看书,🎉 精选 🎉,连接失败,,https://www.niaoyan.net/
🎉文学屋书屋,,连接失败,,https://www.wenxue5.net/
🎉新笔下文学②,"🎉 精选 🎉,☣️senhora起点",连接失败,,https://www.xbxwx.cc/
🎉查书库小说,,连接失败,,https://www.caku.cc/
🎉燃文小说④,🎉 精选 🎉,连接失败,,https://m.ranwen52000.com/
🎉笔趣abcd①,,连接失败,,https://www.biquabc.com/
🎉紫薇中文①,,连接失败,,https://m.zw0000.com/
🎉老幺小说,🎉 精选 🎉,连接失败,,https://www.laoyao.org/
🎉读书网,"🎉 精选 🎉,🏵️  小说",连接失败,,https://www.dusuu.com
🎉起读书小说,,连接失败,,https://www.qidushu.com/
🎉迷你书屋,🎉 精选 🎉,连接失败,,https://www.minishuwu.net/
🎉追书大师,🎉 精选 🎉,连接失败,,https://www.zhuishudashi.com/
🎉速阅▪︎API💜💜💜🔎,,连接失败,,https://api.suyuexs.com#渊呀
🎉零点书屋①,,连接失败,,https://www.lingdianshuwuu.com/
🎉顶点小说⑰,🎉 精选 🎉,连接失败,,https://www.dingdiann.net/
🎉顶点小说㉙,"🎉 男频精选 🎉,⌛️ 全局搜书 ⌛️,®️ 搜书男频 ®️",连接失败,,https://www.222xs.com/
🎊凤凰小说,优质源👍,连接失败,,https://www.fhxsz.com/
🎋雨枫轩（在线阅读）🎋,"🎄🎄🎄🎄🎄🎄,搜索失效",连接失败,,https://www.rain8.com/##响海3
🎧 听书宝,🎧 有声,连接失败,,https://m.tingshubao.com
🎨 1359漫画espipe[不稳定|修]📱,"漫画,发现失效,搜索失效",连接失败,,https://m.espipe.com
🎨 50漫画网,🎨漫画,连接失败,,https://www.50mh.com
🎨 686漫画✈️,"7.13,漫画",连接失败,,https://www.686mh.com
🎨 HiComic,🎨漫画,连接失败,,https://hicomic.net
🎨 动漫之家V3,🎨漫画,连接失败,,https://www.v3api.dmzj.com
🎨 动漫之家W,🎨漫画,连接失败,,https://www.dmzj.com
🎨 土豪漫画,🎨 漫画,连接失败,,https://tuhao456.com
🎨 海贼小站,🎨漫画,连接失败,,https://one-piece.cn/comic
🎨 漫画大全,🎨漫画,连接失败,,https://m.3li.cc
🎨 漫番漫画,🎨漫画,连接失败,,https://codetest.myfcomic.com
🎨 知音漫客,🎨漫画,连接失败,,https://api.zymk.cn
🎨 芝士豪八动漫,🎨漫画,连接失败,,https://manhua.zsh8.com/page
🎨 親漫畫,🎨漫画,连接失败,,https://www.qinmanga.com
🎨 魔趣阁,🎨漫画,连接失败,,https://m.moquge.com
🎨一本漫画,🎨 漫画,连接失败,,https://app.yibenmanhua.com
🎨侠漫画,🎨 漫画,连接失败,,https://m.xiamh.com
🎨哔咔漫画🥕,黄段【圆满级】（漫画源）,连接失败,,https://www.buffacg.com
🎨来漫画,🎨 漫画,连接失败,,https://m.laimanhua.com
🎨漫客栈,漫画,连接失败,,https://xs.mkzhan.com
🎨漫画160,🎨 漫画,连接失败,,https://m.mh160.co
🏷️乐视小说🌱,,连接失败,,https://www.les3399.com#渊呀edit
🏷️飘天文学①,,连接失败,,https://www.piaotian5.com/
🐑圣武书库,全部,连接失败,,https://www.iswsk.com##在线
🐳88听书,🐳 有声 🐳,连接失败,,https://www.88tingshu.com/
🐳歪歪小说,,连接失败,,https://www.99xiyue.com
👍 33991笔趣阁,👍 优质,连接失败,,https://www.33991.net
👍 MI看书,"优质源👍,🏵️  小说",连接失败,,https://www.mikanshu.com
👍 一曲书斋,优质源👍,连接失败,,https://m.yiqushu.cc
👍 二五零书院,i,连接失败,,https://m.x5200.com
👍 亲亲小说网,,连接失败,,https://m.qinqinxsw.com
👍 免费看,👍 优质,连接失败,,https://m.wxmfk.com
👍 八一中文网,👍优质,连接失败,,https://m.zwdu.com
👍 六看小说,,连接失败,,https://m.6kxs.net
👍 吞噬小说[仅发现],,连接失败,,https://m.tsxs.org
👍 大熊猫,👍 优质,连接失败,,https://www.dxmwx.net
👍 女神小说网[仅发现],,连接失败,,https://m.nvshenxs.com
👍 妙笔文学,👍优质,连接失败,,https://www.mbtxt.cc
👍 婷阅小说,优质源👍,连接失败,,https://m.tyuetxt.com
👍 格格党[仅发现],👍优质,连接失败,,https://www.ggdown.cc
👍 海岸线文学,👍 优质,连接失败,,https://m.haxreader.com
👍 百家网[仅发现],,连接失败,,https://m.xinbaijiaw.com
👍 笔趣阁[仅发现],👍优质,连接失败,,https://m.vipkanshu.com
👍 老幺小说,👍 优质,连接失败,,https://m.laoyao.org
👍 藏书阁(手机),👍 优质,连接失败,,https://m.ohcsg.com
👍 采薇小说[仅发现],,连接失败,,https://www.ybwzx.com
👍全书书阁,"【❌❌】搜索正文失-效,搜索失效",连接失败,,https://7book.cc
👔 努努书坊,👻 隐藏,连接失败,,https://www.kanunu1.com/
👔 飞言情网,👻 隐藏,连接失败,,https://www.fyq99.net/
👔肉肉屋站,第一批,连接失败,,https://www.rourouwu.info
👻 鬼大爷故事,👻灵异,连接失败,,https://m.guidaye.com#
💊 abc小说,💊无搜,连接失败,,https://wap.yb3.cc
💊 玄葫堂™,💊无搜,连接失败,,https://m.xuanhutang.com
💊 笔趣阁⑨⑤,💊无搜,连接失败,,https://www.biquge.vip
💊 风筝小说,💊无搜,连接失败,,https://www.56fz.com
💗泊星石,"发现失效,💗女频,搜索失效",连接失败,,https://m.mkxs8.com
💠 羞涩小说,🥵  特殊,连接失败,,https://www.xiusexx.fun
💠 飞跃九八,🏵️  小说,连接失败,,https://www.feiyue988.com
💦三五文学网,💦 精品 💦,连接失败,,https://www.35booktxt.com/
💦二二中文网,,连接失败,,https://www.6zw.net/
💦去读读小说,,连接失败,,https://www.qududu.cc/
💦新笔下文学②,💦 精品 💦,连接失败,,https://www.newbixia.cc/
💦追书网②,💦 精品 💦,连接失败,,https://www.lmxsw.com/
💫久久小说⑤,神段【大乘级】（小说源）,连接失败,,https://www.jjxsw.la
💫笔趣阁❶❹❾,🌴💒笔趣阁,连接失败,,https://www.biquvv.com/
💫雨后中文,☃晨光雨露🍒精品源💯,连接失败,,https://www.yuhouzw.com
💯全本小说①,"⌛️ 全局搜书 ⌛️,🍄   💯 精品 🍄,®️ 搜书男频 ®️",连接失败,,https://www.xxqb5200.com/
💯新笔下文学①,"⌛️ 全局搜书 ⌛️,🍄   💯 精品 🍄,®️ 搜书男频 ®️",连接失败,,https://www.xbxwx.net/
💯灵域小说,"🎉 精选 🎉,🏵️  小说",连接失败,,https://www.lingyutxt.com/
💯笔下文学③,🎉 精选 🎉,连接失败,,https://www.bxwx.org/
💯笔趣阁⑭,💯 精品 💯,连接失败,,https://www.ebqg.net/
💯趣阅小说,💯 精品 💯,连接失败,,https://m.qvyue.com/
💯雅文小说,🎉 精选 🎉,连接失败,,https://www.yawen365.com
💰 多多看书,💰 正版,连接失败,,https://xiaoshuo.sogou.com
💰豆腐阅读,正版,连接失败,,https://m.doufu.la@
💵 米国度,,连接失败,,https://api.myrics.com
📒红 袖 招,"💠 其他,🚀 加速",连接失败,,https://hongxiu.me
📖 棉花糖网,📖 小说,连接失败,,https://www.mianhuatang.info/
📖 棋子小说,"🍍🍍🍍🍍🍍🍍,📖 324,搜索失效",连接失败,,https://www.qizi02.com/
📖 永恒小说,"测试组,@念丶无 残留,👻 隐藏",连接失败,,https://www.4pan.net
📖 笔小说网,"【❌❌】搜索失-效,搜索失效",连接失败,,https://www.xswang.com
📖 笔趣阁网,📖 小说,连接失败,,https://www.aishu5.net/
📖 言情文库,📖 小说,连接失败,,https://www.yqwenku.com/
📖 轩辕书社,"测试组,📖 小说,@念丶无 残留",连接失败,,https://www.xyshushe.com
📖 黄金屋网,"【❌❌】搜索失-效,搜索失效",连接失败,,https://www.hjwxs.com/
📖新御书,,连接失败,,https://www.xyushuwu.in
📘来漫画,"📘漫画,🔮发现",连接失败,,https://www.laimanhua.com
📚 31看书网,📚出版,连接失败,,https://www.31ksw.org
📚 精华书阁,发现规则为空,连接失败,,https://www.babahome.net#🎃
📚书山融合漫画3.0(独立版),"番茄漫画,漫画",连接失败,,https://ga.shusan.xyz/#漫画/
📚书山融合短剧3.0(独立版),"番茄短剧,河马短剧",连接失败,,https://ga.shusan.xyz/#短剧/
📚官场小说,📚出版,连接失败,,https://www.gcxsall.com/
📜 必读小说,[小说源],连接失败,,https://m.biduxs.com
📜 茄子小说网,[小说源],连接失败,,https://wap.free-xsw.com
📜八一中文⑭,[小说源],连接失败,,https://www.xzwdu.com/
📡 2K小说™,"📡发现,🍺特优",连接失败,,https://www.2kxs.com
📡 乐视小说[仅发现],,连接失败,,https://www.les3399.com
📡 完本神站,"📡发现,💊无搜",连接失败,,https://www.wanben.org
📡 白鹿小说[仅发现],,连接失败,,https://www.bailuxs.com
📡 迅读网[仅发现],,连接失败,,https://www.xunread.com
📺,,连接失败,,https://18hc.life/vod
📻 22听书1,📻有声,连接失败,,https://www.ting22.com#
📻 喜马拉雅™,📻有声,连接失败,,https://www.ximalaya
📻 快听™,📻有声,连接失败,,https://api.micromsc.net
📻 酷我听书,💜未分组,连接失败,,https://www.kwting.com
🔆读书阁,,连接失败,,https://www.dushuge.net/
🔖爱小说③,"【❌❌】搜索失-效,搜索失效",连接失败,,https://www.ixs.cc-By Dark
🔥 lesbl腐书,"发现失效,备用,搜索失效",连接失败,,https://www.lesbl.com
🔥 lesbl腐书,"发现失效,备用,搜索失效",连接失败,,https://www.lesbl.com#一程
🔥 福书网①,🍀 女频备用 🍀,连接失败,,https://www.fushuu.in
🔥52书库#玄奇21.0202,"发现失效,备用,搜索失效",连接失败,,https://www.52shukuw.com#玄奇21.0202
🔥69shu.me,"3⚡破防盗,可用69",连接失败,,https://69shu.me/index.html
🔥爱美女,"🧜‍♀️,自制",连接失败,,https://www.2meinv.com/
🔰 ABC小说[防盗字体],🏵️  小说,连接失败,,https://www.njesafenet.com
🔰 乐文小说[仅发现],,连接失败,,https://m.lwlewen.com
🔰 全本小说网,🔰 普通,连接失败,,https://m.qb5.ac
🔰 八一中文,🔰普通,连接失败,,https://www.81wen.com
🔰 八七玄幻[仅发现],🔰普通,连接失败,,https://m.87xh.com
🔰 六看小说,🔰 普通,连接失败,,https://www.6kxs.net
🔰 千千小说,🔰 普通,连接失败,,https://www.xqqxs.com
🔰 圣武书库,"5.26,3",连接失败,,https://www.iswsk.com#下载
🔰 大佬读,🏵️  小说,连接失败,,https://m.dalaodu.com
🔰 小说圈手机版,🔰普通,连接失败,,https://m.yanyiquan.com
🔰 梦幻小说,🔰 普通,连接失败,,https://www.pan5.la/
🔰 灵境行者,,连接失败,,https://www.biqugege.cc
🔰 爱看书吧,🔰普通,连接失败,,https://m.aikanshu88.com
🔰 笔下文学,🔰 普通,连接失败,,https://www.bixia66.com
🔰 笔趣阁,,连接失败,,https://m.cc148.com
🔰 笔趣阁,-------,连接失败,,https://www.22shuquge.net
🔰 腐女中文[仅发现],🔰普通,连接失败,,https://m.fnzw.com
🔰 艾米小说,,连接失败,,https://m.amxs.cc
🔰 茄子小说[仅发现],"🔰普通,☣️可用",连接失败,,https://www.free-xsw.com
🔰 读书阁②,⑤🛍︎  小说,连接失败,,https://stxt.top
🔰 读看看书屋[仅发现],🔰普通,连接失败,,https://www.dukankan.com
🔰 顶点小说,🏵️  小说,连接失败,,https://m.23us.com
🔰 飞库书包,🔰普通,连接失败,,https://www.feikusb.com
🔰6毛书院,🔰 一般 🔰,连接失败,,https://www.6maosy.com/
🔰6毛小说,🔰 一般 🔰,连接失败,,https://www.6mxiaoshuo.com/
🔰一品读书,🔰 一般 🔰,连接失败,,https://www.ypdushu.com/
🔰三月中文,🔰 一般 🔰,连接失败,,https://www.cnsyhz.com/
🔰书馆小说,🔰 一般 🔰,连接失败,,https://www.shuguanxs.com/
🔰听书小说,🔰 一般 🔰,连接失败,,https://www.tingshuxs.com/
🔰小飞电子书,🔰 一般 🔰,连接失败,,https://www.txtxf.com/
🔰幼狮中文,🔰 一般 🔰,连接失败,,https://www.youshizw.com/
🔰我看书屋,,连接失败,,https://www.wkshuwu.com/
🔰明朝小说,🔰 一般 🔰,连接失败,,https://www.mingchaoxs.com/
🔰暖才小说网,🔰 一般 🔰,连接失败,,https://www.ncwxxs.com/
🔰来看小说,🔰 一般 🔰,连接失败,,https://www.look37.com/
🔰电子小说,🔰 一般 🔰,连接失败,,https://www.dianzixs.com/
🔰紫琅文学,🔰 一般 🔰,连接失败,,https://www.zilangwx.com/
🔰若晴小说②,🔰 一般 🔰,连接失败,,https://www.ruoqingxs.com/
🔰阅书海,🏵️  小说,连接失败,,https://www.yueshuhai.com/
🔰阅读书吧,🔰 一般 🔰,连接失败,,https://www.yshuobaxs.com/
🔰饭饭读书🖤ffdushu,,连接失败,,https://www.ffdushu.com/
🔰黑客书屋,🔰 一般 🔰,连接失败,,https://www.heikesw.com/
🖤♛棉花糖小说▪APP✔︎✔︎,"发现失效,💯 精品 💯,搜索失效",连接失败,,https://api.mianhuatangxs.cn#haxc1114b
🖤阅民▪︎APP ♛♛♛✘,,连接失败,,https://app.maibaipai.com#渊呀81
🚩 顶点小说[盾],🚩 弹窗,连接失败,,https://www.xxdingdian.com
🚬 不凡小说网,🚬刘备,连接失败,,https://www.bufan8.com
🚬 乡土小说网,🚬刘备,连接失败,,https://www.xiagtxsw.com
🚬 乡村小说,🚬刘备,连接失败,,https://www.xcxsw.net
🚬 和包网,🚬刘备,连接失败,,https://m.72book.com
🚬 小说阅读网,🚬刘备,连接失败,,https://www.chenhuixsh.com
🚬 棉花糖,🚬刘备,连接失败,,https://www.mhtla.com
🚬 神书网,"🚬刘备,💊无搜",连接失败,,https://www.shenshu.la
🚬 笔趣阁.05[仅发现],🚬刘备,连接失败,,https://m.biquge05.com
🚬 第二书包,🚬刘备,连接失败,,https://m.shubao23.net/s.php
🚬 第二书包288,"🚬刘备,💊无搜",连接失败,,https://www.shubao288.com
🚬 锦书楼,🚬刘备,连接失败,,https://m.jinshulou.net
🛠️ 92读书网[无正文],🛠️待修,连接失败,,https://m.92dus.com
🛠️ 时光小说[正文乱序],🛠️待修,连接失败,,https://wap.youxs.org
🥀红尘小说网,🧸  备用,连接失败,,https://www.zuxs.net
🥇顶点书城,🔱  常用,连接失败,,https://www.villadroman.com
🥉少年书屋,🔱  付费,连接失败,,https://shaonianshuwu.net
🥩一世书城,,连接失败,,https://wap.114txt.cc
🧐三尺小说网💯,"﹅ ♛ 精品,发现失效,搜索失效",连接失败,,https://m.3cxs.com
🧐九九读书[仅发现]💯,"﹅ ♛ 精品,发现失效,搜索失效",连接失败,,https://www.jjwdushu.com
17k,"💭💭💭💭💭💭,搜索目录失效",页面不存在,404,http://api.ali.17k.com/
Lofter🎃,,页面不存在,404,https://newsmiss.lofter.com#🎃
R 玄幻文学,,页面不存在,404,https://www.xhwx.com/RosiaPng
ʚɞ 番茄小说 ʚɞ,☃ 自用,页面不存在,404,https://novel.snssdk.com##发现
★烏雲716™★,🏵️  小说,页面不存在,404,https://api.zhuishushenqi.com/json
♜+键盘小说 #破冰,⁴☃晨光雨露᭄精品源,页面不存在,404,https://www.janpn.com/#♤pb
♜+键盘小说 #破冰,已检验,页面不存在,404,https://www.janpn.com/#pb1101
♜+鸟书网 #破冰1101,"﹅ ♜ 优质,搜索失效",页面不存在,404,https://www.99mk.com/#pb1101
♝✎笔趣阁⑤①,"【🈵♥🈵💯】231123千组4,发现失效,【】👾笔趣阁",页面不存在,404,http://www.biquge2.cc/#pb1101
❀必看悦读API  ♝♝-,,页面不存在,404,https://api.97yd.com#冷魅
㊣百里中文 #一程1201,"【❌❌】搜索正文失-效,搜索失效",页面不存在,404,http://www.bailizw.com#yc1101
㊣百里中文 #破冰1101,¹▽置顶`ȏ´正版发现,页面不存在,404,http://www.bailizw.com/#pb1101
七度书屋#玄奇21.0202,"发现失效,搜索失效",页面不存在,404,https://www.7dsw.com#玄奇21.0202
休闲文学吧🎃,,页面不存在,404,https://www.xxwx8.com#🎃
优看漫画,漫画,页面不存在,404,https://api.kkmh.com#yc1101
全本小说,综合,页面不存在,404,http://119.45.176.116:5006/
动漫之家₁-M,漫画,页面不存在,404,http://m.dmzj.com
十七开网,"发现目录失效,﹅ 通用书源▪︎玄奇,搜索目录失效",页面不存在,404,http://api.17k.com#鸡排饭
十七开网⭐#南笙21.0101,"发现目录失效,搜索目录失效",页面不存在,404,http://api.17k.com#南笙21.0101
可乐小说,Yolo,页面不存在,404,https://www.rrssk.com/
周易易学,出版,页面不存在,404,http://www.taijizhidian.com
周易易学🎃,,页面不存在,404,http://www.taijizhidian.com#🎃
好文书屋🎃,,页面不存在,404,http://hotxww.com#🎃
宙斯,,页面不存在,404,http://www.zhswx.com
寒武纪年,,页面不存在,404,https://www.hanwujinian.com/riku
快眼看书,,页面不存在,404,https://www.ibotaodz.org#🎃
快眼看书,综合,页面不存在,404,https://www.ibotaodz.org/
我爱小说网  少敏感字,"💭💭💭💭💭💭,搜索失效",页面不存在,404,https://www.5ilrc.com
扫墓评价（书评）,特殊 书源,页面不存在,404,https://yousuu.sbwsz.com
扫墓🎃,🎄常用,页面不存在,404,https://yousuu.sbwsz.com#🎃
有度·文学,天域战歌整理,页面不存在,404,https://www.yoduzw.com/wenxue
有度·繁体,🌼晨光雨露🍒精品源💯,页面不存在,404,https://www.yoduzw.com/fanti
有度·网文,小说,页面不存在,404,https://www.yoduzw.com/wangwen
爱去小说,,页面不存在,404,https://txtzw.net
爱去小说,小说 书源,页面不存在,404,https://m.txtzw.net/##细雨尘寰
爱去小说下载网,,页面不存在,404,https://m.txtzw.net
爱看书吧,,页面不存在,404,https://cxb-pro.cread.com:443/
爱看书吧,-------,页面不存在,404,https://cxb-pro.cread.com#芜恙
番茄小说,⁶❀耽女︎ºั轻言,页面不存在,404,https://api3-normal-lf.fqnovel.com#ji1210
番茄小说WEB,,页面不存在,404,https://api5-normal-lf.fqnovel.com##WEB
番茄有声,,页面不存在,404,https://reading.snssdk.com#listening
番茄有声,"0206⭐,❤️精品,[小说源]",页面不存在,404,https://reading.snssdk.com
百度小说,,页面不存在,404,https://novelapi.baidu.com
百度知道,-------,页面不存在,404,https://zhidao.baidu.com/msearch/
若初文学,🌸女生,页面不存在,404,http://search.ruochu.com
轮回小说网,小说,页面不存在,404,https://www.9xs.org
连尚读书💯,,页面不存在,404,http://www.lsds.cn/search
追书[同类推荐],"💭💭💭💭💭💭,搜索失效",页面不存在,404,https://api.zhuishushenqi.com/#mod
追书神器zssq8,❤小说,页面不存在,404,https://m.zssq8.com
顶点小说,,页面不存在,404,https://www.23uswx.net#
顶点小说,小说 书源,页面不存在,404,https://www.23uswx.com#🎃
顶点小说,小说 书源,页面不存在,404,https://www.23us.tw
️斋书苑⑴zhaishuyuan.org,⁴☃晨光雨露᭄精品源,页面不存在,404,https://www.zhaishuyuan.org#一程
🌸 青云霓裳,"【❌❌】网站失-效,搜索失效",页面不存在,404,https://m.esvwp.com/
🍉必看悦读,,页面不存在,404,https://api.97yd.com##尐哖
🍩繁体小说[免墙],,页面不存在,404,https://www.fantixs.tw/
🎉 七度书屋[仅发现],🎉 精选 🎉,页面不存在,404,https://www.7dsw.com
🎉 小说酷笔记[仅发现],,页面不存在,404,https://m.kubiji.org
🎉 番茄小说②,"✨ 精选 ✨,网站失效",页面不存在,404,https://api3-normal-lf.fqnovel.com/
🎉虎溪小说,🎉 精选 🎉,页面不存在,404,http://www.huxixs.com/
🎉读趣阁,小说,页面不存在,404,https://www.duquge.com/
🎊小刀阅读# 酷笔记,"🍋🍋🍋🍋🍋🍋,🎊21,搜索失效",页面不存在,404,https://www.kubiji.org/
🎨 一漫网,🎨漫画,页面不存在,404,http://m.emw162.com
🎨 一直看,🎨漫画,页面不存在,404,https://www.yizhikan.com
🎨 快看漫画 💰,🎨 漫画,页面不存在,404,https://api.kkmh.com
🎶 九酷音乐,🎶 音乐,页面不存在,404,https://m.9ku.com
🏷️斋书苑,,页面不存在,404,https://www.zhaishuyuan.org#冷魅
🐳麻辣听书,⏳ 听书有声 ⏳,页面不存在,404,https://m.malatingshu.com/
💗GFriend小说,"发现失效,搜索失效",页面不存在,404,http://www.gfriend.online
💰 17K小说#□芜恙 ❀▼章节目录失效,"💰 正版,21.01芜恙,★",页面不存在,404,http://api.17k.com#□芜恙
💳17K小说,🌱正版🎈发现,页面不存在,404,http://api.17k.com#一程
💵 晋江[APP],💵正版,页面不存在,404,http://m.jjwxc.net/APP
📖 笔趣搜搜,"🍍🍍🍍🍍🍍🍍,📖 324,搜索失效",页面不存在,404,https://so.biqusoso.com/
📖 青云霓裳,📖 小说,页面不存在,404,https://www.esvwp.com/
📖17K小说,🎄常用,页面不存在,404,https://api.17k.com
📖Lofter,发现失效,页面不存在,404,https://newsmiss.lofter.com#关耳
📚 热血书库,📚出版,页面不存在,404,http://book.rxgl.net
📡 起舞中文②,"发现,搜索失效",页面不存在,404,https://www.qiwuzhongwen.com
📻 蜻蜓FM1,📻有声,页面不存在,404,http://i.qingting.fm#
🔆Q1文学,"🎄🎄🎄🎄🎄🎄,搜索失效",页面不存在,404,http://www.q1wx.com/
🔓精品小说网,"女频精品🎖书源,卢客源,已检,可用书源",页面不存在,404,http://m.zjwyzyy.com
🔰16k中文,🔰 一般 🔰,页面不存在,404,https://www.16kzw.com/
🗒️ 菠萝漫画,轻小说,页面不存在,404,https://api.sfacg.com#漫画
