书源名,分组,状态,HTTP,地址
(教程)网站不跳转手机页面~写书源的必看,"搜索链接规则为空,外置",其它错误,,晨光雨露  精修源❤我只是收集/整理
(教程)网站不跳转手机页面~写书源的必看,"搜索链接规则为空,天龙",其它错误,,晨光雨露   大大制作滴>有事联系他/她
07ek,Việt Nam,其它错误,,https://www.07ek.com
114,❀ 随源,其它错误,,❀.114zw
17K小说网,发现,其它错误,,http://yuan.mumuceo.com/17K小说网by木木
17K小说网[榜单],发现,其它错误,,http://ku.mumuceo.com/17K小说网by木木
17k免费,"发现失效,搜索目录失效,如月流光,☃晨光雨露᭄精俢源*,▽置顶`ȏ´正版发现",其它错误,,http://api.ali.17k.com/免费
37å°è¯´,â¯à¼èç½é­äººâª,其它错误,,https://www.37xs.comã
37小说,已检,其它错误,,https://www.37xs.com。
99小说#南笙21.0101,搜索失效,其它错误,,https://m.99wanban.com#南笙21.0101
M页模板,！绝对领域,其它错误,,M页模板【‼️①填入网址】
QQ阅读,发现,其它错误,,http://yuan.mumuceo.com/QQ阅读by木木
QQ阅读[榜单],发现,其它错误,,http://ku.mumuceo.com/QQ阅读by木木
UAA目录分卷修复,﹅ 通用书源▪︎玄奇,其它错误,,UAA修复目录
W页模板,！绝对领域,其它错误,,W页模板【‼️①填入网址】
Xiao,Việt Nam,其它错误,,https://www.xiaomitemai.com
ä¹æ¡,1ãä¼,其它错误,,https://www.9txs.com/â
ä¼ä¹¦,🏵️  小说,其它错误,,https://www.yousuu.com/â
å¦ç¬é,ð åæº,其它错误,,https://www.imiaobige.com/â
æè¡,4ãæ®é,其它错误,,https://â.com/rank
æä¹¦è,1ãä¼,其它错误,,https://www.zhaishuyuan.com/â
ç±çä¹¦,ç¹æ®è¯­æ³,其它错误,,http://cx.ikanshu.cnååå
è±ä¹¦,4ãæ®é,其它错误,,https://book.douban.com/â
èµ·ç¹,4ãæ®é,其它错误,,https://www.qidian.com/â
èµ·ç¹ â,ð åæº,其它错误,,https://www.qidian.com/â
èµ·ç¹ â,ð åæº,其它错误,,https://www.qidian.com/â
é¾ç©º,ð åæº,其它错误,,http://www.lkong.net/â
ଇ有兔阅读,"发现失效,﹅ 通用书源▪︎玄奇,搜索失效",其它错误,,❀.youzibank#未月十八二次排版
⋙ 欢迎加群闲聊分享好书。群号637775313 ⋘,,其它错误,,暗香迷蝶
Ⓐ 全本小说⑤,"1,5.26",其它错误,,❀.qb5#未月十八改
Ⓒ 一七小说,搜索失效,其它错误,,https://www.17xs.net/
Ⓢ 19826,𐄚 Ⓢ级,其它错误,,https://www.19826.net
Ⓢ 19826,𐄚 Ⓢ级,其它错误,,https://www.19826.net#未月十八改
Ⓢ 笔下文学⑥,搜索失效,其它错误,,https://www.99bxwx.com
♜宝来小说 #关耳 起舞？,"﹅ ♜ 优质,搜索失效",其它错误,,https://m.baolaixsw.org/#guaner
♠️ 爱看书吧①,"男频,﹅ 通用书源▪︎玄奇,搜索正文失效",其它错误,,http://www.ikshu8.com已整理
♣️ 百合小说,搜索失效,其它错误,,https://m.baihexs.com已整理
✈ 通用书源,精品书源,其它错误,,通用书源
✉️使用说明,,其它错误,,使用说明
✐   农民文学,☃ 自用,其它错误,,https://www.nonmin.net
✾书仓网 #关耳,"﹅ ✾ 言耽,搜索失效",其它错误,,https://m.shucang.cc/#guaner
✿ ⌨集 合 书 源 合 集 首 发 群⌨ ✿,微筛选,其它错误,,全网书源制作搜索基地
一个书源,"搜索链接规则为空,小说",其它错误,,一个书源
一个发现,"校验可用,搜索链接规则为空",其它错误,,一个发现
万书楼,网文,其它错误,,https://www.wanshulou.com
下书网🎃,,其它错误,,https://m.dayuzc.com#🎃
中转,💟中转,其它错误,,中转
乐文,🎉 精品,其它错误,,❀.lewen
九桃,CM优质,其它错误,,https://www.9txs.com/❀
九桃小说,,其它错误,,❀.9txs
书叶小说网™九天之狼,👍 优质,其它错误,,http://www.shuyexs.com
书旗小说APP[榜单],发现,其它错误,,http://ku.mumuceo.com/书旗小说APPby木木
书旗小说APP[榜单],发现,其它错误,,http://yuan.mumuceo.com/书旗小说APPby木木
书源说明,"发现规则为空,adult,搜索链接规则为空",其它错误,,酷安@书源君
云起书院,发现,其它错误,,http://yuan.mumuceo.com/云起书院by木木
云起书院[榜单],发现,其它错误,,http://ku.mumuceo.com/云起书院by木木
免费读网🎃,,其它错误,,https://www.mianfeidu.com#🎃
六六影视网,视频,其它错误,,https://66yy.net
农夫小说🎃,,其它错误,,https://m.nfxs.com#🎃
凤凰小说,CM言情,其它错误,,https://www.fhxiaoshuo.org
创世中文网,发现,其它错误,,http://yuan.mumuceo.com/创世中文网by木木
刺猬小说,正版小说 书源,其它错误,,刺猬猫
博仕书屋🎃#2,222最新校验成功,其它错误,,https://m.boshisw.com#🎃
博士书屋,A级,其它错误,,https://www.boshisw.com
咪咕阅读,发现,其它错误,,http://yuan.mumuceo.com/咪咕阅读by木木
咪咕阅读[榜单],发现,其它错误,,http://ku.mumuceo.com/咪咕阅读by木木
喜马拉雅,有声,其它错误,,http://search.ximalaya.com已校验
国风中文网,发现,其它错误,,http://yuan.mumuceo.com/国风中文网by木木
国风中文网[榜单],发现,其它错误,,http://ku.mumuceo.com/国风中文网by木木
多看阅读APP,发现,其它错误,,http://yuan.mumuceo.com/多看阅读APPby木木
多看阅读APP[榜单],发现,其它错误,,http://ku.mumuceo.com/多看阅读APPby木木
大文学,无发现,其它错误,,❀.dawenxue
夸克->电脑,"【❌❌】搜索失-效,搜索失效",其它错误,,夸克->电脑
妙笔阁,🏵️  小说,其它错误,,❀.imiaobige
宝来小说🎃,,其它错误,,https://m.baolaishiye.com#🎃
小说阅读网,发现,其它错误,,http://yuan.mumuceo.com/小说阅读网by木木
幻想小说网,瑟瑟,其它错误,,https://www.yilagu.com/##十一
幻想小说网,瑟瑟,其它错误,,https://www.yilagu.com/
当前书源更新日期：2025.0707.0126,,其它错误,,当前书源更新日期：2025.0707.0126
思思电子书,¹▽置顶`ȏ´正版发现,其它错误,,https://www.44txt.com
思路客,🏵️  小说,其它错误,,https://www.siluke.tw/❀
成,战歌,其它错误,,https:blog.xbookcn.net
手打书小说网,已检,其它错误,,https://www.shoudashu.com
掌阅iReader,发现,其它错误,,http://yuan.mumuceo.com/掌阅iReaderby木木
掌阅iReader[榜单],发现,其它错误,,http://ku.mumuceo.com/掌阅iReaderby木木
排行,🎉 十源,其它错误,,https://❀.com/rank
搜书吧,写源,其它错误,,搜书吧❗❗❗
斋书苑,👍 优质,其它错误,,https://www.zhaishuyuan.com/❀
新热门小说③,小说,其它错误,,https://m.remenxsxs.com
晋江文学城,发现,其它错误,,http://yuan.mumuceo.com/晋江文学城by木木
有兔阅读,"✔️,搜索失效",其它错误,,❀.youzibank#字数
有意思书院②,天域战歌整理,其它错误,,https://www.yysbook.com
有没有人帮忙写下百度搜索的书籍列表规则,自建,其它错误,,百度搜索测试
松鼠阅读网,发现,其它错误,,http://yuan.mumuceo.com/松鼠阅读网by木木
桔纸书屋🎃,小说,其它错误,,https://m.juzhishuwu.com#🎃
橙瓜网,发现,其它错误,,http://yuan.mumuceo.com/橙瓜网by木木
橙瓜网[榜单],发现,其它错误,,http://ku.mumuceo.com/橙瓜网by木木
源,已检,其它错误,,"[
  {
    ""bookSourceComment"": ""一般关键词，搜书名；\n@关键词，搜作者。\n--未月十八小改"",
    ""bookSourceGroup"": ""𐄙 书评"",
    ""bookSourceName"": ""优书🔹书评"",
    ""bookSourceType"": 0,
    ""bookSourceUrl"": ""https://api.yousuu.com#未月十八小改"",
    ""bookUrlPattern"": "".+/api/book/.+"",
    ""customOrder"": -296370,
    ""enabled"": true,
    ""enabledExplore"": true,
    ""exploreUrl"": ""[{\""title\"":\""☆                 总    书    库                 ☆\"",\""url\"":\""/api/bookStore/books?sort=scorer&page={{page}}\"",\""style\"":{\""layout_flexGrow\"":1,\""layout_flexBasisPercent\"":1}},{\""title\"":\""今日热门\"",\""url\"":\""/api/home/hotJumpBoard\"",\""style\"":{\""layout_flexGrow\"":1,\""layout_flexBasisPercent\"":0.25}},{\""title\"":\""优秀新书\"",\""url\"":\""/api/home/recomBook\"",\""style\"":{\""layout_flexGrow\"":1,\""layout_flexBasisPercent\"":0.25}},{\""title\"":\""在读指数\"",\""url\"":\""/api/home/readBoard?page={{page}}\"",\""style\"":{\""layout_flexGrow\"":1,\""layout_flexBasisPercent\"":0.25}},{\""title\"":\""     男   ♂   频     \"",\""url\"":\""/api/bookStore/books?sort=scorer&channel=0&pa"
源注释必看 更新时间：2024/03/09/19/20,,其它错误,,更新日志
漫香阁🎃#2,,其它错误,,https://漫香阁.com#🎃
潇湘书院,发现,其它错误,,http://yuan.mumuceo.com/潇湘书院by木木
潇湘书院[榜单],发现,其它错误,,http://ku.mumuceo.com/潇湘书院by木木
热门小说网🎃,⑤🛍︎  小说,其它错误,,https://www.remenxsxs.com#🎃
熊猫看书,发现,其它错误,,http://yuan.mumuceo.com/熊猫看书by木木
熊猫看书[榜单],发现,其它错误,,http://ku.mumuceo.com/熊猫看书by木木
爱奇艺阅读APP,发现,其它错误,,http://yuan.mumuceo.com/爱奇艺阅读APPby木木
爱奇艺阅读APP[榜单],发现,其它错误,,http://ku.mumuceo.com/爱奇艺阅读APPby木木
爱看书吧（仅发现）,综合,其它错误,,https://m.ikbook8.com/
爱读书吧🎃,,其它错误,,https://www.aidushu8.com#🎃
特殊-🥝通用书源🍒,搜索链接规则为空,其它错误,,🥝通用书源🍒
玄幻阁,"校验可用,搜索链接规则为空",其它错误,,http:www.xuankunge.com
玄界小说,,其它错误,,https://m.xuanjiexiaoshuo.com
玩吧🎃,,其它错误,,https://www.wanbaxsw.com#🎃
男人书城,漫画,其它错误,,http://www.nanrenshu1.com。
番茄,🎉 精选 🎉,其它错误,,❀.fqxsw
百家网,,其它错误,,https://www.baijiaw.com
百度图片,特殊 书源,其它错误,,https://image.baidu.com已校验
百度百科,"💭💭💭💭💭💭,搜索失效",其它错误,,https://baike.baidu已整理
百度知道,特殊 书源,其它错误,,https://zhidao.baidu.com已校验
看书阁,❀ 随源,其它错误,,❀.kanshuge
知乎盐选（发现）,小说 书源,其它错误,,小说合集
秋田书屋🎃,,其它错误,,https://m.qiutiandog.com#🎃
笔下17,,其它错误,,https://m.17bxwx.com/
笔趣喵,💜未分组,其它错误,,https://www.biqumiao.com
笔趣阁①⓪④,②一般,其它错误,,https://www.chinacbr.com
笔趣阁⑪,❀ 随源,其它错误,,❀.biquge11
红薯中文网,发现,其它错误,,http://yuan.mumuceo.com/红薯中文网by木木
红袖添香,发现,其它错误,,http://yuan.mumuceo.com/红袖添香by木木
红袖添香[榜单],发现,其它错误,,http://ku.mumuceo.com/红袖添香by木木
纵横中文网,发现,其它错误,,http://yuan.mumuceo.com/纵横中文网by木木
纵横中文网[榜单],发现,其它错误,,http://ku.mumuceo.com/纵横中文网by木木
腐书宅,🏵️  小说,其它错误,,https:m.fushuzhai1.com
自制,"🍁发现,自,📖小说",其它错误,,自制
花语女生网,发现,其它错误,,http://yuan.mumuceo.com/花语女生网by木木
花语女生网[榜单],发现,其它错误,,http://ku.mumuceo.com/花语女生网by木木
衍墨轩,⁴☃晨光雨露᭄精品源,其它错误,,❀.ymoxuan
言情小说吧,发现,其它错误,,http://yuan.mumuceo.com/言情小说吧by木木
言情小说吧[榜单],发现,其它错误,,http://ku.mumuceo.com/言情小说吧by木木
说说520九天之狼,发现; 失效,其它错误,,http://域名你来改
起点中文网[榜单],发现,其它错误,,http://ku.mumuceo.com/起点中文网by木木
起点女生网,发现,其它错误,,http://yuan.mumuceo.com/起点女生网by木木
起点女生网[榜单],发现,其它错误,,http://ku.mumuceo.com/起点女生网by木木
起点数据网,发现,其它错误,,http://yuan.mumuceo.com/起点数据网by木木
起点数据网[榜单],👍 备用,其它错误,,http://ku.mumuceo.com/起点数据网by木木
追书神器,发现,其它错误,,http://yuan.mumuceo.com/追书神器by木木
追书神器[榜单],发现,其它错误,,http://ku.mumuceo.com/追书神器by木木
逐浪小说APP,发现,其它错误,,http://yuan.mumuceo.com/逐浪小说APPby木木
逐浪小说APP[榜单],发现,其它错误,,http://ku.mumuceo.com/逐浪小说APPby木木
逐浪小说网,发现,其它错误,,http://yuan.mumuceo.com/逐浪小说网by木木
逐浪小说网[榜单],发现,其它错误,,http://ku.mumuceo.com/逐浪小说网by木木
采薇书院,发现,其它错误,,http://yuan.mumuceo.com/采薇书院by木木
采薇书院[榜单],发现,其它错误,,http://ku.mumuceo.com/采薇书院by木木
阅读2.0,"校验可用,搜索链接规则为空",其它错误,,阅读2.0
雅文,❀ 随源,其它错误,,❀.yawen365
音乐-网易,念心 || 音乐,其它错误,,https://music.liuzhijin.cn-netease已校验
顶点小说,👍 备用,其它错误,,http://m.dibanyou.com/
顶点小说⑲™,搜索失效,其它错误,,https://m.dingdianxs.com
鸠摩搜书（下载）,,其它错误,,https://www.jiumodiary.com乃星
鸠摩搜书（下载）,,其它错误,,https://www.jiumodiary.com关耳
黑暗小说（发现）,小说 书源,其它错误,,https://www.longfuxs8.com
"🈲二传仅能自用的书源有：

啵乐漫画 + TXT之梦 + 书香门第 + 淑女组书源

ps：绝对不要二传啵乐漫画源 我怕被某些人恶意使用导致书源崩了影响我自己使用 我分享啵乐是信任你 请不要辜负我对你的信任 写书源很废时间 尤其是写一个好用的源 所以大家都自觉点 你好我也好

🔆该书源合集仅适用于最新版阅读 若点不开发现请更新阅读","已校验10.21,漫画,搜索链接规则为空",其它错误,,乃星2021.7.14更
🌈网易云音乐,,其它错误,,https://网易云音乐.luoyacheng.ip-ddns.com
🌠 漫画台,🌠 漫画,其它错误,,http://manhuatai.org
🌸 wqge,"🎉 精选 🎉,🏵️  小说",其它错误,,❀.wqge
🌸 吞噬小说,🌸常用,其它错误,,https://m.tsxsw.la
🌸 安卓,"🌸常用,☣️senhora起点",其它错误,,❀.anzhuoxs
🌸 言情中文,🌸常用,其它错误,,❀.yqzww
🌸新热血,🏵️  小说,其它错误,,https://www.zyxxjsj.com
🌹🌺书源合集更新群🌺🌹：637775313,"搜索链接规则为空,发现规则为空",其它错误,,加入大佬群：637775313
🍁笔趣阁⑱⑤,🍁 笔趣 🍁,其它错误,,https://www.sdlchxwz.com/
🍅思路客,"🍅优选,☣️senhora起点",其它错误,,❀.siluke
🍊 五吉小说,🍊女频,其它错误,,5g小说 - 百度引擎
🍒 言情888,"🚬刘备,🍒言情",其它错误,,❀.yanqing-888
🍺 三千五①,🍺特优,其它错误,,https://m.cn3k5.com关耳
🍺 八戒,"⛓️破防,🍺特优",其它错误,,❀.8jzw
🍺 千千,🍺特优,其它错误,,❀.qqxsw
🍺 无错,🍺特优,其它错误,,❀.xquledu
🍺 有兔,"✔️,搜索失效",其它错误,,❀.youzibank
🍺 爱书吧,"⛓️破防,🍺特优",其它错误,,https://www.2shu8.cc/❀
🍺 笔趣阁,🍺特优,其它错误,,https://www.biqugg.com🍉修复
🍺 笔趣阁⑤,🍺特优,其它错误,,https://www.biqudd.com⑤
🎃笔趣阁🎃#79,,其它错误,,http://www.zzrx.net#🎃
🎃零点小说🎃,,其它错误,,https://www.lingdxsw.org#🎃
🎃顶点小说🎃#2,,其它错误,,http://m.dibanyou.com#🎃
🎈 SF轻小说,【小说2书源】,其它错误,,book.sfacg.com已整理
🎈 SF轻小说[图片],【🈵♥🈵💯】231123千组1,其它错误,,[图片]http://www.sfacg.com已校验
🎈 sf轻小说,【小说2书源】,其它错误,,http://book.sfacg.com已校验
🎉 yb3,🎉精品,其它错误,,❀.yb3
🎉 三千五②,🎉精品,其它错误,,http://www.cn3k5.com关耳
🎉 中文读,🎉精品,其它错误,,❀.zwdu
🎉 元尊,🏵️  小说,其它错误,,❀.yuanzun888
🎉 君子堂,🎉精品,其它错误,,❀.junztang
🎉 奇书,🎉精品,其它错误,,❀.qsw
🎉 宝来小说,🎉精品,其它错误,,https://m.baolaixsw.org
🎉 寓言文学,🎉精品,其它错误,,http://www.yuyanwenxue.com
🎉 小说旗,🎉精品,其它错误,,❀.xs7
🎉 手打吧,已校验,其它错误,,http://www.shouda8.net已校验
🎉 搜小说,🏵️  小说,其它错误,,❀.soxs
🎉 斋书苑,🎉精品,其它错误,,❀.zhaishuyuan
🎉 笔下文学,🏵️  小说,其它错误,,❀.bxwxorg
🎉 笔趣阁⑥,🎉精品,其它错误,,❀.xsbiquge
🎉 笔趣阁⑨⑧,1235467987,其它错误,,https://www.biquge123.cc已整理
🎉 笔趣阁ⓡ,🎉精品,其它错误,,❀.biquger
🎉 读一读,"【❌❌】搜索失-效,搜索失效",其它错误,,❀.duyidu
🎉 酷小说,🎉精品,其它错误,,❀.kuxiaoshuo
🎉 采墨阁,🎉精品,其它错误,,❀.caimoge
🎉 铅笔,🎉精品,其它错误,,❀.x23qb
🎉 顶点小说⑪,"﹅ ♛ 精品,搜索失效",其它错误,,https://www.dingdianxs.com
🎉书海阁,🎉,其它错误,,https://www.shuhaige.com，，
🎉天悦小说网,³۝天域整理,其它错误,,https://www.tyxsw.org/
🎉笔趣阁新站,"【❌❌】网站失-效,【】👾笔趣阁",其它错误,,https://www.xsbiquge.net/已校验
🎉精品笔趣库,🎉精品,其它错误,,http://www.biquku.la/❀
🎋响海的普通书源生成🎋,,其它错误,,{{这里填首页网站}}
🎋天悦小说网🎋,,其它错误,,https://m.tyxsw.org/
🎨 图文韩漫,🎨 漫画,其它错误,,图文韩漫
🎨 经典韩漫,"🎨漫画,🚬刘备",其它错误,,经典韩漫
🎨 骚客漫画,🎨漫画,其它错误,,骚客漫画
🎨下拉式漫画,漫画,其它错误,,https://m.xialashimanhua.com/?接书源定制q2802580445
🎶魔音-MORIN,☃ 自用☃️,其它错误,,魔音-MORIN
🎼 5sing翻唱,"【❌❌】搜索正文失-效,搜索失效",其它错误,,https://music.liuzhijin.cn-fc已校验
🏵️完本TXT,🏵️  小说,其它错误,,https://m.wanbentxt.com/❀
🐑五吉小说,"🐑 普通,✉️  网络文学",其它错误,,5g小说 - 必应引擎
🐶53中文,搜索失效,其它错误,,❀.53zw
🐶手打吧,搜索失效,其它错误,,❀.shouda8
🐶笔趣阁④,SSS,其它错误,,https://www.xbiquge6.com④
🐶笔趣阁⑥,SSS,其它错误,,https://www.biqugexx.com⑥
🐶起点,搜索失效,其它错误,,https://www.qidian.com/❀
🐶顶点小说①,SSS,其它错误,,https://www.booktxt.com①
👍 书海阁,"﹅ ♜ 优质,搜索失效",其它错误,,https://www.shuhaige.net#novelslist2 li!0#芜恙
👍 书海阁,"﹅ ♜ 优质,搜索失效",其它错误,,https://www.shuhaige.net#novelslist2 li!0
👍 妙笔阁,⁴☃晨光雨露᭄精品源,其它错误,,https://www.imiaobige.com/❀
👍 宝来,芜恙,其它错误,,https://m.baolaishiye.com#list li
💃夸克原网,已检,其它错误,,夸克原网
💃夸克电脑,已检,其它错误,,夸克电脑
💍晋江,🏵️  小说,其它错误,,晋江：web端搜索 言情标签
💐✡标签✡【点击查看】,搜索链接规则为空,其它错误,,💐✡标签✡
💠通用书源,💠通用,其它错误,,通用书源#乃星
💠通用书源V13,💠通用,其它错误,,通用书源#乃星V13
💵 创世榜单,💵正版,其它错误,,http://ku.mumuceo.com/创世中文网by木木
💵 晋江[榜单],💵正版,其它错误,,http://ku.mumuceo.com/晋江文学城by木木
💵 晋江[百合],搜索链接规则为空,其它错误,,http://www.jjwxc.net发现
💵 晋江[百合],搜索链接规则为空,其它错误,,http://www.jjwxc.net，，，
💵 起点 ♀,💵正版,其它错误,,https://www.qidian.com/♀
💵 起点 ♂,💵正版,其它错误,,https://www.qidian.com/♂
💵 起点大神,搜索链接规则为空,其它错误,,https://www.qidian.com/起点大神
💵 起点榜单,👍 备用,其它错误,,http://yuan.mumuceo.com/起点中文网by木木
💽 美女图站,涩漫图,其它错误,,这是一个图集
💽 美女图站,,其它错误,,这是一个图集-----鲁迅
📑 龙的天空,📑书评,其它错误,,http://www.lkong.net/❀
📚 世界名著网百度site,"【】🎓名著,【❌❌】搜索正文失-效,搜索失效",其它错误,,http://t.icesmall.cn已校验
📚 豆书,📚出版,其它错误,,https://book.douban.com/❀
📚有意思书院[qa455355],"书刊源📚,搜索失效",其它错误,,https://m.heihei66.com
📡 小说阅读网[榜单],📡发现,其它错误,,http://ku.mumuceo.com/小说阅读网by木木
📡 有兔阅读,"📡发现,🌸常用",其它错误,,有兔阅读
📡 松鼠阅读网[榜单],📡发现,其它错误,,http://ku.mumuceo.com/松鼠阅读网by木木
📡 龙腾小说网,"发现,发现失效,搜索失效",其它错误,,https://www.wanren8.co
📥 武侠小说,👍 备用,其它错误,,http://www.wuxia.net.cn
🔎晋江,🏵️  小说,其它错误,,晋江VIP金榜
🔖 模板,微筛选,其它错误,,模板
🔖 模板（Json）,搜索链接规则为空,其它错误,,模板（Json）
🔗百度搜书,🔗聚合,其它错误,,🔗百度搜书
🔗谷歌搜书,🔗聚合,其它错误,,🔗谷歌搜书
🔗谷歌搜书,🔗聚合,其它错误,,谷歌
🔥 棋子小说网02,"备用,搜索失效",其它错误,,https://www.qizi02.com已校验
🔰 百家网,🔰普通,其它错误,,http://m.baijiaw.com
🔰 笔趣阁,🔰 普通,其它错误,,https://www.biqugg.com
🔰丫丫阅读#温暖满怀,"5.良品,★c66,×××1,★",其它错误,,❀.yayayd#温暖满怀
🔰天下中文,🔰 一般 🔰,其它错误,,https://www.tianxizw.com/
🔰妖月中文,🔰 一般 🔰,其它错误,,https://www.yaoyuezw.com/
🔰新笔趣阁小说,🔰 一般 🔰,其它错误,,https://www.510xsk.com/
🔰爱去读书,🔰 一般 🔰,其它错误,,https://www.aiquds.com/
🔰飞卢书屋①,🔰 一般 🔰,其它错误,,https://www.feilusw.com/
🖨️ 多吉搜书,🖨️引擎,其它错误,,多吉搜书
🖨️ 百度搜书,🖨️引擎,其它错误,,百度搜书
#笔趣阁~biquguo.com,普通,可达,200,https://www.biquguo.com
(新)笔趣阁,笔趣阁,可达,200,https://www.baquge.org
1,[1],可达,200,https://wds.ecsxs.com/213013.json
115文学🎃,,可达,200,http://wap.115wx.cc#🎃
123言情网🎃,,可达,200,http://www.123yqw.com#🎃
123读书网,②一般,可达,200,https://m.123ds.org
"123读书网,目录对不上求大佬修复",,可达,200,https://m.123duw.com##
123读小说网,测试,可达,200,http://m.123ds.org/
135小说,搜索链接规则为空,可达,200,http://m.book135.com/
138阅读网,"待删,希弥,常用A,网站失效",可达,200,https://www.138txt.com/
15文学网,,可达,206,http://m.15wx.com
15文学网,小说,可达,206,http://www.15wx.com
171小说,优良,可达,200,http://m.171xs.com
18进🈲🔍,🈲7/14,可达,200,https://a3b4c5d6.18jin44.cc
19书院🎃,222最新校验成功,可达,200,https://m.19shuyuan.com#🎃
19楼书包网,已检,可达,200,http://www.aishula.com
21格格党,"📖  小说,验",可达,200,https://m.21ggd.com
21格格党,"📖  小说,验,🎁常用",可达,200,https://www.21ggd.com
22k小说网,天域战歌,可达,200,https://www.22k.org
233动漫,"📺 影视聚合,搜索失效",可达,200,https://www.dm233.tv/
256中文网,❤️源仓库❤️,可达,200,https://www.256zw.info/
256文学,🌸言情,可达,200,https://www.256wx.net
25中文🎃,,可达,200,https://www.25zw.la#🎃
28看书🎃,,可达,206,https://www.28lu.net#🎃
2k小说网🎃,,可达,206,https://www.kkxsz.com#🎃
360小说（需登录）,,可达,200,https://m.360xs.com
361 小说🎃,,可达,200,https://www.fx361.com#🎃
369小说网🎃,,可达,200,http://www.369book.cc#🎃
37小说,,可达,200,https://www.37xs.com
386小说,搜索链接规则为空,可达,200,https://www.xs386.com/
386小说,发现源,可达,200,http://m.xs386.com
3K小说,,可达,200,http://www.3kxs.net/
3Q中文网（不能搜索）@浮生,,可达,200,https://sk.3qdu.com
3Q小说网🎃,,可达,200,https://sk.3qxsw.org#🎃
3Z小说网①,小说,可达,200,http://m.3zxsw.com
3q中文网,2、普通,可达,206,https://www.3qzone.com
4G小说网,,可达,200,https://www.4gxs.org
51小说网™,,可达,200,https://www.qq51.org
52小说网,A级,可达,200,http://www.xs52.org
52小说🎃,,可达,200,http://www.xs52.info#🎃
52笔趣阁™,笔趣阁,可达,200,http://www.52biquge.cc
53中文网,1、优,可达,200,https://m.53zw.net
5789,🍼自制H,可达,206,https://www.5789ya.com/
58小说,🏵️  小说,可达,200,https://www.58xs.la/
58看书网,已检,可达,200,http://www.kanshu58.cc
59小说#南笙21.0101,搜索失效,可达,200,http://www.59xs.com
59小说网,🏵️  小说,可达,200,https://www.59xs.com
63书吧🎃,,可达,200,http://m.63shu.com#🎃
63小说-3,搜索失效,可达,200,http://www.63xs.net
666,,可达,200,https://gitee.com/
69中文网🎃,,可达,200,https://www.69zww.io#🎃
76小说网,,可达,200,https://m.76xs.com
7z小说网,,可达,200,http://i.7zxsw.com
80,,可达,200,http://cn.bing.com/
88阅读,"搜索链接规则为空,天龙",可达,200,https://so.88dush.com
92韩漫(修复),🎨漫画,可达,200,https://www.92hm.top
99中文网,,可达,200,https://www.99zw.cn
99书吧,³۝天域整理,可达,200,http://www.99shuba.com
AB书苑小说网abbzw,"发现失效,☀其一,搜索链接规则为空,❤小说",可达,200,https://m.abbzw.com
AGE动漫,"📺 影视聚合,搜索失效",可达,200,https://www.agemys.cc/
AO3镜像🎃,,可达,200,https://bk.jdkg.fun#🎃
ASMR1,"搜索链接规则为空,05",可达,200,http://ibuk.org#
A建标库,微,可达,200,http://m.jianbiaoku.com
BIKA庇护所-视频,"💗视频,☀其一",可达,200,https://ios.wowowo2.top#视频
BL文学网,已检,可达,206,https://www.blwenx.com
CA,,可达,200,http://canovel.com
COCO漫画,"搜索链接规则为空,兔兔兔",可达,200,https://www.colamanhua.com
DivineDaoLibrary,English,可达,200,https://www.divinedaolibrary.com
EC小说网,CM优质,可达,200,http://www.ecxiaoshuo.com
ESJ Zone,搜索链接规则为空,可达,200,https://www.esjzone.net
E小说,,可达,200,https://m.exiaoshuo.com/
E小说🎃#2,,可达,200,https://www.sososhu.com#🎃
HY57~DJ弹幕网,失效; 有声,可达,200,http://www.hy57.com
LIBVIO,"【🈶🉐能用】js失-效,搜索失效",可达,200,https://libvio.fun
Maomi,漫画,可达,206,https://www.fe223.com
My176,搜索失效,可达,206,http://lunbo.gdugm.cn
NBA小说,搜索失效,可达,200,http://www.my1587.com
Neko🎃,,可达,200,https://nekoyo.co#🎃
Nike影视,"📺 影视聚合,搜索失效",可达,200,https://www.ajeee.com
PO文学🎃,,可达,200,https://www.pofans.com#🎃
Pornkai,第一批,可达,200,https://pornkai.com
QQ阅读,未完成,可达,200,https://coopsearch.reader.qq.com
QQ音乐,漫画,可达,206,http://3g.gljlw.com
Q站,已检,可达,200,https://qkan8.com
SSR涩漫网(修复),"SSR漫画,🎨漫画",可达,200,https://www.cartoon18.com/
TXT下载网,"﹅ ㊦ 下载,搜索失效",可达,200,https://www.shuangliusc.com
TXT图书,男频,可达,200,http://m.bookdown.net
TXT小说免费下载,需要登录,可达,200,https://www.xiaoshuob.com
UU看书🎃,,可达,200,https://www.uukanshu.app#🎃
WebToon📱,🎨漫画,可达,206,https://m.webtoons.com
ZzzFun动漫,"【❌❌】搜索失-效,搜索失效",可达,200,http://www.zzzfun.com/
[MUSIC]音乐吧,,可达,200,http://www.1327.net
asmrEgg,,可达,200,https://a.asmregg.top/
a👍无错小说网,,可达,200,http://www.xquledu.com
https://www.damixs.net/search,已检验,可达,200,https://www.damixs.net/search
jinglingguo-ͼƬ,"?һ,?",可达,200,https://www.jinglingdu.com#ͼƬ
kxs9,,可达,200,kxs9.com
library,❤小说,可达,200,https://api.ylibrary.org
manamoa™💡🇰🇷,韩肉[需要韩文或者英文搜索]; 失效,可达,200,https://manamoa2.net
md♛+笔趣阁⑪✔︎♛,"【❌❌】搜索正文失-效,【】👾笔趣阁,搜索失效",可达,206,https://www.xbiquge.cc#md
md♛-听风小说 精校,"漫画,﹅ ♛ 精品,搜索失效",可达,200,http://www.tftxt.com
np小说,微筛选,可达,200,https://m.np3p.com/
ops8小说,搜索失效,可达,200,https://m.ops8.com/
ou中文网,,可达,200,http://www.ouoou.com/
o悠读文学#南笙21.0101,"﹅ 通用书源▪︎玄奇,搜索失效",可达,200,https://www.yooread.net#南笙21.0101
o👍 云轩阁,"﹅ ♜ 优质,搜索失效",可达,200,https://www.yunxuange.com#bookbox#芜恙
o👍 元尊,"﹅ ♜ 优质,搜索失效",可达,200,https://www.yuanzun888.com#bookbox#芜恙
qq音乐,"搜索链接规则为空,兔兔兔",可达,200,http://y.qq.com
trsz.xyz,,可达,200,https://www.trsz.xyz
txt下载,✉️网络文学,可达,200,http://www.bookshuku.com
webtoons,,可达,206,https://www.webtoons.com
xo图片🌇,🌇柳树,可达,200,https://song-hard-gold.xofulitu-102.com/xoxo
x🎉八一中文网③#嘚嘚21.0201,"【🈵♥🈵💯】231123千组1,搜索失效",可达,200,https://www.x81zw.com#嘚嘚21.0201
⌨-精品小说,"搜索链接规则为空,一测通过",可达,200,https://www.jpxs123.com
⏱️ Grimm’s Fairy Tales,English,可达,206,https://www.grimmstories.com/
Ⓐ 69中文网①,¹▽置顶`ȏ´正版发现,可达,200,https://www.69zw.com#未月十八净化
Ⓐ E文学,,可达,200,http://ewenxue.org
Ⓐ 云溪小说网,𐄛 Ⓐ级,可达,200,https://m.yunxibook.com#未月十八改
Ⓐ 云溪小说网,"𐄛 Ⓐ级,﹆7.未月十八10.1",可达,200,https://m.yunxibook.com#未月十八repair
Ⓐ 八八读书,¹▽置顶`ȏ´正版发现,可达,200,http://www.88xdushu.com#未月十八改
Ⓐ 御书网,𐄛 Ⓐ级,可达,200,https://m.yushubo.com#未月十八edit
Ⓐ 御书网①,,可达,200,https://www.yushubo.com#未月十八repair
Ⓐ 御书网②,,可达,200,https://m.yushubo.com#未月十八repair
Ⓐ 恋上你①,⁴☃晨光雨露᭄精品源,可达,200,https://h.630book.com
Ⓐ 无错小说网①,𐄛 Ⓐ级,可达,200,http://www.xread8.com#未月十八改
Ⓐ 无错小说网①,,可达,200,http://www.xread8.com
Ⓐ 求书阁,¹▽置顶`ȏ´正版发现,可达,200,http://www.qiushuge.net#未月十八改
Ⓐ 海阅小说网,,可达,200,http://www.haiyue8.com#未月十八repair
Ⓐ 燃文小说①,搜索失效,可达,200,https://www.ranwen.com#未月十八改
Ⓐ 猫看书,"𐄛 Ⓐ级,搜索失效",可达,200,https://m.maokanshu.com#未月十八改
Ⓐ 笔趣阁⑭,𐄛 Ⓐ级,可达,200,https://m.xquge.com#未月十八改
Ⓐ 笔趣阁⑭,,可达,200,https://m.xquge.com
Ⓐ 读一读,⁴☃晨光雨露᭄精品源,可达,200,http://duyidu.net#未月十八改
Ⓐ 趣书屋②,⁴☃晨光雨露᭄精品源,可达,200,https://m.qubook.cc/
Ⓐ 飘天文学,,可达,200,https://www.piaotian.org#未月十八repair
Ⓐ 飞速中文,¹▽置顶`ȏ´正版发现,可达,200,https://www.feiszw.com#未月十八改
Ⓑ 明月中文,𐄜 Ⓑ级,可达,206,https://www.56bok.com#未月十八改
Ⓑ 武林中文,⁴☃晨光雨露᭄精品源,可达,200,http://www.50zw.cc
Ⓑ 看书网,𐄜 Ⓑ级,可达,200,http://www.kanshu521.com/
Ⓑ 笔趣阁③,,可达,200,https://www.biqugek.com
Ⓑ 聚文小说,⁴☃晨光雨露᭄精品源,可达,200,https://www.juwenxs.com
Ⓑ 追书库,,可达,200,https://www.zhuishuku.com
Ⓑ 追书网,𐄜 Ⓑ级,可达,200,https://www.zhuishu.com#未月十八edit
Ⓒ 中文阅读,𐄝 Ⓒ级,可达,200,https://www.zwydw.com#未月十八改
Ⓒ 中文阅读,,可达,200,https://www.zwydw.com#未月十八净化
Ⓒ 千叶中文,𐄝 Ⓒ级,可达,200,https://www.qianyezw.com#未月十八改
Ⓒ 完本神站,𐄝 Ⓒ级,可达,206,http://m.wanbentxt.net/#onede
Ⓒ 小燕文学,𐄝 Ⓒ级,可达,200,https://m.xiaoyanwenxue.com#未月十八改
Ⓒ 小燕文学,,可达,200,https://m.xiaoyanwenxue.com#未月十八repair
Ⓒ 新丝路文学,,可达,206,https://www.xunsilu.cc#未月十八repair
Ⓒ 武侠小说网【分卷】,𐄝 Ⓒ级,可达,200,http://www.qxtxt.com#未月十八edit
Ⓒ 武侠小说网【分卷】,𐄝 Ⓒ级,可达,200,http://www.qxtxt.com
Ⓒ 笔趣阁⑦,,可达,200,https://www.bqg7.com#未月十八repair
Ⓒ 蝶侠小说网,𐄝 Ⓒ级,可达,200,https://www.diexia.com/
Ⓢ melon365🚀,𐄜🎧 音频,可达,200,https://www.melon365.com/video/indexb5.html
Ⓢ 乐文小说③,𐄚 Ⓢ级,可达,206,https://m.lewen.cc#未月十八改
Ⓢ 九桃小说②,搜索失效,可达,200,https://www.9taoxs.com
Ⓢ 五二书库,⁶❀耽女︎ºั轻言,可达,200,https://www.52shuku.vip#未月十八改
Ⓢ 兔九三,𐄚 Ⓢ级,可达,200,http://m.tu93.com#未月十八改
Ⓢ 兔九三,𐄚 Ⓢ级,可达,200,http://m.tu93.com
Ⓢ 杰米哒,𐄚 Ⓢ级,可达,200,http://m.xs63.com#未月十八改
Ⓢ 第三中文网,𐄚 Ⓢ级,可达,200,https://www.8v8v.org
Ⓢ 第三中文网,𐄚 Ⓢ级,可达,200,https://www.8v8v.org#未月十八改
Ⓢ 红甘泉小说网,𐄚 Ⓢ级,可达,200,http://www.hgq26.com#未月十八改
●QB.yc  qq女榜,"📶 榜单 (自行启用）,搜索链接规则为空",可达,200,https://so.html5.qq.com##ycqq2
●QB.yc  qq女生标签,"📶 榜单 (自行启用）,搜索链接规则为空",可达,200,https://so.html5.qq.com##ycqq4
●QB.yc  qq男榜,"📶 榜单 (自行启用）,搜索链接规则为空",可达,200,https://so.html5.qq.com##ycqq1
●QB.yc  qq男生标签,"📶 榜单 (自行启用）,搜索链接规则为空",可达,200,https://so.html5.qq.com##ycqq3
●QB.yc.女榜,"📶 榜单 (自行启用）,搜索链接规则为空",可达,200,https://so.html5.qq.com##ycqb2
●QB.yc.男榜,"📶 榜单 (自行启用）,搜索链接规则为空",可达,200,https://so.html5.qq.com##ycqb1
●QB.yc出版o  <QB,"📶 榜单 (自行启用）,搜索链接规则为空",可达,200,https://so.html5.qq.com##ycqbc
●QB.yc女榜o  <qq,"📶 榜单 (自行启用）,搜索链接规则为空",可达,200,https://so.html5.qq.com##ycqbb
☁️ 夸克云盘,,可达,200,https://pan.quark.cn
☘️00小说网☘️,,可达,200,https://wap.du00.com#响海
☘️13小说网☘️,,可达,200,https://www.13xs.com#响海
☘️2k小说☘️,,可达,206,https://m.2kxs.cc
☘️2k小说☘️,,可达,206,https://m.2kxs.cc#响海
☘️中文阅读网☘️,,可达,200,https://m.zwydw.org##响海
☘️中文阅读网☘️,,可达,200,https://m.zwydw.org
☘️九桃小说网☘️,,可达,200,http://m.9taoxs.com##响海
☘️九桃小说网☘️,,可达,200,http://m.9taoxs.com
☘️免费小说☘️,⁴☃晨光雨露᭄精品源,可达,200,http://m.qianjinge.com#响海
☘️八零电子书☘️,,可达,200,https://m.80xs.la
☘️烽火中文网☘️,,可达,200,http://m.fhzw.com
☘️爱下书院☘️,,可达,200,https://wap.aixiawx.com
☘️笔趣阁&☘️,,可达,200,http://m.5izhenjiang.com/
☘️精品小说☘️,,可达,200,http://jpxs123.com#响海
☘️请看小说网☘️,,可达,200,http://m.qingkan9.com
♛ 无错小说 #Namo1101,"﹅ ♛ 精品,搜索失效",可达,200,http://www.xquledu.com#Namo1101
♛ 燃文看书 #Namo1101,"【❌❌】网站失-效,搜索失效",可达,200,http://www.ranwenn.com#Namo1101
♛ 红薯网 #一程,¹▽置顶`ȏ´正版发现,可达,200,https://m.hongshu.com#♤yc
♛-听风小说 精校?,"2,搜索失效",可达,200,http://www.tftxt.com#1
♛读一读 #Namo,¹▽置顶`ȏ´正版发现,可达,200,http://duyidu.net#Namo
♜ ✎笔趣阁⑬⑥ #破冰1101,2,可达,200,https://www.biquge55.net/#pb1101
♜ ✎笔趣阁㉕ #破冰,²♨笔-趣-阁❆,可达,200,https://www.cv148.com/#♤pb
♜ ✎笔趣阁㉕ #破冰1101,²♨笔-趣-阁❆,可达,200,https://www.cv148.com/#pb1101
♜-72文学② #pb,¹▽置顶`ȏ´正版发现,可达,200,http://www.72wxw.com/#♤pb
♜-72文学② #pb,¹▽置顶`ȏ´正版发现,可达,200,http://www.72wxw.com/#pb1101
♜-七三小说网 pb,已检验,可达,200,http://www.73xsw.com/#♤pb
♜-七三小说网 pb,已检验,可达,200,http://www.73xsw.com/#pb1101
♜-七三电子书 #破冰,已检验,可达,200,http://www.73txt.com/#pb1101
♜-七三电子书 #破冰,已检验,可达,200,http://www.73txt.com/#♤pb
♜-下书网② #破冰1101,"正文,（1）",可达,206,https://www.xiashuyun.com/#pb1101
♜-中文阅读网 #破冰,"2,搜索失效",可达,200,https://www.zwydw.com/#♤pb
♜-中文阅读网 #破冰1101,"﹅ ♜ 优质,搜索失效",可达,200,https://www.zwydw.com/#pb1101
♜-元尊小说网 #破冰,"2,搜索失效",可达,200,https://www.yuanzun888.com/#♤pb
♜-天天小书屋 #破冰,"﹅ ♜ 优质,搜索失效",可达,200,https://www.myshu.org/#pb1101
♜-小说屋① #破冰,¹▽置顶`ȏ´正版发现,可达,200,http://www.xiaoshuo588.com/#♤pb
♜-小说屋① #破冰1101,¹▽置顶`ȏ´正版发现,可达,200,http://www.xiaoshuo588.com/#pb1101
♜-小说涯 #破冰,"﹅ ♜ 优质,搜索失效",可达,200,http://www.xiaoshuoya.com/#♤pb
♜-小说涯 #破冰1101,"﹅ ♜ 优质,搜索失效",可达,200,http://www.xiaoshuoya.com/#pb1101
♜-文学迷② #破冰1130,"﹅ ♜ 优质,搜索失效",可达,200,http://www.wenxuemi.org/#pb1101
♜-柚子小说 #破冰,已检验,可达,200,https://wap.youzibook.cc/#♤pb
♜-柚子小说 #破冰,已检验,可达,200,https://wap.youzibook.cc/
♜-柚子小说 #破冰,已检验,可达,200,https://www.youzibook.cc/#♤pb
♜-烽火中文 #破冰,"2,搜索失效",可达,200,http://www.fhzw.com/#♤pb
♜-烽火中文 #破冰1101,"﹅ ♜ 优质,搜索失效",可达,200,http://www.fhzw.com/#pb1101
♜-笔迷楼② #破冰,"﹅ ♜ 优质,搜索失效",可达,200,https://www.bimilou.net/#♤pb
♜-笔迷楼② #破冰1130,¹▽置顶`ȏ´正版发现,可达,200,https://www.bimilou.net/#pb1101
♜180小说 #破冰,¹▽置顶`ȏ´正版发现,可达,200,http://www.180xs.com/#♤pb
♜180小说 #破冰1101,¹▽置顶`ȏ´正版发现,可达,200,http://www.180xs.com/#pb1101
♜37小说网 #破冰,已检验,可达,200,http://www.37xsw.com/#♤pb
♜37小说网 #破冰1101,"【❌❌】搜索失-效,搜索失效",可达,200,http://www.37xsw.com/#pb1101
♜51小说网,"﹅ ♜ 优质,搜索失效",可达,200,http://www.51cnlv.com/#pb1101
♜52小说③,"﹅ ♜ 优质,搜索失效",可达,200,http://www.512wine.com/#pb1101
♜560小说网 #破冰,¹▽置顶`ȏ´正版发现,可达,200,http://www.560xs.com/#♤pb
♜560小说网 #破冰1101,¹▽置顶`ȏ´正版发现,可达,200,http://www.560xs.com/#pb1101
♜58小说④,"﹅ ♜ 优质,搜索失效",可达,200,http://www.58daixiu.com/#pb1101
♜58小说④ md pb,"2,搜索失效",可达,200,http://www.58daixiu.com/#md-pb1
♜59小说网,"﹅ ♜ 优质,搜索失效",可达,200,http://www.5y9y.com/#pb1101
♜67小说网,"﹅ ♜ 优质,搜索失效",可达,200,http://www.67xiaoshuo.cc/#pb1101
♜800小说⑦,☀️优选,可达,206,http://www.800xiaoshuo.com/#pb1101
♜800小说⑦ pb,【🈵♥🈵💯】231123千组1,可达,206,http://www.800xiaoshuo.com/#♤pb
♜88小说网②,"﹅ ♜ 优质,搜索失效",可达,200,http://www.zdxt88.com/#pb1101
♜E8中文 #破冰,"【❌❌】搜索失-效,搜索失效",可达,200,https://www.e8zw.com/#pb1101
♜E8中文 #破冰,"【❌❌】搜索失-效,搜索失效",可达,200,https://www.e8zw.com/#♤pb
♜uu小说 #破冰,【❌❌】网站失-效,可达,200,https://www.uuzww.com/#♤pb
♜uu小说 #破冰1101,已检验,可达,200,https://www.uuzww.com/#pb1101
♜✎笔趣阁-套⑱② #pb,"笔趣,﹅ ♜ 优质,搜索失效",可达,200,http://www.biqule.org/#pb1101
♜✎笔趣阁⑰⑧,"笔趣,﹅ ♜ 优质,搜索失效",可达,206,https://www.xinbiquge.com/#♤pb
♜✎笔趣阁⑰⑨,"【❌❌】搜索失-效,【】👾笔趣阁,搜索失效",可达,200,https://www.bqgyy.com/#♤pb
♜一六文学网,已检验,可达,200,http://www.16wxw.com/#pb1101
♜一六文学网,已检验,可达,200,http://www.16wxw.com/#♤pb
♜三江中文网 #破冰1101,"﹅ ♜ 优质,搜索失效",可达,206,http://www.3jzw.com/#pb1101
♜乐文小说⑫ #破冰,"﹅ ♜ 优质,搜索失效",可达,200,https://www.lewen123.net/#♤pb
♜书迷楼③ #破冰1101,"﹅ ♜ 优质,搜索目录失效",可达,206,https://www.shumilou.com/#pb1101
♜书迷楼⑥,"﹅ ♜ 优质,搜索失效",可达,200,http://www.mlls.net/#pb1101
♜仙女文学网 #破冰,¹▽置顶`ȏ´正版发现,可达,200,http://www.xnwxw.com/#♤pb
♜仙女文学网 #破冰1101,已检验,可达,200,http://www.xnwxw.com/#pb1101
♜伏天书屋,"﹅ ♜ 优质,搜索失效",可达,206,http://www.hftianye.com/#pb1101
♜傲世中文网② #破冰,"【❌❌】搜索正文失-效,搜索失效",可达,200,https://www.23zw.com/#♤pb
♜傲世中文网② #破冰1101,"【❌❌】搜索失-效,搜索失效",可达,200,https://www.23zw.com/#pb1101
♜八七玄幻 #破冰1101,"﹅ ♜ 优质,搜索失效",可达,200,http://www.87sk.com/#pb1101
♜卡夜阁 #破冰,¹▽置顶`ȏ´正版发现,可达,200,https://m.kayege.info/#♤pb
♜卡夜阁 #破冰1101,¹▽置顶`ȏ´正版发现,可达,200,https://m.kayege.info/#pb1101
♜哈哈文学网,"﹅ ♜ 优质,搜索失效",可达,200,http://www.hhdxg.com/#pb1101
♜四一小说网 #破冰,¹▽置顶`ȏ´正版发现,可达,200,http://www.41xsw.com/#♤pb
♜四一小说网 #破冰1101,¹▽置顶`ȏ´正版发现,可达,200,http://www.41xsw.com/#pb1101
♜天籁小说③ #破冰1101,"﹅ ♜ 优质,搜索失效",可达,200,https://www.tlxs.com/#pb1101
♜妙笔阁② #pb,,可达,200,https://www.mbgbook.com/#♤pb
♜小说屋③,"﹅ ♜ 优质,搜索失效",可达,200,http://www.wabaihui.com/#pb1101
♜小说族 #破冰,¹▽置顶`ȏ´正版发现,可达,200,https://www.xiaoshuozu.cc/#♤pb
♜小说族 #破冰1101,¹▽置顶`ȏ´正版发现,可达,200,https://www.xiaoshuozu.cc/#pb1101
♜就要看小说网,"﹅ ♜ 优质,搜索失效",可达,200,http://www.91kxs.com/#pb1101
♜快书网,"﹅ ♜ 优质,搜索失效",可达,200,http://www.xlkuai.com/#pb1101
♜悟空小说② #破冰,¹▽置顶`ȏ´正版发现,可达,200,http://www.wkxsw.com/#♤pb
♜悟空小说② #破冰1101,¹▽置顶`ȏ´正版发现,可达,200,http://www.wkxsw.com/#pb1101
♜悟空追书 #破冰,"2,搜索失效",可达,200,http://www.wkzs.com/#♤pb
♜悟空追书 #破冰1101,"﹅ ♜ 优质,搜索失效",可达,200,http://www.wkzs.com/#pb1101
♜新520小说 #破冰1101,"﹅ ♜ 优质,搜索失效",可达,200,https://www.x520xs.com/#pb1101
♜无名小说网②,"﹅ ♜ 优质,搜索失效",可达,200,http://www.gwfcj.com/#pb1101
♜日照文学网 #破冰,¹▽置顶`ȏ´正版发现,可达,200,http://www.rzwxw.com/#♤pb
♜日照文学网 #破冰1101,已检验,可达,200,http://www.rzwxw.com/#pb1101
♜星门网 #破冰1101,¹▽置顶`ȏ´正版发现,可达,200,http://www.xingmen.cc/#pb1101
♜最快小说网 #破冰1101,"【❌❌】搜索失-效,搜索失效",可达,200,http://www.zkxsw.com/#pb1101
♜望书阁,"﹅ ♜ 优质,搜索失效",可达,200,https://www.washuge.com/#pb1101
♜樱桃文学网,已检验,可达,200,http://www.ytwxw.com/#pb1101
♜樱桃文学网,¹▽置顶`ȏ´正版发现,可达,200,http://www.ytwxw.com/#♤pb
♜武林中文⑥ #破冰1101,"【❌❌】网站失-效,搜索失效",可达,200,https://www.50zw.com/#pb1101
♜泡面文学网 #破冰,已检验,可达,200,http://www.pmwxw.com/#♤pb
♜泡面文学网 #破冰1101,已检验,可达,200,http://www.pmwxw.com/#pb1101
♜海岸线小说网,"﹅ ♜ 优质,搜索失效",可达,206,http://www.thxyyy.com/#pb1101
♜炫书网 #破冰,已检验,可达,200,https://www.ibiquta.com/#♤pb
♜燃文小说⑩,"﹅ ♜ 优质,搜索失效",可达,200,http://www.rjnk.net/#pb1101
♜爱去小说网① #破冰,【🈵♥🈵💯】231123千组1,可达,200,https://www.aiquxs.com/#♤pb
♜爱去小说网① #破冰1101,【🈵♥🈵💯】231123千组1,可达,200,https://www.aiquxs.com/#pb1101
♜爱去小说网②,"﹅ ♜ 优质,搜索失效",可达,200,http://www.fjspaq.com/#pb1101
♜爱摘书 #破冰,"﹅ ♜ 优质,搜索失效",可达,200,http://www.izhaishu.com/#pb1101
♜看书网 #破冰1101,"﹅ ♜ 优质,搜索失效",可达,200,http://www.kanshu521.com/#pb1101
♜笔下文学⑨,"﹅ ♜ 优质,搜索失效",可达,200,http://www.nyzyxx.com/#pb1101
♜笔趣下书 #pb,"﹅ ♜ 优质,搜索失效",可达,206,https://www.bqxiashu.com/#♤pb
♜笔趣库② #pb,【小说2书源】,可达,200,https://www.c66c.com/#♤pb
♜笔趣阁⑰⑧,"可用,搜索失效",可达,206,https://www.xinbiquge.com/#pb1101
♜笔趣阁⑰⑨,"【❌❌】搜索失-效,【】👾笔趣阁,搜索失效",可达,200,https://www.bqgyy.com/#pb1101
♜精英小说网,"﹅ ♜ 优质,搜索失效",可达,206,http://www.jysks.net/#pb1101
♜红豆小说网,"﹅ ♜ 优质,搜索失效",可达,200,http://www.hdongnet.com/#pb1101
♜给力读书网,"﹅ ♜ 优质,搜索失效",可达,200,http://www.geree.net/#pb1101
♜绝世小说网 #破冰,¹▽置顶`ȏ´正版发现,可达,200,http://www.jsxsw.com/#♤pb
♜绝世小说网 #破冰1101,¹▽置顶`ȏ´正版发现,可达,200,http://www.jsxsw.com/#pb1101
♜落秋中文③,"﹅ ♜ 优质,搜索失效",可达,200,http://www.lzbp.net/#pb1101
♜蜂鸟小说网 #破冰,已检验,可达,200,http://www.fn54.com/#♤pb
♜蜂鸟小说网 #破冰1101,已检验,可达,200,http://www.fn54.com/#pb1101
♜言心小说网,"﹅ ♜ 优质,搜索失效",可达,200,http://www.yanxin56.com/#pb1101
♜言情花园,"﹅ ✾ 言耽,﹅ ♜ 优质,搜索失效",可达,200,http://www.huamuke.net/#pb1101
♜读书吧 #破冰,¹▽置顶`ȏ´正版发现,可达,200,https://www.dushu8.com/#♤pb
♜读书吧 #破冰1101,¹▽置顶`ȏ´正版发现,可达,200,https://www.dushu8.com/#pb1101
♜读书者 #破冰,已检验,可达,200,https://www.dushuzhe.cc/#♤pb
♜读书者 #破冰,¹▽置顶`ȏ´正版发现,可达,200,https://www.dushuzhe.com/#♤pb
♜读书者 #破冰1101,¹▽置顶`ȏ´正版发现,可达,200,https://www.dushuzhe.cc/#pb1101
♜读书者 #破冰1101,"﹅ ♜ 优质,搜索失效",可达,200,https://www.dushuzhe.com/#pb1101
♜追书网③,"﹅ ♜ 优质,搜索失效",可达,200,http://www.rzsjedu.com/#pb1101
♜零点看书⑤,"﹅ ♜ 优质,搜索失效",可达,200,http://www.lyrouniu.com/#pb1101
♜非主流中文网②,"﹅ ♜ 优质,搜索失效",可达,200,http://www.caibaedu.com/#pb1101
♜顶点小说㉑,"﹅ ♜ 优质,搜索失效",可达,200,http://www.gdlianya.com/#pb1101
♝+求书阁  精校?,"2,搜索失效",可达,200,http://www.qiushuge.net/#1
♝✎笔趣阁⑫③ #pb,²♨笔-趣-阁❆,可达,206,http://www.aishu5.com/#pb1101
♝✎笔趣阁⑫③ #pb,²♨笔-趣-阁❆,可达,206,http://www.aishu5.com/#♤pb
♝再读中文 #破冰,"﹅ ♝ 优良,搜索失效",可达,200,https://www.zaiduu.cc/#pb1101
♠ 八一中文②,"♠ 精品 ♠,🎉 精选 🎉",可达,200,https://www.zw183.com/
♠ 八一中文⑨,"♠ 精品 ♠,🎉 精选 🎉",可达,200,https://www.81zw.us/
♠ 梦九小说网,"🎉 精选 🎉,🏵️  小说",可达,206,http://www.m9xs.com/
♠ 笔趣阁⑬,🏆精品,可达,206,https://www.bqg8.la/
♨️ STV（电信可用）,小说,可达,200,https://sangtacviet.com##电信
♬ 酷我听书 #破冰,"发现目录失效,2,搜索失效",可达,200,http://baby.kuwo.cn:80#♤pb
♬懒人听书① #pb,"发现目录失效,2,搜索目录失效",可达,200,https://m.lrts.me/#♤pb
⚡ 掌阅书城,⚡ 正版,可达,200,http://yc.ireader.com.cn
⚡️171小说,test,可达,200,www.171xiaoshuo.com
⚡️⚡️有乐中文,已检验,可达,200,http://www.iyoule.com
⚡️七三电子书,已检验,可达,200,http://www.73txt.com/
⚡️乐文小说,搜索失效,可达,200,http://www.xlwxsw.com#乃星
⚡️如文,搜索失效,可达,200,https://m.ruwen5.com
⚡️就爱谈,🔱  常用,可达,206,https://m.9itan.com#search_box p
⛱️ 爱小说啦,,可达,200,http://www.2kk.la
✈ 笔趣阁棋,精品书源,可达,200,https://www.biquge78.cc#🎃
✈六九小说69story,❤小说,可达,200,https://69story.com
✎ 笔趣阁16,"笔趣阁,搜索失效",可达,200,https://www.wwwrar.com/
✎ 笔趣阁23,"【】👾笔趣阁,【❌❌】网站失-效,搜索失效",可达,200,http://www.biqugeu.com
✎笔趣阁⑬④,"笔趣,﹅ ♝ 优良,搜索目录失效",可达,200,https://m.bqgxsw.com/
✐   书海阁,☃ 自用,可达,200,https://www.shg.tw
✐   书香院网,☃ 自用,可达,200,http://www.sxyxht.com
✐   大文学网,"搜索链接规则为空,小说",可达,200,http://www.wucuoxs.com
✐   幻想小说,☃ 自用,可达,206,https://www.7wx.org
✐   舞文小说,"漫画,搜索失效",可达,200,http://www.wuxs.org
✐   菜皮小说,☃ 自用,可达,200,http://m.shukuai123.com/
✐  七八小说,☃ 自用,可达,200,http://www.78xs.org
✐ 八极漫画 #Haxc,漫画🎟️,可达,200,http://www.8jj.com#♤Haxc
✐ 八极漫画 #Haxc1107,漫画🎟️,可达,200,http://www.8jj.com#Haxc1107
✐ 酷看漫画 #Haxc1107,"搜索链接规则为空,兔兔兔",可达,200,https://www.kukk.net#Haxc1107
✾+㊣潇湘书院,"发现失效,搜索目录失效,﹅ ㊣ 正版,﹅ ✾ 言耽",可达,200,https://www.xxsy.net/#kd11
✾+杰米哒,"﹅ ✾ 言耽,搜索失效",可达,200,http://m.xs63.com#kd11
✾+舞文小说,"﹅ ✾ 言耽,搜索失效",可达,200,http://www.wuxs.org#kd11
✾.Ⓐ 22中文 #未月十八1001,【❌❌】搜索失-效,可达,200,https://www.899zw.com#未月十八edit#wy18-1001
✾.Ⓐ 69中文网① #未月十八1001,已检验,可达,200,https://www.69zw.com#未月十八净化#wy18-1001
✾.Ⓐ 企鹅阅读 #未月十八1001,"﹅ ✾ 言耽,﹅ ♜ 优质,搜索失效",可达,200,https://h5.reader.qq.com#wy18-1001
✾.Ⓐ 求书阁 #未月十八1001,"﹅ ✾ 言耽,搜索失效",可达,200,http://www.qiushuge.net#未月十八repair#wy18-1001
✾.Ⓑ 七猫读书网 #未月十八1001,"﹅ ✾ 言耽,搜索失效",可达,200,https://www.pokpets.net/#wy18-1001
✾.Ⓢ 杰米哒 #未月十八1001,"﹅ ✾ 言耽,搜索失效",可达,200,http://m.xs63.com#wy18-1001
✾♜69中文网① #未月十八,已检验,可达,200,https://www.69zw.com#wy18-1001
✾♜值得阅读▪︎API✘ #关耳,已检验,可达,200,https://s.lansheweb.com#guaner
✾杰米哒① #关耳,"﹅ ✾ 言耽,搜索失效",可达,200,http://m.xs63.com#guaner
✾陌上香坊  #一程,搜索链接规则为空,可达,200,https://www.msxf.org#yc1101
❀ 大文学网 ♛♛♛,,可达,200,http://www.wucuoxs.com#乃星
❄️爱读中文,"读书源,搜索失效",可达,200,https://www.iduzw.com/
❗️幻世小说,"发现失效,搜索失效",可达,200,https://www.h4xs.cc/
⭐ 无错小说,⭐️ API,可达,200,https://www.wucuoxs.com
⭐偶然中文,免费,可达,200,https://m.or7.net##偶然
⭐博趣中文网,1,可达,200,https://m.1bqg.net
【吞噬小说】,Li ™,可达,200,https://www.tsxsw.net/
【菊】笔趣阁屋,,可达,206,www.biqugewu.net
㊕ 羞涩小说 #一程,"发现失效,﹅ ㊕ 特殊,搜索失效",可达,200,http://www.xiusexx.xyz#♤yc
㊕✾ 陌上香坊  #一程,搜索链接规则为空,可达,200,https://www.msxf.org#♤yc
㊕三江中文网♜♜+ + 精校,,可达,206,http://www.3jzw.com/
㊝ 恋上你① ♜♜ 630book.com,,可达,200,https://www.630book.com#grid tr!0#芜恙
㊝ 零点 ♜♜♜,,可达,206,https://www.lingdianksw.com#search-list li!0#芜恙
㊞ 大悟读书 #一程,搜索链接规则为空,可达,206,https://5165.org#♤yc
㊣ 有乐中文 #一程,¹▽置顶`ȏ´正版发现,可达,200,http://www.iyoule.com#♤yc
㊣ 有乐中文 #一程1101,需要登录,可达,200,http://www.iyoule.com#yc1101
㊣ 网易云 #一程,音乐,可达,200,http://m.yuedu.163.com#♤yc
㊣绾书文学一程,xx,可达,200,https://api.wanshu.com#♤yc
㊣起点◆白金大神列表 md #咩啊,搜索链接规则为空,可达,202,https://www.qidian.com#da
一听音乐,有声,可达,200,https://so.1ting.com
一品侠,"卢客源,A级,有效,可用书源",可达,200,http://www.yipinxia.net
一品小说网,默认,可达,200,http://www.1pxs.com
一笔阁-yibige,,可达,200,https://www.yibige.com
一起看看🎃,,可达,200,http://m.17kankan.org#🎃
七二文学,🏵️  小说,可达,200,http://m.72wx.com
七四文学,,可达,200,https://m.74wx.com/
七夕漫画,"搜索链接规则为空,兔兔兔",可达,200,http://qiximh1.com
七彩英语（英语）,小说 书源,可达,206,http://www.qcenglish.com
七步阁🎃,🍜其他,可达,200,https://www.qibuge.com#🎃
万书楼①,默认,可达,200,https://m.xiami88.com
三七书屋网,终选,可达,200,https://www.37shuwu.com
三五小说🎃,222最新校验成功,可达,200,https://350.ooo#🎃
三匹,🙈,可达,200,https://3p5i.club
三叶屋#南笙21.0101,"﹅ 通用书源▪︎玄奇,搜索目录失效",可达,206,https://www.sanyewu.com#南笙21.0101
三叶屋小说🎃,,可达,206,https://www.3yewu.com#🎃
三四中文网,已检,可达,200,http://m.434zw.com
三四小说,"搜索链接规则为空,天龙",可达,200,http://www.444txt.com
三奇小说网/3Q中文网,"自制,发现,源仓库,网页源",可达,200,https://www.3qtxt.com
三江阁,🏵️  小说,可达,200,http://www.sanjiangge.com
三江阁🎃,,可达,200,http://www.sanjiangg.com#🎃
上古卷轴,,可达,206,https://wiki.biligame.com/skyrim#🎃
下·免费小说网🎃,,可达,200,http://www.12z.cn#🎃
下书网🎃,,可达,200,http://www.txtdown.cc#🎃
下片小说🎃,222最新校验成功,可达,200,http://book.xiepp.cc#🎃
不可能世界,,可达,200,https://wenxue.bkneng.com
世界b🌇,🌇柳树,可达,200,https://xn--nrv-vaginaintheworld-com-dp02bt87kul1aw470a.b-dfriend.com
东方文学,疯狂的蜗牛,可达,200,http://www.xidongfang.com
个性说网🎃,,可达,200,https://www.gexingshuo.com#🎃
中国灵异,"【❌❌】搜索失-效,发现失效,搜索失效",可达,200,http://www.lingyi.org
中意文学🎃,,可达,200,https://www.zhongyi6.com#🎃
中文,搜索链接规则为空,可达,200,https://www.xbookcn.net
中文书城#温暖满怀,"♡ོ晨光雨露✺精品源,如月流光,搜索失效",可达,206,http://lightapp-bookstore.cread.com#温暖满怀
中文圣经（经书）,小说 书源,可达,206,http://www.godcom.net
为你读诗,CM有声,可达,206,https://www.thepoemforyou.com#
久久书库,🇨🇳Namo,可达,200,http://www.99ku.cn
久久文学,⁶❀耽女︎ºั轻言,可达,206,https://www.c9txt.com
久插🈲重复,🈲7/14,可达,200,https://m5n6o7p8.9cha38.cc
之家(发现),发现,可达,200,https://www.danmeijia5.com
乐乐漫画📱⛅,漫画,可达,200,http://m.llmanhua.com
乐安宣书#南笙21.0101,"﹅ 通用书源▪︎玄奇,搜索失效",可达,200,https://www.ailelela.com#南笙21.0101
乐文小说,¹▽置顶`ȏ´正版发现,可达,200,http://www.lewenxsw.com
乐文小说,,可达,206,https://m.lewen.cc
乐文小说,搜索失效,可达,200,https://www.xlwxsw.com#未月十八repair+净化
乐文小说lewen123.com,🏵️  小说,可达,200,http://www.lewen123.com
乐文小说⑩,"5.26,搜索失效",可达,200,https://www.lewen01.com
乐文小说网,,可达,200,http://m.alewen.com
乐文小说网,⁵♡ོ晨光雨露✺普通源,可达,200,http://www.lewen7.com
乐文小说网7,⁴☃晨光雨露᭄精品源,可达,200,https://www.lewen7.com
九一中文🎃,,可达,200,https://www.91zww.com#🎃
九七小说,"留备🔺,搜索失效",可达,200,http://www.97yd.com
九四阅读🎃,222最新校验成功,可达,200,https://www.94yd.com#🎃
九猫小说,,可达,200,https://www.9mxs.com
九群小说,小说 书源,可达,200,https://www.899zw.com#未月十八edit
乡村小说,,可达,200,zhnxcw.com
乡村小说网②,已检,可达,200,http://m.xcxs520.com
乡村小说网④,已检,可达,206,https://www.xiangcun2018.com
书书屋,⁹ಥ刘备入川〽️,可达,200,http://www.fqbot.com
书书网,"🍁,搜索失效",可达,200,https://www.xiaoshuodaquan.com
书书网✳️手机版,🏵️  小说,可达,206,http://m.shushu8.com
书农小说🎃,,可达,200,http://www.yueleshow.com#🎃
书包网🎃,,可达,200,https://www.shubaoju.cc#🎃
书城小说,微筛选,可达,200,http://m.shucw.com/
书堂,次级,可达,200,http://www.500shuba.cc
书堂,次级,可达,200,http://www.500shuba.cc#tbody tr!0
书屋小说网,"📖书屋,搜索失效",可达,200,http://www.shu05.com/
书屋小说网,已检,可达,200,http://m.shu05.com
书山中文网💯,默认,可达,200,http://shushan.zhangyue.net
书库网™九天之狼,👍 优质,可达,200,http://www.shukw.com/indexs.php
书旗小说,失效,可达,206,https://c93552.818tu.com/m?rlid=6274199
书旗小说🎃,🎄常用,可达,200,https://read.xiaoshuo1-sm.com#🎃
书海居🎃,,可达,200,https://m.shuhaiju.net#🎃
书海文学,B级,可达,200,http://m.bookhai.com
书海阁,默认,可达,200,http://m.xinshuhaige.com
书迷楼🎃#2,,可达,200,https://www.ishumilou.com#🎃
书阅屋,Namo,可达,200,https://www.shuyuewu.net
二三小说🎃,,可达,200,https://www.x23us.cc#🎃
二次元小说网🎃,,可达,200,https://www.2cyread.com#🎃
二次元🎃,,可达,200,https://www.cyxsw.com#🎃
云天书院,,可达,200,http://www.yuntianshuyuan.com
云溪小说网,已检,可达,200,https://m.yunxibook.com
云轩阁,搜索失效,可达,200,https://www.yunxuange.com#bookbox
五三,搜索失效,可达,200,https://www.53zw.net#sitembox dl#芜恙xpath
五三中文小说,,可达,200,https://www.53zw.net#sitembox dl
五毛,自用,可达,200,https://www.5mzw.net/
亲亲小说,失效,可达,206,http://m.xinqinqin.com
亲亲小说网②™叶子,👍 优质,可达,200,http://www.qqhome.cc
人人爱书,B级,可达,200,https://www.renrenaishu.com
今日文学,漫画,可达,200,http://www.daywx.com
仿片库,"📺 影视聚合,搜索失效",可达,200,https://m.pianku5.me/
优·3Q中文网,"﹅ ♜ 优质,搜索失效",可达,200,https://m.3qzone.cc
优·万家小说,F组,可达,200,http://www.wanjiayin.com
优·万家小说🎃,,可达,200,http://www.wanjiayin.com#🎃
优·小说世家,【🈵♥🈵💯】231123千组1,可达,200,http://www.xiaoshuoshijia.com
优·悠悠书盟¹,"【❌❌】网站失-效,搜索失效",可达,200,http://www.u33.cc
优·新书网,﹅ ♜ 优质,可达,200,https://www.xinshuw.cc
优·新书网🎃,,可达,200,https://www.xinshuw.cc#🎃
优·无限流小说网,"﹅ ♜ 优质,搜索正文失效",可达,200,https://wuxianliu.top
优梦小说,,可达,200,http://www.ym6080.cn/
优梦小说#南笙21.0101,搜索失效,可达,200,http://www.ym6080.cn/#南笙21.0101
优特,🎃 通用,可达,200,http://www.utexs.com#
优特🎃,,可达,200,http://www.utexs.com#🎃
值得阅读 #渊呀,已检验,可达,200,https://s.lansheweb.com#yuan1107
值得阅读API,已检,可达,200,https://s.lansheweb.com#渊呀81
值得阅读③,¹▽置顶`ȏ´正版发现,可达,200,https://s.xcfcch.com#渊呀&菊蒻
偶然中文🎃,,可达,200,https://m.or77.net#🎃
偶然中文🎃,,可达,200,https://m.or7.net#🎃
傲世,👍备用,可达,200,https://www.auzw.com
傲世中文网🎃,,可达,200,https://www.23zw.com#🎃
元尊,搜索失效,可达,200,https://www.yuanzun888.com#bookbox
元尊小说,,可达,200,https://m.yuanzun888.com
元尊小说网,"常用A,希弥",可达,200,https://www.yuanzun888.com
元尊小说网,☃晨光雨露🍒精品源💯,可达,200,http://www.yuanzun888.com/
元尊小说网,已检,可达,200,http://m.yuanzun888.com
免费小说🎃#2,,可达,200,https://m.b483.com#🎃
免费盐选,知乎,可达,200,https://mfyx.top/api/search
免费言情小说网🎃,,可达,200,https://wap.k798.org#🎃
全书网,默认,可达,200,http://www.quanshuwang.com
全书网备用™,1、优,可达,200,https://www.quanshuwang.com
全免小说🎃#2,,可达,200,https://www.danmeic.com#🎃
全本书屋,A级,可达,200,https://www.quanshuwan.com
全本书屋手机版,默认,可达,200,http://m.kanquanben.net
全本同人小说🎃,,可达,200,http://qbtr.cc#🎃
全本同人小说🎃#2,,可达,200,https://qbtr.cc#🎃
全本小说②,小说,可达,200,http://www.qbxsw.cc
全本小说网,风畔,可达,200,http://www.quanben.io/
全本小说网④™九天之狼,👍 优质,可达,200,http://m.taiuu.com
全本小说🎃#6,小说,可达,200,https://www.qbxsw.com#🎃
八一中文,CM优质,可达,200,http://www.8yzw.com
八一中文网🎃,,可达,200,http://m.zhkanshu.com#🎃
八二看书🎃,,可达,200,https://www.82kan.cc#🎃
八五看书,③慢,可达,200,http://www.85ks.com
八八读书网,已检验,可达,200,http://www.88xdushu.com#未月十八净化
八戒中文②,👍 优质,可达,200,http://m.8jzw.com
八零电子书,综合,可达,200,https://m.txt8080.cc
八零电子书,漫画,可达,200,http://m.txt80.com/
八零电子（导）,小说 书源,可达,200,https://m.txt80.cc/
凡人文学网,搜索失效,可达,200,http://www.washuw.com
凤舞阁#南笙21.0101,"﹅ 通用书源▪︎玄奇,搜索失效",可达,206,http://m.fengwug.com#南笙21.0101
凤舞阁(笔趣阁),"笔趣,搜索失效",可达,206,https://www.fengwug.com/
出处源-仓库散心书屋,,可达,200,https://m.32995.com
创客小说,,可达,200,https://www.ckxsw.com
刺猬小说,正版小说 书源,可达,200,https://wap.ciweimao.com:443/
刺猬猫🎃2,🍜其他,可达,200,https://wap.ciweimao.com#🎃
动漫之家,"💡 仅发现,🎈 轻小说",可达,200,https://nnv3api.dmzj1.com
动漫星空,漫画,可达,206,http://acg.gamersky.com/manhua
十八书屋🎃,,可达,200,https://www.shibashuwu.net#🎃
十古今,🏵️  小说,可达,200,http://10gujin.com
千书下载,"厂长,网站失效",可达,200,https://www.qiantxt.com
千千小说（发现）,小说 书源,可达,200,https://www.qqxs99.com
千千看书,,可达,200,https://www.qianqianxsw.net
千叶中文,"﹅ 通用书源▪︎玄奇,搜索失效",可达,200,https://www.qianyezw.com#未月十八净化
华人小说,漫画,可达,200,http://www.hrsx8.net/
华人小说,,可达,200,www.hrsx8.net
博士书屋,A级,可达,200,https://boshisw.com
卡夜阁①,"﹅ 通用书源▪︎玄奇,搜索失效",可达,200,http://www.kayege.com
卡夜阁①,搜索失效,可达,200,https://m.kayege.com
卡夜阁②™备用,已检,可达,200,http://www.kayege.info
卡提诺小说,1、优;6、特殊,可达,200,https://w.ck101.org
卡诺提,⁹ಥ刘备入川〽️,可达,200,https://www.popoxs.com
去看书网📎,5、名著,可达,200,https://www.qksw.com
去读书🎃3,,可达,200,http://m.qudushu.com#🎃
参考书刊（期刊）,小说 书源,可达,200,http://www.fx361.com
口袋阅读,"API,暂不可用",可达,200,https://kdread.cn
古典文学（优+）,小说 书源,可达,200,https://www.zggdwx.com/
古龙全集,名著出版,可达,206,https://www.gulongwang.com
古龙悬疑（发现）,小说 书源,可达,206,https://m.gulongbbs.com/zhentan/
古龙武侠网,,可达,206,https://gulongbbs.com/book/
古龙武侠网m,搜索链接规则为空,可达,206,https://m.gulongbbs.com/
叮吉小说(搜索书籍列表不对，请大佬完善),"搜索正文失效,【❌❌】搜索正文失-效",可达,200,http://m.tjmeuh.com/
可能世界,小说 书源,可达,200,https://wenxue.bkneng.com#🎃
吉吉小说,By~缨.,可达,200,http://m.jywlkj05.com/
同创文学🎃,小说,可达,200,http://www.tcwxx.com#🎃
名著阅读,文学,可达,200,http://m.mzhu8.com
名著阅读#南笙21.0101,"﹅ 通用书源▪︎玄奇,搜索失效",可达,200,http://m.mzhu8.com#南笙21.0101
君子堂,普通,可达,200,http://www.junzitang.cc
听涛轩,🏵️  小说,可达,200,http://www.94399.net
吾文学网,普通,可达,200,https://www.5wxw.com
咪咕阅读🎃,,可达,200,https://n.cmread.com/r/p/zonghesywap.jsp#🎃
品书小说🎃,,可达,200,https://www.vodtwla.cc#🎃
品书小说🎃,,可达,200,http://www.vodtw.la#🎃
品书网#玄奇21.0202,搜索失效,可达,200,https://www.vodtw.com#玄奇21.0202
品书阁,1、优;6、特殊,可达,200,https://wap.aduct.cn
哔哩哔哩干杯,"💭💭💭💭💭💭,搜索失效",可达,200,https://www.bilibili.com
喜郎电子（登录）,小说 书源,可达,206,https://m.ttxxll.com
喜马拉雅,-------,可达,206,http://www.hhlqilongzhu.cn##ximalaya喜马拉雅
喜马拉雅,听书 书源,可达,206,http://www.hhlqilongzhu.cn
嘀嘀嘟嘟⛅,,可达,200,http://www.dididudu.com
噼里啪啦（优）,小说 书源,可达,200,https://www.biqugeabc.com
四大名著文学网①,《精选书源》,可达,206,https://www.sidamingzhu.org
国医书库,漫画,可达,206,http://www.51xingjy.com/book
国学典籍（优+）,小说 书源,可达,200,http://ab.newdu.com
国学大师#南笙21.0101,"﹅ 通用书源▪︎玄奇,搜索正文失效",可达,200,http://www.guoxuedashi.com#南笙21.0101
国学汉籍🎃,,可达,200,https://www.gxhj.com#🎃
国漫吧,,可达,200,http://www.guoman8.cc
土豆小说,发现,可达,206,http://m.tudoutxt.cc
坚果云盘（优++）,特殊 书源,可达,200,https://www.jianguoyun.com
塔读文学🎃,,可达,200,http://www.tadu.com#🎃
壹贰看书,漫画,可达,200,https://www.12kanshu.net
夏树资源（导入）,"-------,0206⭐",可达,200,https://www.xiashu8.com
多彩阅读🎃,,可达,200,https://www.duocaiwu.com#🎃
多看文学,,可达,200,http://m.duokanwx.com
夜伴书屋（下载）,小说 书源,可达,206,https://www.yeban360.com#📥
夜伴书屋（下载）,小说 书源,可达,206,https://www.yeban360.com#🎃
夜伴书屋🎃,,可达,206,http://yeban360.com#🎃
夜夜小说,"搜索链接规则为空,小说",可达,200,http://m.yeyexs.com
夜天连看🎃,,可达,200,http://www.yetianlian.la#🎃
夜天连看🎃#3,,可达,200,http://www.yetianlian.cc#🎃
大悟读书（发现）,小说 书源,可达,206,https://5165.org#yc1101
大米小说,需要登录,可达,200,https://www.damixs.co/
大米小说,已检验,可达,200,www.damixs.com
大米小说🎃,,可达,200,https://www.damixs.vip#🎃
大美书网🎃,,可达,206,https://www.dameishuwang.net#🎃
天天中文,A级,可达,200,https://www.day66.com
天天书吧,优质源👍,可达,200,http://m.ttshu8.org/
天天书吧🎃,,可达,200,https://www.ttshu8.net#🎃
天天小书屋,精品,可达,200,http://www.myshu.cc/
天天看书网www.tititxt,C,可达,200,http://www.tititxt.com
天天阅读,神段【大乘级】（小说源）,可达,200,http://m.titibook.com
天意文学网🎃,,可达,206,https://m.tywx.com#🎃
天晴书院,已检,可达,206,http://m.tqshuyuan.com
天阅中文,已检,可达,206,https://www.tyuetxt.com
太子爷小说网🎃,,可达,200,http://www.tzy2.com#🎃
头文字🎃,,可达,200,https://m.touwz.net#🎃
夺锋书籍（发现）,小说 书源,可达,206,https://margezitar.github.io
奇  书  网,¹▽置顶`ȏ´正版发现,可达,200,http://m.qishuxx.com
奇书中文,搜索失效,可达,200,http://www.qishuzw.com
奇书中文🎃,,可达,200,https://www.qishuzw.com#🎃
奇书网,小说,可达,200,https://m.kankezw.com
奇书网,🏵️  小说,可达,200,http://m.126shu.org
奇书网,"-------,0206⭐",可达,200,https://m.qishu66.com/
奇书网吧（导）,小说 书源,可达,200,https://m.qishu99.cc/
奇书网吧（导）,小说 书源,可达,200,https://www.qishu99.cc
奇奇动漫,"【❌❌】网站失-效,搜索失效",可达,200,https://www.qiqidongman.com/
奇妙中文🎃,,可达,200,https://miao.qimao.com#🎃
奇妙小说网,,可达,200,https://miao.qimao.com
奇幻小说（发现）,小说 书源,可达,206,http://www.qihuan.net.cn
奇猫漫画,"发现规则为空,漫画,搜索链接规则为空",可达,206,https://m.qimaomh.com
女子av🈲🈲,🈲7/14,可达,200,https://k7l8m9n0.nzzn5.sbs
如文网吧,小说 书源,可达,206,https://m.jybdsj.com/
妙书阁🎃,,可达,200,https://www.miaoshuge.cc#🎃
妙笔小说,微筛选,可达,200,https://m.imbg.cc/
妙笔读,"﹅ 通用书源▪︎玄奇,搜索失效",可达,200,http://www.mbidu.com#鸡排饭
妙镜小说🎃,222最新校验成功,可达,200,https://esnta.com#🎃
婷阅读//仅发现//tyuetxt,,可达,206,http://www.tyuetxt.com/
子泽华,"发现失效,收集出处：源论坛 4月29号,失效,搜索链接规则为空",可达,200,https://mp.weixin.qq.com/
完整书🎃,,可达,206,https://www.wzsxs.com#🎃
完本神站,优质,可达,206,https://www.wbsz.com/
完本神站,优质,可达,206,https://www.wbsz.com/#grid tr!0
完本神站[qa455355],已检,可达,200,https://m.wanbentxt.com
完本神站备用™,4、普通,可达,200,http://m.wanbentxt.com
完结屋🎃,,可达,206,http://www.wanjie5.com#🎃
宙斯,搜索失效,可达,200,http://www.zhsxs.com/
宝书网,搜索正文失效,可达,200,http://www.baoshuxuan.com/
宝里网络🎃,,可达,206,https://www.bbida.com#🎃
寂寞书屋,"留备🔺,搜索失效",可达,200,http://www.aatxt.cc
寒武纪年🎃,,可达,200,https://www.hanwujinian.com#🎃
封推中文,"🍁,搜索失效",可达,200,https://www.fenxbook.com#fengtui dl
小书包,³۝天域整理,可达,200,https://m.xiaoshubao.net
小书屋~xswu.org,"🏵️  小说,🎉 精选 🎉",可达,200,https://www.xswu.org
小笔趣阁xiaobiquge,❤小说,可达,200,https://www.xiaobiquge.com
小说中文网,默认,可达,200,https://www.xszww.com
小说书网#南笙21.0101,搜索失效,可达,200,https://www.xiaoshuo530.com#南笙21.0101
小说书网🎃,,可达,200,https://www.xiaoshuo530.com#🎃
小说云九,🏵️  小说,可达,200,https://www.xsy9.com
小说会💯,"检验,搜索链接规则为空",可达,200,https://www.xiaoshuohui.com.cn
小说大全,"【❌❌】搜索正文失-效,搜索失效",可达,200,http://sou.jiaston.com
小说旗,小说 书源,可达,200,https://m.xs777.org##喵~
小说旗🎃,,可达,200,https://m.xs777.org#🎃
小说涯.xiaoshuoya#玄奇21.0202,搜索失效,可达,200,http://www.xiaoshuoya.com#玄奇21.0202
小说路上,"☣️精选senhora,⛎JJ城",可达,200,https://m.xs63.org
小说路上,,可达,200,https://www.xs63.la
小说路上,,可达,200,https://www.xs631.com
小说路上,,可达,200,https://m.xs631.com
小说路上⊙,校验超时,可达,200,https://m.xs63.org##
小说阅读网,小说,可达,200,https://www.ikankan100.com
小说🎃,,可达,200,http://www.yetianlian.info#🎃
就去看,,可达,200,https://m.97k.cc
平板电子书,"测试组,测试1,神",可达,200,http://www.qiuyelou.com
幻想小说网（多结果版）,搜索失效,可达,206,www.7wx.org
幻月书院,"⚙️已检,优质",可达,200,http://www.huanyue123.com
幻月书院,🏵️  小说,可达,200,http://huanyue123.com
异族小说网🎃,,可达,200,http://www.ezuxs.com#🎃
当书网,"发现失效,小说,搜索失效",可达,206,https://www.downbook.org#guaner
当书网,,可达,206,https://www.downbook.org
当书（7、发现;下载）,1、优,可达,200,https://www.downbook.net
当阅读网🎃,,可达,206,https://www.dangyuedu.com#🎃
得间·出版,微筛选,可达,200,https://www.idejian.com/chuban
得间小说🎃,,可达,200,https://m.idejian.com#🎃
微信公众_mp.weixin.qq.com,👍 备用,可达,200,http://mp.weixin.qq.com
微信读书_weread.qq.com,👍 备用,可达,200,https://weread.qq.com
微软必应,微软必应,可达,200,http://www.bing.com/
心情小说,"【❌❌】搜索正文失-效,搜索失效",可达,200,https://www.xinqingxsw.com/
志虎文学🎃,,可达,200,https://zhihuwx.net#🎃
快快读书,天域战歌整理,可达,200,https://www.kkdshu.com
快看小说,🏵️  小说,可达,200,http://m.kuaikanxs.com
快眼看书,漫画,可达,200,http://www.kuaiyankanshu.net
快眼看书(落寞尘世),失效,可达,200,https://xs.aduct.cn
快读.jiaston#玄奇无详情,已检验,可达,200,https://sou.jiaston.com#玄奇21.0202
思兔,自制; 失效,可达,200,https://www.sto.cx/mindex.aspx
思思电子书,默认,可达,200,https://www.44txt.cc
思文文学网™MaxKing,XPath,可达,200,http://www.4wxw.com
思路客🎃,,可达,200,http://www.siluke.cc ul li!0#🎃
思路客🎃,,可达,200,http://m.siluke.cc#🎃
思路客🎃#2,,可达,200,http://www.siluke.cc li!0#🎃
总裁🎃,新,可达,200,https://mobile.zongcai666.com#🎃
恋听网,有声,可达,200,http://ting55.com
悠悠书盟③,默认,可达,200,http://wap.u33.cc
悠悠小说网,优质源👍,可达,200,https://www.s6uu.com/
悠悠小说🎃,,可达,206,http://m.uuxs8.cc#🎃
情豆书坊（仅发现）,搜索链接规则为空,可达,206,https://qd9.net/
我乐小说,Namo,可达,200,http://www.oole.org
我爱电子书,默认,可达,200,https://m.52xt.net
我的书城,小说 书源,可达,206,http://www.wdshucheng.com
我读书手机版,"【❌❌】搜索失-效,搜索失效",可达,200,http://wap.5dushu.net
手机看书#南笙21.0101,"﹅ 通用书源▪︎玄奇,搜索失效",可达,200,https://www.sjks88.com#南笙21.0101
扎堆小说,,可达,200,http://touchlife.cootekservice.com:80
拾古今小说,🏵️  小说,可达,200,http://www.10gujin.com
排行,"搜索链接规则为空,天龙",可达,200,http://fanyi.so.com
搜书网🎃,,可达,200,https://www.soshuw.net#🎃
搜小说,,可达,200,http://www.sxiaoshuo.com
搜性小說ˢˢʳ,搜索链接规则为空,可达,206,http://sosing.com
搜本书,A级,可达,200,https://www.sobenshu.com
搜狗搜书,"💠 其他,校验公众号：【omega推文】",可达,200,https://www.sogou.com/
教父中文,,可达,200,https://www.jfzw.com
文学网吧（发现）,小说 书源,可达,200,http://www.wenxue88.com
文学馆,,可达,200,http://m.wxgbiqu.com
文窗小说🎃,,可达,200,https://wapk.gb8796.com#🎃
斋书苑ⓧ,,可达,200,https://www.xzhaishuyuan.com#sitembox dl
斗破小说网🎃,,可达,200,https://www.doupoall.com#🎃
斗罗小说（仅发现）,综合,可达,200,https://www.douluodalu1.com
新书网,"Wave,搜索失效",可达,200,http://www.xinbook.org
新书网,天域战歌,可达,200,https://m.hexin123.com
新八一中文🎃,,可达,200,https://www.x81zw.com#🎃
新御书屋🎃,,可达,200,https://m.xyushuwu.me#🎃
新新漫画,"全部来自论坛,搜索失效",可达,206,https://www.77mh.nl
新棉花糖co,已检,可达,200,https://m.mianhuatang.co
新浪小说网🎃,,可达,200,https://book.sina.cn#🎃
新浪小说🎃,,可达,200,http://book.sina.cn#🎃
新笔趣阁,"💙已校验,🍀",可达,200,http://m.xxbqg5200.com
新笔趣阁,,可达,200,http://www.x23su.com
新笔趣阁①,已检,可达,200,http://www.biqusan.com
新蜂中文网,已检,可达,200,http://betam.newbeebook.com
新青豆,,可达,200,http://www.xinqingdou.com
新青豆,,可达,200,http://www.xinqingdou.com#sitembox dl
新顶点小说,Namo,可达,200,http://www.xbooktxt.info
方宗小说🎃,,可达,200,https://www.fangzongxs.com#🎃
无名图书（导入）,【特殊 书源】,可达,200,https://www.book123.info
无图小说#南笙21.0101,搜索失效,可达,200,http://www.wutuxs.com#南笙21.0101
无图小说网,,可达,200,https://www.wutuxs.net
无弹小说,微筛选,可达,200,https://www.wtcxs.com
无错小说1#南笙21.0101,搜索失效,可达,200,http://www.xquledu.com#南笙21.0101
无错小说网②,💜未分组,可达,200,https://m.quledu.net
无错小说🎃#3,,可达,200,https://www.wcxs5.com#🎃
无限小说网,已检,可达,200,http://www.61ww.com
无限小说网,已检,可达,200,http://m.txt97.com
无限小说网🎃#2,,可达,200,https://wuxianbook.com#🎃
时空小说#南笙21.0101,搜索失效,可达,200,https://www.3xiaoniao.com#南笙21.0101
易生原文学,"搜索链接规则为空,仅发现,发现正文失效",可达,200,https://m.cnyxfs.com/
星云推书,👍 备用,可达,200,https://vt.sm.cn/api/novelStarReco/index?uc_param_str=dnntnwvepffrgibijbprsvdsdicheiniu#/
星星小说🎃,小说,可达,200,http://www.xxtxt.com#🎃
春风楼🈲,🈲7/14,可达,200,https://ms.chunfenglou.buzz
晋江文学城🎃#3,,可达,200,https://m.jjwxc.net/channel/index#🎃
晚点漫画（外部）,漫画 书源,可达,200,https://www.colamanga.com
普·零点看书⁴,搜索失效,可达,200,http://www.bbzayy.com
暖酒小说🎃,,可达,200,https://nnnxs.com#🎃
月下独酌🎃,,可达,200,https://www.yuexia.net#🎃
有声小说,听书 书源,可达,200,http://www.wellsoftteam.cn
有度中文,出版,可达,200,https://www.yoduzw.com/0/1.html
有毒小说网,优,可达,200,http://www.youdubook.com
有没有人帮忙写下百度搜索的书籍列表规则,自建,可达,200,https://m.baidu.com/
望书阁,"﹅ 通用书源▪︎玄奇,搜索失效",可达,200,http://www.wangshu.la
望书阁,小说,可达,200,https://m.washuge.com
期刊阅读🔰,发现,可达,206,http://dwj.andyt.cn
杀重围吧（发现）,小说 书源,可达,200,https://ruarourou.top/
杰米哒小说网,,可达,200,http://m.xs63.cc
极速漫画💰,"搜索链接规则为空,兔兔兔",可达,206,http://www.1kkk.com
极速🈲🔍,🈲7/14,可达,200,https://w9x0y1z2.jisub4.buzz
柠檬🎈,,可达,206,https://www.lemonyd.com
格格党,,可达,200,https://www.ggdown.com
格格党ggdownxs,普通,可达,206,https://m.ggdownxs.cc
格格党①,"5.26,搜索失效",可达,200,http://www.51ggd.com#guaner
格格党小說网[搜索暫時關閉],[頻道所求],可达,200,http://www.ggds.cc/
格格党🎃#2,,可达,206,https://www.ax81.com#🎃
桃桃书网🎃,,可达,200,https://m.ttshu12.com#🎃
桃花小说网🎃,,可达,200,https://m.thjsl.org#🎃
梦界漫画(仅发现),漫画,可达,200,https://m.bjzf.org
梧州中文,搜索失效,可达,200,https://www.ztv.la#🇨🇳Namo
梧州中文,搜索失效,可达,200,https://www.ztv.la#鸡排饭
梧州中文台 ztv,🏵️  小说,可达,200,https://www.ztv.la/
棉花糖小说①,默认,可达,200,http://www.mianhuatang.co
棋子小说,搜索失效,可达,206,https://www.qizi01.com#鸡排饭
棋子小说#南笙21.0101,搜索失效,可达,206,https://www.qizi01.com#南笙21.0101
棋子小说网,网文,可达,200,http://www.qizi.la
棋子小说（发现）,小说 书源,可达,206,https://mip.qizi02.com
榨汁机🈲,🈲7/14,可达,200,https://w9x0y1z2.zhazhijie61.buzz/topic/
樱花动漫8,"🎨 C漫画,0-🏜️ 图片",可达,200,http://www.dmba8.com/
樱花🈲,🈲,可达,200,https://yinghuaz.yingxx102.cc
橙子视频💻要调正文,💻,可达,206,https://einur30g.juziynun.buzz
欻书网🎃,,可达,200,https://m.beifanghongrui.com#🎃
歌曲酷狗,💚有声,可达,206,http://www.gequdaquan.net
武侠世界,,可达,200,https://www.wuxiaworld.com/
武林中文网,暂不可用,可达,200,https://www.zw50.com
武林中文🎃,,可达,200,https://www.50zw.com#🎃
歪歪,,可达,206,https://www.7yydstxt178.com/
殿文文学网🧊,"搜索,搜索失效",可达,206,http://www.9kus.com.cn/
比奇屋,已检,可达,206,https://www.xbiqiwu.com
民间故事🎃,,可达,206,https://www.6mj.com#🎃
氧气听书,有声,可达,206,http://m.o2ting.com
求书网吧,-------,可达,200,http://www.xqiushu.com
求书网🎃#2,,可达,200,http://www.xqiushu.com#🎃
求书阁,⁵♡ོ晨光雨露✺普通源,可达,200,http://www.qiushuge.net#未月十八repair
汉典古籍,小说 书源,可达,206,https://gj.zdic.net
泡书吧①,🏵️  小说,可达,200,http://www.xpaoshuba.cc
泰山中文,83d,可达,200,http://www.taishanzw.com
海岸文学#南笙21.0101,"﹅ 通用书源▪︎玄奇,搜索失效",可达,206,https://m.yingshanrc.com#南笙21.0101
海岸线文学网,搜索失效,可达,200,https://m.haxwenx.com
海悦小说🎃,,可达,200,http://m.haiyue8.com#🎃
添喜郎电子书,AAAAA新,可达,206,https://m.txltxl.com
清沫电台,听书 书源,可达,206,https://www.qingmo.net
湘霖小说网,W,可达,200,https://m.xianglin.org
源社区出品-偶然中文,精选,可达,200,https://m.or77.net##偶然
源社区出品-偶然中文,精选,可达,200,https://m.or7.net
源社区出品-找小说api,,可达,206,https://www.hhlqilongzhu.cn
漫画love,漫画,可达,200,https://www.php06.com
漫画人💰,"搜索链接规则为空,兔兔兔",可达,206,http://www.manhuaren.com
漫画台™🅰,修复正文,可达,206,http://getcomicinfo-globalapi.yyhao.com
漫画天堂,,可达,200,http://www.manhuatt.com
漫香阁🎃,,可达,200,https://xn--ksp-mxgmxgcom-yp8ve33bkpevz1kpxq.mxgmh.com#🎃
潇社音乐（优+）,音乐 书源,可达,206,http://fuciyuanbang.ciyuans.com/
火星小说🎃,,可达,200,https://mobile.hotread.com#🎃
灯塔中文,,可达,204,http://www.dengtazw.com
灯塔文学,,可达,200,http://www.dengtawx.com
炫书网,小冰,可达,200,http://www.ibiquta.com/
炫书网,,可达,200,http://m.ibiquta.com
热门榜小说,电脑版🖥,可达,200,https://www.bangxs.com/
烽火中文,搜索失效,可达,200,http://hahu.net
熬夜电子书网站txtaoye,111最新校验成功,可达,206,https://www.txtaoye.com/
燃文书库🎃,,可达,200,http://www.778buy.com#🎃
燃烧小说,83d,可达,200,http://www.ranshaoxs.com
燃烧文学,83d,可达,200,http://www.ranshaowx.com
燕子书屋🎃,轩1,可达,200,https://m.yuzhaiwen.com#🎃
燕山🎃,,可达,200,http://www.yanshan33.com#🎃
爱上中文,搜索失效,可达,206,https://www.23zw.net
爱下电子书,校验可用,可达,200,https://m.aixdzs.com##响海
爱下电子书,"优质源👍,🏵️  小说",可达,200,https://www.ixdzs.com
爱丽丝书屋🈲一书搬空,🈲7/14,可达,200,https://www.alicesw.com/#🌹
爱优漫,漫画,可达,200,https://www.kaimanhua.com
爱去小说,"优质源👍,🏵️  小说",可达,206,https://www.aiquxs.org
爱去小说网,🌼晨光雨露🍒精品源💯,可达,206,http://www.27txt.org/
爱去小说网(仅下载),下载,可达,206,http://www.aiqu127.com/
爱去小说（导入）,小说 书源,可达,206,http://www.927txt.com
爱去小说（导）,小说 书源,可达,206,https://www.aqxsw555.com/
爱去小说（导）,小说 书源,可达,206,https://www.527txt.com
爱去小说（导）,小说 书源,可达,206,https://www.aiqu999.com
爱去小说🎃,,可达,200,https://m.txtzw.net#🎃
爱听音乐,𐄜🎧 音频整理,可达,200,http://2i22.com/
爱宝贝小说🎃,,可达,200,https://www.ibabyxs8.com#🎃
爱小说啦,¹▽置顶`ȏ´正版发现,可达,200,https://www.ixs.la
爱尚小说#南笙21.0101,搜索失效,可达,200,http://www.23xs.tv#南笙21.0101
爱尚🎃,,可达,200,https://wap.s288.org#🎃
爱巴士书房🎃,,可达,200,https://ibusroom.com#🎃
爱爱中文网🎃,,可达,200,https://www.i25zw.com#🎃
爱看TXT,🏵️  小说,可达,200,http://www.aikantxt.la
爱看小说,优良,可达,200,https://m.aikantxt.la
爱看小说网,🏵️  小说,可达,200,https://aikantxt.la
爱看小说网XPath~aikantxt.la,"AAA,搜索失效",可达,200,https://www.aikantxt.la#XPath
爱看小说网①,默认,可达,200,https://www.aikantxt.la
爱读小说网①,,可达,200,https://amp.x52dus.com
爱读小说网🎃,,可达,200,https://www.52dus.cc#🎃
独步小说🎃,,可达,206,https://www.dbxsd.com#🎃
独阅读网,,可达,200,https://www.duread.com
独阅读🎃,222最新校验成功,可达,200,https://m.duread.cn#🎃
狼友🈲🔍,🈲7/14,可达,200,https://c1d2e3f4.langyou894.cc/label/index.html
猎书库,已检,可达,200,https://www.lieshuku.com
猫18小说,天域战歌,可达,200,https://www.fabb132da192.com
猫耳FM,,可达,200,http://m.ixinmo.com
猫耳FM广播剧,有声,可达,206,https://www.hhlqilongzhu.cn##猫耳FM广播剧
玄幻文学,,可达,200,https://m.xhwx5.com
玄幻阁,"校验可用,搜索链接规则为空",可达,200,http://m.xuanhuange.com
玄葫堂,已检,可达,200,http://m.xuanhutang.com
玄葫堂②,已检,可达,200,http://www.xuanhutang.com
玩文学🎃,,可达,200,https://www.wanwx.com#🎃
玫瑰言情网🎃,,可达,200,https://www.mgyqw.com#🎃
玫瑰言情网🎃,,可达,200,http://www.mgyqw.com#🎃
环安小说网🎃,,可达,200,https://www.savilletailor.com#🎃
珀兹文学,,可达,200,http://www.dobiez.com
珊瑚书屋,搜索链接规则为空,可达,200,https://www.88shanhu.com
理想中文,83d,可达,200,http://www.lixiangzw.com
画本阅读🎃,,可达,200,https://so.ihuaben.com#🎃
画涯爱子,正版漫画 书源,可达,200,http://api.huaya.cc
番茄ASMR,测试; 有声,可达,200,https://www.qqasmr.com
番茄小说🎃#3,,可达,200,http://www.fqxs.org#🎃
疯读小说,,可达,200,https://touchlife.cootekservice.com#温暖满怀
疯读小说m,,可达,200,https://touchlife.cootekservice.com
痴汉🈲,🈲,可达,200,https://c1d2e3f4.chih1023.cc
白书库,搜索失效,可达,200,http://www.baishuku.org/
白鹤看书🎃,222最新校验成功,可达,200,http://www.baiheks.com#🎃
百书斋,默认,可达,200,https://www.baishuzhai.net
百度图片,特殊 书源,可达,200,https://image.baidu.com#乃星
百度图片（搜索）,特殊 书源,可达,200,https://image.baidu.com#guaner
百度图片（搜索）,特殊 书源,可达,200,https://image.baidu.com#♤guaner
百度搜书🎃,,可达,200,https://www.baidu.com#🎃
百度百科,"💭💭💭💭💭💭,校验公众号：【omega推文】",可达,200,https://baike.baidu.com/
百度知道（优）,特殊 书源,可达,200,https://zhidao.baidu.com
百度知道🎃,,可达,200,https://zhidao.baidu.com#🎃
盗墓小说（仅发现）,综合,可达,200,http://www.dmbj.cc##旅途
盗墓小说（发现）,小说 书源,可达,200,http://www.dmbj.cc
盗文阁🎃,,可达,200,https://www.daowenge.com#🎃
相似小说🎃,,可达,200,https://quark.sm.cn#🎃
相思阁🎃,,可达,200,https://www.xsbook.top#🎃
看书中,🏵️  小说,可达,200,http://www.ksz.la
看书中[手机],已检,可达,200,http://m.kanshuzhong.com
看书神站,搜索链接规则为空,可达,200,https://www.shenzhankanshu.com
看情言小说网🎃,,可达,200,https://www.gaoyuantong.com#🎃
看毛线,🏵️  小说,可达,200,http://www.kanmaoxian.com
看点中文🎃,,可达,200,https://m.kandzww.com#🎃
看点阅读,✯·常用,可达,202,https://bookshelf.html5.qq.com/kdread
看看小说,默认,可达,200,https://m.90kankan.com
真香中文🎃,,可达,200,http://www.zxzw.com#🎃
知乎小说吧,综合,可达,200,http://www.aks5.net
知乎搬运工,,可达,200,http://zhihu.xiaomiqiu.com
知乎搬运工,"js失效,知乎",可达,200,https://www.zhbyg.top/search/
知乎搬运工,知乎,可达,200,https://www.sxctp.org/search/
知乎盐选（仅发现）,女频,可达,200,https://www.yanxuan.org/
知轩藏书,,可达,200,http://www.zxcs.info#
知轩藏书（下载）,,可达,200,http://www.zxcs.info/##@鱼
知轩藏书（导入）,👍🏻 普通,可达,200,https://zxcs.zip/##@鱼
知轩藏书（导）,小说 书源,可达,200,https://zxcs.zip/
知轩藏书🎃,,可达,200,http://www.zxcs.info#🎃
碎片故事🎃,,可达,200,https://niice-woker.com#🎃
示例书源,个人维护,可达,206,https://example.com
神坛中文,83d,可达,200,http://www.shentanzw.com
神的小说,,可达,200,http://www.shendexs.com
神的文学,,可达,206,http://www.shendewx.com
禁嫚🎃,,可达,200,https://www.060209.com#🎃
禁忌书屋🎃,,可达,200,https://www.cool18.com/bbs4#🎃
福书网,N-普通,可达,200,https://www.fushuwang.cc
福利小说,,可达,200,http://m.fltxt.com
福利小说~亲测3.0完美可用,🏵️  小说,可达,200,http://www.huang86.xyz
福利小说🎃,,可达,200,https://crabs-hide-shell.xoxiaoshuo5nnn555.xyz#🎃
秀人🌇,🌇柳树,可达,206,https://www.xiurentur.com/page/2?s=%E4%B9%B3
秋雨阁,,可达,200,http://www.qiuyuge.com/
秋雨阁手机版,¹▽置顶`ȏ´正版发现,可达,200,http://m.qiuyuge.com/
秋霞小说🎃,小说,可达,200,https://www.qiuxiaxs.com#🎃
移动阅读🎃,,可达,206,http://m.ndlib.cn#🎃
笔下文学,⁵♡ོ晨光雨露✺普通源,可达,200,https://www.bxwx.la/
笔下文学,,可达,200,https://www.bxwxco.com/
笔下文学⑦,默认,可达,200,https://m.bixia.org
笔下文学城,🏵️  小说,可达,200,http://m.bxwxc.com
笔下文学🎃,,可达,200,https://www.bxwxco.com#🎃
笔下文学🎃#5,④🔖  备用,可达,200,https://m.bxwxco.com#🎃
笔仙阁,普通,可达,206,https://www.bixiange.org
笔笔阁②,小说,可达,206,http://www.bibige.cc
笔趣漫画（优+）,漫画 书源,可达,200,https://www.biqug.org/
笔趣牛,,可达,200,https://i.xinbiquniu.com
笔趣谷,²♨笔-趣-阁❆,可达,200,http://m.biqugu.net
笔趣趣,,可达,200,https://mibiququ.info/
笔趣阁,"笔趣,搜索失效",可达,200,https://www.bqgx.cc/#HLB
笔趣阁,"笔趣,搜索失效",可达,200,https://m.bqg44.cc/
笔趣阁,,可达,200,https://www.biqugebang.com/
笔趣阁,💜未分组,可达,200,http://www.vipxs.la/
笔趣阁,💜未分组,可达,206,http://www.bqg99.cc
笔趣阁,,可达,200,https://m.381d505ad3.xyz/
笔趣阁,,可达,200,https://m.37dda36.cfd/
笔趣阁,,可达,206,https://www.xbiquge.cc
笔趣阁(2bqg),,可达,200,https://2bqg.com
笔趣阁3#南笙21.0101,"笔趣,搜索失效",可达,200,https://m.cbiqu.com#南笙21.0101
笔趣阁5200,笔趣阁,可达,200,http://www.b5200.org
笔趣阁TV,²♨笔-趣-阁❆,可达,200,https://www.biquge.tv
笔趣阁XI,已检,可达,206,http://www.biqiuge.com
笔趣阁[wbhy365],"S级,搜索,搜索失效",可达,200,http://www.wbhy365.com/
笔趣阁biquge4.com,,可达,200,http://www.biquge4.com
笔趣阁biquge7,,可达,200,https://www.biquge7.com
笔趣阁cc148,"🏵️  小说,💒 笔趣",可达,200,https://www.cc148.com
笔趣阁ibqg5200.com,"🏵️  小说,💒 笔趣",可达,200,http://www.ibqg5200.com
笔趣阁vip,S级,可达,200,https://www.biqugevip.com
笔趣阁①①①,"笔趣,搜索失效",可达,200,http://www.xbiquge.tv
笔趣阁①①⑤,笔趣阁,可达,206,http://www.adbqg.com
笔趣阁①⓪①,"笔趣,搜索失效",可达,200,http://www.biquger.net
笔趣阁⑤,"笔趣阁,🍁 笔趣 🍁,外置",可达,200,https://www.1biqug.com/
笔趣阁⑤①,天域战歌整理,可达,200,https://www.biquqe.com
笔趣阁⑥⓪,"♨笔-趣-阁❆,♡ོ晨光雨露✺精品源,如月流光,搜索失效",可达,200,https://m.biquxu.cc
笔趣阁⑧⓪,"笔趣,搜索失效",可达,200,http://www.vipsk.org
笔趣阁⑨,默认,可达,200,https://b.fanfanxs.com
笔趣阁。,搜索链接规则为空,可达,200,https://www.28lu.net/book/100655867/341617450.html
笔趣阁㉒,"💝 优质,希弥",可达,200,https://www.abctang.com/
笔趣阁㉟,"🏵️  小说,💒 笔趣",可达,200,http://m.ibqg5200.com
笔趣阁中文bqgzw.com,B级,可达,200,https://www.bqgzw.com
笔趣阁小说网🎃,,可达,200,https://www.seebook.net#🎃
笔趣阁（闫）,"【❌❌】搜索失-效,【】👾笔趣阁,搜索失效",可达,200,https://m.bqg113.com/##修复搜索
笔趣阁🎃#101,,可达,206,https://m.biquzw789.org#🎃
笔趣阁🎃#13,,可达,200,https://www.xswang.vip#🎃
笔趣阁🎃#2,,可达,200,https://www.yingsx.com#🎃
笔趣阁🎃#22,,可达,200,https://biquge42.com#🎃
笔趣阁🎃#23,,可达,206,http://m.biquto.com#🎃
笔趣阁🎃#26,,可达,200,http://m.bqgcn.com#🎃
笔趣阁🎃#27,,可达,206,https://www.newbiquge.org#🎃
笔趣阁🎃#29,小说,可达,200,https://www.tpyyc.com#🎃
笔趣阁🎃#31,,可达,200,https://m.bqg119.com#🎃
笔趣阁🎃#32,,可达,200,http://www.biquge77.net#🎃
笔趣阁🎃#36,,可达,200,http://www.222biquge.com#🎃
笔趣阁🎃#37,,可达,200,http://www.biquge001.com#🎃
笔趣阁🎃#44,,可达,200,http://wap.biqige.info#🎃
笔趣阁🎃#45,,可达,200,http://api.sxwlyhzp.com#🎃
笔趣阁🎃#47,小说,可达,200,http://www.bbiqudu.com#🎃
笔趣阁🎃#5,,可达,200,http://www.xbqgxs.vip#🎃
笔趣阁🎃#57,,可达,200,https://www.biqg8.com#🎃
笔趣阁🎃#63,,可达,200,https://m.bqg121.com#🎃
笔趣阁🎃#63,,可达,200,http://www.qbiqus.com#🎃
笔趣阁🎃#66,,可达,200,https://www.xbiquge.tw#🎃
笔趣阁🎃#68,,可达,200,https://www.fd80s.com#🎃
笔趣阁🎃#70,,可达,200,https://m.biquge345.com#🎃
笔趣阁🎃#70,222最新校验成功,可达,200,https://m.biquge5200.cc#🎃
笔趣阁🎃#73,,可达,200,https://www.bqgga.com#🎃
笔趣阁🎃#9,,可达,200,http://www.xinbqg.la#🎃
笔趣阁🎃#96,,可达,206,https://www.22biqu.com#🎃
第一版主,"【❌❌】搜索失-效,搜索失效",可达,200,https://yydstxt.cc/
第一版主网🎃,,可达,200,https://m.diyibanzhu6.shop#🎃
第一版主🎃#3,,可达,200,http://m.111bz.cc#🎃
第一站🈲,🈲7/14,可达,200,https://www.diyizhan.cc/
第三,已检,可达,200,http://www.03sj.com
米国度备用,【⚙️已检书源】,可达,200,https://m.scirym.club
米国度备用🎃,,可达,200,https://m.scirym.club#🎃
米国度👿,,可达,200,https://www.scirym.club/999999999
米读小说,,可达,200,http://api.midukanshu.com#yc1101
米读小说,,可达,200,http://api.midukanshu.com#♤yc
米读小说🎃,,可达,200,https://api.midukanshu.com#🎃
米读小说🎃,,可达,200,http://apiwz.midukanshu.com#🎃
米读小说🎃#4,,可达,200,https://api.midureader.com#🎃
米读看书,,可达,200,http://api.midukanshu.com
米读看书🎃,,可达,200,http://api.midukanshu.com#🎃
精华书阁A,"【❌❌】搜索正文失-效,搜索失效",可达,200,https://m.jinghuashuge.cc/
精品UU小说网uu,,可达,200,http://www.uu.net
精品书城,"🌸 免费,💡 仅发现",可达,200,http://www.jingpinshucheng.com
紫笔,"优,Wave,搜索失效",可达,200,https://m.zibibi.com
红人小说网(仅发现),,可达,200,https://m.hongrenxs.net/
红尘小说网，正文加密,我的书源,可达,200,http://www.hcxsw.com/
红柿小说,微筛选,可达,200,http://www.yckceo.com/d/uzbJJ
红薯中文网™qa455355,4、普通,可达,200,https://www.hongshu.com
纤阅小说,"搜索链接规则为空,天龙",可达,200,http://www.qytxt.cn
纯果🎃,,可达,200,https://www.gchun.com#🎃
绅士漫画,4月2号静白,可达,200,https://www.wnacg01.cc/
绅士漫画wnacg,💜漫画,可达,200,https://wnacg.com
终点小说,🏵️  小说,可达,200,http://m.zhongdianxs.com
经典长篇,搜索链接规则为空,可达,200,https://xs666.vg
绝世小说网,已检验,可达,200,http://www.jsxsw.com/
绾书文学🎃#2,轩1,可达,200,http://app.wanshu.com#🎃
绿色小说网,🏵️  小说,可达,206,https://www.lvsetxt.com
缺小说🎃,,可达,200,http://www.quexs.org#🎃
网易云,正版,可达,200,http://m.yuedu.163.com
网易云,🌸 常用,可达,200,http://m.yuedu.163.com#一程
网易云歌单,音乐,可达,200,https://music.163.com/discover/playlist#
网易云说,正版小说 书源,可达,200,http://m.yuedu.163.com#yc1101
网易云音乐🐱,"搜索链接规则为空,兔兔兔",可达,206,http://music.163.com/
网易云🎃,,可达,200,http://m.yuedu.163.com#🎃
网络小说🎃,,可达,200,https://www.lmywl.com#🎃
美乐读小说,,可达,200,https://www.mldxs.com/
美化效果展示,debug,可达,206,https://getavataaars.com/
美艺言情小说书馆🎃,小说,可达,200,http://www.meiyi.org#🎃
羞涩小说,💠其他,可达,200,http://www.xsxs.xyz
翠微居,🏵️  小说,可达,200,http://www.cuiweiju88.com
翠微居①,搜索失效,可达,200,https://m.cuiweijuxs.com
老8站🎃,,可达,200,https://www.8kana.com#🎃
肉书屋,,可达,200,https://m.rishuwu.com/
肉书屋🎃,,可达,200,https://m.rishuwu.com#🎃
肉肉屋,⁹ಥ刘备入川〽️,可达,200,https://www.rourouwu.com
腐女中文,A级; 18,可达,200,https://www.fnzw.com
腐小书🎃,,可达,200,https://s.fuxs2.cc#🎃
腾讯视频,搜索失效,可达,200,https://m.v.qq.com/
自拍🤳求该,🌇柳树,可达,200,https://xn--ziz-zptkdz-at-gmail-com-ms70b9z1czvjwn82b.www-zipaipic-com.com
舍得中文,83d,可达,200,http://www.shedezw.com
舍得书屋,,可达,206,http://www.shedesw.com
舍得小说,83d,可达,200,http://www.shedexs.com
色猫🈲,🈲7/14,可达,200,https://m5n6o7p8.semao103.lol
艾利浩斯学院,,可达,200,https://alhs.xyz/
花溪小说,"♡ོ晨光雨露✺精品源,如月流光,搜索正文失效",可达,200,https://www.huaxi.net
苗疆文学8,,可达,200,https://www.miaojiang8.com
若冰中文网,,可达,200,http://www.bookrb.com
若晨文学🎃,,可达,200,https://m.ruochenwenxue.com#🎃
若晨文学🎃,,可达,200,https://www.ruochenwenxue.com#🎃
苦瓜书盘（导）,小说 书源,可达,200,https://kgbook.com
苦瓜书盘🎃,,可达,200,https://kgbook.com#🎃
英语资源（英语）,小说 书源,可达,200,http://m.tingroom.com
英语阅读网🎃,,可达,200,http://m.enread.com#🎃
茶马小说,小说 书源,可达,200,https://www.chamabooks.net
茶马小说（魔法）,,可达,200,https://www.chamabooks.net/##@曦灵
茶马小说🎃,,可达,200,https://www.chamabooks.net#🎃
草莓小说网,搜索链接规则为空,可达,206,https://www.xsw.com
获奇,酷友,可达,200,https://m.huoq.com
获奇,酷友,可达,200,https://m.huoq.com#content dl
萝莉仓库,第一批,可达,206,https://xn--vcs48o.llcangku2.xyz
落吧书屋🎃,,可达,200,https://www.quanmai.net#🎃
落吧小说,已检,可达,206,http://www.txt81.com
落尘小说🎃,,可达,200,https://www.xluochen.com#🎃
落秋中文,"💨,搜索失效",可达,200,http://www.luoqiuw.com
落秋中文,,可达,206,https://m.luoqiuzw.com
落秋中文②,精品,可达,200,https://www.lqzw.org/
落霞小说🎃,,可达,206,http://www.luoxia.com#🎃
蓝奏云链接https://pobing.lanzoui.com/b0cxk0w8b密码获取见,"搜索链接规则为空,天龙",可达,200,https://pobing.lanzoui.com/b0cxk0w8b
蓝海搜书🎃,,可达,200,https://www.letsboox.com#🎃
蔷薇后花园,,可达,200,https://houhuayuan.xyz
藏书阁#南笙21.0101,"﹅ 通用书源▪︎玄奇,搜索失效",可达,200,http://www.csg99.com#南笙21.0101
藏书阁②,默认,可达,200,http://m.csg99.com
蛋蛋文库🐲,"💨,发现目录失效,搜索目录失效",可达,200,http://danwenku.cc
蜗牛小说,🏵️  小说,可达,206,http://m.asike.top
蜻蜓FM,有声,可达,200,https://www.qingting.fm
蜻蜓FM🎃,④🔖  备用,可达,200,https://m.qingting.fm#🎃
衍墨轩①,天域战歌整理,可达,200,https://www.ymoxuan.org
要塞读,测试,可达,200,http://www.13to.com
言情888,,可达,200,https://www.yq-888.com#sitembox dl
言情888,无发现,可达,200,https://www.yanqing-888.net
言情中文,new,可达,200,http://m.zzsyp.com/
言情中文网①,①快,可达,200,http://m.yqzw5.com
言情书吧💝#南笙21.0101,搜索链接规则为空,可达,200,https://www.xs8.cn#南笙21.0101
言情兔🎃,,可达,200,https://m.yanqingtu.com#🎃
言情小说吧,,可达,200,https://m.xs.cn
言情小说大全🎃,,可达,200,https://www.xs99.org#🎃
词字阁🎃,,可达,200,https://sg.cizige.com#🎃
话本小说🎃,,可达,200,https://so.ihuaben.com/search?keyword#🎃
请看小说（导）,小说 书源,可达,206,https://www.qinkan.net
读书族,小说,可达,200,http://www.xiaoshuo77.net
读书派,"失效,js失效,收集出处：源论坛 4月29号",可达,200,https://www.dushupai.com
读书者,"【❌❌】搜索失-效,搜索失效",可达,200,http://www.dushuzhe.cc
读古文学(仅发现),名著出版,可达,200,https://www.dugujin.com
读吧文学🎃,,可达,200,https://m.gdstqf.com#🎃
读读书[仅发现],名著出版,可达,200,http://www.dodobook.com
谷歌小说网🎃,,可达,200,http://www.gugehk.org#🎃
豆腐🎃,,可达,200,https://m.doufuyuedu.com#🎃
豆豆小说🎃,,可达,200,https://www.ddkanshu.com#🎃
贼吧网🎃,,可达,206,https://www.zei8.me#🎃
贼子网,,可达,206,https://m.zei8.vip
起舞小说网,,可达,200,https://www.75txt.org -
超凡小说,"如月流光,▽置顶`ȏ´正版发现,搜索失效",可达,200,http://www.chaofxs.com/
超凡小说,,可达,200,https://wap.pan.org
趣七,搜索失效,可达,200,https://m.qu7.net/
趣又来网🎃,,可达,200,https://m.quyoulai.net#🎃
趣阅小说,CM正版,可达,206,http://app.app.quyuewang.cn
躺着看②修复,A级;特殊; 发现; 搜索; 18,可达,206,https://tangzhekan2.cc
躺着看小说🎃,,可达,200,http://m.tanzhekan7.com#🎃
车毅小说（发现）,小说 书源,可达,206,https://m.cheyil.com/
轩宇阅读网,已检,可达,206,https://m.xyyuedu.com
轻之国度.cn,🌸 轻小说,可达,200,https://www.lightnovel.cn
轻小说,"💡 仅发现,🎈 轻小说",可达,200,https://w.linovelib.com/novel/2734.html
轻音乐网 #一程1101,音乐,可达,200,http://m.htqyy.com#yc1101
连城读书▪︎API🎃,,可达,206,http://a.lc1001.com#🎃
追书小说网移动版,"搜索,搜索失效",可达,200,https://m.zhuishuku.com/
追书帮,优,可达,200,https://m.zhuishubang.me
追光阅读🎃,小说,可达,200,http://touchlife.cootekservice.com#🎃
追光阅读🎃,,可达,200,https://touchlife.cootekservice.com#🎃
追剧啦,📺 影视聚合,可达,200,https://www.zhuiju.la/
追哟文学,已检,可达,200,http://m.zhuiyo.com
追哟文学,微筛选,可达,200,https://m.zhuiyo.com
逍遥小说网™,已检,可达,200,http://www.xoyo100.org
逐浪小说🎃,,可达,200,https://www.zhulang.com#🎃
速书读谷🎃,小说,可达,200,https://www.sudugu.com#🎃
邂逅小说网,new,可达,200,http://www.xhtxt.cc/
都市文学,普通,可达,200,https://www.dswx.me
酷匠网,"【❌❌】搜索目录失-效,搜索目录失效",可达,206,http://www.kujiang.com
酷匠网#南笙21.0101,"﹅ 通用书源▪︎玄奇,搜索目录失效",可达,206,http://www.kujiang.com#南笙21.0101
酷鱼小说🎃,,可达,200,http://m.kuyuxs.com#🎃
重生小说,"🌼自用,☁️可用",可达,200,https://www.86kl.com
金庸全集（发现）,小说 书源,可达,200,https://www.jinyongbook.com
金庸小说,搜索目录失效,可达,200,http://www.jinyongwang.com
金庸文学（发现）,小说 书源,可达,200,https://www.jinyongbook.com##小说
铅笔小说,Namo,可达,200,http://www.23qb.org
铅笔小说🎃#2,,可达,200,https://m.23qb.com#🎃
银龙诺艾尔 SilverNoelle,搜索链接规则为空,可达,200,https://silvernoelle.com/
镇魂小说（发现）,小说 书源,可达,200,https://www.zhenhunxiaoshuo.com
长风文学,🏵️  小说,可达,206,http://www.cfwx.org
闪闪书网①,默认,可达,200,http://m.33shu.org
闪闪文学™边城,优; 失效,可达,200,http://www.33wx.com
阅 读 吧,已检验,可达,200,http://www.yuedu8.cc
阅界书吧,¹▽置顶`ȏ´正版发现,可达,200,http://www.weiyuejie.com
阅读悦黑棱镜,搜索失效,可达,200,https://m.yueduyue.com
阅读电子书屋🎃,,可达,200,https://book.vik.im#🎃
阅读阁网🎃,,可达,200,http://www.yueduge.cc#🎃
阳光影视,现实debug,可达,200,http://www.ttzmz.vip
阿里巴巴文学💯,"﹅ ♛ 精品,搜索失效",可达,206,http://www.shuqi.com
随梦小说,2023.11.07效验书源,可达,200,http://www.svimeng.com/#pb1101
随梦小说,C组,可达,200,http://m.svimeng.com
雅谷中文,已检验,可达,200,http://m.eyagu.com
集书阁🎃,,可达,200,https://jishuge.vip#🎃
零二书屋™,"搜索链接规则为空,天龙",可达,200,https://www.02shu.com
零点书院 #未月十八1001,已检验,可达,200,http://0dkk.com#wy18-1001
零点看书[soruncg],,可达,200,http://www.soruncg.com/
零点看书①,"saberyz修复,搜索链接规则为空",可达,200,https://www.lingdiankanshu.co
零点看书🎃,,可达,200,https://www.chatgptzw.com#🎃
霓虹漫画（优）,漫画 书源,可达,200,https://rawkuma.com/
青漫华网,"响海,搜索失效",可达,200,https://teenmanhua.com/
静听网,👍 优质,可达,200,http://www.audio699.com
静夜读小说网,,可达,200,https://m.yifangjixie.net/
非魔幻,"搜索链接规则为空,七猫免费小说",可达,200,https://m.fmh49.com/
靡靡之音🈲音频🈲待正文,大书源🈲柳树,可达,206,https://mmzy.de/
面包听书,有声,可达,200,http://wx.voxpie.com#🎃
面包听书（网站）,念心 || 听书,可达,200,http://wx.voxpie.com/
面包聆听（优）,听书 书源,可达,200,http://wx.voxpie.com
韩漫居,漫画,可达,200,https://www.hanmanju.com/
顶点小说,⁵♡ོ晨光雨露✺普通源,可达,206,https://www.x222xs.com/
顶点小说,,可达,200,https://m.txtbook.net
顶点小说,new,可达,200,http://www.dnsig.com/
顶点小说网,"自制,发现,源仓,库网页源",可达,206,https://m.xslcx.net
顶点小说网,,可达,206,https://m.230book.com
顶点小说🎃#10,,可达,200,https://m.dddi.cc#🎃
顶点看书,,可达,206,https://www.webkxs.com
顶通漫画💡🇰🇷,NSFW(韩国漫画),可达,200,http://www.2kd.cc
风华居,⁴☃晨光雨露᭄精品源,可达,200,http://m.fenghuaju.com/
风月🈲,🈲7/14,可达,200,https://ms.guochanship.icu/
飘天文学#南笙21.0101,"﹅ 通用书源▪︎玄奇,搜索目录失效",可达,200,https://www.piaotian.org#南笙21.0101
飘天文学🎃,,可达,200,https://www.piaotian.org#🎃
飘雨轩,new,可达,200,http://www.piaoyuxuan.com/
飞翔鸟中文🎃,,可达,200,https://www.fxnzw.com#🎃
飞速中文,小说 书源,可达,200,https://m.feixs.com
飞速中文网②,默认,可达,206,https://www.feisuzw.com
飞速小说🎃,,可达,200,http://www.feisuwx.org#🎃
饭前小说,精品书源,可达,200,https://www.fanqianxs.com
饭堂小说（发现）,小说 书源,可达,200,https://sk.3qxsw.org/
饭饭中文℡备用,🏵️  小说,可达,200,https://www.fanfanzw.com/search.html
骑士小说网xxs74.com,A级,可达,200,https://www.xxs74.com
鬼大爷书城(仅发现),综合,可达,200,https://www.guidaye.com
鬼故事（发现）,小说 书源,可达,200,http://www.guiguaiwu.com/
魅族天气,《精选书源》,可达,206,http://aider.meizu.com
魔法小说,《精选书源》,可达,200,https://m.mofaxs.com
魔法小说,🏵️  小说,可达,200,https://m.mofaxs.com#list li
鲤鱼乡,CM发现,可达,200,https://m.liyuxiang.net
鸠摩搜书,,可达,200,https://www.jiumodiary.com#乃星
鸠摩搜书（下载）,,可达,200,https://www.jiumodiary.com#关耳
鸠摩搜书（导）,小说 书源,可达,200,https://www.jiumodiary.com#
鸠摩搜书🎃,,可达,200,https://www.jiumodiary.com#🎃
麻花小说网,1,可达,200,http://www.mahuaxs.com/
麻豆视频,𐄝🎥 视频,可达,200,https://91md.win/
黑粉小说🎃,,可达,200,http://m.heifenxs.org#🎃
齐鲁文学🎃,,可达,200,https://www.qiluwx.com#🎃
龙族5,🏵️  小说,可达,200,http://longzu5.net
龙空论坛(看最新书必备),,可达,200,https://www.lkong.com
️EZ看书,漫画,可达,206,http://www.ezkanshu.com
️趣书网,,可达,200,https://www.qushu.com
🇻🇳 STV[api_1],小说,可达,206,https://sangtacviet.vip
🈲视频小说-搬空网站-加载目录需要时间-因为有几千上万章,柳树👁️视频,可达,206,yiniuys5.com
🌁 笔下文学,"🌷 女频精选 🌷,©️ 女频搜书 ©️",可达,200,https://m.bxwx66.com
🌐 KH英文小说,🌐外语,可达,200,http://khnovel.com
🌐 エブリスタ,🌐外语,可达,200,https://estar.jp
🌐 双语阅读,🌐外语,可达,206,https://trends.so.com
🌙 STV[api]https://bbs.cloudepay.cc/?fromuser=556883  具体使用方法这个网站有搜stv获得,js失效,可达,200,https://sangtacviet.com
🌠 90漫画,🌠 漫画,可达,200,http://m.90mh.org
🌠 ACG漫画网,🌠 漫画,可达,200,https://www.acgomh.com
🌠 G站漫画,🌠 漫画,可达,200,https://www.godamanga.com
🌠 九妖漫画,🌠 漫画,可达,200,https://mobile.jymhapp.com
🌠 亲亲漫画-M,🌠 漫画,可达,200,http://m.acgwd.com
🌠 包子漫画cn,🌠 漫画,可达,200,https://cn.czmanga.com
🌠 拷贝漫画（海外）,🌠 漫画,可达,200,https://copymanga.site
🌠 次元漫画,🌠 漫画,可达,200,https://cymh.cc
🌠 聚合漫画屋,🌠 漫画,可达,200,https://www.52hah.com
🌲wvsisla,,可达,200,https://www.sisurl.net/forum/
🌵hentaihere🌵,"响海,搜索失效",可达,200,https://hentaihere.com/
🌸 101言情,"﹅ ✾ 言耽,搜索失效",可达,200,http://www.txt101.com#grid tr!0#芜恙
🌸 171小说,¹▽置顶`ȏ´正版发现,可达,200,http://m.171xiaoshuo.com
🌸 256,"﹅ ✾ 言耽,搜索失效",可达,200,https://www.256zw.com#芜恙
🌸 58小说网②,🌸常用,可达,200,http://www.58xs.com
🌸 ★APP-3★,"🌸常用,⛓️破防",可达,200,https://shuapi.jiaston.com#2
🌸 卡夜阁,🌸常用,可达,200,https://www.kayege.info
🌸 在线全免小说网,,可达,200,https://www.tianhuajinshu.com
🌸 就爱谈,"﹅ ✾ 言耽,搜索失效",可达,206,https://m.9itan.com
🌸 就爱谈,"﹅ ✾ 言耽,搜索失效",可达,206,https://m.9itan.com#search_box p#芜恙
🌸 我要看书,🌸常用,可达,200,51kanshu.org
🌸 摘 书 网,🌸常用,可达,200,http://www.maydayfans.com
🌸 新书小说网,🌸常用,可达,200,https://www.xinbook5.com
🌸 旧时光@芜恙,,可达,200,https://www.oldtimescc.cc#bookbox
🌸 桑舞,🌸常用,可达,200,https://www.royaleryacht.com
🌸 樱花动漫（正文求修复）,🖥 视频,可达,200,http://www.857r.com
🌸 燃文看书,🌸常用,可达,200,http://www.ranwenn.com
🌸 猫看书™,"搜索链接规则为空,小说",可达,200,https://m.maokanshu.com
🌸 看书君君,🌸常用,可达,206,http://www.kanshujun.cc
🌸 看书阁,🌸常用,可达,200,https://www.seoulgrandsale.com
🌸 笔趣阁,"防盗,常用,报错,笔趣阁",可达,206,https://wap.biqiuge8.com/
🌸 笔趣阁,,可达,206,https://www.biqiuge.com
🌸 笔趣阁⑬⑤,🌸常用,可达,200,http://www.bqg12.com
🌸 糯米小说,🌸常用,可达,200,https://www.nuomi9.com
🌸 追文小说,"🌸 精选,搜索失效",可达,200,https://m.zhuiwen.org
🌸 闪舞小说,,可达,200,https://m.35xss.com
🌸多多书院,"﹅ ✾ 言耽,搜索失效",可达,200,http://www.txtduo.com#关耳
🌸就爱谈,"﹅ ✾ 言耽,搜索失效",可达,206,https://www.9itan.com#关耳
🌸杰米哒,"﹅ ✾ 言耽,搜索失效",可达,200,http://m.xs63.com#关耳
🌸格格党②,🌸  常用,可达,200,https://m.62326.net
🌸爱去小说,小说,可达,200,https://www.aqdzs.com
🌸笔下文学,,可达,200,https://www.bxwx66.com
"🌾哔哩哔哩·专栏(求大佬修复,目录下一页js存在问题)","发现失效,搜索失效",可达,200,https://search.bilibili.com/article?keyword={{key}}&page={{page}}
"🌾哔哩哔哩·专栏(求大佬修复,目录下一页js存在问题)","发现失效,搜索失效",可达,200,https://search.bilibili.com/
🌿值得阅读,已检验,可达,200,https://s.xcfcch.com#2
🍁笔趣阁⑤②,🍁 笔趣 🍁,可达,200,http://www.zjhzfw.cc/
🍁笔趣阁⑥②,🍁 笔趣 🍁,可达,200,http://www.fuximiye.net/
🍁笔趣阁⑥⓪,🍁 笔趣 🍁,可达,200,https://www.biqugewu.com/
🍁笔趣阁⑦②,🍁 笔趣 🍁,可达,206,http://www.wangyuxs.com/
🍁笔趣阁⑩⑨,🍁 笔趣 🍁,可达,200,http://www.bqg2.org/
🍁笔趣阁⑪①,²♨笔-趣-阁❆,可达,200,https://www.sobqg.com/
🍁笔趣阁⑬⑧,🍁 笔趣 🍁,可达,200,http://www.biquxs520.com/
🍁笔趣阁⑮②,²♨笔-趣-阁❆,可达,206,https://www.quge7.com/
🍁笔趣阁⑮⑧,🍁 笔趣 🍁,可达,206,http://www.dzkoo.com/
🍁笔趣阁⑰⑥,🍁 笔趣 🍁,可达,206,https://www.xbqgxs.net/
🍁笔趣阁⑰⑧,²♨笔-趣-阁❆,可达,206,https://www.xinbiquge.com/
🍁笔趣阁⑰⑨,🍁 笔趣 🍁,可达,200,https://www.bqgyy.com/
🍄 学佛网,"发现失效,搜索失效",可达,200,http://www.xuefo.net
🍄 百度文库,,可达,200,https://wk.baidu.com
🍄 龙空[论坛],⭐️特殊,可达,200,http://www.lkong.net
🍊 书荒啦啦,🍊女频,可达,200,https://m.shuhuang.la
🍊 二四小说,🍊女频,可达,200,https://m.24kwx.cc
🍊 五吉小说,🍊女频,可达,200,http://www.baidu.com/
🍊 腐国度①,🍊女频,可达,200,https://www.fuguoduxs.com
🍏 快眼看书,搜索失效,可达,206,http://www.kykshu.com
🍑 百书库,,可达,200,http://www.baishuku.la
🍑 腐小说,【小说2书源】,可达,200,http://www.fuxsb.com By-渊啊
🍑 腐小说,可用,可达,200,http://www.fuxs1.com By-渊啊
🍑蜜蜂小说网🍑,【🈵♥🈵💯】231123千组1,可达,200,http://m.mifengxs.com
🍒 174小说,🍒言情,可达,200,http://m.174xs.com
🍒 新奇书网,🍒言情,可达,206,http://m.xqishu.com
🍒 言情小说,🍒言情,可达,200,http://m.yqxs.net
🍒 言情小说,🍒言情,可达,200,https://m.yqxs.net
🍩 知藏书轩m[精校],,可达,200,https://m.zxcs88.com/🐤
🍺 27KK小说,,可达,200,https://m.27kk.net
🍺 52格格党,⁶❀耽女︎ºั轻言,可达,200,https://www.52ggd.com/🍨
🍺 58小说网,🍺特优,可达,200,http://m.58xs.com
🍺 630看书,🍺特优,可达,200,http://www.630ksw.com
🍺 666文学,🍺特优,可达,200,http://m.666wxw.com
🍺 999文学,,可达,200,http://www.999wx.net
🍺 QQ小说,🌼晨光雨露🍒精品源💯,可达,200,https://m.qqapp.org
🍺 一点文学,🍺特优,可达,200,http://www.1dwx.com
🍺 一片云小说 女生,已检验,可达,200,https://www.ypyxs.com
🍺 七彩中文,🌿精选源,可达,200,http://m.qicaizw.com
🍺 免费小说,🍺特优,可达,200,http://m.qianjinge.com
🍺 八七玄幻,🍺特优,可达,200,http://www.87sk.com
🍺 八戒,"⛓️破防,🍺特优",可达,200,http://www.8jzw.com/
🍺 再读中文,,可达,200,https://www.zaiduu.cc
🍺 十二文学,🎉 精选 🎉,可达,200,http://m.12txt.com
🍺 御书网,微筛选,可达,200,https://m.yushubo.cc
🍺 淘淘全本小说,优质源👍,可达,200,http://www.taotao3.com
🍺 爱下,🍺特优,可达,200,https://www.aixdzs.com#box_k li
🍺 爱书吧,🍺特优,可达,200,https://www.2shu8.com
🍺 爱倍多书,,可达,200,https://m.abdsc.com
🍺 爱小说啦,🍺特优,可达,200,https://www.ixsw.la
🍺 番茄,🍺特优,可达,200,http://www.fqxs.org#novelslist2 li!0
🍺 番茄小说fqxs,"🍺 特优,网站失效",可达,200,http://www.fqxs.org#温暖满怀
🍺 笔笔文学,优质源👍,可达,200,http://www.bibiwx.com
🍺 笔笔阁小说,,可达,206,http://m.bibige.cc
🍺 笔趣阁㉚,🍺特优,可达,200,http://www.b520.net
🍺 纵横中文-神马搜索,优质源👍,可达,200,http://m.sm.cn
🍺 翻书阁,微筛选,可达,200,http://m.didi6.com
🍺 翻书阁,⁶❀耽女︎ºั轻言,可达,200,http://www.didi6.com
🍺 长风,🍺特优,可达,206,http://m.cfwx.org
🍺 长风,优质源👍,可达,206,http://m.cfwx.org#list-item
🍺 阅读星①,🍺特优,可达,200,http://h5.juliym.com
🍺 零点看书 chatgptzw.com,🍺 特优,可达,200,https://www.chatgptzw.com
🍺 顶点小说,,可达,206,https://www.23wx.so
🎃UU小说🎃#3,,可达,200,http://www.uu.net#🎃
🎃七七读书🎃,,可达,206,http://www.dushu.com#🎃
🎃三叶屋🎃,,可达,206,https://www.sanyewu.com#🎃
🎃三四娱乐🎃,,可达,200,https://www.san421.com#🎃
🎃书包小说网全🎃,,可达,200,https://234.484448.xyz#🎃
🎃云起书院🎃,,可达,200,https://yunqi.qq.com#🎃
🎃五角小说🎃,,可达,200,https://m.ltxs520.org#🎃
🎃偶遇吧🎃,,可达,200,https://m.oue8.com#🎃
🎃元尊小说🎃,,可达,200,https://www.yuanzunxs88.com#🎃
🎃免费小说🎃,,可达,206,https://www.cxysb.com#🎃
🎃刺猬猫🎃#2,,可达,200,https://wap.ciweimao.com:443#🎃
🎃参考期刊🎃,,可达,200,https://m.fx361.com#🎃
🎃哈罗小说,,可达,200,http://www.x2sb.com
🎃墨坛文学🎃,,可达,200,http://www.22mt.net#🎃
🎃大家读书院🎃,,可达,200,https://www.dajiadushu.com#🎃
🎃天地中文网🎃,,可达,206,http://m.tiandizw.com#🎃
🎃天天小说网🎃,,可达,206,https://www.ttmhbook.com#🎃
🎃手机小说🎃#2,,可达,200,https://m.shoujixs.com#🎃
🎃挥笔书屋🎃,,可达,200,http://m.hbpas.org#🎃
🎃掌阅书城🎃,,可达,200,https://m.zhangyue.com#🎃
🎃格格党🎃#4,,可达,200,http://www.ggdwx.net#🎃
🎃森林文学🎃,新,可达,200,http://23.224.242.55#🎃
🎃涩涩小说🎃,,可达,200,https://sesebooks.com#🎃
🎃爱书包🎃,,可达,200,http://www.txt.com#🎃
🎃爱看小说️🎃#2,,可达,200,http://www.2kk.la#🎃
🎃版本读书🎃,,可达,200,http://www.dshu.com#🎃
🎃独阅读网🎃#3,,可达,200,https://www.duread.com#🎃
🎃猩猩小说🎃,,可达,200,https://444.1006sd.com#🎃
🎃画涯🎃,,可达,200,http://api.huaya.cc#🎃
🎃知轩藏书🎃,,可达,200,https://119.29.186.48#🎃
🎃福书网吧🎃,,可达,206,https://m.fushutxt.cc#🎃
🎃笔趣阁🎃#2,,可达,200,http://www.b5200.net#🎃
🎃笔趣阁🎃#21,,可达,206,https://www.xbiqugu.com#🎃
🎃笔趣阁🎃#61,,可达,200,http://m.bbiqudu.com#🎃
🎃笔趣阁🎃#76,,可达,200,https://m.biquai.cc#🎃
🎃笔趣阁🎃#76,,可达,200,http://m.biquge5200.cc#🎃
🎃第一版主🎃#6,,可达,206,http://www.3diyibanzhu.cc#🎃
🎃第一版主🎃#7,,可达,200,https://m.diyibanzhu2.online#🎃
🎃聚合书源🎃,,可达,200,https://fqphp.gxom.cn#🎃
🎃英文小说网🎃,,可达,200,https://www.yingyuxiaoshuo.com#🎃
🎃蜜蜂小说网🎃,,可达,200,http://m.mifengxs.com#🎃
🎃言情小说吧🎃,,可达,200,https://m.xs8.cn#🎃
🎃言情小说吧🎃#2,,可达,200,https://m.xs.cn#🎃
🎃言情网🎃,,可达,200,http://www.yqw.com#🎃
🎃请看下载🎃,,可达,206,https://m.qinkan.net#🎃
🎃读吧文学🎃,,可达,200,https://m.yq027.com#🎃
🎃超凡小说🎃,,可达,200,https://wap.pan.org#🎃
🎃连城读书 API🎃,,可达,206,http://h5.lc1001.com#🎃
🎃顶点小说🎃#2,,可达,200,http://www.x23us.us#🎃
🎈1gtxt,🎈  普通,可达,200,http://www.1gtxt.com
🎈JIASTON,"🎈36,🍋🍋🍋🍋🍋🍋,搜索失效",可达,200,https://sou.jiaston.com/#🌱
🎈当小说,🎈  普通,可达,200,http://www.downxs.com
🎈牛站小说「PO文」,搜索链接规则为空,可达,200,http://m.niuzhanxs.com
🎈路人书,,可达,200,https://www.lurenshuwx.com
🎈高腐屋,,可达,200,https://www.gaofuwu.com
🎉 360文学网,"﹅ ♛ 精品,搜索失效",可达,200,http://www.360wxwxs.com
🎉 37小说网,🎉精品,可达,200,http://www.37xsw.com
🎉 4A文学,,可达,200,https://www.4awx.com
🎉 52小说,🎉精品,可达,200,https://www.xs52.org
🎉 566小说网,,可达,200,http://www.5666xs.com
🎉 69书吧,🎉 精选 🎉,可达,206,http://www.69kshu.com
🎉 70文学,🎉精品,可达,200,http://www.70wx.com
🎉 ABC小说,🎉精品,可达,200,http://m.abcxs.com
🎉 E小说,"🎉精品,☣️精选senhora",可达,200,https://www.exiaoshuo.com#bookbox
🎉 UU小说(电脑),🎉 精选 🎉,可达,200,http://www.uuxs.net
🎉 U书网,🎉精品,可达,200,https://www.ukanshu.com
🎉 kxs9,🎉精品,可达,200,http://m.kxs9.com
🎉 ops8,,可达,200,https://www.ops8.com
🎉 一二中文,🎉精品,可达,200,https://www.12zw.com
🎉 七二文学™九天之狼,,可达,200,http://www.72wx.com
🎉 三七中文,🎉精品,可达,200,https://www.37zw.net
🎉 三七中文™,🎉精品,可达,200,https://m.37zw.net
🎉 三江阁,🎉精品,可达,200,https://www.sanjiangge.org#grid tr!0
🎉 三趣读小说,"﹅ ♛ 精品,搜索失效",可达,200,http://m.3qdu.com
🎉 下书网,,可达,206,https://www.xiashuyun.com
🎉 书包网,🎉精品,可达,206,https://www.bookbao8.com
🎉 书吧小说,🎉精品,可达,200,http://www.s8xs.com
🎉 书斋楼,,可达,200,http://www.shuzhailou.com
🎉 书海阁,🎉精品,可达,200,https://www.xinshuhaige.org
🎉 书海阁,🎉精品,可达,200,http://www.xinshuhaige.com
🎉 优梦小说,🎉精品,可达,200,http://www.ym6080.cn
🎉 优诺小说,,可达,200,https://www.guaner.com
🎉 作品集,🎉 精选 🎉,可达,200,http://so.zuopinj.com
🎉 傲轩小说网,🎉 精选 🎉,可达,200,http://www.axxsw.com
🎉 免费小说之王{JSon},"﹅ ♛ 精品,发现正文失效,搜索失效",可达,200,http://reader.browser.miui.com
🎉 八六中文网,🎉精品,可达,200,https://www.86zw.cc
🎉 六零文学,,可达,206,https://www.60wx.cc
🎉 凝香小说网,🎉精品,可达,200,https://www.shengxu3.com
🎉 千千看书,,可达,200,https://www.qianqianxsw.com
🎉 千寻小说,,可达,200,https://www.qianxuntxt.com
🎉 即阅免费小说,"﹅ ♛ 精品,搜索失效",可达,200,https://app.sxyj.net:443
🎉 即阅免费小说 AS,🎉 精品,可达,200,https://app.sxyj.net
🎉 哈哈小說[繁体],🎉精品,可达,206,https://www.hhabook.com
🎉 大劫主小说网,,可达,206,http://www.dajiezhu.com
🎉 天天小书屋,🎉精品,可达,200,https://www.myshu.cc
🎉 天天小书屋,🎉精品,可达,200,https://www.myshu.org
🎉 天天看小说,🎉精品,可达,200,http://www.ttkxs.org
🎉 妙笔阁,,可达,200,http://www.imiaobige.com
🎉 完本神站,,可达,206,http://m.wanbentxt.net
🎉 小燕文学,,可达,200,https://m.xiaoyanwenxue.com
🎉 小说82,"﹅ ♛ 精品,搜索失效",可达,200,http://m.xs82.net
🎉 小说涯,"﹅ ♛ 精品,搜索失效",可达,200,http://m.xiaoshuoya.com
🎉 布丁文学,🎉精品,可达,200,http://m.bdwx.xyz
🎉 心情小说,🎉精品,可达,200,https://www.xinqing100.net
🎉 思路客ⓔ💙💙💙,"夏一L,★,☀️搜书/换源 B▪优质,🎉 精品",可达,200,http://www.silukee.com#bookbox
🎉 悟空看书,🎉 精选 🎉,可达,200,https://www.wkkshu.com
🎉 搜小说,🎉精品,可达,200,https://www.soxs.cc#novelslist2 li!0
🎉 搜小说①,"﹅ ♛ 精品,搜索失效",可达,200,http://www.soxs.cc
🎉 新世纪书,,可达,200,http://www.2100xs.com
🎉 新思路,🎉 精选 🎉,可达,206,https://www.xunsilu.cc#searchcon ul
🎉 新格格党,,可达,200,https://m.ggdxin.com
🎉 新笔趣阁,🎉精品,可达,200,https://m.xxbqg5200.com
🎉 望书阁,🎉精品,可达,200,https://www.wangshugu.com
🎉 棋子小说,🎉精品,可达,206,https://www.qizi01.com
🎉 浩瀚书屋,,可达,200,http://m.haohanshuwu.com
🎉 爱上中文,🎉精品,可达,206,http://www.aszw6.com
🎉 爱奇文学,🎉精品,可达,200,http://www.i7wx.com
🎉 特特小说,🎉精品,可达,200,http://www.tetewx.org
🎉 畅阅小说网②,🎉精品,可达,200,http://www.dglake.com
🎉 盗梦人小说网,🎉精品,可达,200,http://m.daomengren.com
🎉 笔趣阁X,²♨笔-趣-阁❆,可达,200,http://www.xxbiquge.com
🎉 笔趣阁linlida,"🎉 精选 🎉,💒 笔趣",可达,200,http://www.linlida.com
🎉 笔趣阁⑥,🎉精品,可达,200,https://www.biquxu.cc
🎉 笔趣阁⑦⑧,🎉精品,可达,200,https://m.biqugecom.com
🎉 笔趣阁⑧,🎉精品,可达,200,http://www.biquge.tv
🎉 衍墨轩,🎉精品,可达,200,https://www.yanmoxuan.org
🎉 读一读①duyidu.net#玄奇21.0202,已检验,可达,200,http://duyidu.net#玄奇21.0202
🎉 读一读②𖤓#一介20.0831,已检验,可达,200,http://duyidu.net#一介20.0831
🎉 读全本,⁵♡ོ晨光雨露✺普通源,可达,200,https://www.92qb.com
🎉 辣文,🎉精品,可达,200,https://www.lawen.org
🎉 追书网①,🎉精品,可达,206,http://www.biquya.com
🎉 追书网②,🎉精品,可达,200,https://www.mangg.net
🎉 逆天邪神,🎉精品,可达,200,http://www.nitianxieshen.com
🎉 重生小说,🎉精品,可达,200,https://m.86kl.com
🎉 钱人阁,,可达,200,https://m.qianrenge.cc
🎉 铅笔小说备用™烏雲,🎉精品,可达,200,http://www.x23qb.com
🎉 零七中文网,"﹅ ♛ 精品,搜索失效",可达,206,https://www.07zw.com
🎉 零点书屋™,🎉精品,可达,200,http://m.lingdianshuwu.com
🎉 顶点,,可达,200,https://m.xindingdianxsw.com
🎉 顶点小说youle,,可达,206,http://www.dingdiann.net
🎉 飞卢,🏵️  小说,可达,200,https://m.flshuwu.com#list li
🎉 飞库库更新,🎉精品,可达,200,https://www.feiku6.com
🎉567中文网#嘚嘚21.0201,"﹅ ♛ 精品,搜索失效",可达,206,http://www.xntk.org#嘚嘚21.0201
🎉63文学网,🎉 精选 🎉,可达,200,http://www.63wx.com/
🎉69书吧④,🎉 精选 🎉,可达,200,https://www.69w.cc/
🎉72文学①,🎉 精选 🎉,可达,200,https://www.72wx.org/
🎉789小说网,🎉 精选 🎉,可达,200,https://www.789xs.com/
🎉88中文网,🎉 精选 🎉,可达,200,http://www.eph88.com/
🎉88小说网②,🎉 精选 🎉,可达,200,http://www.zdxt88.com/
🎉ABC小说,🎉 精选 🎉,可达,200,http://www.abcxs.com
🎉一六文学网,³۝天域整理,可达,200,http://www.16wxw.com/
🎉七三小说网,⁴☃晨光雨露᭄精品源,可达,200,http://www.73xsw.com/
🎉乐文小说⑧,🎉 精选 🎉,可达,200,https://www.lwxs0.com/
🎉乐文小说⑫,🎉 精选 🎉,可达,200,https://www.lewen123.net/
🎉乐文小说⑬,🎉 精选 🎉,可达,206,https://www.lewenn.com/
🎉乡村小说,🎉 精选 🎉,可达,206,http://www.x32xs.com/
🎉书博网,🎉 精选 🎉,可达,200,http://www.bookbo.com/
🎉书阅屋,🎉 精选 🎉,可达,206,http://www.shuyuewu.co/
🎉仙女文学网,³۝天域整理,可达,200,http://www.xnwxw.com/
🎉作客小说网,⁴☃晨光雨露᭄精品源,可达,200,http://www.zkxsw.com/
🎉八一中文⑨,"﹅ ♛ 精品,搜索失效",可达,200,https://www.zw81.net/
🎉八六中文网,🎉 精选 🎉,可达,206,https://www.866zw.org/
🎉吞噬小说🅰💜💜💜,"21.0320鸡排饭,★,☀️搜书/换源 B▪优质",可达,200,http://www.tsxsw.net#鸡排饭
🎉吾爱看书,精选1,可达,206,http://www.52kshu.com
🎉哈哈文学网,🎉 精选 🎉,可达,200,http://www.hhdxg.com/
🎉四一小说网,³۝天域整理,可达,200,http://www.41xsw.com/
🎉天籁小说②,🎉 精选 🎉,可达,200,https://www.bsm-china.com/
🎉天籁小说③,⁴☃晨光雨露᭄精品源,可达,200,https://www.tlxs.com/
🎉妙书屋,🎉 精选 🎉,可达,206,https://www.miaoshu5.com/
🎉就要看小说网,🎉 精选 🎉,可达,200,http://www.91kxs.com/
🎉得间小说#嘚嘚21.0201,"﹅ ♛ 精品,搜索目录失效",可达,200,http://www.idejian.com#嘚嘚21.0201
🎉得间小说#嘚嘚21.0201,"﹅ ♛ 精品,搜索目录失效",可达,200,http://www.idejian.com
🎉快眼看书,"﹅ ♛ 精品,搜索失效",可达,200,https://www.kyks.cc/
🎉悟空小说②,³۝天域整理,可达,200,http://www.wkxsw.com/
🎉文学迷,精品,可达,200,https://www.wenxuemi6.com/
🎉文学迷②,🎉 精选 🎉,可达,200,http://www.wenxuemi.org/
🎉新世纪书💜💜💜#嘚嘚21.0201,"嘚嘚21.0201,🎉 精品,☀️搜书/换源 A▪精品,★",可达,200,http://www.2100xs.com#嘚嘚21.0201
🎉日照文学网,¹▽置顶`ȏ´正版发现,可达,200,http://www.rzwxw.com/
🎉樱桃文学网,³۝天域整理,可达,200,http://www.ytwxw.com/
🎉泡面文学网,³۝天域整理,可达,200,http://www.pmwxw.com/
🎉热门小说②,🎉 精选 🎉,可达,200,https://www.remenxiaoshuo.cc/
🎉燃文小说⑨,🎉 精选 🎉,可达,200,http://www.awsjsy.com/
🎉燃文小说⑩,🎉 精选 🎉,可达,200,http://www.rjnk.net/
🎉爱去小说网②,🎉 精选 🎉,可达,200,http://www.fjspaq.com/
🎉看书啦①,🎉 精选 🎉,可达,200,https://www.kanshula.com/
🎉笔下文学⑨,小说,可达,200,https://www.bixia.org/
🎉笔下文学⑪,🎉 精选 🎉,可达,200,https://www.nbxwx.com/
🎉笔趣阁①#嘚嘚21.0201,精选书源,可达,200,http://www.b5200.net#嘚嘚21.0201
🎉笔趣阁④,"🎉 精选 🎉,💒 笔趣",可达,200,http://www.biquge.cn
🎉笔趣阁④,精选,可达,200,http://www.biquge.cn#bookbox
🎉笔趣阁⑥,🎉精选,可达,200,http://www.biquge6.com#novelslist2 li!0
🎉笔趣阁⑩⑧,🎉 精选 🎉,可达,200,http://www.biquge7.com/
🎉笔趣阁𖤓,"搜索正文失效,【❌❌】网站失-效,【】👾笔趣阁",可达,200,http://www.b5200.net#薅白
🎉第五小说网,³۝天域整理,可达,206,https://www.diwuxs.com/
🎉精英小说网,🎉 精选 🎉,可达,200,http://www.jysks.net/
🎉红豆小说网,🎉 精选 🎉,可达,200,http://www.hdongnet.com/
🎉给力读书网,🎉 精选 🎉,可达,200,http://www.geree.net/
🎉落秋中文③,🎉 精选 🎉,可达,200,http://www.lzbp.net/
🎉蚂蚁阅读②,¹▽置顶`ȏ´正版发现,可达,200,https://www.mayiread.com/
🎉言心小说网,🎉 精选 🎉,可达,200,http://www.yanxin56.com/
🎉读书吧,"【❌❌】搜索失-效,搜索失效",可达,200,https://www.readbook8.com/
🎉越年轻小说,已检验,可达,200,https://www.ynqxs.com/
🎉追书帮𖤓,,可达,200,https://www.zhuishubang.me
🎉追书网mangg,"🎉 精选 🎉,🏵️  小说",可达,206,https://www.mangg.com
🎉铅笔小说③,🎉 精选 🎉,可达,200,http://www.qianbiwo.com/
🎉零点看书⑤,🎉 精选 🎉,可达,200,http://www.lyrouniu.com/
🎉顶点小说㉚,🎉 精选 🎉,可达,200,https://www.94book.com/
🎉顶点小说网,,可达,206,https://m.xslca.cc
🎉鬼王小说网,¹▽置顶`ȏ´正版发现,可达,200,https://www.gwxsw.com/
🎊 思路客ⓒⓒ,防盗,可达,200,http://www.siluke.cc#novelslist2 li!0
🎊 落秋③,🏵️  小说,可达,200,https://m.luoqiu.cc#user-bookcase dl
🎊 蜗牛小说,🎊 优选,可达,206,http://www.asike.top
🎊69中文③,优质源👍,可达,200,http://www.x69zw.com/
🎊八一中文⑰,优质源👍,可达,200,https://www.81zw.cc/
🎋Hentai Cosplay🎋,老司机,可达,200,https://hentai-cosplays.com/
🎋搜狗文学🎋,校验超时,可达,200,https://m.sougouwx.com
🎋昭通文学🎋,,可达,200,https://www.ztwx.net/
🎋酷我听书,"🎋 正版,✉️  有声文学",可达,200,http://baby.kuwo.cn:80
🎋风之动漫🎋,,可达,206,http://m.8nfw.com/##响海
🎋风之动漫🎋,,可达,206,http://m.8nfw.com/
🎋飞卢书屋🎋,,可达,200,https://m.flshuwu.com/
🎗️爱看书吧,飞卢,可达,200,http://m.aikanshu8.com
🎧 天天评书,"👂👂👂👂👂👂,搜索失效",可达,206,https://www.pingshu365.com
🎧 消消乐,"🎧 有声,🔎 登录",可达,200,https://www.kaixin7days.com
🎧 猫耳FM(无发现),,可达,200,https://www.missevan.com#
🎧有声听书,⑧🎧  有声,可达,200,https://www.ysts8.net
🎨 36漫画网,🎨漫画,可达,200,https://www.36mh.com
🎨 ACG456,🎨漫画,可达,200,http://m.acg456.com
🎨 一耽漫画,"🎨漫画,🍊女频",可达,206,https://ydan.vip
🎨 七七漫画,🎨漫画,可达,200,http://www.77manhua.net
🎨 凤凰动漫™,🎨漫画,可达,206,https://dm.ifeng.com
🎨 土豪漫画,🎨漫画,可达,200,https://m.tohomh.com
🎨 好通漫,🎨漫画,可达,206,http://m.haotoon.cn
🎨 扑飞漫画,🎨漫画,可达,200,http://m.pufei.net
🎨 有妖气,🎨漫画,可达,200,http://m.u17.com
🎨 漫画人,🎨漫画,可达,206,http://m.1kkk.com
🎨 绅士漫画,🎨漫画,可达,200,https://www.wnacg.org
🎨 肉漫屋[乱序],🎨漫画,可达,206,https://rouman01.xyz
🎨 腐漫画,🎨漫画,可达,206,http://mh.fumanhua.net
🎨 邪恶集,🎨漫画,可达,200,http://m.zwenquan.com
🎨 邪琉璃神社,🎨漫画,可达,206,http://m.che43.com
🎨 酮体的秘密,"🎨漫画,🚬刘备,🚀VPN",可达,200,https://dongtidemi.com
🎨 非常爱漫,🎨漫画,可达,200,http://www.verydm.com
🎨 韩漫吧,"【❌❌】搜索失-效,【】⛺漫画,搜索失效",可达,200,https://m.hmba.vip#一程
🎨樱花动漫,漫画,可达,200,http://m.imomoe.io
🎬 八五影视,影视,可达,206,https://www.085514.com
🎯爱电子书,🏵️  小说,可达,200,http://www.idzs.cc/
🎯笔趣阁cbiqu,"🏵️  小说,💒 笔趣",可达,200,https://m.cbiqu.com
🎵 抖音歌曲,"🔮 发现,🎵 音乐",可达,200,http://www.douyingequ.com
🎶 猫耳,校验超时,可达,200,https://www.missevan.com#芜恙
🎼 哔哩音乐,神段【大乘级】（小说源）,可达,200,https://www.bilibili.com/audio
🎼懒人畅听🎼,"响海,发现目录失效,搜索目录失效",可达,200,https://www.lrts.me/
🎼蜻蜓FM🎼,有声,可达,200,https://m.qingting.fm/
🏀 八一中文④,,可达,200,http://www.s81zw.com/
🏀 爪机书屋,,可达,200,https://www.zhuaji.org/
🏆 看看书,优质源👍,可达,206,http://www.kankanshu.cc
🏬 完美笔趣,"专用,搜索链接规则为空",可达,206,https://novel-api.xiaoxiaommkk.com
🏵零点小说,🏅自用,可达,206,https://www.lingdianksw.com#search-list li!0
🏷️笔趣阁❶❶❷,"笔趣,﹅ ♝ 优良,搜索失效",可达,200,https://www.xinxs.la/
🐑兰音离茶,"🐑 普通,✉️  网络文学",可达,200,https://www.lylcrc.cn
🐑夏花晚星,"🐑 普通,✉️  网络文学",可达,200,http://m.xhwenxue.com/
🐑精校书吧,"🐑 下载,✉️  网络文学",可达,200,http://www.jingjiaoba.com
🐑雪森冷色,"🐑 普通,✉️  网络文学",可达,200,http://m.xs63.com
🐚听东方(作者abyssesml),"有声,搜索目录失效",可达,200,http://m.tingdongfang.com/
🐣二八书库,"🐣 备用,✉️  网络文学",可达,200,https://www.syt2008.com/
🐳吞噬小说,"🍥 男频备用 🍥,⌛️ 全局搜书 ⌛️,®️ 搜书男频 ®️",可达,200,http://www.tsxsw.net
🐳吾轻,🏅  轻文,可达,200,https://www.biquge1000.com#mySearch ul
🐳铅笔,🏅  轻文,可达,200,https://www.x23qb.com#sitebox dl
🐶Ⓐ 69书吧🍒,﹅ ♞ 普通,可达,200,https://www.69shu.org#未月十八改
🐶Ⓐ 六九中文①🍒,已检验,可达,200,https://www.69zw.com#未月十八改
🐶★APP-1★,搜索失效,可达,200,https://shuapi.jiaston.com#1
🐶♠ 八一中文②🍒,"男频,搜索失效",可达,200,http://www.zw183.com/
🐶千叶中文💯,"﹅ ♛ 精品,搜索失效",可达,200,https://www.qianyezw.com#kd11
🐶千叶中文💯,"﹅ ♛ 精品,搜索失效",可达,200,https://www.qianyezw.com
🐶日落小说网🍒,已检验,可达,200,http://m.rlxsw.com
🐶梧州,搜索失效,可达,200,https://www.ztv.la#novel-list li!0
🐶翅膀小说网🍒,"【❌❌】搜索失-效,搜索失效",可达,200,http://www.cbxsw.com/
🐶血红小说②🍒,"【❌❌】搜索失-效,搜索失效",可达,200,https://www.xhxsw.org/
🐶雅文库🍒,搜索失效,可达,200,http://www.yawenku.com
🐶零七,搜索失效,可达,206,https://www.07zw.com#grid tr!0
🐶🍉七猫读书网🍒,搜索失效,可达,200,https://www.pokpets.net/
🐻笔趣阁⑱②,已检验,可达,200,http://www.biqule.org/#♤pb
👍 33中文,搜索失效,可达,200,https://www.33zw.com
👍 3z中文网,♟️普通,可达,200,http://www.zzzcn.org
👍 69书吧②,👍优质,可达,200,https://www.69shu.org#grid tr!0
👍 69文学,👍 优质,可达,200,https://www.69wxw.com
👍 88读书网[仅发现],,可达,200,https://www.baka.cc
👍 QQ阅读,,可达,200,http://ubook.3g.qq.com
👍 三江阁,,可达,200,http://www.v114.net
👍 乐文②,🏵️  小说,可达,200,https://www.lwxsw.cc#book-coverlist
👍 乐文②,"﹅ ♜ 优质,搜索失效",可达,200,https://www.lwxsw.cc#book-coverlist#芜恙
👍 乡村小说,👍 优选,可达,200,https://www.xcxs4.com/
👍 乡村小说,👍 优选,可达,200,https://www.xcxs4.com/#grid tr!0
👍 书包网,👍优质,可达,200,http://www.bookbao99.net
👍 书画村,优质源👍,可达,200,http://www.shuhuacun.net
👍 书馆中文,"﹅ ♜ 优质,搜索失效",可达,200,http://www.sgzew.com
👍 八一,👍优质,可达,200,https://www.zwdu.com#result-item
👍 八一读客网,👍优质,可达,200,http://www.81dk.com
👍 八八,"﹅ ♜ 优质,搜索失效",可达,200,https://www.fenxbook.com
👍 八八,"﹅ ♜ 优质,搜索失效",可达,200,https://www.fenxbook.com#fengtui dl#芜恙
👍 博看小说网,👍优质,可达,200,http://www.bkxs.net
👍 品书网,"﹅ ♜ 优质,搜索失效",可达,200,https://www.vodtw.la
👍 多看吧,搜索链接规则为空,可达,200,http://m.duokan8.com
👍 小说族②,优质源👍,可达,200,http://m.xiaoshuozu.com
👍 恋上你①,👍优质,可达,200,https://www.630book.com#grid tr!0
👍 恋上你②,"﹅ ♜ 优质,搜索失效",可达,200,http://www.630ksw.com#novelslist2 li!0#芜恙
👍 文学迷,👍优质,可达,200,https://www.wenxuemi6.com#result-item
👍 新18小说,,可达,200,https://www.qishikan.com
👍 无限小说,👍优质,可达,200,http://m.xp7000.com
👍 时空小说,👍优质,可达,200,https://www.3xiaoniao.com
👍 果冻小说,👍优质,可达,200,https://www.guodongxs.com
👍 格格党免费,👍优质,可达,200,https://www.54921.cn
👍 武林,🏵️  小说,可达,200,https://www.50zw.com#grid tr!0
👍 武林,"﹅ ♜ 优质,搜索失效",可达,200,https://www.50zw.com#grid tr!0#芜恙
👍 淘淘全本,"优质源👍,🏵️  小说",可达,200,https://www.taotao3.com
👍 爱奇文学,"优质源👍,🏵️  小说",可达,200,http://m.iqiwx.com
👍 爱看书吧,②💫优选,可达,200,https://m.aikanshu8.com#mySearch ul
👍 爱看小说网™,优质源👍,可达,206,http://www.akxs6.com
👍 爱阅读,👍优质,可达,200,http://www.loveyuedu.com
👍 百书楼,芜恙,可达,200,http://www.bzxsw.com#bookbox
👍 笔下文学③,👍 优质,可达,200,https://www.bxwx.com
👍 笔趣阁 biquge,👍优质,可达,200,http://www.biquge.com
👍 笔趣阁bqg3.com,²♨笔-趣-阁❆,可达,200,https://m.bqg3.com
👍 笔趣阁⑤⑦,👍优质,可达,206,https://www.biqudu.com
👍 翠微居,👍 优选,可达,200,wap.cuiweiju777.com/#grid tr!0
👍 翠微居,👍 优选,可达,200,https://wap.cuiweiju777.com/#grid tr!0
👍 翠微居,👍 优选,可达,200,https://wap.cuiweiju777.com/
👍 落秋,优质源👍,可达,206,https://www.luoqiuzw.com#novelslist2 li!0
👍 落秋①,"﹅ ♜ 优质,搜索失效",可达,206,https://www.luoqiuzw.com#novelslist2 li!0#芜恙
👍 落秋⑥,⁴☃晨光雨露᭄精品源,可达,200,http://www.luoqiuw.com#grid tr!0
👍 落秋⑥,"﹅ ♜ 优质,搜索失效",可达,200,http://www.luoqiuw.com#grid tr!0#芜恙
👍 蜂鸟小说网,³۝天域整理,可达,200,http://www.fn54.com
👍 诛仙,👍优质,可达,200,https://www.zhuxian2.net#tbody tr
👍 读书族,优质源👍,可达,200,https://www.99dushuzu.com
👍 读书者,👍优质,可达,200,http://www.dushuzhe.com
👍 辰文,👍 优选,可达,200,http://www.cwwx.cc#pt-rank-detail
👍 闪舞小说网,👍优质,可达,200,https://www.35xs.co
👍 青豆,"﹅ ♜ 优质,搜索失效",可达,200,https://www.qingdou.net#alistbox#芜恙
👍 青豆,👍 优选,可达,200,https://www.qingdou.net#alistbox
👍 飘天💙💙💙,"21.01芜恙,👍 优质,★,☀️搜书/换源 B▪优质",可达,200,https://www.piaotian.org#grid tr!0#芜恙
👍 飞卢书屋📱,"精品,已检,搜索冗杂,可用书源",可达,200,http://m.flshuwu.com
👍乐文小说⑭,优质源👍,可达,206,https://www.lewen12.com/
👍千千小说⑮,优质源👍,可达,200,http://www.123qqxs.com/
👍怪力小说,优质源👍,可达,200,http://www.guaili.org
👍文学馆,优质源👍,可达,206,https://www.bqwxg.com/
👍格格党,"【❌❌】网站失-效,搜索失效",可达,200,https://www.52ggd.com
👍知藏书轩,已检验,可达,200,https://m.zxcs88.com
👍笔趣阁③#温暖满怀,"👍 优质,★,☀️搜书/换源 B▪优质",可达,200,https://www.wqge.cc#温暖满怀
👍笔趣阁⑥,²♨笔-趣-阁❆,可达,200,https://m.biquqe.com
👍笔趣阁⑧Ο,"优质源👍,💒 笔趣",可达,200,http://www.biquge6.com/
👍笔趣阁⑧⑦,"优质源👍,💒 笔趣",可达,206,https://www.ddbiquge.cc/
👍笔趣阁⑩④,"优质源👍,💒 笔趣",可达,206,https://www.biqiugege8.com/
👍笔趣阁⑪①,"优质源👍,💒 笔趣",可达,200,http://www.bqg5.com/
👍笔趣阁ⓒⓝ💙💙💙,"21.01芜恙,★,☀️搜书/换源 B▪优质",可达,200,http://www.biquge.cn#bookbox#芜恙
👍霹雳书坊,优质源👍,可达,200,https://www.pilishufang.com
👍顶点小说💙💙💙230book🅰#南笙,"南笙21.0101,★,☀️搜书/换源 B▪优质",可达,206,https://www.230book.com#南笙21.0101
👔 伤悔谷,🤖 验证,可达,200,https://www.shanghuigu.com/
👾17笔趣阁,"🏵️  小说,💒 笔趣",可达,200,https://m.17sct.com/
👾19楼文学,搜索失效,可达,200,http://m.19wo.com/
👾UU书库,,可达,200,http://m.uusk.net/
👾V5小说,🏵️  小说,可达,200,http://m.v5xs.com
👾优阅读书,搜索目录失效,可达,200,http://m.euyue.com/
👾六号小说,🏵️  小说,可达,200,http://m.6haoxs.com/
👾就去听书,🏵️  小说,可达,200,http://m.97tingshu.com
👾搞笑笔趣阁,"🏵️  小说,💒 笔趣",可达,200,http://m.gxjxc.com/
👾第二中文,,可达,200,http://m.dearzwxs.com/
💊 天天读书,💊无搜,可达,200,https://www.ttd3.cn
💊 小说路上,💊无搜,可达,200,https://m.xs63.cc
💊 御书网,💊无搜,可达,200,https://m.yushubo.com
💋格格党②,🏵️  小说,可达,200,https://m.ggdtxt.com
💎 一起看[防盗字体],🏵️  小说,可达,200,https://www.zmtcsy.com
💎 乐文小说#onede,"💎 精品,🌈onede,★,☀️搜书/换源 B▪优质",可达,200,https://www.xlwxsw.com#onede
💗潇湘书院,"﹅ ✾ 言耽,发现失效,搜索目录失效",可达,200,http://www.xxsy.net
💠 爱爱中文,💠 其他,可达,200,https://www.aiaiwx.net
💠 科幻小说,💠 综合,可达,200,http://www.kehuan.net.cn
💠 视图杂志,💠 综合,可达,206,https://open3.vistastory.com
💠 零点看书②,💠 其他,可达,206,https://www.lingdianksw.com
💠 飞库中文,💠 其他,可达,206,http://m.feikuzw.com
💡 土豆小说,💡 发现,可达,200,http://www.tudouw.cc
💥53中文,备用源💥,可达,200,www.53zw.net
💥八戒,🏵️  小说,可达,200,www.8jzw.com
💥搜小说,🏵️  小说,可达,200,www.soxs.cc
💥言情888,备用源💥,可达,200,www.yanqing-888.net
💦中文阅读网,💦 精品 💦,可达,200,https://www.zwydw.org/
💦小说涯,"💦 精品 💦,修复",可达,200,http://www.xiaoshuoya.com/
💦望书阁,💦 精品 💦,可达,200,https://www.washuge.com/
💦望书阁,🎉 精选 🎉,可达,200,http://www.wangshugu.com/
💦灯笔小说网,⁴☃晨光雨露᭄精品源,可达,200,https://www.dengbi.cc/
💦爱小说,🎉 精选 🎉,可达,200,https://www.2txt.cc/
💦落秋中文③,⁴☃晨光雨露᭄精品源,可达,200,https://www.lqbook.com/
💦顶点小说⑧,🎉 精选 🎉,可达,200,https://www.xs222.com/
💦顶点小说⑪,"🏵️  小说,🎉 精选 🎉",可达,200,https://www.23us.us/
💫69书吧.69kshu,"﹅ ♞ 普通,搜索失效",可达,206,http://www.69kshu.win
💫UK小说阅读,"﹅ ♞ 普通,搜索失效",可达,200,https://www.591uk.com
💫笔趣阁❶❹❻,,可达,206,https://www.xugongping.com/
💫舞文小说网②,,可达,200,http://wap.wuxs.org
💫飞雪小说网,☃晨光雨露🍒精品源💯,可达,200,http://www.fx273.com
💯 中文书城,"﹅ ♛ 精品,发现目录失效,搜索失效",可达,200,https://m.cread.com#芜恙
💯全小说①,💯 精品 💯,可达,200,https://qxs.la/
💯新笔趣阁,,可达,200,https://www.2bqg.com
💯无弹窗小说网,¹▽置顶`ȏ´正版发现,可达,200,https://www.22ff.com
💰 名著阅读,💰 正版,可达,200,https://tanmenba.com
💰 塔读,"﹅ ㊣ 正版,搜索目录失效",可达,200,http://www.tadu.com#芜恙
💰 有乐中文,"🍀,搜索失效",可达,200,http://www.iyoule.com#一程
💰 网易,"﹅ ㊣ 正版,搜索正文失效",可达,200,http://m.yuedu.163.com#芜恙
💰 趣阅小说,💰 正版,可达,206,http://app.quyuedu.hzquyue.com
💰 阅读,"﹅ ㊣ 正版,搜索失效",可达,200,https://m.readnovel.com#芜恙
💰 阅读,"﹅ ㊣ 正版,搜索失效",可达,200,https://m.readnovel.com
💰宜搜小说,"💰正版,搜索目录失效",可达,200,http://api.appeasou.com
💵 91baby,💵正版,可达,200,http://m.91baby.com
💵 中文书城,💵正版,可达,206,http://www.cread.com
💵 咪咕阅读,💵正版,可达,200,https://wap.cmread.com/r/p/index.jsp
💵 宜搜,"💵正版,发现失效,搜索失效",可达,200,http://book.easou.com
💵 有乐中文[手机],💵正版,可达,200,http://m.iyoule.com
💵 湿热一瞬间,💵正版,可达,206,https://shireyishunjian.com
💵 红薯网♀,,可达,200,https://g.hongshu.com/nv.html
💵 网易云,💵 正版,可达,200,https://yuedu.163.com
💵 耽行道,"💵正版,🍊女频",可达,200,http://www.dxdread.com
💵 阿里榜单,💵正版,可达,206,https://www.shuqi.com/rank
💵 青兰文学,💵正版,可达,200,http://gl.mozhua.net
💵 青兰文学✈,"💵正版,🚀VPN",可达,200,https://gl.mozhua.net
📀平板小说网,搜索链接规则为空,可达,200,http://wap.qiuyelou.com
📍迷香谷御书屋,搜索失效,可达,200,http://www.x3txt.com
📖 异族小说,📖 小说,可达,200,http://www.ezuxs.com/
📖 心跳书城,"🍍🍍🍍🍍🍍🍍,📖 324,搜索失效",可达,200,https://www.gaohbook.net/
📖 盗墓笔记,📖 小说,可达,200,https://www.dmbj.cc/
📖 知轩藏书,已校验929,可达,200,https://www.zxcs.info
📖 笔趣阁35,"【❌❌】搜索失-效,【】👾笔趣阁,搜索失效",可达,200,https://m.bqg35.cc/
📖 笔趣阁⑤,笔趣阁,可达,200,https://www.bbtxt8.com
📖 笔趣阁网,"🍍🍍🍍🍍🍍🍍,📖 324,搜索失效",可达,200,https://www.biqu.vip/
📖 笔趣阁网,"【❌❌】搜索失-效,【】👾笔趣阁,搜索失效",可达,200,https://www.bqg113.com/
📖 第二书包,微筛选,可达,200,http://www.dier8.com/
📖82中文网【无搜索】@任尚仁,小说,可达,200,https://m.82zg.com/
📖移动阅读,﹅ ♞ 普通,可达,206,http://m.ndlib.cn#乃星
📖网易云阅读,平台,可达,200,http://m.yuedu.163.com#乃星
📚 Yong Library,English,可达,206,https://yonglibrary.com
📚 久久名著 💡,"发现失效,出版,漫画,搜索失效",可达,200,https://www.ksw8888.com#一程
📚 国学大师,"读书源,搜索正文失效",可达,200,http://www.guoxuedashi.com
📚 就爱意林🔖,🗂 聚合,可达,200,http://www.92yilin.com
📚 百度汉语,📚出版,可达,200,https://hanyu.baidu.com
📚 网易云阅读[仅发现],📚出版,可达,200,http://yuedu.163.com
📚 读万卷书,📚出版,可达,200,https://www.duwanjuan.cn
📚 轩宇阅读,📚出版,可达,206,http://www.xyyuedu.com
📚 随便看看[仅发现],📚出版,可达,200,https://www.sbkk88.com
📚 雷英斯文学,"📚出版,🆔登录,💊无搜",可达,200,https://raynesliterature.com/e-books/?variant=zh-hans
📚博看图书,出版; Wave,可达,200,https://es.bookan.com.cn/
📚博看图书,"出版,Wave,搜索目录失效",可达,206,http://new.bookan.com.cn/page/book.html?type=3
📚四大名著,📚 出版发行 📚,可达,206,https://book.sidamingzhu.org
📚天天读书,"出版,搜索失效",可达,200,https://www.ttd3.cn#关耳
📚安徽图书馆,"出版,搜索失效",可达,200,http://es.bookan.com.cn#关耳
📚易文言,📚图书📒出版源,可达,206,http://ewenyan.com
📚知轩藏书,1,可达,200,http://www.zxcs.info#md
📚移动阅读,出版,可达,206,http://m.ndlib.cn#关耳
📚顶点小说#美波21.0126,"出版,搜索失效",可达,200,https://m.xindingdianxsw.com#美波21.0126
📜 黑沼泽,[小说源],可达,206,https://zhaoze.art
📜饭团看书(作者abyssesml),﹅ ♞ 普通,可达,200,https://m.fantuankanshu.com/
📥 Noveldl,已检验,可达,200,http://downnovel.com#芜恙
📥 东望南路,📥下载,可达,200,http://downnovel.com
📥 免费小说,,可达,206,http://www.freexiaoshuo.com/
📥 八零电子书,📥 下载,可达,200,https://m.txt80.la/
📥 国学大师[跳转原网页下载],📥下载,可达,200,http://www.guoxuedashi.net
📥 搬书匠,"﹅ ㊦ 下载,搜索失效",可达,200,http://www.banshujiang.cn#芜恙
📥 新奇书网,🏵️  小说,可达,206,https://m.xsqishu.com
📥 知轩藏书,"测试组,💠 综合,测试",可达,200,https://zxcs.info
📥 精品小说网,"📥下载,🎉精品",可达,200,http://m.jpxs123.com
📥 青豆小说网,"📥下载,🔰普通",可达,200,https://m.qingdou.net
📥万书楼,⁸̶̥̥̥̆ૢ)论坛↓下载,可达,200,https://m.iysw.net
📥万书楼,⁸̶̥̥̥̆ૢ)论坛↓下载,可达,200,https://www.iysw.net
📥伪书斋,,可达,200,https://www.kanshu.asia
📥伪奇书,,可达,200,https://www.80qishu.com
📥伪宝书,,可达,200,https://m.baoshu7.com
📥无限,📥  下载,可达,200,https://m.555x.org
📥爱去小说网,⑥📥  下载,可达,206,https://www.aiqu654.com
📥知轩藏书,"﹅ ㊦ 下载,搜索目录失效",可达,200,http://www.zxcs.info#关耳
📥知轩藏书 #关耳,"﹅ ㊦ 下载,发现目录失效,搜索目录失效",可达,200,http://www.zxcs.info#guaner
📺Xvideos标签版,第一批,可达,200,https://www.xvideos.com#adfg
📻 1000部经典书有声,,可达,200,http://mp.weixin.qq.com/s?__biz=MzUxMjQwODQ4Mg==&mid=2247497217&idx=2&sn=f04e66bbe09133084b0f4dc246281288&chksm=f96658ccce11d1daf92eb2fe5cc9d771aae7eeacf83c9275f7379749995de7122de4d7ab47b0&mpshare=1&scene=23&srcid=1213OR1nqDwtGUrgm5dfqSC8&sharer_sharetime=1610892964069&sharer_shareid=7bd998b958ddaa31e1dc4665341f4fd7#rd
📻 企鹅FM,搜索链接规则为空,可达,206,https://fm.qq.com
📻 可可英语,📻 有声,可达,200,https://www.kekenet.com#
📻 可可英语1,💜未分组,可达,200,http://www.kekenet.com#
📻 天天评书网,📻有声,可达,200,https://m.pingshu365.com#
📻 心理FM,,可达,200,http://fm.xinli001.com
📻 懒人听书(api),"搜索链接规则为空,有声书",可达,200,https://m.lrts.me
📻 我听评书网,📻有声,可达,200,https://m.5tps.com
📻 洛奇,📻有声,可达,200,https://ifish.fun
📻 清沫电台,📻有声,可达,200,http://www.semorn.com
📻 轻音乐网,"📻 有声,搜索链接规则为空",可达,200,http://m.htqyy.com
📻 酷我听书,,可达,200,http://baby.kuwo.cn
📻评书吧(无发现),有声,可达,200,http://www.pingshu8.com#
🔀笔趣阁源🔀,已检验,可达,200,http://www.biqu123.com/
🔆武林中文,"﹅ ♜ 优质,搜索目录失效",可达,200,https://www.50zw.com#温暖满怀
🔎百度图片,㊣🔎  百度,可达,200,https://image.baidu.com
🔖 花瓣,🔖其他,可达,200,https://huaban.com
🔖Noveldl,"【❌❌】搜索正文失-效,搜索失效",可达,200,http://downnovel.com#乃星
🔖六三小说,"【❌❌】搜索正文失-效,搜索失效",可达,200,http://www.lost63.com
🔖欲望书,微筛选,可达,200,https://www.yuwangshu.com/
🔖着笔中文网,"【❌❌】搜索正文失-效,搜索失效",可达,200,https://m.sxjh88.com
🔖笔趣阁b18,"笔趣阁,🍁 笔趣 🍁,💦精品",可达,200,https://m.1biqug.com
🔖豆腐阅读,,可达,200,http://api.doufuyuedu.com
🔖零点书院,"🍍🍍🍍🍍🍍🍍,🔖177,搜索失效",可达,200,http://0dkk.com
🔖静苪小说,"搜索正文失效,【❌❌】搜索正文失-效",可达,200,http://m.766665.com
🔖顶点小说④,搜索失效,可达,206,https://m.hafuke5.com/
🔥 傲世,🏵️  小说,可达,200,https://www.auzw.com#search_book
🔥 恋上你②,🏵️  小说,可达,200,http://www.630ksw.com#novelslist2 li!0
🔥 言情888,优质源👍,可达,200,https://www.yq-888.com
🔥 飘天,喵公子,可达,200,https://www.piaotian.org#grid tr!0
🔥Jablehk-台妹及港女,"🧜‍♀️,自制",可达,206,https://jablehk.com/
🔥阅读悦,搜索链接规则为空,可达,200,http://www.yuedyue.com
🔰 101言情小说,🔰 普通,可达,200,http://m.txt101.com
🔰 2k小说,🔰 普通,可达,206,https://www.2kxs.cc
🔰 49中文,🔰普通,可达,200,https://www.49zw.com
🔰 ACG,🔰 普通,可达,200,http://www.acgxmh.com
🔰 Klmanga,🔰 普通,可达,200,https://klmanga.com
🔰 Mangabz,🔰 普通,可达,200,https://mangabz.com
🔰 ZERO搬运网,🔰 普通,可达,200,http://www.zerobyweva.com
🔰 ZERO搬运网603,🔰 普通,可达,200,http://www.zerobyw603.com
🔰 uc中文[防盗字体],🔰普通,可达,200,https://www.uczw.com
🔰 乐文文学网(可看图),🔰普通,可达,200,https://www.lwwxw.com
🔰 九桃小说网,🔰 普通,可达,200,https://m.9taoxs.com
🔰 仙漫网,🔰 普通,可达,200,https://m.gaonaojin.com
🔰 傻逼小说网™,🔰普通,可达,200,http://m.shabixs.com
🔰 八一中文网,🔰 普通,可达,200,https://www.81zw.org
🔰 千千小说,🔰普通,可达,206,http://www.xqqxs.com
🔰 友读小说,🔰普通,可达,200,https://api10.youduwen.com
🔰 句子网,🔰 普通,可达,206,https://www.yjbys.com/juzi/
🔰 吾的轻小说,🔰 普通,可达,200,https://www.biquge1000.com
🔰 品书网,🔰普通,可达,200,http://www.vodtw.com
🔰 奇漫屋,🔰 普通,可达,206,http://m.qiman52.com
🔰 悠悠小说网,🔰普通,可达,200,http://s6uu.com
🔰 悠读文学,🔰 普通,可达,200,https://www.yooread.net
🔰 愛下電子書[繁体],已检,可达,200,https://tw.aixdzs.com
🔰 我文阁,🔰 普通,可达,200,http://m.mytxt.cc
🔰 斋书苑,🔰 普通,可达,200,https://www.zhaishuyuan.com
🔰 无图小说,🔰 普通,可达,200,http://www.wutuxs.net
🔰 波洞,🔰 普通,可达,200,http://ymcdnyfqdapp.ikmmh.com
🔰 漫蛙,🔰 普通,可达,200,https://manwaq3.vip
🔰 漫蛙,🔰 普通,可达,200,https://manwaq1.vip
🔰 爱看书吧,🔰 普通,可达,206,http://www.yingshanrc.com
🔰 玉米小说网,🔰普通,可达,200,https://m.yumibook.com
🔰 百盟书网,🔰 普通,可达,200,http://www.baimengshu.com
🔰 笔趣阁,🔰 普通,可达,200,https://www.bqg70.com
🔰 笔趣阁6,已检,可达,200,https://www.fanfanxs.com
🔰 笔趣阁biqiuge8,🔰 普通,可达,206,https://www.biqiuge8.com
🔰 笔趣阁bqg999,🔰 普通,可达,206,https://www.bqg999.cc
🔰 笔趣阁⑬[无分段],🔰普通,可达,200,http://m.biquge.tv
🔰 艾佛逊小说,🔰 普通,可达,200,https://www.afxfs.com
🔰 落秋中文,🔰 普通,可达,206,https://www.luoqiuzw.com
🔰 言情小说大全,🔰 普通,可达,200,http://www.xs99.cc
🔰 读书者,"﹅ ♞ 普通,搜索失效",可达,200,http://m.dushuzhe.com
🔰 逆流小说网,🔰普通,可达,200,http://m.n6xsw.com
🔰 速漫库,🔰 普通,可达,200,http://www.sumanku.com
🔰 都来读,"🔰,搜索失效",可达,200,https://www.doulaidu.com/
🔰 都来读,🔰普通,可达,200,https://m.doulaidu.com
🔰 顶点中文,"﹅ ♞ 普通,搜索目录失效",可达,200,http://wap.dingdianzw.com
🔰 鸟鸟韩漫,🔰 普通,可达,206,https://nnhanman.net
🔰 ️全本小说xqb,🔰 普通,可达,206,http://www.xqb5.org
🔰 ️来也小说,🔰 普通,可达,200,https://m.xs880.xyz
🔰 ＱＱ阅读,🔰 正版,可达,200,http://ubook.qq.com
🔰13小说网,🏵️  小说,可达,200,https://www.13xs.com/
🔰27KK小说,🔰 一般 🔰,可达,200,https://www.27kk.net/
🔰一起看书院,🔰 一般 🔰,可达,200,https://www.yqksy.com/
🔰一起看读书,🔰 一般 🔰,可达,200,https://www.yqkdushu.com/
🔰书旗小说,,可达,200,https://read.xiaoshuo1-sm.com
🔰值得阅读Ⓔ.lansheweb,js失效,可达,200,https://s.lansheweb.com/#🌱
🔰八一中文㉑,🏵️  小说,可达,200,http://www.smxixi.com/
🔰凌凌发文学,🔰 一般 🔰,可达,200,https://www.llfwx.com/
🔰后宫小说,🔰 一般 🔰,可达,200,https://www.hougongxs.com/
🔰吾读书屋,🔰 一般 🔰,可达,200,https://www.wudushuwu.com/
🔰天修中文,🔰 一般 🔰,可达,200,https://www.tianxiuzw.com/
🔰妙笔阁③,🏵️  小说,可达,200,http://m.mbg8.com/
🔰官场读书,🔰 一般 🔰,可达,200,https://www.gcdushu.com/
🔰寻觅书屋,🔰 一般 🔰,可达,200,https://www.xunmishuwu.com/
🔰文学迷#温暖满怀,"5.良品,★c66,×××1,★",可达,200,https://www.wenxuemi6.com#温暖满怀
🔰斗罗中文,🔰 一般 🔰,可达,200,http://www.douluozw.com/
🔰水晶文学,🔰 一般 🔰,可达,200,https://www.shuijingwx.com/
🔰波波文学,🔰 一般 🔰,可达,200,https://www.bobowx.com/
🔰涅破书屋,🔰 一般 🔰,可达,200,https://www.nieposhuwu.com/
🔰爱尚文学,🔰 一般 🔰,可达,200,https://www.aishangwx.com/
🔰笔趣阁⑫④,"🏵️  小说,💒 笔趣",可达,200,https://www.boy5.com/
🔰笔趣阁⑫⑤,"🏵️  小说,💒 笔趣",可达,200,https://www.biqulu.net/
🔰第五文学,🏵️  小说,可达,206,https://www.ks67.com/
🔰花瓣网,漫画,可达,200,https://m.huaban.com
🔰花香居,🔰 一般 🔰,可达,200,https://www.hxjxs.com/
🔰蝶舞中文,🔰 一般 🔰,可达,200,https://www.diewuzw.com/
🔰读书小说,🔰 一般 🔰,可达,200,https://www.dushuxs.com/
🔰门户读书,🔰 一般 🔰,可达,200,https://www.menhuds.com/
🔰青豆中文,🔰 一般 🔰,可达,200,https://www.qingdouzw.com/
🔰顶点小说㉙,🏵️  小说,可达,200,http://www.dingdian5.com/
🔰飞卢书屋③,🔰 一般 🔰,可达,200,https://www.flshuwu.com/
🔰麦块小说,🔰 一般 🔰,可达,200,https://www.mkdushu.com/
🖨️ 必应搜书,"🖨️引擎,校验公众号：【omega推文】",可达,200,https://cn.bing.com/
🖨️ 谷歌搜书,🖨️引擎,可达,200,https://goo.gle.workers.dev/
🚝 乐安宣书网,"﹅ 通用书源▪︎玄奇,搜索失效",可达,200,http://www.ailelexs.com
🚬 17book[仅发现],🚬刘备,可达,200,http://www.17books.net
🚬 3Z小说网,🚬刘备,可达,200,http://www.3zxsw.com
🚬 H小说吧,"发现失效,﹅ ㊕ 特殊,搜索失效",可达,200,http://hxspp.com
🚬 RNG小说[无正文],"🚬刘备,🛠️待修",可达,200,http://www.rngxs.com
🚬 R级小说屋,🚬刘备,可达,200,xiaoshuowu.org
🚬 SSR正妹,"🚬刘备,🚀VPN",可达,200,http://goodav17.com
🚬 UPU小说网,🚬刘备,可达,200,https://www.upu.cc
🚬 久久文学,🚬刘备,可达,200,https://www.99wenku.com
🚬 乐文小说网②,"﹅ ㊕ 特殊,搜索失效",可达,206,http://www.1lewen.com
🚬 书书屋小说[优],🚬刘备,可达,200,http://www.shushuwuxs.cc
🚬 六情小说,🚬刘备,可达,200,http://www.6qing6.com
🚬 御书屋,"🚬刘备,🚀VPN",可达,200,https://m.yushuwuu.com
🚬 新八一中文网,🚬刘备,可达,200,https://www.81new.net
🚬 新暖才,,可达,200,https://m.xncwxw3.com
🚬 河图小说,🚬刘备,可达,200,http://www.hetunxs.com
🚬 海岸线文学网,🚬刘备,可达,200,http://m.3twx.com
🚬 海岸线文学网,,可达,200,http://www.haxwx.cc
🚬 烧书阁,🚬刘备,可达,200,http://www.shaoshuge.vip
🚬 第一版主,🚬刘备,可达,206,http://www.bz222.org
🚬 第一版主,,可达,206,https://www.yulinzhanye.xyz
🚬 第一版主111,【🈵♥🈵💯】231123千组1,可达,206,http://www.3diyibanzhu.cc/
🚬 第一版主网[仅发现],,可达,206,http://7778877.com
🚬 第二书包,🚬刘备,可达,200,https://www.shubao33.org
🚬 第二书包202,"🚬刘备,💊无搜",可达,200,http://www.shubao202.com
🚬 第二书包网,🚬刘备,可达,200,http://www.shubao33.org
🚬 第二书包网,🚬刘备,可达,200,https://www.bookbao2.net
🚬 羞涩小说,"🚬刘备,🚀VPN",可达,200,http://www.xiusexx.xyz
🚬 老二小说,🚬刘备,可达,200,http://www.lexs.xyz
🚬 肉肉阅读,"🍊女频,🚬刘备,💊无搜,🚀VPN",可达,200,https://xxread.club
🚬 色中色,🚬 特殊,可达,206,http://sexinsex.net
🚬 花书包小说网,"🙈🙈🙈🙈🙈🙈,🚬185,搜索失效",可达,200,http://www.huashubao.org
🚬 落秋中文luoqiuzw.cc,🚬刘备,可达,200,https://www.luoqiuzw.cc
🚬 路人书吧,🚬刘备,可达,200,http://www.lurenshu8.net
🚬 躺着看,"🚬刘备,💊无搜",可达,206,http://tangzhekan4.xyz
🚬 醉书楼,🚬刘备,可达,200,https://www.zslxsw.net
🚬 陌上香坊,搜索链接规则为空,可达,200,https://www.msxf.org
🛠️ 一起看书吧~1778,🛠️劣质,可达,200,http://www.1778go.com
🛠️ 天幕小说网,🛠️劣质,可达,200,https://m.tmshy.com
🛠️ 爱尚小说,搜索失效,可达,200,http://www.23xs.tv
🥂  3 6 0文字,"🥂 常用,搜索目录失效",可达,200,http://m.360wxwxs.com
🥈八一中文网②,🏵️  小说,可达,200,https://www.zwdu.com
🥉书香院,搜索失效,可达,200,http://www.sxy8888.com#乃星
🥉书香院,🔱  常用,可达,200,http://www.sxy8888.com
🥉四库书,🔱  付费,可达,200,https://www.sikushu8.com
🥛有声屋,⁴☃晨光雨露᭄精品源,可达,200,https://www.800edu.net
🥛言情888①,⁴☃晨光雨露᭄精品源,可达,200,https://www.yanqing888.org/#sitemboxdl
🥛言情888①,⁴☃晨光雨露᭄精品源,可达,200,https://www.yanqing888.org/
🧩上古卷轴5,,可达,206,https://wiki.biligame.com/skyrim
🪔️ 看书小说▫️,搜索链接规则为空,可达,206,https://www.2l3.net/##@遇知
🪔️ 看书小说▫️,搜索链接规则为空,可达,206,https://www.2l3.net/
"""bookSourceName"": ""A"",",,域名解析失败,,"""bookSourceUrl"": ""https://zh.erocool.me"","
1909小说网™千年搞事轮,XPath,域名解析失败,,http://1909
2022.11.22 更新,漫画,域名解析失败,,https://yuedu
QQ浏览器,最新起点扑街点击就看,域名解析失败,,qbread
♛Dragon Quest B🆙勿传！会被封‼️,"﹅ ♛ 精品,搜索目录失效",域名解析失败,,DragonQuestB
✏搜笔趣,,域名解析失败,,https://https://www.gonb.org///
卡夜阁阁,搜索失效,域名解析失败,,https:/www.kayege.net
哈嘿嘿书单@游客,书单,域名解析失败,,book list recommended##yk
导航源,已检,域名解析失败,,$BROWSER_SOURCE$
想学习和反馈书源问题的进群：  913058481,,域名解析失败,,913058481
我的书包,已检,域名解析失败,,http://http://www.wodeshubao.org
斋书苑备用™烏雲,👍 优质,域名解析失败,,https://zhaishuyuan
期刊阅读,特殊,域名解析失败,,nourl
皮带小说,,域名解析失败,,http:/m.paoshu8.com
腐小说,,域名解析失败,,https:/www.xpsale.net
谨慎导入，部分发现仅适用于070914及以后版本的阅读，,"搜索链接规则为空,天龙",域名解析失败,,1
顶点小说,,域名解析失败,,http:/m.pb98.com
🌐 爱思英语,🌐外语,域名解析失败,,https?://www.24en.com
🌱数据,"发现失效,搜索失效",域名解析失败,,Data
💠通用书源,,域名解析失败,,https:/
118漫画,失效,异常状态,503,http://m.lxt188.com
118漫画™📱⛅,漫画,异常状态,503,http://m.88bag.net
138xs,天,异常状态,503,http://www.138xs.com
147小说,已检,异常状态,503,http://m.147xs.com
166小说🎃,222最新校验成功,异常状态,503,https://m.shankeruisi.com#🎃
168小说,搜索失效,异常状态,503,http://www.168168168.net
1980xx,1、优;6、特殊,异常状态,503,http://www.1980xx.com
19楼书包网,搜索失效,异常状态,503,http://www.qqaishu.com
19楼书包网,"搜索链接规则为空,天龙",异常状态,521,https://www.aishula.com
19楼书包网②,天域战歌整理,异常状态,503,http://m.aishuzw.com
1gtxt,"【❌❌】搜索失-效,搜索失效",异常状态,503,http://www.1gsw.pw
2K中文,常用,异常状态,503,http://m.2kzhongwen.com/
31小说网,漫画,异常状态,503,http://www.3311xs.com
31小说网,"特殊语法,搜索失效",异常状态,503,http://m.xx31xs.orgj
35小说🎃,,异常状态,503,http://www.swsk.org#🎃
360漫画[手机版],失效,异常状态,503,http://m.xatxwh.com
360漫画（防盗链）,,异常状态,503,http://www.xatxwh.com
36小说网🎃,,异常状态,503,http://www.360xs.cc#🎃
51,搜索链接规则为空,异常状态,503,http://51xs.site#
517漫画,"搜索链接规则为空,兔兔兔",异常状态,503,http://m.517mh.net
51途站,小说,异常状态,503,http://www.51tuz.com
51途站™九天之狼,🏵️  小说,异常状态,503,http://m.51tuz.com
52小说,普通,异常状态,530,https://m.52xiaoshuo.com
536文学,🏵️  小说,异常状态,503,http://m.536wx.com
54爱书网™,"搜索链接规则为空,天龙",异常状态,503,http://www.54ibook.com
58小说网手机版,已检,异常状态,530,http://m.58xs.la
5G看书,天域战歌整理,异常状态,503,http://www.5gkanshu.com
5nd音乐,有声,异常状态,400,http://so.5nd.com
60看书[📱]~60kanshu.com,Arakawa,异常状态,503,http://m.60kanshu.com
630 看书#南笙21.0101,"﹅ 通用书源▪︎玄奇,搜索失效",异常状态,503,http://www.630ksw.com-By Dark#南笙21.0101
630看书,"﹅ 通用书源▪︎玄奇,搜索失效",异常状态,503,http://www.630ksw.com-By Dark#鸡排饭
666,,异常状态,423,https://gitee.com/no-mystery/bushixuanqi-quanwangsoushu/raw/master/%E5%85%A8%E7%BD%91%E6%90%9C%E4%B9%A6(%E7%99%BE%E5%BA%A6%E3%80%81%E8%B0%B7%E6%AD%8C%E3%80%81%E5%A4%B8%E5%85%8B).json
666文学,A级,异常状态,503,http://www.666wx.cc-By Dark
67漫画网™📱⛅💡,,异常状态,503,http://m.67manhua.com
69笔趣阁,,异常状态,503,http://m.69biubiu.com/
73文学网,搜索链接规则为空,异常状态,503,http://www.737wx.com
777漫画网™📱⛅,,异常状态,503,http://m.777mh.com
79文学,⁴☃晨光雨露᭄精品源,异常状态,521,https://www.79wx.com
7猫A,"搜索链接规则为空,7猫免费小说",异常状态,503,http://jingpin-book.qm989.com
88中文,"破冰｜黄凡凡,搜索失效",异常状态,503,http://www.biquze.com/
88读书⑧,默认,异常状态,503,http://www.zzhtc.com
99小说手机网,默认,异常状态,503,http://m.99shumeng.net
A8音乐,有声,异常状态,503,http://so.a8.com
CC小说网,②一般,异常状态,503,http://c-cccc.cc
EZ看书,🏵️  小说,异常状态,503,http://www.ezkanshu.com-axin
NB中文网,已检验,异常状态,503,http://www.nbw.la#🇨🇳Namo
NB中文网,已检验,异常状态,503,http://www.nbw.la#鸡排饭
TS人生🎃,,异常状态,500,http://halfts.com#🎃
TXT书籍,搜索失效,异常状态,503,http://www.txtshuji.com
UU小说吧🎃,,异常状态,503,http://www.uuxsw8.net#🎃
UU小说网🎃,,异常状态,503,http://www.uu234.net#🎃
UZI看书网,"🏅 精选,发现失效,搜索失效",异常状态,503,http://www.uzikanshu.com
ZERO搬运网,微筛选,异常状态,503,http://www.zerobyw.top
Zlibrary,,异常状态,503,https://zh.101ml.co
acgzc,﹅ 通用书源▪︎玄奇,异常状态,503,http://www.acgzc.com-3
bt7086,🍼自制H,异常状态,503,http://k5.99e5be8a.com/pw/
b💯笔趣屋🅰APP💜💜💜🔎 #ag2s bak,"API,zip,🎉 精品,★,★🔎,☀️搜书/换源 A▪精品",异常状态,502,https://api.ywpxg.com/api/v1/#ag2s
md♛-❀5200小说m ♝♝- +,"漫画,﹅ ♛ 精品,﹅ ♝ 优良,搜索失效",异常状态,521,https://m.5200.tv
pkgg,,异常状态,503,http://www.pkgg.net
pkgg言情小说,,异常状态,503,http://m.pkgg.net
wushuwu,测试,异常状态,503,http://www.wushuwu.net
x🔰笔粒文学社#温暖满怀,,异常状态,503,http://www.biliwx.com#温暖满怀
Ⓐ 360小说,搜索失效,异常状态,503,http://www.tushu360.com#未月十八改
Ⓐ 360小说,搜索失效,异常状态,503,http://www.tushu360.com
Ⓐ 七星阁,"﹅ 通用书源▪︎玄奇,搜索失效",异常状态,521,https://www.qixinge.com#未月十八改
Ⓐ 下书网①,搜索失效,异常状态,521,https://www.xiashu99.com#未月十八改
Ⓐ 燃文小说②,𐄛 Ⓐ级,异常状态,503,http://m.ranwen.me#未月十八改
Ⓐ 燃文小说网②,"𐄛 Ⓐ级,﹆7.未月十八10.1",异常状态,503,http://m.ranwen.me#未月十八净化
Ⓐ 笔 趣⑨,"发现规则为空,校验超时",异常状态,521,http://www.bqg.tw#未月十八改
Ⓐ 笔趣阁⑫,,异常状态,503,http://m.1kzw.com#未月十八净化
Ⓐ 笔趣阁⑫,𐄛 Ⓐ级,异常状态,503,http://m.1kzw.com#未月十八改
Ⓐ 趣书屋①,¹▽置顶`ȏ´正版发现,异常状态,503,http://www.wtxsw.com#未月十八改
Ⓑ 换源神器,𐄜 Ⓑ级,异常状态,503,http://api.chnsmoker.com/
Ⓑ 茶桃玩家,,异常状态,503,http://www.chataowanjia.com#关耳
Ⓢ ABC小说,𐄚 Ⓢ级,异常状态,503,http://www.yb3.cc#未月十八edit
Ⓢ 微微免费小说,𐄚 Ⓢ级,异常状态,503,http://api.fankan.wang/
Ⓢ 梦远书城,¹▽置顶`ȏ´正版发现,异常状态,520,https://www.mengyuanshucheng.com#未月十八改
Ⓢ书朋网,𐄚 Ⓢ级,异常状态,530,https://wap.txtle.com#未月十八改
☘️书海小说网☘️,,异常状态,302,http://www.shuhai.com/##响海
☘️全本1☘️,,异常状态,530,https://m.qb5200.co/
☘️全本1☘️,,异常状态,530,https://m.qb5200.co/##响海
☘️八一中文网☘️,,异常状态,521,https://m.81zw.net
☘️可乐小说☘️,,异常状态,503,http://m.klxsw.org##响海
☘️可乐小说☘️,,异常状态,503,http://m.klxsw.org
☘️天天小说网☘️,,异常状态,503,http://m.366xiaoshuo.com
☘️零点看书☘️,,异常状态,444,http://www.7725808.com
♛Y笔趣阁 #♤Namo,2,异常状态,503,http://www.ybiquge.com#♤Namo
♛¹乐兔阅读▪︎API✘  #渊呀,¹▽置顶`ȏ´正版发现,异常状态,503,http://door.tl05.com#♤yuan
♛乐兔阅读▪︎API✘  #渊呀,¹▽置顶`ȏ´正版发现,异常状态,503,http://door.tl05.com#yuan1107
♜ ✎笔趣阁⑮① #破冰,"【❌❌】搜索正文失-效,【】👾笔趣阁,搜索失效",异常状态,503,http://m.szfkx.com/#♤pb
♜ ✎笔趣阁⑯③ #破冰,²♨笔-趣-阁❆,异常状态,444,http://www.i7oo.com/#pb1101
♜ ✎笔趣阁⑯③ #破冰,²♨笔-趣-阁❆,异常状态,444,http://www.i7oo.com/#♤pb
♜-ABC小说③ #破冰1130,"﹅ ♜ 优质,搜索失效",异常状态,503,http://www.mtklw.com.cn/#pb1101
♜-修笔小说 #破冰,"2,搜索失效",异常状态,521,https://www.xiubi.net/#♤pb
♜-藏书阁 #破冰,"2,搜索失效",异常状态,521,http://www.cangshuge.com/#♤pb
♜-藏书阁 #破冰1101,"﹅ ♜ 优质,搜索失效",异常状态,521,http://www.cangshuge.com/#pb1101
♜-读书阁② #破冰,"2,搜索失效",异常状态,521,http://www.dushuge.com/#♤pb
♜-读书阁② #破冰1101,"﹅ ♜ 优质,搜索失效",异常状态,521,http://www.dushuge.com/#pb1101
♜-趣书屋① #破冰,"﹅ ♜ 优质,搜索失效",异常状态,503,http://www.wtxsw.com/#pb1101
♜-趣书屋① #破冰,"2,搜索失效",异常状态,503,http://www.wtxsw.com/#♤pb
♜17k小说网 #破冰,已检验,异常状态,503,https://m.17kxsw.com/#♤pb
♜17k小说网 #破冰,已检验,异常状态,503,https://m.17kxsw.com/
♜360小说网① #破冰1101,"【❌❌】搜索失-效,搜索失效",异常状态,503,http://www.360xs.cc/#pb1101
♜5200小说网③w #破冰,"﹅ ♜ 优质,搜索失效",异常状态,521,https://www.5200.tv/#pb1101
♜88中文网 #破冰1101,"﹅ ♜ 优质,搜索失效",异常状态,503,http://www.biquze.com/#pb1101
♜E书吧 #破冰,"﹅ ♜ 优质,搜索失效",异常状态,503,http://www.eshuba.org/#pb1101
♜TXT书籍 #破冰1101,"﹅ ♜ 优质,搜索失效",异常状态,503,http://www.txtshuji.com/#pb1101
♜下书网①,"﹅ ♜ 优质,搜索失效",异常状态,521,https://www.xiashu99.com/#pb1101
♜九尾小说网 #破冰,"2,搜索失效",异常状态,503,http://www.9vxs.com/#♤pb
♜九尾小说网 #破冰1101,"可用,搜索失效",异常状态,503,http://www.9vxs.com/#pb1101
♜八二文学网 #破冰,¹▽置顶`ȏ´正版发现,异常状态,503,http://www.82wxw.com/#♤pb
♜八二文学网 #破冰1101,¹▽置顶`ȏ´正版发现,异常状态,503,http://www.82wxw.com/#pb1101
♜咸鱼文学网 #破冰,¹▽置顶`ȏ´正版发现,异常状态,503,http://www.xywxw.com/#♤pb
♜咸鱼文学网 #破冰1101,已检验,异常状态,503,http://www.xywxw.com/#pb1101
♜苦瓜文学网,已检验,异常状态,503,http://www.kgwxw.com/#pb1101
♜苦瓜文学网,已检验,异常状态,503,http://www.kgwxw.com/#♤pb
♜蜂蜜文学网,已检验,异常状态,503,http://www.fmwxw.com/#♤pb
♜蜂蜜文学网,已检验,异常状态,503,http://www.fmwxw.com/#pb1101
♜血红小说,¹▽置顶`ȏ´正版发现,异常状态,503,http://www.xuehong.co/#♤pb
♜血红小说 详情,已检验,异常状态,503,http://www.xuehong.co/#pb1101
♜请看书② #破冰,"﹅ ♜ 优质,搜索失效",异常状态,521,http://www.qingkanshu.com/#pb1101
♜请看书② #破冰,"2,搜索失效",异常状态,521,http://www.qingkanshu.com/#♤pb
♜长江文学网 #破冰,¹▽置顶`ȏ´正版发现,异常状态,503,http://www.cjwxw.com/#♤pb
♜长江文学网 #破冰1101,¹▽置顶`ȏ´正版发现,异常状态,503,http://www.cjwxw.com/#pb1101
♜飞速中文网②,"﹅ ♜ 优质,搜索失效",异常状态,502,http://www.fsleike.com/#pb1101
♜鲲鹏文学网 #破冰,已检验,异常状态,503,http://www.kpwxw.com/#♤pb
♜鲲鹏文学网 #破冰1101,已检验,异常状态,503,http://www.kpwxw.com/#pb1101
♠ 八戒中文,破冰,异常状态,503,http://www.biquyi.com/
♠ 笔趣阁⑯,破冰,异常状态,521,https://www.tmwx.net/
♠ 笔趣阁㉒,🏆精品,异常状态,503,http://www.biqufu.com/
♠ 请看书,"♠ 精品 ♠,🎉 精选 🎉",异常状态,521,https://www.qingkanshu.cc/
✈ 笔趣阁 bbsgx,"【❌❌】搜索失-效,【】👾笔趣阁,搜索失效",异常状态,503,http://m.bbsgx.com
✎ 笔趣阁32,"1,5.24,搜索失效",异常状态,503,http://www.51biquge.com
✐   abc  小 说,☃ 自用,异常状态,503,http://www.yb3.cc
✐   七茶书网,☃ 自用,异常状态,503,http://m.7chajiu.com/
✐   汉  夫  子,☃ 自用,异常状态,503,http://m.kandashuw.com/
✐  三海屋,☃ 自用,异常状态,503,http://www.sanhaiwu.com
✾+布咕阅读,"﹅ ✾ 言耽,搜索失效",异常状态,503,http://www.bgwxc.com#kd11
✾.Ⓐ 360小说网 #未月十八1001,"﹅ ✾ 言耽,搜索失效",异常状态,503,http://www.tushu360.com/#wy18-1001
✾.Ⓐ 沧元图 #未月十八1001,"﹅ ✾ 言耽,﹅ ♜ 优质,搜索失效",异常状态,521,https://www.qixinge.com#wy18-1001
✾.Ⓐ 燃文小说网② #未月十八1001,"﹅ ✾ 言耽,搜索失效",异常状态,503,http://m.ranwen.me#未月十八净化#wy18-1001
✾.Ⓐ 趣书屋 #未月十八1001,"﹅ ✾ 言耽,﹅ ♜ 优质,搜索失效",异常状态,503,http://www.wtxsw.com/#wy18-1001
❄️ 四库书#onede,"❄️ 冷门,🌈onede,★",异常状态,503,http://www.sksxsw.com#onede
㊝ 乐兔阅读APP ♛♛,⁴☃晨光雨露᭄精品源,异常状态,503,http://door.tl05.com#渊呀81
㊝ 笔趣屋API ♛♛♛♚,,异常状态,502,https://api.ywpxg.com#ag2sm
一起看,,异常状态,503,http://www.17kxs.club
七四小说网🎃,,异常状态,503,http://wap.xs74w.com#🎃
七星小说网,搜索链接规则为空,异常状态,503,http://m.qixingbook.com
七真书院🎃,,异常状态,503,http://www.7zzw.com#🎃
万卷书,C级,异常状态,521,http://www.wjshu.com
万文阁™叶子,搜索失效,异常状态,503,http://www.wanwenge.com
三优,,异常状态,503,http://www.333uu.net/
三四中文,失效,异常状态,503,http://m.34zw.cc
三易文学,"﹅ 通用书源▪︎玄奇,搜索失效",异常状态,503,http://www.31wxw8.com
下书吧,s,异常状态,503,http://www.xiashuba.com
下书网②,默认,异常状态,503,http://wap.xiashuwu.com
中文书城,,异常状态,502,https://m.wolaidu.cc/
久久下载,,异常状态,503,http://m.net.com
久久小说🚩,⊙∀⊙！,异常状态,503,http://www.jjtxt.co#🎃
乐文小说③,⁹ಥ刘备入川〽️,异常状态,503,http://m.lewenwx.net
乐文小说⑩,¹▽置顶`ȏ´正版发现,异常状态,503,http://m.lewenxs.cc
乐看阅读#南笙21.0101,"﹅ 通用书源▪︎玄奇,搜索失效",异常状态,503,http://api.ibookstar.com:80#南笙21.0101
乡村小说网,搜索链接规则为空,异常状态,503,http://www.msxs.me
书库网🎃,222最新校验成功,异常状态,521,http://m.shuku123.com#🎃
书连中文,网文,异常状态,503,http://m.shulianzw.com
书迷阁,1、优,异常状态,503,http://www.shuxie8.com
二九漫画™⛅,漫画,异常状态,503,http://www.29manhua.com
云来阁小说,3、精品,异常状态,503,http://www.yunlaige.com-By Dark
五块五,,异常状态,503,http://m.5k5m.com
亲亲小说🎃,,异常状态,444,https://www.qinqinxiaoshuo.cc#🎃
傅书网,1、优,异常状态,503,http://www.f8848.com
傲宇阁,"优,修复",异常状态,503,http://www.aoyuge.com
元尊小说网,☃晨光雨露🍒精品源💯,异常状态,503,http://www.yuanzun888.com-By Dark
免费小说网,,异常状态,503,http://www.12z.cn
免费读书,优,异常状态,503,http://freeapk.ggbook.cn
免费追更,六月:只能看最新章节; 失效,异常状态,503,http://dahuotu.bdery.com/api
全本小说,,异常状态,503,http://www.quanben5.com
全本小说网,Namo,异常状态,503,http://www.quanbenwang.net
八一中文,微筛选,异常状态,521,https://m.81zw.net/s.php
八一🎃,,异常状态,503,http://www.zwduxs.com tr!0#🎃
八二文学网,已检验,异常状态,503,http://www.82wxw.com/
八仙小说,已检,异常状态,503,http://m.baxianxs.com
六漫画📱,,异常状态,503,http://m.hbdsfj.com
动漫岛,"📺 影视聚合,搜索失效",异常状态,503,http://www.dmd9.cn
千千,🏵️  小说,异常状态,503,http://m.newqqxs.com
千漫谷,"搜索链接规则为空,兔兔兔",异常状态,523,https://www.wuforcongress.com
博仕书屋,A级,异常状态,503,www.boshisw.com
卡夜阁,同人,异常状态,444,https://www.kayege.org
吉林小说网①,³۝天域整理,异常状态,503,http://m.jilinaaa.com
听书阁,失效; 有声; 发现,异常状态,521,http://www.tingshuge.com
启迪小说,默认,异常状态,503,http://m.qiditoys.com
咕咕漫画™💰,,异常状态,503,http://api-app.maimengjun.com:80
咸鱼文学网,已检验,异常状态,503,http://www.xywxw.com/
唔缺小说🎃,,异常状态,503,http://www.quexs.com#🎃
喜马拉雅,,异常状态,503,http://search.ximalaya.commd-guaner
喜马拉雅,,异常状态,503,http://search.ximalaya.compb
四五中文,"破冰｜黄凡凡,搜索失效",异常状态,503,http://www.45zw.com/
图书世界🎃,,异常状态,503,http://0cungs6uh7.22o5y90q5g.205639.xyz#🎃
圣美文,已检,异常状态,503,http://m.blnovel.com
多本小说,⁵♡ོ晨光雨露✺普通源,异常状态,521,https://www.duoben.net
夜天连看🎃#2,轩1,异常状态,503,http://www.yetianlian.com#🎃
夜色™🔥,普通; 失效,异常状态,503,http://www.aaa14a.pw/article
大书包小说网,,异常状态,503,http://m.dashubao.la
大爱小说,天域战歌整理,异常状态,503,http://www.daai99.com
天下书库,默认,异常状态,503,http://www.txshuku.com
天天小说,搜索链接规则为空,异常状态,503,http://www.whyxs.com
天翼阅读,🏵️  小说,异常状态,503,http://wap.tyread.com/pindao/shucheng/index.html?is_ctwap=0&fromModule=J-index-nav-shucheng&type=6
天翼阅读💯,🏵️  小说,异常状态,503,http://wap.tyread.com
天赋🌸,🌸 常用,异常状态,503,http://www.tfuu.com
太子中文,83d,异常状态,503,http://www.taizizw.com
太子小说,83d,异常状态,503,http://www.taizixsw.com
太子文学,83d,异常状态,503,http://www.taiziwx.com
奇书,搜索失效,异常状态,503,http://wap.xqishuta.com
奇书网2,🏵️  小说,异常状态,503,http://m.qishu2.com/
奇书网🎃,,异常状态,503,http://www.xqishuta.net#🎃
好客中文,83d,异常状态,503,http://www.haokezw.com
好客小说,83d,异常状态,503,http://www.haokexs.com
好客文学,83d,异常状态,503,http://www.haokewx.com
好漫画™⛅,失效,异常状态,503,http://www.haomh.com
好看小说,❤小说,异常状态,503,http://www.fengliumishi.com
妙读屋,,异常状态,503,http://m.mduwu.com
安之原创基地💯,【🈵♥🈵💯】231123千组1,异常状态,503,http://www.azycjd.com-1
安之原创基地💯,【🈵♥🈵💯】231123千组1,异常状态,503,http://www.azycjd.com-4
安之原创基地💯,【🈵♥🈵💯】231123千组1,异常状态,503,http://www.azycjd.com-9
小书亭,S,异常状态,503,http://www.xiaoshuting.la
小说下载站,,异常状态,503,https://down.imwcr.com/1/main
小说书城,¹▽置顶`ȏ´正版发现,异常状态,503,http://www.gc21.cn
小说大全,《荣耀典藏》,异常状态,503,http://ebook.kinglion168.com:80
小说屋,【❌❌】网站失-效,异常状态,503,http://m.xiaoshuowu.com
小说族,👍 优质,异常状态,503,http://www.xiaoshuozu.com-By Dark
小说视角,83d,异常状态,503,http://www.qxsdh.com
就爱文学,,异常状态,503,http://m.xs.info
山很文学🎃,,异常状态,503,http://www.shaihengce.com#🎃
布咕阅读🎃,轩1,异常状态,503,http://www.bgwxc.com##🎃
幻想漫画™📶,<移动能; 联通不能; 电信自测>; 失效,异常状态,503,http://xqmanhua.com
幻月书院,🏵️  小说,异常状态,503,http://www.huanyue123.com-By Dark
当 书 网🗄,🚀VPN,异常状态,530,https://www.downbook.cc/#guaner2211
当书网 downbook.cc,未测试,异常状态,530,https://www.downbook.cc
得间小说[qa455355],5、名著,异常状态,503,http://m2.ireader.com
御书网,➕💓狸猫自写,异常状态,503,http://m.yushuge.me/
必去楼,,异常状态,503,http://www.bequ.org
快眼看书🎃,,异常状态,503,http://www.botaodz.com#🎃
快读小说,,异常状态,503,http://www.akdbsm.cn/
思思电子书,,异常状态,503,http://www.44txt.com
恋上你看书网,"搜索链接规则为空,天龙",异常状态,503,http://www.630book.cc-By Dark
悦读FM,🎧 有声,异常状态,503,http://yuedu.fm
懒宝小说网,"【❌❌】网站失-效,搜索失效",异常状态,502,https://www.lanbaoo.com
我要小小网™📱💡,"漫画,搜索失效",异常状态,503,http://m.51xxyy.com
搜书吧🎃,,异常状态,521,http://www.soshu8.com#🎃
搜书小说,,异常状态,503,http://www.soshu.com
新书在线,🏵️  小说,异常状态,503,http://www.xinshuxs.com-By Dark
新笔趣阁🎃,,异常状态,525,https://www.qidianxin.com#🎃
无名,,异常状态,503,http://www.wmzhanqun.com
无图小说网,搜索失效,异常状态,503,http://www.wutuxs.com-ByDark
无弹窗,"校验源,搜索失效",异常状态,503,http://www.dadaxs.net/
无弹窗小说网,已检验,异常状态,530,http://m.22ff.vip
有兔·出版💯,微筛选,异常状态,503,http://app.youzibank.com/chuban
有兔·男生💯,微筛选,异常状态,503,http://app.youzibank.com/nansheng
有兔阅读,"✔️,搜索失效",异常状态,503,http://app.youzibank.com/
朱阁小说,疯狂的蜗牛,异常状态,503,http://www.zgyouyi.com
杰众文学,已检,异常状态,503,http://www.jiezhong.org
柒六八文学网🎃,,异常状态,526,https://www.778668.com#🎃
格格党,,异常状态,503,http://www.g5txt.com
梦远书城,已检验,异常状态,520,https://www.mengyuanshucheng.com#未月十八净化
梦远书城,B类,异常状态,503,http://my2852.com
梦远书城1,网文,异常状态,503,http://www.809803.com
梧州中文台~m.wzzw.la,"禁用,优+,搜索失效",异常状态,503,http://m.wzzw.la
棉花小说（发现）,小说 书源,异常状态,456,http://www.heyhuo.com
橙子书,,异常状态,503,http://www.czshu.com
止伐小说网,默认,异常状态,503,http://m.411zhifa.com
求书帮,"🍀,搜索失效",异常状态,503,http://m.qiushubang.me/
泡书吧②,②一般,异常状态,503,http://wap.paoshuba.cc
泰山小说,83d,异常状态,503,http://www.taishanxs.com
海岸线文学网,,异常状态,503,http://www.44hax.com
海虹小说网,"自制,发现,源仓库,网页源",异常状态,503,http://s.haihongxsw.com
漫步小说网™,普通,异常状态,503,http://www.mbuxs.com
漫画,,异常状态,503,http://m.mh.net
漫画(NO)™🅰,漫画,异常状态,503,http://api.cookacg.com
漫画1234ymh1234.com,漫画,异常状态,530,https://www.ymh1234.com
漫阅媒💡,💡【提示】,异常状态,503,http://comicberry.ga
火山小说🎃,222最新校验成功,异常状态,503,http://www.hsxs.cc#🎃
烟幕小说,至,异常状态,503,http://www.yanmuer.com/
燃烧中文,,异常状态,503,http://www.ranshaozw.com
爱书高,"2,搜索失效",异常状态,444,https://www.ixiaos.net
爱奇艺文学💯,"【❌❌】搜索正文失-效,搜索失效",异常状态,503,http://wenxue.iqiyi.com-a
爱奇艺文学💯,"【❌❌】搜索正文失-效,搜索失效",异常状态,503,http://wenxue.iqiyi.com-9
爱奇艺文学💯,"【❌❌】搜索正文失-效,搜索失效",异常状态,503,http://wenxue.iqiyi.com-8
爱奇艺文学💯,"【❌❌】搜索正文失-效,搜索失效",异常状态,503,http://wenxue.iqiyi.com-7
爱奇艺文学💯,"【❌❌】搜索正文失-效,搜索失效",异常状态,503,http://wenxue.iqiyi.com-6
爱奇艺文学💯,"【❌❌】搜索正文失-效,搜索失效",异常状态,503,http://wenxue.iqiyi.com-4
爱奇艺文学💯,"【❌❌】搜索正文失-效,搜索失效",异常状态,503,http://wenxue.iqiyi.com-3
爱奇艺文学💯,"【❌❌】搜索正文失-效,搜索失效",异常状态,503,http://wenxue.iqiyi.com-2
爱奇艺文学💯,"【❌❌】搜索正文失-效,搜索失效",异常状态,503,http://wenxue.iqiyi.com-1
爱看书,搜索链接规则为空,异常状态,502,https://www.aaaks.com
爱阅书香,搜索失效,异常状态,503,http://www.aiyueshuxiang.com/
爱阅小说#南笙21.0101,微筛选,异常状态,503,http://m.hybooks.cn#南笙21.0101
牛牛小说,"小说,失效",异常状态,503,http://xs.niuniuxs.com/
牛牛小说网™,漫画,异常状态,503,http://www.66rou.net
猴子小说网,,异常状态,521,https://www.hzxsw.com
玉石书楼🎃,,异常状态,503,http://m3.xy776.cn/app/index.php?i=897&c=entry&do=my_shouji&op=shouye&m=iweite_xiaoshuo&wxref=mp.weixin.qq.com#🎃
畅阅吧,🏵️  小说,异常状态,503,http://www.changyueba.la
番茄免密钥版本大灰狼,第一批,异常状态,503,http://api.doubi.tk
番茄小说,"外置,番茄小说",异常状态,503,http://m.fqxs.la
番茄影院,,异常状态,503,http://gotv258.com
百漫谷,"搜索链接规则为空,兔兔兔",异常状态,521,https://darpou.com
看书阁,🌿精选源,异常状态,503,http://www.seeshu.net
看书阁,🏵️  小说,异常状态,521,http://m.kenshuge.org
看书阁,已检,异常状态,503,http://www.kanshuge.co
看书阁,已检,异常状态,503,http://www.kanshuge.co-By Dark
看神书,83d,异常状态,503,http://www.kanshenshu.com
知乎短篇（发现）,小说 书源,异常状态,500,http://read.9191net.com
知轩藏书,🌼晨光雨露🍒精品源💯,异常状态,503,http://www.lyxsg.com/
知轩藏书,"💭💭💭💭💭💭,搜索失效",异常状态,503,http://zxcs.me
知轩藏书,"💭💭💭💭💭💭,搜索失效",异常状态,503,http://zxcs.me#md1
知轩藏书_new.zxcs.info,👍 备用,异常状态,503,http://new.zxcs.info
知轩藏书🎃,小说,异常状态,503,http://new.zxcs.info#🎃
神坛小说,83d,异常状态,503,http://www.shentanxs.com
神文网,83d,异常状态,503,http://www.shenwenw.com
神的中文,83d,异常状态,503,http://www.shendezw.com
神马小说网,5、名著,异常状态,503,http://www.shenmaxs.com-By Dark
福书网,A级; 18,异常状态,503,www.zhuziyishu.com
秀书网,,异常状态,503,http://www.xiushuwang.cc
移动阅读 cm,,异常状态,503,http://m.ndlib.cn-.
移动阅读同草莓,名著出版,异常状态,503,http://m.ndlib.cn-2.0
笔书阁🎃,,异常状态,503,http://www.969193.com#🎃
笔搜阁m,🏵️  小说,异常状态,503,http://m.bisoge.com
笔粒文学社,⁵♡ོ晨光雨露✺普通源,异常状态,503,http://www.biliwx.com
笔趣楼,,异常状态,521,https://www.biqulou.com
笔趣趣②,³۝天域整理,异常状态,503,http://m.biququ.info
笔趣轩,A级,异常状态,503,http://www.biqux.com
笔趣轩biquxan.com,,异常状态,503,http://www.biquxan.com
笔趣阁,,异常状态,503,http://www.b.net
笔趣阁,已检,异常状态,521,https://www.sbiquge.com
笔趣阁.biquger,"优质源👍,💒 笔趣",异常状态,503,http://www.biquger.me
笔趣阁qgxs[仅发现],,异常状态,503,http://www.qgxs.cc
笔趣阁③,,异常状态,521,https://www.biquguo.net
笔趣阁④,已检,异常状态,503,http://www.biquge11.com
笔趣阁⑨⑥,"笔趣,搜索失效",异常状态,444,http://m.jibqg.com
笔趣阁完结,83d,异常状态,503,http://www.biqugewj.com
笔趣阁🎃#33,,异常状态,503,http://www.bbiquge.com#🎃
笔趣阁🎃#67,,异常状态,503,http://88yuedu.com#🎃
第一版主,"js失效,🔱 绅士淑女 🔱,第一版主",异常状态,503,http://m.xbanzhu.net
第一版主,搜索链接规则为空,异常状态,503,http://m.diyibanzhu.tw
第一版主diyibanzhu9.xyz,失效; 18,异常状态,503,http://www.diyibanzhu9.xyz
第一版主san,发现; A级; 18,异常状态,503,http://www.diyibanzhu3.pro
第一版主🎃#2,,异常状态,503,http://www.fengyuan8.com#🎃
第一阅读网,namofree,异常状态,521,http://www.01sk.com
第八区小说🎃,⑤🛍︎  小说,异常状态,503,http://www.hotrydersffmc.com#🎃
筆趣閣,,异常状态,503,http://m.xibige.com
紫苏中文网™🔥,失效,异常状态,503,http://www.zisu88.cc
纵横·男频💯,已检,异常状态,500,http://www.zongheng.com/nanpin
纵横手机版,精选书源,异常状态,500,http://m.zongheng.com
经典文学,🏵️  小说,异常状态,503,http://app.bailianyu.com
绝对领域-P,"发现目录失效,﹅ 通用书源▪︎玄奇,搜索目录失效",异常状态,503,http://www.jdlingyu.com
翠微居②,⁹ಥ刘备入川〽️,异常状态,503,http://m.xincuiweiju.cc
老文屋小说网,"搜索,搜索失效",异常状态,503,http://m.laowenwu.com/
聊天修真,1、优;6、特殊,异常状态,503,http://xs.lwrre.cn
胖次漫画🇰🇷,,异常状态,503,http://www.gssy.cc
腐国度网,,异常状态,503,http://m.fuguodu3.com
腐漫画™,,异常状态,503,http://www.fummhua.com
腐读阁,神段【大乘级】（小说源）,异常状态,503,http://www.xfuduge.com
腐读阁,漫画,异常状态,503,http://www.xfuduge.com*
自由看书,83d,异常状态,503,http://www.ziyouks.com
舍得文学,83d,异常状态,503,http://www.shedewx.com
色图🌇,🌇柳树,异常状态,503,http://slspaq8t23.www.seshusetu.cfd/index.php
花呗小说📱,👏🏻 特殊,异常状态,503,http://m.lianxinw.com
花园,,异常状态,503,http://park521.com
落秋中文网,³۝天域整理,异常状态,503,http://m.luoqiu888.com
蚂蚁阅读1,网文,异常状态,503,http://m.mayitxt.com
蛋文库,已检,异常状态,503,http://wap.danwenku.com
衍墨轩,🌼晨光雨露🍒精品源💯,异常状态,503,http://www.ymoxuan.org-By Dark
衍墨轩③,【❌❌】网站失-效,异常状态,503,http://www.ymoxuan.com-1
衍墨轩③,【❌❌】网站失-效,异常状态,503,http://www.ymoxuan.com-8
补充716,CM普通,异常状态,503,http://apizhuishushenqi.com
西瓜中文,83d,异常状态,503,http://www.xiguazw.com
西红柿小说,,异常状态,503,http://m.fqxs.org-By Dark
西红柿小说网[sdjngd],"搜索,搜索失效",异常状态,503,http://www.sdjngd.com/
言情小说#南笙21.0101,"﹅ ✾ 言耽,搜索正文失效",异常状态,503,http://m.yqxxs.net#南笙21.0101
读一读 du1du,搜索失效,异常状态,503,http://www.du1du.cc-By Dark
读一起,,异常状态,503,http://www.duyiqi.com
读书阁,"常用,精选,API",异常状态,503,http://www.jrptweb.org
读文族,"🥀无发现,搜索失效",异常状态,503,http://www.duwenzu.com
谷歌网,【🈵♥🈵💯】231123千组1,异常状态,503,http://m.gugexs.com-3
谷歌网,【🈵♥🈵💯】231123千组1,异常状态,503,http://m.gugexs.com-4
谷歌网,【🈵♥🈵💯】231123千组1,异常状态,503,http://m.gugexs.com-9
谷歌网,【🈵♥🈵💯】231123千组1,异常状态,503,http://m.gugexs.com-a
豆腐阅读🎃,轩1,异常状态,503,http://api.doufu.me#🎃
趣读书,,异常状态,503,http://book.qudu99.com
趣闻小说,,异常状态,503,http://www.quwenxs.com/
踏星小说,new,异常状态,503,http://wap.kmzyxx.com/
辣文小说,83d,异常状态,503,http://m.lawen44.net
连环画小人书,,异常状态,503,http://www.lianhuanhuawang.com.
追书啦🎃,小说,异常状态,521,https://b.zhuishua.cc#🎃
逗别看,"📺 影视聚合,搜索失效",异常状态,503,http://www.doubiekan.tv/
逗逼联盟,zky自制,异常状态,503,http://novel.luckymorning.cn
造化图,,异常状态,521,https://m.zaohuatu.com/
造化图小说网,,异常状态,521,http://m.zaohuatu.com/##十一
造化图小说网,,异常状态,521,http://m.zaohuatu.com/
造化图小说网🎃,小说,异常状态,521,https://z.zaohuatu.org#🎃
邪恶漫画,漫画,异常状态,503,http://www.52kkm.me
都市言情,"【❌❌】搜索正文失-效,搜索失效",异常状态,503,http://www.hzzjtz.com
都来小说,83d,异常状态,503,http://www.doulaixs.com
都来看书,83d,异常状态,503,http://www.doulaiks.com
酷比库小说🎃,,异常状态,444,http://www.kbkxs.net#🎃
钢笔文学🎃,小说,异常状态,503,http://m.jiugangbi.com#🎃
阅读屋,已检,异常状态,503,http://www.yueduwu.com
随梦,,异常状态,503,http://www.suimeng.in
随梦小说网①,小说,异常状态,503,http://www.751wx.com
零八书屋手机站,,异常状态,503,http://m.kshu08.com
零点看书[soruncg],,异常状态,503,http://www.xsyz.cc/xiaoshuo//
青兰文学💝,,异常状态,503,http://gl.mozhua.net_
顶点小说,搜索失效,异常状态,503,http://www.23wxw.com
顶点小说④,天域战歌整理,异常状态,503,http://www.kjyxy.com
顶点小说⑤,②一般,异常状态,503,http://www.x23shu.com
顶点小说🎃,222最新校验成功,异常状态,503,http://www.idingdian.com#🎃
顶级小说,⁴☃晨光雨露᭄精品源,异常状态,503,http://dengpao012.top/wap
风云小说网,现实debug,异常状态,503,http://mip.fyxsw.cc/
飘天文学②,天域战歌整理,异常状态,503,http://www.piaotianz.com
飞言情,自制,异常状态,503,http://www.fyq99.net
香网,"【🈵♥🈵💯】231123千组1,搜索失效",异常状态,503,http://www.xiang5.com-2
香网,"【🈵♥🈵💯】231123千组1,搜索失效",异常状态,503,http://www.xiang5.com-7
香网,"【🈵♥🈵💯】231123千组1,搜索失效",异常状态,503,http://www.xiang5.com-9
香网,"【❌❌】搜索正文失-效,搜索失效",异常状态,503,http://www.xiang5.com-4
香网,"【❌❌】搜索正文失-效,搜索失效",异常状态,503,http://www.xiang5.com-3
香网,"【❌❌】搜索正文失-效,搜索失效",异常状态,503,http://www.xiang5.com-1
香网,【小说2书源】,异常状态,503,http://www.xiang5.com-a
骚秘书,天域战歌,异常状态,503,http://saoms.me
鬼怪吧[仅发现],🏵️  小说,异常状态,503,http://www.guiguaiba.com
鲤鱼乡②,③🔰普通,异常状态,503,http://www.01lyx.com
麦萌🅰,"搜索链接规则为空,天龙",异常状态,503,http://api-app.maimengjun.com
龙腾小说网,网文,异常状态,503,http://www.ltxs.me
龙腾小说网,"搜索链接规则为空,天龙",异常状态,503,http://www.longtengba.com
️ 爱小说啦,,异常状态,503,http://www.kk.la
🌐 isekaiscan™,🌐外语,异常状态,503,http://isekaiscan.com
🌠 七夕漫画,🌠 漫画,异常状态,503,http://qiximh3.com
🌸 书农小说,🌸常用,异常状态,503,http://m.qxswk.com
🌸 啃书屋,,异常状态,503,http://www.kenshuwu.com
🌸 知语书吧,🌸常用,异常状态,503,http://www.zhiyu188.com
🌸 笔趣听书,🌸常用,异常状态,503,http://www.biquts.com
🌸 米阅,🏵️  小说,异常状态,503,http://www.miyuesf.com
🌸 言情书坊,🌸常用,异常状态,503,http://m.520yanqingwang.com
🌸 采墨阁,已检验,异常状态,503,http://www.kushu.co
🌸久久小说,②🌸  常用,异常状态,503,http://www.jjtxt.co
🍁YW,☀晨光雨露🍒精俢源💯,异常状态,502,https://api.ywpxg.com/api/v1/
🍁笔趣阁⑧①,²♨笔-趣-阁❆,异常状态,503,http://www.biqugexsw.info/
🍁笔趣阁⑯③,²♨笔-趣-阁❆,异常状态,444,http://www.i7oo.com/
🍁笔趣阁⑰⑥,🍁 笔趣 🍁,异常状态,503,http://www.shiyuemami.org/
🍁笔趣阁⑰⑦,🍁 笔趣 🍁,异常状态,503,http://www.27biquge.com/
🍁笔趣阁⑱⑥,🍁 笔趣 🍁,异常状态,503,http://www.lyyww.com/
🍁笔趣阁⑱⑨,²♨笔-趣-阁❆,异常状态,503,http://www.biquge868.com/
🍊17k小说网 #破冰,🍊山有木兮木有枝🍊,异常状态,503,https://www.17kxsw.com/#♤pb
🍊17k小说网 #破冰1101,🍊山有木兮木有枝🍊,异常状态,503,https://www.17kxsw.com/#pb1101
🍊闪文书库,🍊山有木兮木有枝🍊,异常状态,521,http://www.2dwx.com
🍍菠萝漫画,漫画,异常状态,503,http://m.boluodm.com
🍑 下书套管,³۝天域整理,异常状态,503,http://wap.xiashucom
🍑 六六书库,,异常状态,503,http://m.666shuku.com
🍑 鯉魚鄉,神段【大乘级】（小说源）,异常状态,503,http://www.awubook.com
🍒 玖陆文学,🍒言情,异常状态,503,http://m.9669.com
🍒 言情中文网,🍒言情,异常状态,503,http://m.kun99.com
🍞阅读屋网,⁵♡ོ晨光雨露✺普通源,异常状态,503,http://m.yueduwu.com
🍩 读书族,"﹅ 通用书源▪︎玄奇,搜索失效",异常状态,503,http://www.zwwxs.com/
🍺 1vip,🍺特优,异常状态,503,http://m.1vip.org
🍺 630看书,🍺特优,异常状态,503,http://www.630ksw.com-By Dark
🍺 88读书网,🍺特优,异常状态,503,http://m.88dutxt.com
🍺 九尾小说网,³۝天域整理,异常状态,503,http://www.9vxs.com
🍺 六度小说,🍺特优,异常状态,503,http://www.6dxsw.com
🍺 奇书网uidzhx,"🎉 精选 🎉,🏵️  小说",异常状态,503,http://m.uidzhx.com
🍺 尺度文学,🌼晨光雨露🍒精品源💯,异常状态,503,http://m.chidwx.com
🍺 思路客ⓑⓘⓩ,🍺特优,异常状态,503,http://www.siluke.biz#up ul li!0
🍺 斋书苑,🍺特优,异常状态,503,http://zaishuyuan.com
🍺 新笔下文学,🍺特优,异常状态,503,http://www.xbxwx.net
🍺 无弹窗530p,³۝天域整理,异常状态,503,http://www.530p.com-By Dark
🍺 最新小说,🎉 精选 🎉,异常状态,503,http://m.zuixiaoshuo.net
🍺 爱阅,防盗,异常状态,503,http://www.hybooks.cn#bookbox
🍺 猫扑小说网,🍺特优,异常状态,503,http://www.mpxiaoshuo.com
🍺 看书屋,🌿精选源,异常状态,503,http://m.kanshu55.com
🍺 神坛文学,🍺特优,异常状态,503,http://www.shentanwx.com
🍺 镇魂小说网,🍺特优,异常状态,503,http://www.xsdha.com
🍺 阅读星②,🍺特优,异常状态,503,http://api.ibookstar.com:80
🍺 顶点小说㉞,,异常状态,503,http://m.xintaihengqi.com
🎃52书库🎃,,异常状态,500,https://www.52shukuw.cc#🎃
🎃亲亲小说🎃,,异常状态,444,https://www.qinqinxs.com#🎃
🎃名书屋,,异常状态,503,http://www.mingshuwu.com
🎃歪歪书库🎃,,异常状态,521,http://www.yysk.net#🎃
🎃猴子小说网🎃,,异常状态,521,https://www.hzxsw.com#🎃
🎃纵横中文网🎃,,异常状态,500,https://m.zongheng.com#🎃
🎃纵横中文网🎃#2,,异常状态,500,http://www.zongheng.com#🎃
🎃网飞猫🎃,,异常状态,850,https://www.ncat1.app#🎃
🎃风险小说🎃,,异常状态,503,http://www.txt86w.com#🎃
🎃鬼吹灯🎃#7,,异常状态,503,http://m.cxbz.org#🎃
🎈 随想轻小说,🔖 轻小说,异常状态,503,http://book.suixw.com
🎈傅书网,🎈  普通,异常状态,503,http://www.fushu6.com
🎉 14k小说网,🎉精品,异常状态,503,http://14k.ooo
🎉 188小说,🎉 精选 🎉,异常状态,503,http://188txt.cn
🎉 3g书城备用™落寞,🎉精品,异常状态,502,https://book.3g.cn
🎉 4G小说网,"🎉 优质,搜索失效",异常状态,503,http://www.4gxsw.com
🎉 4G小说网,优质源👍,异常状态,503,http://m.4gxsw.com
🎉 4G小说网#onede,🍌阴阳精修,异常状态,503,http://www.4gxsw.com#onede
🎉 69中文②,🎉 精选 🎉,异常状态,503,http://m.shu69.com
🎉 97阅读,🎉精品,异常状态,400,https://97parse.com
🎉 中网文学,"🎉精品,搜索失效",异常状态,503,http://www.yq51.com
🎉 中网文学,,异常状态,503,http://www.zwwx.com
🎉 乐文小说②,👍 优质,异常状态,503,http://www.22lewen.com
🎉 乐看阅读,🎉 优质,异常状态,503,http://api.ibookstar.com
🎉 书农,🎉精品,异常状态,503,http://www.qxswk.com#listbox li
🎉 书农,🎉精品,异常状态,503,http://www.qxswk.com
🎉 全本小说,🎉精品,异常状态,530,http://m.8q83.com
🎉 全本小说④,🎉 精选 🎉,异常状态,503,http://www.ybdu.co
🎉 八戒中文网,🎉精品,异常状态,503,http://www.8jzw.cc-By Dark
🎉 君子堂,🎉精品,异常状态,503,http://www.junztang.net/
🎉 启点,🎉 精选 🎉,异常状态,521,http://www.qdzw.net#flex li
🎉 启点,🎉精品,异常状态,521,http://www.qdzw.net
🎉 小说大全③,🎉 优质,异常状态,503,http://ebook.kinglion168.com
🎉 布壳阅读,🎉精品,异常状态,503,http://client.ywread.com
🎉 悠悠书盟,🎉精品,异常状态,503,http://wap.u33.me
🎉 搜书文学网™,🎉精品,异常状态,503,http://www.soshu.vip:888
🎉 斗罗大陆网,🎉 优质,异常状态,503,http://www.553wx.com
🎉 斗罗大陆网#onede,"🌈onede,★,☀️搜书/换源 B▪优质,👍 优质",异常状态,503,http://www.553wx.com#onede
🎉 桌面小说,🎉 精选 🎉,异常状态,301,https://www.deskuu.com
🎉 梦远书城,需要登录,异常状态,520,https://www.mengyuanshucheng.com#pt-rank-detail
🎉 梧州中文台 wzzw,🎉精品,异常状态,503,http://www.wzzw.la/
🎉 梧州中文台 wzzw,🎉 精选 🎉,异常状态,503,http://www.wzzw.la-By Dark
🎉 欻书网,👍 优质,异常状态,503,http://m.chuashu.com
🎉 泡书吧②,🎉 精选 🎉,异常状态,503,http://m.xpaoshuba.cc
🎉 燃文小说,,异常状态,503,http://m.ranwen52000.com
🎉 狂沙文学,🎉 精选 🎉,异常状态,503,http://m.eqeq.net
🎉 猎鹰阅读,一程,异常状态,503,http://api.book.lieying.cn
🎉 看啦又看,🎉 精选 🎉,异常状态,503,http://m.k6uk.com
🎉 看大书网,🎉精品,异常状态,503,http://www.kandshu.com
🎉 笔笔文学,🎉精品,异常状态,503,http://www.bibiwxx.com
🎉 笔趣楼,,异常状态,521,https://m.biqulou.com
🎉 笔趣窝,🎉精品,异常状态,503,http://www.biquwowo.com
🎉 笔趣阁,,异常状态,503,http://m.wed2010.com
🎉 笔趣阁,🎉精品,异常状态,503,http://www.abczw.com
🎉 笔趣阁MM,🎉精品,异常状态,503,http://www.biquge.vip
🎉 笔趣阁⑨,🎉精品,异常状态,503,http://www.xbiquge6.com
🎉 精彩小说网②,🎉 精选 🎉,异常状态,503,http://m.jingcaiyuedu.com
🎉 酷文小说,,异常状态,503,http://m.kuwenxs.com
🎉 顶点小说,🎉 精选 🎉,异常状态,503,http://m.x23us.cc
🎉 风云小说网,🎉精品,异常状态,503,http://www.fyxsw.cc
🎉 鲲鹏文学网,³۝天域整理,异常状态,503,http://www.kpwxw.com
🎉 龙族小说网,🎉 精选 🎉,异常状态,503,http://lz.yunzhonggexiaoshuo.com
🎉52中文网,🎉 精选 🎉,异常状态,503,http://www.52wzw.com/
🎉52小说②,🎉 精选 🎉,异常状态,503,http://m.5ixsw.net/
🎉56小说①,小说,异常状态,503,http://www.56xs.com/
🎉ABC小说③,🎉 精选 🎉,异常状态,503,http://www.mtklw.com.cn/
🎉E书吧,🎉 精选 🎉,异常状态,503,http://www.eshuba.org/
🎉IP小说网,🎉 精选 🎉,异常状态,503,http://www.ipxsw.com/
🎉三七中文,小说,异常状态,503,http://www.37zww.cc/
🎉大神吧小说,🎉 精选 🎉,异常状态,521,http://www.tingshuge.com/
🎉爱看书吧,🎉 精选 🎉,异常状态,525,https://www.iksb.cc/
🎉狂人小说,🎉 精选 🎉,异常状态,503,http://www.kr200.com/
🎉看大书网,🎉 精选 🎉,异常状态,503,http://www.kandashuw.com/
🎉笔趣乐,🎉 精选 🎉,异常状态,503,http://www.biqule8.com/
🎉而立文学网,³۝天域整理,异常状态,503,http://www.30wxw.com/
🎉蜂蜜文学网,"【❌❌】搜索失-效,搜索失效",异常状态,503,http://www.fmwxw.com/
🎉西瓜567,漫画,异常状态,503,http://www.xigua567.com-axin
🎉言情小说吧,🎉 精选 🎉,异常状态,503,http://www.cat-king.com.cn/
🎉长江文学网,³۝天域整理,异常状态,503,http://www.cjwxw.com/
🎉零点看书⑥,🎉 精选 🎉,异常状态,503,http://www.ylzsxx.com/
🎉顶点小说网,🎉 精选 🎉,异常状态,503,http://www.x23us.com
🎉飞速中文网②,🎉 精选 🎉,异常状态,502,http://www.fsleike.com/
🎊 爱阅,⭐️小说,异常状态,503,http://www.hybooks.cn#bookbox#芜恙
🎎 动漫之家,"影视,搜索失效",异常状态,503,http://donghua.dmzj.com
🎨 733漫画,🎨漫画,异常状态,503,http://m.733mh.com
🎨 96漫画,🎨漫画,异常状态,503,http://m.96mh.com
🎨 CC漫画,🎨漫画,异常状态,503,http://m.ccdm2.com
🎨 亲亲漫画,🎨漫画,异常状态,503,http://www.yato.cc
🎨 动漫之家,🎨漫画,异常状态,503,http://v2.api.dmzj.com
🎨 国漫吧,🎨漫画,异常状态,503,http://www.guoman8.net
🎨 大角虫™,🎨漫画,异常状态,503,http://dajiaochong.517w.com
🎨 樱花动漫dp,-------,异常状态,503,http://qdtsdp.com
🎨 汤圆漫画,🎨漫画,异常状态,503,http://manhua.itangyuan.com
🎨 漫画客,🎨漫画,异常状态,503,http://www.mangake.com
🎨 热漫画,🎨漫画,异常状态,503,http://mangahere.us
🎨666漫画™,漫画,异常状态,400,http://m.jls666.com
🎨笔趣阁 biquger,"🏵️  小说,💒 笔趣",异常状态,503,m.biquger.me
🎨笔趣阁 biquger,笔趣阁🎨,异常状态,503,http://m.biquger.me/
🎯78小说,🏵️  小说,异常状态,503,http://m.78xs.org
🎶 歌曲大全-酷狗,,异常状态,503,http://www.gequdaquan.net-kugou#芜恙
🎼 抖音歌曲,,异常状态,503,http://m.douyingequ.com
🎼 歌曲大全-网易云,🎼音乐,异常状态,503,http://www.gequdaquan.net-netease
🎼 虾米,🎼音乐,异常状态,503,http://www.gequdaquan.net-xiami
🏀 燃文小说④,,异常状态,503,http://www.wllda.com/
🏀 读趣网②,,异常状态,503,http://www.du7.org/
🏀 趣读屋,,异常状态,521,http://www.quduwu.com/
🏀太白阁,,异常状态,503,http://www.taibaige.com/
🐶一本道小说,搜索失效,异常状态,301,https://www.mm27.cc
🐶下书网,SSS,异常状态,521,https://www.xiashucom.com/
🐶免费小说,搜索失效,异常状态,503,http://www.mianfeixiaoshuoyueduwang.com
🐶笔趣阁完本,SSS,异常状态,503,http://www.biqugewb.com
🐶血红小说①🍒,已检验,异常状态,503,http://www.xuehong.co/
👍 4G,优质源👍,异常状态,503,http://www.4gxsw.com#grid tr!0
👍 97阅读①,♟️普通,异常状态,400,https://www.97parse.com
👍 下书久久,"发现失效,﹅ ♜ 优质,搜索失效",异常状态,521,https://www.xiashu99.com#一程
👍 书籍网,👍优质,异常状态,503,www.shujw.com
👍 墨语小说网™,优质源👍,异常状态,521,https://www.myxs.net
👍 快搜小说网,👍优质,异常状态,503,http://www.le77.com
👍 悠悠书盟,👍优质,异常状态,503,http://wap.u33.cc-
👍 新热门小说网② S,👍 优质,异常状态,502,https://www.rmxs8.com
👍 梦远书城,需要登录,异常状态,520,https://www.mengyuanshucheng.com#pt-rank-detail#芜恙
👍 棉花糖,优质源👍,异常状态,503,http://www.mht.tw
👍 泰州小说网,优质源👍,异常状态,503,http://www.tzyibang.com
👍 笔趣客,👍优质,异常状态,503,http://m.biquts.com
👍 笔趣阁 biqubu,²♨笔-趣-阁❆,异常状态,503,http://www.biqubu.com-By Dark
👍 黄鹤楼文学,优质源👍,异常状态,301,https://www.hhlwx.com
👍全本小说⑧,优质源👍,异常状态,503,http://m.shulou.la/
👍番茄小说②,"﹅ ♜ 优质,搜索失效",异常状态,503,http://www.fanqiexs.cc/
👍笔趣阁⑨①,"优质源👍,💒 笔趣",异常状态,503,http://www.bbsgx.com/
👑 乐文小说,,异常状态,503,http://m.lewen9.com
👑有兔APP_未月十八净化,"2.👑首选,搜索失效",异常状态,503,"http://app.youzibank.com#渊呀edit,未月十八净化"
👑造化图_By未月十八repair,¹▽置顶`ȏ´正版发现,异常状态,521,https://www.zaohuatu.com#未月十八repair
👾三月中文,搜索失效,异常状态,503,http://m.3yzw.com/
👾牛牛中文,,异常状态,503,http://m.nnzw.net/
👾笔趣阁中国,"🏵️  小说,💒 笔趣",异常状态,503,http://m.djychina.com/
👾西施文学,,异常状态,503,http://m.xishiwx.com/
💠 多本小说,🏵️  小说,异常状态,521,http://m.duoben.net
💠 小说楼,"💠 其他,有效,书源可用,卢客源,重复书源",异常状态,503,http://www.xslou.com
💠 格格党,🏵️  小说,异常状态,503,http://www.1ggd.com
💠 泡书吧,🏵️  小说,异常状态,503,http://www.paoshuba.cc
💦四库书,"﹅ ♛ 精品,搜索失效",异常状态,503,http://www.sksxsw.com/
💦新笔下文学①,,异常状态,503,http://www.newbixia.com/
💦笔趣窝,💦 精品 💦,异常状态,503,http://www.biquwoo.com/
💫566小说网,"♡ོ晨光雨露✺精品源,如月流光,搜索失效",异常状态,503,http://www.maodouxs.com
💫就爱小说,"﹅ ♞ 普通,搜索失效",异常状态,503,http://www.xlwyrj.com
💯166小说网,🎉 精选 🎉,异常状态,503,http://www.166xs.com-By Dark
💯天籁小说,🎉 精选 🎉,异常状态,503,http://www.233txt.com/
💯看书神器,💯 精品 💯,异常状态,503,http://ebook.dashuebook.com/
📍8000中文网,搜索失效,异常状态,503,http://www.8000wxw.com
📒十八书屋,"﹅ ♞ 普通,搜索失效",异常状态,503,http://www.hebhtlh.com/
📖 永久阅读,📖 小说,异常状态,503,http://yonglitop.com:802/
📖无锡图书馆,已检验,异常状态,503,http://es.bookan.com.cn1#乃星
📚 八一中文,¹▽置顶`ȏ´正版发现,异常状态,400,https://www.jujiazy.com
📚 古典,"出版,搜索失效",异常状态,503,http://www.cngdwx.com#ul_b_list li
📚 梦远书城,搜索链接规则为空,异常状态,503,http://www.my2852.com
📚 藏海花,"📚出版,💊无搜",异常状态,503,http://www.zanghaihua.org
📚 飘天文学,📚 出版,异常状态,503,http://www.piaotian5.com
📚 鲸鱼阅读,📚 出版,异常状态,503,http://m.jingyu.com
📚无锡图书馆,已检验,异常状态,503,http://es.bookan.com.cn1#关耳
📡 猪猪书屋,📡发现,异常状态,503,http://www.zhuzhunovel.com
📡 贰叁肆伍[榜单],📡发现,异常状态,503,http://mbook.km.com
📥 下书网,📥下载,异常状态,521,https://m.xiashucom.com
📥 圣武书库,📥下载,异常状态,503,http://www.iswsk.com
📩奇书网,搜索失效,异常状态,503,http://www.qishu2.com
📻 74听书,📻有声,异常状态,503,http://www.ting74.com-3.0
📻 听书阁,📻有声电台,异常状态,503,http://www.itingshuge.com
📻 有兔听书,📻有声,异常状态,503,http://app1.youzibank.com
📻 酷狗音乐,𐄜🎧 音频,异常状态,503,http://www.gequdaquan.net-kugou
📻幸福听书,听书 书源; 发现规则语法错误,异常状态,503,http://m.xfflim8.com/
🔖88读书②,微筛选,异常状态,503,http://www.88dutxt.com
🔖知轩藏书,"【❌❌】搜索失-效,搜索失效",异常状态,503,http://www.zxcs.me
🔖知轩藏书,"【❌❌】搜索失-效,搜索失效",异常状态,503,http://www.zxcs.me##2
🔖读一读①,"【❌❌】搜索正文失-效,搜索失效",异常状态,503,http://du1du.org-By Dark
🔖零点看书①,搜索失效,异常状态,503,http://www.sdyzzc.com/
🔥 小说族,优质源👍,异常状态,503,http://www.xiaoshuozu8.com
🔰 63小说,🔰普通,异常状态,503,http://www.63xs.com
🔰 ZERO搬运网,🔰 普通,异常状态,503,http://www.zerobywns.com
🔰 一流小站,🔰普通,异常状态,503,http://www.16xz.com
🔰 久久小说①,🔰普通,异常状态,503,http://www.jjxs.la
🔰 奇漫屋,🔰 普通,异常状态,503,http://m.qiman53.com
🔰 文鱼中文网,🏵️  小说,异常状态,503,http://www.typkey.com
🔰 易看小说,🔰普通,异常状态,502,https://m.yikanxiaoshuo.com
🔰 朦胧夜色,🔰 普通,异常状态,301,https://www.qxx14.com
🔰 杰众文学,已检,异常状态,503,http://m.jiezhong.org
🔰 杰米哒小说网,🏵️  小说,异常状态,503,http://www.yttke.com
🔰 气书屋,🔰 普通,异常状态,503,http://www.87shuwu.net
🔰 泽天记[仅发现],,异常状态,503,http://zetianji.club
🔰 爱搜吧,🔰普通,异常状态,503,http://www.aisou8.com
🔰 看书网kanshu688,🔰 普通,异常状态,503,http://www.kanshu688.com
🔰 笔趣库™迷云,🔰普通,异常状态,521,https://m.biquku.com
🔰 笔趣阁,,异常状态,503,http://m.bqg.ooo
🔰 笔趣阁,🔰 普通,异常状态,503,http://m.yjcat.com
🔰 笔趣阁123456,🔰 普通,异常状态,503,http://api.biquge123456.com
🔰 精彩小说,🔰普通,异常状态,503,http://www.jingcaiyuedu8.com
🔰 纵横中文网™,🔰 普通,异常状态,500,http://book.zongheng.com
🔰 豆腐阅读,🔰 普通,异常状态,503,http://api.doufu.la
🔰 醉小说,🏵️  小说,异常状态,503,http://m.zuixs.net
🔰 闪文书库,🔰 普通,异常状态,521,http://www.shanwen.com
🔰 闪电小说[仅发现],🔰普通,异常状态,503,http://www.shandianxs.com
🔰 霸气书库,🔰普通,异常状态,503,http://m.8shuku.net
🔰 顶点小说⑳,,异常状态,503,http://www.dingdian.la
🔰八一中文⑲,"🔰 普通,🍀,搜索失效",异常状态,503,http://www.81zwx.com/
🔰思路客⑳,"🔰 普通,🍀,搜索失效",异常状态,503,http://www.slkxs8.com/
🔰桃花岛mm39.cc,"🔰桃花岛,搜索失效",异常状态,301,https://mm39.cc
🔰血红小说网①,🏵️  小说,异常状态,503,http://www.xuehongxs.net/
🔰零点书吧,¹▽置顶`ȏ´正版发现,异常状态,503,http://www.0ds8.com/
🖤♛有兔阅读▪︎APP #一程,"发现失效,✔️,搜索失效",异常状态,503,http://app.youzibank.com#♤yc
🖤♛有兔阅读▪︎APP #一程,"发现失效,✔️,搜索失效",异常状态,503,http://app.youzibank.com#yc1101
🚀 抗人小说,🚀 VPN,异常状态,503,http://www.krxs.xyz
🚬 15小说网,🚬刘备,异常状态,503,http://www.15xsw.net
🚬 乐文中文,🚬刘备,异常状态,503,http://www.lewen55.com
🚬 乐文小说⑧,🚬刘备,异常状态,503,http://www.66lewen.com
🚬 乐文小说⑬,,异常状态,503,http://www.77lewen.com
🚬 书书屋小说,🚬刘备,异常状态,503,http://www.shushuwu520.com
🚬 八毛小说网,,异常状态,503,http://www.bamaoxs.com
🚬 总裁小说网™,🚬刘备,异常状态,503,http://www.zongcaixiaoshuo2.com
🚬 易读,🚬刘备,异常状态,503,http://www.yidudu1.cc
🚬 第一版主,𐄞📖 𐄛𐄙备用,异常状态,503,http://www.diyibanzhu9.pro
🚬 躺着看③,🚬刘备,异常状态,503,http://tangzhekan.in
🚬 辣文合集[仅发现],🚬刘备,异常状态,503,http://www.jfyxsh.com
🚬 辣文网,,异常状态,503,http://m.6lawen.com
🚬 辣文鲜文,🚬刘备,异常状态,503,http://www.9xianwen.com
🚬 逆流小说网,"测试组,测试1,神",异常状态,503,http://www.niliuxs.org
🚬 逆流小说网①,"🚬刘备,🚀VPN",异常状态,503,http://m.niliuxs.org
🚬 霸气书屋™备用,🚬刘备,异常状态,503,http://m.87shuwu.com
🥈多本小说,"🥈补充,失效",异常状态,521,http://www.duoben.net
🥉四库书,💗 女频,异常状态,503,http://m.sksxsw.com
🥉四库书,"﹅ ♝ 优良,搜索失效",异常状态,503,http://m.sksxsw.com#乃星
🥛搜狗售卖,⁴☃晨光雨露᭄精品源,异常状态,503,http://yd.sogou.com
#荷包网~hebaow.net,普通,有响应(拦截),403,http://www.hebaow.net
101看书🎃,,有响应(拦截),403,https://101kan.com#🎃
114中文网②,³۝天域整理,有响应(拦截),403,https://www.114zw8.com
138看书网🎃,,有响应(拦截),403,https://www.13800100.com#🎃
13小说网™九天之狼,已检,有响应(拦截),403,https://www.13xxs.com
147小说网,第一分组,有响应(拦截),403,http://www.147xiaoshuo.com
16K小说网,已检,有响应(拦截),403,http://www.16kxsw.com
175看书🎃,小说,有响应(拦截),403,https://www.175book.com#🎃
19楼书包网①,天域战歌整理,有响应(拦截),403,http://www.aishuzw.com
30,已检,有响应(拦截),403,https://m.30sy.cc/book/halibotezhifashen/1.html
31小说,搜索失效,有响应(拦截),403,http://www.31xiaoshuo.com/
36书房🎃,,有响应(拦截),403,https://www.x36sfw1.com#🎃
3A小说🎃,,有响应(拦截),403,https://www.ldzv.cc#🎃
5200小说网🎃,,有响应(拦截),403,https://www.xs5200.net#🎃
54中文网,搜索链接规则为空,有响应(拦截),403,https://www.54zw.cc
73文学网①,天域战歌整理,有响应(拦截),403,http://www.73wx.org
800小说2,1235467987,有响应(拦截),403,https://www.800txt.cc
ABC 小说🎃,,有响应(拦截),403,https://www.xyb3.net#🎃
ABC小说,网页源,有响应(拦截),403,https://www.abcxs.net/
APP-1#,💦精品,有响应(拦截),403,https://quapp.shenbabao.com#嘚嘚21.0201
APP①,已检验,有响应(拦截),403,https://quapp.shenbabao.com#♤guaner
APP① #未月十八1001,"💭💭💭💭💭💭,搜索失效",有响应(拦截),403,https://quapp.shenbabao.com#wy18-1001
MANGAGG,"响海,搜索目录失效",有响应(拦截),403,https://mangagg.com/
R 27姐姐🐶,"失效,R🐶,网站失效",有响应(拦截),403,https://www.27jj.org/
Read Porn Comics,,有响应(拦截),403,https://novelcrow.com
UC书盟,,有响应(拦截),403,http://www.uctxt.com
UC书盟,已检,有响应(拦截),403,https://www.uctxt.com
https://3wx4.23uup🈲,大书源🈲柳树,有响应(拦截),403,https://3wx4.23uup.com/e/action/ListInfo/
manman虎文学,🏵️  小说,有响应(拦截),403,http://www.manmanhu.com
myreadingmanga™🌐📶💡🇬🇧,[英文搜索; 移动直连]; 失效,有响应(拦截),403,https://myreadingmanga.info
o🎉云轩阁#嘚嘚21.0201,"﹅ ♛ 精品,搜索失效",有响应(拦截),403,https://www.yunxuange.org#嘚嘚21.0201
txt小说,漫画,有响应(拦截),403,https://m.txtxs.org
Ⓐ 02书屋,,有响应(拦截),403,https://www.02shu.cc#未月十八净化
Ⓐ 三六书房,⁴☃晨光雨露᭄精品源,有响应(拦截),403,https://www.x36sfw.com#未月十八改
Ⓐ 书包网,,有响应(拦截),403,https://www.ebookbao.org#未月十八改
Ⓐ 啦啦文学,"﹅ 通用书源▪︎玄奇,搜索失效",有响应(拦截),403,https://www.llwx.net#未月十八改
Ⓐ 啦啦文学,,有响应(拦截),403,https://www.llwx.net#未月十八净化
Ⓐ 啦啦文学,,有响应(拦截),403,https://www.llwx.net
Ⓐ 四五中文,﹅ 通用书源▪︎玄奇,有响应(拦截),403,https://www.45zw.org#未月十八改
Ⓐ 思路客③,搜索失效,有响应(拦截),403,http://www.xsiluke.com
Ⓐ 思路客③,搜索失效,有响应(拦截),403,http://www.xsiluke.com#未月十八改
Ⓐ 日记本,,有响应(拦截),403,https://novel.riji8.com#玄奇
Ⓐ 武林中文①,𐄛 Ⓐ级,有响应(拦截),403,https://www.50zww.net#未月十八改
Ⓐ 汝慕小说,⁴☃晨光雨露᭄精品源,有响应(拦截),403,http://m.rmipoz.com#未月十八改
Ⓐ 看书室,"﹅ 通用书源▪︎玄奇,搜索失效",有响应(拦截),403,https://www.kanshushi.com#未月十八改
Ⓐ 看书室,,有响应(拦截),403,https://www.kanshushi.com#未月十八repair
Ⓐ 笔趣阁②,²♨笔-趣-阁❆,有响应(拦截),403,"https://www.xbiquge.so#冷魅,未月十八改"
Ⓐ 笔趣阁㉙,𐄛 Ⓐ级,有响应(拦截),403,https://www.biquge9.cc#未月十八改
Ⓐ 第八区,𐄛 Ⓐ级,有响应(拦截),403,https://www.laoqu123.net#未月十八改
Ⓐ 第八区,,有响应(拦截),403,https://www.laoqu123.net
Ⓐ 算年年,𐄛 Ⓐ级,有响应(拦截),403,https://www.suanniannian.com#未月十八改
Ⓐ 算年年,,有响应(拦截),403,https://www.suanniannian.com#未月十八repair
Ⓐ 阅书小说,⁴☃晨光雨露᭄精品源,有响应(拦截),403,https://www.yueshu.org#未月十八edit
Ⓐ 风华居,⁴☃晨光雨露᭄精品源,有响应(拦截),403,https://m.fenghuaju.cc##未月十八改
Ⓑ 13小说,𐄜 Ⓑ级,有响应(拦截),403,http://m.13xxs.com
Ⓒ 5G小说,,有响应(拦截),403,https://m.5gxs.com#未月十八repair
Ⓢ UU看书,𐄚 Ⓢ级,有响应(拦截),403,https://www.uuks.org#未月十八改
Ⓢ 下书网②,⁴☃晨光雨露᭄精品源,有响应(拦截),403,https://www.xiashu9.com#未月十八改
Ⓢ 下书网②,⁴☃晨光雨露᭄精品源,有响应(拦截),403,https://www.xiashu9.com#未月十八repair
Ⓢ 奇书网,"𐄚 Ⓢ级,搜索失效",有响应(拦截),403,https://m.suyingwang.net
Ⓢ 无错小说网②,𐄚 Ⓢ级,有响应(拦截),403,https://www.read8.org#未月十八改
Ⓢ 笔下文学,¹▽置顶`ȏ´正版发现,有响应(拦截),403,http://www.bxwx6.org#未月十八改
Ⓢ 笔趣阁⑪,𐄚 Ⓢ级,有响应(拦截),403,https://www.5atxt.com#未月十八改
Ⓢ 笔趣阁⑳,𐄚 Ⓢ级,有响应(拦截),403,http://qq.hehuamei.com#未月十八改
☘️日照小说网☘️,搜索链接规则为空,有响应(拦截),403,https://m.rizhaoxs.com
♛ 看 书 堂 #Namo1101,"﹅ ♛ 精品,搜索失效",有响应(拦截),403,http://www.kanshutang.org#Namo1101
♛麒麟看书,已检验,有响应(拦截),403,https://www.70xs.cc/#♤pb
♜ ✎笔趣阁⑥① #破冰1101,"【❌❌】搜索失-效,【】👾笔趣阁,搜索失效",有响应(拦截),403,http://www.bqg520.cc/#pb1101
♜ ✎笔趣阁⑨⑦ #破冰,²♨笔-趣-阁❆,有响应(拦截),403,https://m.52biquge.com/#♤pb
♜ ✎笔趣阁⑪④ #破冰1101,笔趣阁,有响应(拦截),403,https://www.bqg33.com/#pb1101
♜+武林中文① #破冰,"﹅ ♜ 优质,搜索失效",有响应(拦截),403,https://www.50zw.org/#pb1101
♜+电子书屋① #破冰▼精确搜索书名,¹▽置顶`ȏ´正版发现,有响应(拦截),403,https://www.dzs5.com/#♤pb
♜-乐文小说⑥ #破冰,"2,搜索失效",有响应(拦截),403,https://www.lwxs66.com/#♤pb
♜-云轩阁② #破冰1101,"【❌❌】网站失-效,搜索失效",有响应(拦截),403,https://www.yxgsk.com/#pb1101
♜-六零文学① #破冰,¹▽置顶`ȏ´正版发现,有响应(拦截),403,https://www.dushu60.com/#pb1101
♜-六零文学① #破冰,¹▽置顶`ȏ´正版发现,有响应(拦截),403,https://www.dushu60.com/#♤pb
♜-奇奇小说网① #破冰,"﹅ ♜优质,分拣,搜索失效",有响应(拦截),403,https://www.477zw.com/#♤pb
♜-奇奇小说网① #破冰1101,"﹅ ♜ 优质,搜索失效",有响应(拦截),403,https://www.477zw.com/#pb1101
♜-无错小说网② #破冰,"2,搜索失效",有响应(拦截),403,https://www.read8.org/#♤pb
♜-游人小说网 #破冰,¹▽置顶`ȏ´正版发现,有响应(拦截),403,https://www.yourenxsw.com/#♤pb
♜-游人小说网 #破冰,¹▽置顶`ȏ´正版发现,有响应(拦截),403,https://www.yourenxsw.com/#pb1101
♜175看书 #破冰,"05.🍆🍆🍆,发现规则为空",有响应(拦截),403,https://www.175book.com/#♤pb
♜800小说③ #破冰,"【🈵♥🈵💯】231123千组1,搜索失效",有响应(拦截),403,https://www.800book.cc/#♤pb
♜800小说③ #破冰1101,"【🈵♥🈵💯】231123千组1,搜索失效",有响应(拦截),403,https://www.800book.cc/#pb1101
♜ABC小说③ #破冰,¹▽置顶`ȏ´正版发现,有响应(拦截),403,https://www.abcxs.org/#♤pb
♜ABC小说③ #破冰1101,¹▽置顶`ȏ´正版发现,有响应(拦截),403,https://www.abcxs.org/#pb1101
♜UC小说网,"﹅ ♜ 优质,搜索失效",有响应(拦截),403,http://www.ucxs.cc/#♤pb
♜✎笔趣阁⑱⓪,笔趣阁,有响应(拦截),403,https://www.bqg44.com/#♤pb
♜一起上看小说 #破冰,已检验,有响应(拦截),403,https://www.173kxsw.com/#♤pb
♜一起上看小说 #破冰1101,¹▽置顶`ȏ´正版发现,有响应(拦截),403,https://www.173kxsw.com/#pb1101
♜书朋网① #破冰,"【❌❌】网站失-效,搜索失效",有响应(拦截),403,https://www.shupengwang.com/#pb1101
♜书朋网① #破冰,已检验,有响应(拦截),403,https://www.shupengwang.com/#♤pb
♜书迷楼② #破冰1101,"【❌❌】搜索失-效,搜索失效",有响应(拦截),403,https://www.shumi.la/#pb1101
♜全本小说⑨ #破冰,"﹅ ♜ 优质,搜索失效",有响应(拦截),403,https://www.quanben.la/#♤pb
♜全本小说⑨ #破冰1101,"﹅ ♜ 优质,搜索失效",有响应(拦截),403,https://www.quanben.la/#pb1101
♜八一中文⑫ #破冰1101,"﹅ ♜ 优质,搜索失效",有响应(拦截),403,http://www.zwdu.net/#pb1101
♜奇趣小说 #破冰,¹▽置顶`ȏ´正版发现,有响应(拦截),403,https://www.qiquxiaoshuo.com/#♤pb
♜奇趣小说 #破冰1101,¹▽置顶`ȏ´正版发现,有响应(拦截),403,https://www.qiquxiaoshuo.com/#pb1101
♜幻笔阁 #破冰,¹▽置顶`ȏ´正版发现,有响应(拦截),403,https://www.huanbige.com/#♤pb
♜幻笔阁 #破冰1101,¹▽置顶`ȏ´正版发现,有响应(拦截),403,https://www.huanbige.com/#pb1101
♜思路客⑩ #破冰,"﹅ ♜ 优质,搜索失效",有响应(拦截),403,http://www.siluke8.com/#pb1101
♜思路客⑬ #破冰1101,"﹅ ♜ 优质,搜索失效",有响应(拦截),403,https://www.xsiluke.net/#pb1101
♜恋上你看书④,¹▽置顶`ȏ´正版发现,有响应(拦截),403,https://www.630book.net/#♤pb
♜搜小说⑤ #破冰,"﹅ ♜ 优质,搜索失效",有响应(拦截),403,http://www.sosoxs.org/#♤pb
♜搜小说⑤ #破冰1101,"﹅ ♜ 优质,搜索失效",有响应(拦截),403,http://www.sosoxs.org/#pb1101
♜热门小说② #破冰1101,"﹅ ♜ 优质,搜索失效",有响应(拦截),403,https://www.remenxs.org/#pb1101
♜燃文小说⑧ #破冰1101,"﹅ ♜ 优质,搜索失效",有响应(拦截),403,http://www.ranwenw.com/#pb1101
♜爱去小说网④ #破冰1101,"【❌❌】搜索失-效,搜索失效",有响应(拦截),403,https://www.57zw.com/#pb1101
♜番茄中文 #破冰1101,"﹅ ♜ 优质,搜索失效",有响应(拦截),403,https://www.fqzw.net/#pb1101
♜笔趣阁⑱⓪,笔趣阁,有响应(拦截),403,https://www.bqg44.com/#pb1101
♜米社书屋,"﹅ ♜ 优质,搜索失效",有响应(拦截),403,http://www.mishe.cc/#pb1101
♜芙蓉小说网,"﹅ ♜ 优质,搜索失效",有响应(拦截),403,http://www.jfrxs.com/#pb1101
♜顶点小说⑳ #破冰,"【❌❌】网站失-效,搜索失效",有响应(拦截),403,https://www.23hh.net/#♤pb
♜顶点小说⑳ #破冰1101,"【❌❌】网站失-效,搜索失效",有响应(拦截),403,https://www.23hh.net/#pb1101
♜麒麟看书 #pb,已检验,有响应(拦截),403,https://www.70xs.cc/#pb1101
♝ 阅书阁 #一程,搜索链接规则为空,有响应(拦截),403,https://www.yshuge.org#♤yc
♝✎笔趣阁⑮④,"笔趣,﹅ ♝ 优良,搜索失效",有响应(拦截),403,http://www.biqugexsw.org/#♤pb
♝六零文学② #破冰,¹▽置顶`ȏ´正版发现,有响应(拦截),403,https://www.60355.net/#pb1101
♝六零文学② #破冰,¹▽置顶`ȏ´正版发现,有响应(拦截),403,https://www.60355.net/#♤pb
♞ 百墨阁 💡 #一程1101,搜索链接规则为空,有响应(拦截),403,https://www.baimoge8.com#yc1101
♞阅书阁 #一程,搜索链接规则为空,有响应(拦截),403,https://www.yshuge.org#yc1101
♠ 书家园,"♠ 精品 ♠,🎉 精选 🎉",有响应(拦截),403,https://www.shujy.com/
♠ 书说吧,已检,有响应(拦截),403,http://www.shushuoba.com/
♠ 书趣阁,"男频,搜索失效",有响应(拦截),403,http://www.shuquge.cc/
♠ 八戒中文,"男频,搜索失效",有响应(拦截),403,http://www.bjwxw.com/
♠ 圣墟小说,¹▽置顶`ȏ´正版发现,有响应(拦截),403,http://www.ishengxu.cc/
⚡小原小说,💥优质,有响应(拦截),403,http://www.min-yuan.com/
⚡️⚡️笔趣阁,已检验,有响应(拦截),403,https://m.slyqw.com
⚡️紫笔文学,🔱  常用,有响应(拦截),429,https://www.zibibi.com#bookbox
✈ 爱尚小说 asxs,"【❌❌】搜索失-效,搜索失效",有响应(拦截),403,https://www.asxs.com/
✈98堂sehuatang,"💖图片,❤小说",有响应(拦截),403,https://sehuatang.org
✎ 笔趣阁,"【❌❌】搜索正文失-效,【】👾笔趣阁,搜索失效",有响应(拦截),403,https://www.bqg33.com
✎ 笔趣阁,"【❌❌】搜索失-效,【】👾笔趣阁,搜索失效",有响应(拦截),403,https://www.bqg44.com
✎ 笔趣阁24,搜索失效,有响应(拦截),403,https://so.biqusoso.com/s1.php?siteid=ddyueshu.com&q=%CE%D2%B5%C4
✏搜笔趣,,有响应(拦截),403,https://www.qxzx8.com//
✐   一世书城,☃ 自用,有响应(拦截),403,https://www.1114txt.com
✨格格党🎉📱,"【❌❌】搜索正文失-效,搜索失效",有响应(拦截),403,https://m.ggdown8.com/
✨爱尚小说🎉📱,"✨ 精品 ✨,搜索失效",有响应(拦截),403,https://m.23hh.com/
✾+游人小说,⁶❀耽女︎ºั轻言,有响应(拦截),403,https://www.yourenxsw.com/#kd11
✾+雅文言情,"﹅ ✾ 言耽,搜索失效",有响应(拦截),403,https://www.yawen.cc#kd11
✾.Ⓐ 全本小说② #未月十八1001,已检验,有响应(拦截),403,https://www.qb5.tw#wy18-1001
✾.Ⓐ 奇书网 #未月十八1001,"﹅ ✾ 言耽,﹅ ♜ 优质,搜索失效",有响应(拦截),403,https://m.suyingwang.net#wy18-1001
✾.Ⓐ 恋上你看书 #未月十八1001,"【❌❌】网站失-效,搜索失效",有响应(拦截),403,https://www.630book.org/#wy18-1001
✾.Ⓐ 武林中文② #未月十八1001,【🈵♥🈵💯】231123千组4,有响应(拦截),403,https://www.50zww.net#wy18-1001
✾.Ⓐ 看书室 #未月十八1001,"﹅ ✾ 言耽,﹅ ♜ 优质,搜索失效",有响应(拦截),403,https://www.kanshushi.com#未月十八repair#wy18-1001
✾.Ⓑ 游人小说网 #未月十八1001,⁶❀耽女︎ºั轻言,有响应(拦截),403,https://www.yourenxsw.com/#wy18-1001
✾.Ⓢ UU看书 #未月十八1001,"﹅ ✾ 言耽,搜索失效",有响应(拦截),403,https://www.uuks.org#wy18-1001
✾.Ⓢ 无错小说网② #未月十八1001,"﹅ ✾ 言耽,搜索失效",有响应(拦截),403,https://www.read8.org#wy18-1001
✾APP① #关耳,"🎄🎄🎄🎄🎄🎄,搜索失效",有响应(拦截),403,https://quapp.shenbabao.com#guaner
✾久久小说 #关耳,已检验,有响应(拦截),403,https://www.txt909.cc#guaner
⭐ 番茄888,⭐️ API,有响应(拦截),403,https://www.zym888.com
。,搜索链接规则为空,有响应(拦截),403,https://www.69shu.xyz/book/341696
㊓✾百合会论坛 #关耳 ▼需登录,"﹅ ✾ 言耽,搜索正文失效,发现正文失效",有响应(拦截),405,https://bbs.yamibo.com#guaner
㊝ 百书楼 ♜♜♜,,有响应(拦截),429,https://www.bsl666.com#md
㊣磨铁中文 #破冰,¹▽置顶`ȏ´正版发现,有响应(拦截),403,http://app2.motie.com#♤pb
㊣磨铁中文 #破冰1101,¹▽置顶`ȏ´正版发现,有响应(拦截),403,http://app2.motie.com#pb1101
一世书城🎃,,有响应(拦截),403,https://www.1114txt.net#🎃
一世书城🎃,,有响应(拦截),403,https://m.1114txt2.com#🎃
一品小说🎃,,有响应(拦截),401,https://m.ypxxs.com#🎃
七三中文网🎃,,有响应(拦截),403,https://www.73zw8.com#🎃
万相书城🎃,,有响应(拦截),403,https://www.wxsc8.com#🎃
万能书屋,"【❌❌】搜索正文失-效,搜索失效",有响应(拦截),403,http://m.wannengwu.com/
三一小说🎃,,有响应(拦截),403,http://www.31xs.com#🎃
三三中文🎃,,有响应(拦截),403,https://wap.33yqxs.com#🎃
三九书本网,【⚙️已检书源】,有响应(拦截),401,https://m.39ben.com/
三九书本网🎃,,有响应(拦截),401,https://m.39ben.com#🎃
丝路小说网,网文,有响应(拦截),403,https://m.rsilu.com
丝路文学<搜索验证码>,搜索验证码,有响应(拦截),403,http://www.rsilu.com
久久小说[txt909],已检验,有响应(拦截),403,https://www.txt909.cc
久久小说[分页],"☣️精选senhora,⛎JJ城",有响应(拦截),403,https://www.txt909.org
久久小说①,天域战歌,有响应(拦截),403,http://www.jjxs.org
乐乐爱,🏵️  小说,有响应(拦截),403,http://www.lelelove.com
乐乐韩漫❕🇰🇷,看发现,有响应(拦截),403,http://www.lelehm.com
乐文,,有响应(拦截),403,http://www.lewencom.com
乐文书屋lwswxs.com,💜未分组,有响应(拦截),403,https://www.lwswxs.com
乐文吧,"网络,自制",有响应(拦截),403,https://m2.lewenba.cc
九九九网🎃,,有响应(拦截),403,https://m.x999xs5.com#🎃
书包小说网,,有响应(拦截),429,https://www.book48.com/
书包网🎃,,有响应(拦截),403,https://wap.ebookbao.org#🎃
书城墨香,,有响应(拦截),403,https://scmxyjc.com/
书客居,"【❌❌】搜索失-效,搜索失效",有响应(拦截),403,http://m.shukeju.cc
书快小说🎃,,有响应(拦截),403,https://www.shukuai.net#🎃
书本中文网,精品,有响应(拦截),403,http://www.bookszw.com/
书迷楼shumilou.com.tw,A级,有响应(拦截),403,https://www.shumilou.com.tw
云阅书院,"搜索链接规则为空,小说",有响应(拦截),403,http://www.yysycn.com
五六小说🎃,,有响应(拦截),403,https://www.wuliushu.com#🎃
亲亲小说网,已检,有响应(拦截),403,https://m.qinqinxiaoshuo.com
仙域书库🎃,,有响应(拦截),403,http://www.xianyuandisplay.com#🎃
伍贰文学🎃,222最新校验成功,有响应(拦截),403,https://www.52wx.com#🎃
优·um笔趣阁,"笔趣,﹅ ♜ 优质,搜索失效",有响应(拦截),403,https://www.um16.cn
优·思路客⁷,"﹅ ♜ 优质,搜索失效",有响应(拦截),403,http://m.siluke.com.tw
优书网,"搜索链接规则为空,小说",有响应(拦截),403,https://www.yousuu.com/api
作废,🌼晨光雨露🍒精品源💯,有响应(拦截),403,www.biquge99.cc
傲轩小说网,⁵♡ོ晨光雨露✺普通源,有响应(拦截),403,https://m.axzw.com
元宝小说🎃,,有响应(拦截),403,https://www.ybwzx9.com#🎃
元尊小说网①,默认,有响应(拦截),403,http://19909.cc
免费小说网,发现,有响应(拦截),403,http://www.9sct.com
全本,已检,有响应(拦截),403,https://www.qb5.tw#grid tr!0
全本小说,已检验,有响应(拦截),403,https://www.qb5.tw#鸡排饭
全本小说网,已检验,有响应(拦截),403,https://www.qb5.tw#onede
全本小说网,,有响应(拦截),403,http://www.qb5.tw
全本小说网🎃,,有响应(拦截),403,https://www.quanben.so#🎃
全本小说🎃#4,222最新校验成功,有响应(拦截),403,https://www.qb5.tw#🎃
八一中文🎃#3,,有响应(拦截),403,https://m.x81zw.co#🎃
八零阅读（导入）,,有响应(拦截),403,http://www.txt80.cc
养鬼为祸,微筛选,有响应(拦截),403,https://www.yangguiweihuo.com
农村小说网,已检,有响应(拦截),403,http://www.ncxs.org
华书阁,默认,有响应(拦截),403,https://www.huashuge.com
卡酷小说网,②一般,有响应(拦截),403,http://www.kakuxs.com
友书小说网,①快,有响应(拦截),403,http://www.ystxt.com
可乐影视,"📺 影视聚合,搜索失效",有响应(拦截),403,https://klyingshi.com/
吾爱看书网,⁴☃晨光雨露᭄精品源,有响应(拦截),403,http://m.52kshu.info
品书库,,有响应(拦截),403,https://www.pinshuku.com/search
品文吧,A级,有响应(拦截),403,https://www.pinwen8.com
嘉丽文学,小说 书源,有响应(拦截),403,https://www.sz-yaxin.com
国度书院,小说,有响应(拦截),403,https://m.guodusy.com
图标小说🎃,小说,有响应(拦截),403,https://www.x33xs6.com#🎃
壹笔阁,"【❌❌】网站失-效,搜索失效",有响应(拦截),403,https://m.ybiquge.net/
壹贰看书,,有响应(拦截),403,http://www.12kanshu.com
壹贰看书#南笙21.0101,"﹅ 通用书源▪︎玄奇,搜索失效",有响应(拦截),403,http://www.12kanshu.com#南笙21.0101
大众小说网,默认,有响应(拦截),403,http://wap.dzxsw.net
大家读书院,已检,有响应(拦截),403,https://www.dajiadu.net
大文学无错小说网 - 手机版,暂不可用,有响应(拦截),403,https://m.wcxsw.org
大陆文学网™朝阳🔥,已检,有响应(拦截),403,https://www.dnxiaoshuo.com
天堂向左 深圳往右,,有响应(拦截),403,http://www.xbikuge.com
天天看书（发现）,"0227⭐,搜索链接规则为空",有响应(拦截),403,https://www.kankan365.cc
天天看小说,,有响应(拦截),403,https://www.ttkan.co
天天看小说TW,,有响应(拦截),403,https://tw.ttkan.co
天籁小说🎃,,有响应(拦截),403,http://www.picdg.co#🎃
奇书网,☣️senhora晋江,有响应(拦截),403,suyingwang.net
奇书网,☣️senhora晋江,有响应(拦截),403,http://m.suyingwang.net/
奇书网🧶,🏵️  小说,有响应(拦截),429,http://www.qisuu.com
奇奇阅读网🎃,,有响应(拦截),403,https://www.477zw.com#🎃
宅阅读™,搜索失效,有响应(拦截),401,https://m.zhaiyuedu.com
宅阅读™,"Wave,搜索失效",有响应(拦截),401,https://m.zydu1.com
完本小说①,已检,有响应(拦截),403,https://m.haotxt.com
宫趣阁,,有响应(拦截),403,https://www.gdhxmetal.com
富书湾,A级; 18,有响应(拦截),403,https://www.fushuwan.com
小刀阅读#🎊 53中文,🎊 优质,有响应(拦截),403,https://www.wusanzw.com/
小刀阅读#💎 笔趣阁㉒,"💎 常用,搜索失效",有响应(拦截),403,https://www.biqudd.com
小燕文学,,有响应(拦截),403,http://m.hshylt.com
小说宝库,小说,有响应(拦截),403,https://xsbk.cc
弟子小说网,,有响应(拦截),403,https://www.dizishu.com/xiaoshuo
心情小说②,¹▽置顶`ȏ´正版发现,有响应(拦截),403,https://www.xinqingxiaoshuo.com
思怡小说🎃,,有响应(拦截),401,https://m.siyixs.com#🎃
思路客,⁴☃晨光雨露᭄精品源,有响应(拦截),403,https://www.siluke123.com
思路客2#南笙21.0101,"﹅ 通用书源▪︎玄奇,搜索失效",有响应(拦截),403,https://www.siluke.la#南笙21.0101
思路客小说网🎃,,有响应(拦截),403,https://www.silukexsw.com#🎃
思路客🎃#2,,有响应(拦截),403,https://www.silukex.com#🎃
悠悠小说,new,有响应(拦截),403,https://www.uuxiaoshuo.net/
我的书阁(仅发现),"搜索链接规则为空,📖 小说",有响应(拦截),403,http://www.myshuge.org
手机小说网🎃,小说,有响应(拦截),403,https://m.shoujixsw.com#🎃
抓书网 haxc,,有响应(拦截),403,https://www.zhuashu.net
挑灯看书,,有响应(拦截),403,http://www.tiaodengk.com
文学三四🎃,,有响应(拦截),403,https://m.wenxue34e.com#🎃
文学🎃,,有响应(拦截),403,https://www.wenxue34.net#🎃
新丝路文学网,已检,有响应(拦截),403,https://m.xunsilu.com
新八一🎃,,有响应(拦截),403,https://www.x81zw.co#🎃
新吾爱网,"﹅ 通用书源▪︎玄奇,搜索失效",有响应(拦截),403,https://m.p43.net/
新奇书网,,有响应(拦截),403,http://m.xxqishu.com
新完本神站<搜索验证码>,搜索验证码,有响应(拦截),403,https://m.xinwanben.com/
新暖才文学网套的,AA级,有响应(拦截),403,http://m.xncwxw2.com
新笔趣阁,,有响应(拦截),403,https://www.biqu4.com
无忧书城🎃,,有响应(拦截),403,https://www.51shucheng.net#🎃
无错小说网,,有响应(拦截),403,https://m.read8.org
日照小说（仅发现）,网络,有响应(拦截),403,https://m2.rizhaoxs.com
旧屋阅读™,优,有响应(拦截),403,http://www.95yuedu.com
晚安小说网🎃,,有响应(拦截),403,https://m.wananxs.net#🎃
晨雨影院(必看源注释),,有响应(拦截),403,http://www.cy-cables.com
木豆小说-0912,,有响应(拦截),429,https://www.mudou.cc/
来书吧🎃,,有响应(拦截),403,https://www.laishu8.com#🎃
极速书库[仅发现],综合,有响应(拦截),403,https://www.bookjisu.com/
校园居,🌼晨光雨露🍒精品源💯,有响应(拦截),403,https://www.xxiaoyuanju.com
梦琪小说,已检,有响应(拦截),403,https://m.mqxs8.com
梦琪小说🎃,,有响应(拦截),403,https://m.gdasqjob.com#🎃
梦远书城🎃,,有响应(拦截),403,https://www.mengyuanshuchengcn.com#🎃
棉花糖,🏵️  小说,有响应(拦截),403,http://m.23mht.com
武林中文网,"搜索链接规则为空,天龙",有响应(拦截),403,https://m.50zww.com
武林中文网 50zw.la,"🏵️  小说,🎉 精选 🎉",有响应(拦截),403,https://www.50zw.la
民国盗墓,小说 书源,有响应(拦截),403,http://minguodaomuwangshi.wddsnxn.org
求书神站,A级,有响应(拦截),403,https://www.qiushushenzhan.com
求大佬把这个网址笔趣趣https://wap.biququ.com/做成书源 万分感谢,,有响应(拦截),403,https://wap.biququ.com/
污书屋🎃,,有响应(拦截),403,https://www.miaoquan2016.com#🎃
沙滩小说网🎃,,有响应(拦截),403,http://www.shatanxs.com#🎃
泥古小说🎃,,有响应(拦截),401,https://m.nigubook.com#🎃
流行百科🎃,,有响应(拦截),403,https://www.lxybaike.com#🎃
海普文学,网文,有响应(拦截),403,https://m.wh-haipu.com
游人小说,¹▽置顶`ȏ´正版发现,有响应(拦截),403,https://www.yourenxsw.com
灯笔小说🎃,,有响应(拦截),403,https://m.dengbi8.xyz#🎃
灵域小说网🎃,小说,有响应(拦截),403,https://wap.lingyutxt.net#🎃
灵域小说网🎃,,有响应(拦截),403,https://m.lingyutxt.net#🎃
燃文书库,校验超时,有响应(拦截),403,https://m.778buy.cc
燃文小说,☣️senhora起点,有响应(拦截),403,https://www.ranwenxs.net
爱书网,,有响应(拦截),403,http://www.aswxs.com
爱奇艺文学,失效,有响应(拦截),403,http://www.feedbooks.com/site/free
爱尚小说,,有响应(拦截),403,https://m.asxs.com
爱尚小说网①,🏵️  小说,有响应(拦截),403,http://www.at88.net
爱猫书屋🎃,,有响应(拦截),401,https://m.aimaosw.com#🎃
爱看书【无搜索】,"搜索链接规则为空,全部来自论坛",有响应(拦截),403,http://18ta.com/
爱看书阁🎃,,有响应(拦截),403,https://m.akkxs.net#🎃
爱阅小说,网文,有响应(拦截),403,http://www.bjkgjlu.com
版主🎃,,有响应(拦截),403,https://www.diyibanzhu.me#🎃
版主🎃#2,,有响应(拦截),403,https://www.diyibanzhu.online#🎃
牛颜小说网,📖 小说,有响应(拦截),403,https://www.niuyan123.link
牡云文学（发现）,小说 书源,有响应(拦截),403,https://m.myitit.com
玉米小说,微筛选,有响应(拦截),403,https://www.yumitxt.com/
玫瑰小说网,,有响应(拦截),403,https://m.meiguixs.net
电子书屋,¹▽置顶`ȏ´正版发现,有响应(拦截),403,https://www.dzs5.com/
番茄中文,"🎉 精选 🎉,番茄小说",有响应(拦截),403,https://www.fqzw.net
番茄小说,搜索失效,有响应(拦截),403,http://www.fqzw.net
百字小说网🎃,,有响应(拦截),401,https://www.baizixs.com#🎃
皮卡小说,小说 书源,有响应(拦截),403,https://www.zym888.com#🎃
盗随动漫,视频,有响应(拦截),403,https://myself-bbs.com
看书阁,,有响应(拦截),403,http://www.xseeshu.com
知轩藏书x,"自制,备用,搜索失效",有响应(拦截),403,http://www.zxcsx.com
磨铁中文,,有响应(拦截),403,http://app2.motie.com
神书宝1,💦精品,有响应(拦截),403,https://quapp.shenbabao.com#薅白
神八宝,"💭💭💭💭💭💭,搜索失效",有响应(拦截),403,https://quapp.shenbabao.com
神品屋,已检,有响应(拦截),403,https://www.shenpinwu.com
秋语阁,C组,有响应(拦截),403,http://m.qiuyuwu.com
秋语阁🎃,,有响应(拦截),403,http://www.qiuyuwu.com#🎃
笔下文学,¹▽置顶`ȏ´正版发现,有响应(拦截),403,http://www.ywggzy.com
笔下文学,,有响应(拦截),403,https://www.bxwx6.org
笔下文学🎃#7,,有响应(拦截),403,https://www.pafuke.com#🎃
笔墨看书网🎃,,有响应(拦截),401,https://www.bimoks.com#🎃
笔趣#33,"💭💭💭💭💭💭,搜索失效",有响应(拦截),403,http://www.quge6.com
笔趣E[无搜索],任尚仁,有响应(拦截),403,https://m.biqubao10.com/
笔趣看,²♨笔-趣-阁❆,有响应(拦截),403,https://www.biqukan.com
笔趣窝™,已检,有响应(拦截),403,https://m.biquwo.com
笔趣趣,,有响应(拦截),403,https://www.biququ.com/
笔趣阁,"1,5.26,搜索失效",有响应(拦截),403,https://m.xbiquge.so/
笔趣阁,³۝天域整理,有响应(拦截),403,http://www.meituhe.com
笔趣阁,"🏵️  小说,💒 笔趣",有响应(拦截),403,http://www.biquge.tw
笔趣阁,💗,有响应(拦截),403,http://m.biqege.com
笔趣阁,,有响应(拦截),403,https://www.meituhe.com/
笔趣阁,,有响应(拦截),403,http://www.mibaoge.com
笔趣阁,已检,有响应(拦截),403,https://www.biqugeii.com
笔趣阁,已检,有响应(拦截),403,http://hjgjgwh.com
笔趣阁 mibaoge,,有响应(拦截),403,https://www.mibaoge.com
笔趣阁 zanghaihuatxt,"🏵️  小说,💒 笔趣",有响应(拦截),403,https://www.zanghaihuatxt.com
笔趣阁bqg11,"笔趣,搜索失效",有响应(拦截),403,https://m.bqg11.com
笔趣阁①⓪③,"笔趣,搜索失效",有响应(拦截),403,https://www.bqgame.net
笔趣阁⑥,"888,发现规则为空,0827,无梦解书荒",有响应(拦截),403,https://www.xbiquge.org/
笔趣阁㉝,②一般,有响应(拦截),403,http://www.bqg02.com
笔趣阁（发现）,小说 书源,有响应(拦截),403,https://www.whzh-cw.com
笔趣阁🎃#10,,有响应(拦截),403,http://www.biqugexs.com#🎃
笔趣阁🎃#12,,有响应(拦截),403,https://www.ahfgb.com#🎃
笔趣阁🎃#24,,有响应(拦截),403,https://www.biqugee6.com#🎃
笔趣阁🎃#28,,有响应(拦截),403,http://www.bequgexs.com#🎃
笔趣阁🎃#39,,有响应(拦截),403,https://m.baiycap.net#🎃
笔趣阁🎃#44,,有响应(拦截),403,https://m.xsobiquge.com#🎃
笔趣阁🎃#47,,有响应(拦截),403,https://www.biqupai.com#🎃
笔趣阁🎃#64,,有响应(拦截),403,https://www.biqugewxw.com#🎃
笔趣阁🎃#67,,有响应(拦截),403,https://m.biqubu.com#🎃
笔趣阁🎃#75,,有响应(拦截),403,https://www.bq09.cc#🎃
笔趣阁🎃#77,,有响应(拦截),403,https://www.aishangba.info#🎃
笔趣阁🎃#83,,有响应(拦截),403,http://www.biqubu.com#🎃
第一版主,疯狂的蜗牛,有响应(拦截),429,http://www.banzhu555.com
米兔小说,"搜索链接规则为空,天龙",有响应(拦截),403,http://www.m2m2.net
经典小说网,,有响应(拦截),403,http://www.jdxs5200.net
给力文学,🏵️  小说,有响应(拦截),403,https://www.geilwx.com
美乐读小说,"自制,发现,源仓库,网页源",有响应(拦截),403,https://m.meledxs.com
艾米,优质源👍,有响应(拦截),403,https://www.amxsw.com
艾米小说mm,B类,有响应(拦截),403,http://m.amxsw.com
荷包网,已检,有响应(拦截),403,https://m.hebaoi.com
落秋中文🎃,222最新校验成功,有响应(拦截),403,https://www.luoqiu.info#🎃
落秋🎃,,有响应(拦截),403,http://www.luoqiu.io tr!0#🎃
蓝悦小说,小说 书源,有响应(拦截),403,https://m.lanyuejiaoyu.com
蓝悦小说网wap,自己,有响应(拦截),403,https://wap.lanyuejiaoyu.com/
藏地密码（仅发现）,综合,有响应(拦截),403,https://www.zangdimima.cc
血红,🏵️  小说,有响应(拦截),403,https://www.xuehongxs.com
血红,🏵️  小说,有响应(拦截),403,https://www.xuehongxs.com#tbody tr!0
衍墨轩🎃,,有响应(拦截),403,http://www.ymxwx.com#🎃
西红柿吧,小说 书源,有响应(拦截),403,http://www.zym888.com
西红柿小说移动版[fqxsw],"搜索,搜索失效",有响应(拦截),403,http://m.fqxsw.org/
西红柿小说🎃,,有响应(拦截),403,http://www.zym888.com#🎃
要看书,已检,有响应(拦截),403,https://www.1kanshu.cc
言情小说园,搜索链接规则为空,有响应(拦截),403,https://www.yqxsy.com
言情小说网,☀晨光雨露🍒精俢源💯,有响应(拦截),403,https://www.xyqxs.cc/
说书吧,,有响应(拦截),403,http://www.shuoshu8.com
读一读免费小说网,³۝天域整理,有响应(拦截),403,http://m.du1du.org
贝卡书屋[仅发现],,有响应(拦截),401,https://m.beikasw.com
贴吧🎃,,有响应(拦截),403,https://tieba.baidu.com#🎃
趣书网,,有响应(拦截),403,https://qushu123.com
趣书网吧（导）,小说 书源,有响应(拦截),403,https://www.qushu123.com
轮回小说网,,有响应(拦截),403,https://www.xs.org
连载书,,有响应(拦截),403,http://www.lianzais.com
连载书,网文,有响应(拦截),403,http://m.lianzais.com
追书网4,搜索失效,有响应(拦截),403,http://www.zshu.net
邂逅小说,🏵️  小说,有响应(拦截),403,http://m.xhxswz.com
都市言情🎃,,有响应(拦截),403,http://www.dsyq.org#🎃
采墨阁,"搜索链接规则为空,全部来自论坛",有响应(拦截),403,https://www.caimoge.com/
采墨阁ⓞ,,有响应(拦截),403,https://www.caimoge.org#sitembox dl
锡海,锡海,有响应(拦截),403,http://www.otcwuxi.com
阅宝书屋,"小说 书源,搜索失效",有响应(拦截),403,http://www.yuezibaomush1.com/
阅宝书屋🎃,🎄常用,有响应(拦截),403,http://www.yuezibaomush1.com#🎃
阿尔法文学网,已检,有响应(拦截),403,https://www.alphafun.com
阿拉法小说网,漫画,有响应(拦截),403,https://www.alfagame.net
雁北堂,学习,有响应(拦截),403,http://m.ebtang.com
雁北堂🎃,,有响应(拦截),403,http://www.ebtang.com#🎃
雁北堂🎃,,有响应(拦截),403,https://m.ebtang.com#🎃
雁北堂🎃2,,有响应(拦截),403,https://www.ebtang.com#🎃
雨烟小说🎃,,有响应(拦截),401,https://m.yuyanxs.com#🎃
雪文网🎃,-------,有响应(拦截),401,https://m.xuewens.com#🎃
零点,"5.24,搜索失效",有响应(拦截),403,http://www.4006009900.com/
顶点小说,🇨🇳Namo,有响应(拦截),403,https://www.ibooktxt.com
顶点小说 booktxt,顶点小说,有响应(拦截),403,http://www.booktxt.com
顶点小说⑬,搜索失效,有响应(拦截),403,http://www.xkjyxy.com
顶点小说网,3、精品,有响应(拦截),403,http://www.es123.com
飘天文学🎃,,有响应(拦截),403,http://www.piaotian.us#🎃
飘天文学🎃#3,,有响应(拦截),403,http://www.huruijz.com#🎃
飘柔文学,②💫优选,有响应(拦截),403,https://www.prwx.org
飞鸟看书-修复版,,有响应(拦截),403,https://www.feiniaoks.com
骑士文学网,CM名著,有响应(拦截),403,http://wap.19909.cc
魔爪小说🎃,,有响应(拦截),401,https://m.wenzhug.com#🎃
鲤鱼乡,爱猫小说书源合集,有响应(拦截),403,http://www.bllyxw.com
鲤鱼乡①,,有响应(拦截),403,http://www.liyuxiang123.cc
齐齐小说网(需登录),卢客源,有响应(拦截),403,https://m.qiqqi.com/
🌸 166小说,🌸常用,有响应(拦截),403,https://m.166xsk.com
🌸 5G小说,"⛓️破防,🌸常用",有响应(拦截),403,https://m.5gxs.com#bookbox
🌸 七茶书网,,有响应(拦截),403,http://www.7chajiu.com
🌸 好看中文,🌸常用,有响应(拦截),403,https://m.haokanzw.com
🌸 小说123,🌸常用,有响应(拦截),403,https://www.xs123.net
🌸 玩吧小说,🌸常用,有响应(拦截),403,https://m.wanbar.net
🌸 笔趣阁,🌸常用,有响应(拦截),403,http://www.biqu6.cc
🌸 笔趣阁kang,笔趣阁,有响应(拦截),403,https://www.bodekang.net
🌸 读全本,,有响应(拦截),403,https://www.duquanben.com
🌸 风华居@芜恙,🌸常用,有响应(拦截),403,https://www.fenghuaju.cc#grid tr
🌸★APP-2★,"【❌❌】网站失-效,搜索失效",有响应(拦截),403,https://quapp.shenbabao.com#关耳
🌸乐文,🏵️  小说,有响应(拦截),403,https://www.lewencom.com
🌸书快小说,"﹅ ✾ 言耽,搜索失效",有响应(拦截),403,https://www.shukuai.net#关耳
🌸顶点小说②,🌸精选,有响应(拦截),403,https://www.booktxt.com
🍁笔趣阁⑥⑥,🍁 笔趣 🍁,有响应(拦截),403,http://www.biqudi.cc/
🍁笔趣阁⑦⑧,²♨笔-趣-阁❆,有响应(拦截),403,http://www.dzxzh.com/
🍁笔趣阁⑪⑤,🍁 笔趣 🍁,有响应(拦截),403,https://www.znlzd.com/
🍁笔趣阁⑮④,🍁 笔趣 🍁,有响应(拦截),403,http://www.biqugexsw.org/
🍁笔趣阁⑮④,🍁 笔趣 🍁,有响应(拦截),403,http://www.qimizi.com/
🍁笔趣阁⑯④,🍁 笔趣 🍁,有响应(拦截),403,http://www.biqutv.com/
🍁笔趣阁⑱⑦,🍁 笔趣 🍁,有响应(拦截),403,http://www.syxfgov.cn/
🍁笔趣阁⑲⓪,🍁 笔趣 🍁,有响应(拦截),403,http://www.chinayzxx.net/
🍊 看 书 堂,🍊女频,有响应(拦截),403,http://www.kanshutang.org
🍎 乐文②,🏅 精选,有响应(拦截),403,https://www.lewencom.com#sitebox
🍑 BL鲤鱼乡,🔱 绅士淑女 🔱,有响应(拦截),403,http://m.blliyuw.com
🍑 小宝小说网,"﹅ ✾ 言耽,搜索失效",有响应(拦截),403,http://www.xbooktxtt.com
🍑 石头阅读,,有响应(拦截),403,https://www.jiaodafu.net
🍒 KING小说,🍒言情,有响应(拦截),403,https://www.kingho.net
🍒 雅文言情,,有响应(拦截),403,https://www.yawenb.com
🍺 59书库,🌿精选源,有响应(拦截),403,http://m.59shuku.com
🍺 八戒,优质源👍,有响应(拦截),403,http://www.bjwxw.com#result-item
🍺 八路中文,"搜索链接规则为空,小说",有响应(拦截),403,http://www.86zw.co
🍺 思路客①②③,⁴☃晨光雨露᭄精品源,有响应(拦截),403,https://www.siluke123.com#tbody tr!0:1
🍺 思路客③,🍺特优,有响应(拦截),403,http://www.silukk.com
🍺 思路客⑤,"🍺特优,☣️senhora起点",有响应(拦截),403,https://www.siluke5.com#novelslistss li
🍺 思路客⑨,🍺特优,有响应(拦截),403,http://www.siluke.la
🍺 思路客⑨,🍺特优,有响应(拦截),403,http://www.siluke.la#tbody tr!0
🍺 思路客ⓧ,"🍺特优,搜索失效",有响应(拦截),403,http://www.xsiluke.com#book-coverlist
🍺 热门小说②,,有响应(拦截),403,https://www.remenxs.org
🍺 百书楼 ♜♜♜,,有响应(拦截),429,https://www.bsl666.com
🍺 看书吧,🍺特优,有响应(拦截),403,http://m.kanshu8.net
🍺 稻草人书屋,"﹅ ♛ 精品,搜索失效",有响应(拦截),403,http://www.szztxt.com/
🍺 稻草人书屋,"﹅ ♛ 精品,搜索失效",有响应(拦截),403,http://m.szztxt.com/
🍺 笔下文学(感谢3.0大佬的书源),"🍺特优,🚀VPN",有响应(拦截),403,http://www.bxwx6.org
🍺 醋溜儿,"☣️精选senhora,☣️senhora起点,🍺特优",有响应(拦截),429,https://www.clewx.com#book_data
🎃17K网🎃,,有响应(拦截),405,https://h5.17k.com#🎃
🎃3A小说🎃#2,,有响应(拦截),403,https://www.aaaxs.cc#🎃
🎃书城网包🎃,,有响应(拦截),403,http://www.shucw.net#🎃
🎃书轩网🎃,,有响应(拦截),403,https://www.bookxuan.com#🎃
🎃书迷楼🎃,,有响应(拦截),403,https://www.shumilou.co#🎃
🎃全本小说网🎃,,有响应(拦截),403,https://www.songzichuanmei.com#🎃
🎃全本小说🎃#3,,有响应(拦截),403,https://www.esstr.com#🎃
🎃幻梦轻小说🎃,,有响应(拦截),403,https://www.huanmengacg.com#🎃
🎃思路客🎃#3,,有响应(拦截),403,http://www.silukk.com#🎃
🎃旭日小说🎃,,有响应(拦截),401,https://m.xuribook.com#🎃
🎃看书阁🎃,,有响应(拦截),403,https://m.xseeshu.net#🎃
🎃第一版主🎃,,有响应(拦截),403,http://www.diyibanzhu.online#🎃
🎃西德书屋🎃,,有响应(拦截),401,https://m.xide8.com#🎃
🎈 猪婆小说,⁶❀耽女︎ºั轻言,有响应(拦截),403,http://m.zpxs.net
🎉 13小说™,"﹅ ♛ 精品,搜索失效",有响应(拦截),403,http://www.13xxs.com
🎉 E小说💜💜💜,"滨边美波,★,🎉 精品,☀️搜书/换源 A▪精品",有响应(拦截),403,https://www.zwda.com#result-item
🎉 zxk9,🎉精品,有响应(拦截),429,https://www.zxk9.com
🎉 万书楼net,🎉 精选 🎉,有响应(拦截),403,https://www.wanshulou.net
🎉 三掌门,"﹅ ♛ 精品,搜索失效",有响应(拦截),403,https://www.3zm.la
🎉 书客吧,🎉精品,有响应(拦截),403,https://www.shukeba.com
🎉 书朋小说,🎉精品,有响应(拦截),403,https://m.shupengwang.com
🎉 云阅小说,🎉精品,有响应(拦截),403,http://www.yunyue.cc
🎉 优·三掌门™,,有响应(拦截),403,https://www.3zmmm.com
🎉 全本小说⑦ S,"﹅ ♛ 精品,搜索失效",有响应(拦截),403,https://m.va-etong.com
🎉 八戒中文,🎉精品,有响应(拦截),403,https://m.bjwxw.com
🎉 六毛中文,🎉精品,有响应(拦截),403,https://www.6mzw.com
🎉 再读中文,,有响应(拦截),403,https://www.zaidu.la
🎉 千千小说②,🎉精品,有响应(拦截),403,https://www.qqxs5200.com
🎉 品书库,,有响应(拦截),403,https://www.pinshuku.com
🎉 天籁小说cc,,有响应(拦截),403,https://www.tlai.cc
🎉 好看书吧,🎉精品,有响应(拦截),403,https://www.hkshu8.com
🎉 官术网 3dllc.com,"﹅ ♛ 精品,搜索失效",有响应(拦截),403,http://www.3dllc.com
🎉 小说续,¹▽置顶`ȏ´正版发现,有响应(拦截),403,http://www.xsxu.net
🎉 小说酒吧,"﹅ ♛ 精品,搜索失效",有响应(拦截),403,https://www.xiaoshuo98.com
🎉 尘缘文学,🎉 精选 🎉,有响应(拦截),403,http://www.15cy.org
🎉 文学巴士,🎉精品,有响应(拦截),429,https://www.wx84.com
🎉 新格格党,,有响应(拦截),403,http://www.1388txt.com
🎉 无错小说网,🎉精品,有响应(拦截),403,https://www.wcxsw.net
🎉 晨曦小说,🎉精品,有响应(拦截),403,http://m.chenxixiaoshuo.com
🎉 来书吧中文网,🎉精品,有响应(拦截),403,http://www.laishu5.com
🎉 爱尚小说移动版,🎉精品,有响应(拦截),403,http://m.23hh.com
🎉 爱读小说网,🎉精品,有响应(拦截),403,https://amp.52dus.net
🎉 番茄（西红柿）小说（搜索为空，来个大佬）,🎉1039,有响应(拦截),403,https://m.fqxsw.org
🎉 百墨阁[仅发现],,有响应(拦截),403,https://www.baimoge.com
🎉 百文择,🎉精品,有响应(拦截),403,https://m.bwzxs.com
🎉 知己,🎉精品,有响应(拦截),403,https://m.zjxsfm.com
🎉 知己,🎉精品,有响应(拦截),403,https://m.zjxsfm.com#pt-recomment-cont
🎉 神品屋,🎉精品,有响应(拦截),403,https://www.shenpinwu.com#grid tr!0
🎉 笔趣窝,🏵️  小说,有响应(拦截),403,http://www.biquwo.org
🎉 笔趣阁,🎉 精选,有响应(拦截),403,https://m.bqgxsw.com/modules/article/
🎉 笔趣阁,"🎉精品,搜索失效",有响应(拦截),403,http://www.kuaiqun.org
🎉 笔趣阁④,🎉精品,有响应(拦截),403,https://www.woquge.com
🎉 笔趣阁⑥,"笔趣,﹅ ♛ 精品,搜索失效",有响应(拦截),403,https://m.mibaoge.com
🎉 笔趣阁Ⓝ S,笔趣阁,有响应(拦截),403,https://www.biqugeso.com
🎉 第九中文①,🎉精品,有响应(拦截),403,https://www.9book.net
🎉 紫笔文学,🎉精品,有响应(拦截),429,https://www.zibibi.com
🎉 艾米,🎉精品,有响应(拦截),403,https://www.amxsw.com#grid tr!0
🎉 落秋,【小说3书源】,有响应(拦截),403,http://www.luoqiu.io#grid
🎉 言情小说,,有响应(拦截),403,https://www.yqbiqu.com
🎉 读一读①𖤓#一介20.0831,已检验,有响应(拦截),403,http://du1du.org#一介20.0831
🎉 读零零小说网,🎉 精选 🎉,有响应(拦截),429,http://m.du00.com
🎉 醋溜儿文学,🏵️  小说,有响应(拦截),429,http://www.clewx.com
🎉 采墨阁,🎉精品,有响应(拦截),403,https://www.caimoge.com/search.html
🎉 顶点小说⑳,"【❌❌】网站失-效,搜索失效",有响应(拦截),403,https://www.23hh.net/
🎉 顶点小说网,,有响应(拦截),403,http://m.ddxs.com
🎉 顶点小说网,🎉精品,有响应(拦截),403,https://www.ddtxt.cc
🎉 风雨小说网②,🎉精品,有响应(拦截),403,http://www.fengyuxs.com
🎉一品中文网,🎉 精选 🎉,有响应(拦截),403,http://www.epzw.org/
🎉久久新书,🎉 精选 🎉,有响应(拦截),403,http://m.jjxs.org/
🎉乐文小说⑥,🎉 精选 🎉,有响应(拦截),403,https://www.lwxs66.com/
🎉乐文小说⑨,🎉 精选 🎉,有响应(拦截),403,http://www.lwxs66.com/
🎉乐文小说⑬,🎉 精选 🎉,有响应(拦截),403,https://www.lwxsw8.com/
🎉八一中文⑫,🎉 精选 🎉,有响应(拦截),403,http://www.zwdu.net/
🎉创世中文网,🎉 精选 🎉,有响应(拦截),403,http://www.ncmhw.cn/
🎉华书阁,🎉 精选 🎉,有响应(拦截),403,https://www.huashuge8.com/
🎉快眼看书②,🎉 精选 🎉,有响应(拦截),403,http://www.kuaiyan.org/
🎉搜小说⑤,🎉 精选 🎉,有响应(拦截),403,http://www.sosoxs.org/
🎉燃文小说⑧,⁴☃晨光雨露᭄精品源,有响应(拦截),403,http://www.ranwenw.com/
🎉玩吧小说 #关耳,"﹅ ♛ 精品,搜索失效",有响应(拦截),403,https://m.wanbar.net#guaner
🎉笔趣屋,🎉 精选 🎉,有响应(拦截),403,https://www.biquwu.com/
🎉笔趣窝,🎉 精选 🎉,有响应(拦截),403,http://www.biquwo.com/
🎉笔趣阁③#嘚嘚21.0201,"【🈵♥🈵💯】231123千组1,【】👾笔趣阁,搜索失效",有响应(拦截),403,https://www.biqooge.com#grid tr!0#嘚嘚21.0201
🎉笔趣阁㊳,"🎉 精选 🎉,💒 笔趣",有响应(拦截),403,https://www.biqubook.com/
🎉芙蓉小说网,🎉 精选 🎉,有响应(拦截),403,http://www.jfrxs.com/
🎉趣书吧,🎉 精选 🎉,有响应(拦截),403,http://www.qushuba.net/
🎉追书屋,🎉 精选 🎉,有响应(拦截),403,http://www.jzsw.cc/
🎉都来读,🎉 精选 🎉,有响应(拦截),403,https://www.dldxs.cc/
🎉飘天文学⑥,🎉 精选 🎉,有响应(拦截),403,http://www.piaotianwx.com/
🎊 ⓧ思路客,搜索失效,有响应(拦截),403,http://www.xsiluke.com#book-coverlist#芜恙
🎊 思路客④,🏵️  小说,有响应(拦截),403,http://www.siluke.com.tw#grid tr!0
🎊 思路客⑤,搜索失效,有响应(拦截),403,https://www.siluke5.com#novelslistss li#芜恙
🎊 思路客ⓣⓦ,搜索目录失效,有响应(拦截),403,http://www.siluke.com.tw#grid tr!0#芜恙
🎊 思路客ⓣⓦ,搜索目录失效,有响应(拦截),403,http://www.siluke.com.tw
🎋D586小说网🎋,,有响应(拦截),403,https://m.d586.com/
🎗️看  帮  网,,有响应(拦截),403,https://www.kanbang.cc##
🎯文书楼,🏵️  小说,有响应(拦截),403,https://m.wenshulou.cc
🐑凉麓岁雾,已检验,有响应(拦截),403,https://www.60355.net
🐶思路客②🍒,搜索失效,有响应(拦截),403,https://www.silukexsw.com#grid tr!0
🐶思路客⑬🍒,搜索失效,有响应(拦截),403,https://www.xsiluke.net/
🐶毛线看书网🍒,搜索失效,有响应(拦截),403,http://www.etrv.net/
🐶纵横中文网🍒,搜索失效,有响应(拦截),403,http://www.sxmtxx.net/
👍 69书吧①,优质源👍,有响应(拦截),403,https://www.69shu.com#sk_box
👍 txt小说网电脑版,优质源👍,有响应(拦截),403,www.txtxs.org
👍 书轩网,👍优质,有响应(拦截),403,http://wap.bookxuan.com
👍 全本,"5.26,搜索失效",有响应(拦截),403,https://www.qb5.tw#grid tr!0#芜恙
👍 八一中文,优质源👍,有响应(拦截),403,http://www.81zw.in
👍 八戒,"﹅ ♜ 优质,搜索失效",有响应(拦截),403,http://www.bjwxw.com#result-item#芜恙
👍 手打吧,"﹅ ♜ 优质,搜索失效",有响应(拦截),403,https://www.shouda8.com#alistbox#芜恙
👍 手打吧,👍 优选,有响应(拦截),403,https://www.shouda8.com#alistbox
👍 楼兰,"﹅ ♜ 优质,搜索失效",有响应(拦截),403,https://www.lltxt.com#芜恙
👍 楼兰,"﹅ ♜ 优质,搜索失效",有响应(拦截),403,https://www.lltxt.com
👍 笔下看书,👍优质,有响应(拦截),403,https://www.jbzyzs.com
👍 笔趣阁➅,🏆精品,有响应(拦截),403,https://www.biqubu.com
👍 蒲公英中文网,优质源👍,有响应(拦截),429,http://www.pgyzw.com
👍 邂逅小说网,👍优质,有响应(拦截),403,http://www.xhxswz.com
👍 青豆小说网qdtxt.net[仅发现],👍优质,有响应(拦截),429,http://www.qdtxt.net
👍 顶点②,②💫优选,有响应(拦截),403,https://www.booktxt.com#result-item
👍 顶点②💙💙💙,"21.01芜恙,👍 优质,★,☀️搜书/换源 B▪优质",有响应(拦截),403,https://www.booktxt.com#result-item#芜恙
👍 顽石网,🏵️  小说,有响应(拦截),403,https://www.zhenben.org
👍 风华居,"﹅ ♜ 优质,搜索失效",有响应(拦截),403,https://www.fenghuaju.cc#grid tr#芜恙
👍乐文小说⑮,优质源👍,有响应(拦截),403,https://www.lwxs00.com/
👍乐文小说⑳,优质源👍,有响应(拦截),403,https://www.lewenlewen.com/
👍思路客⑨,优质源👍,有响应(拦截),403,https://www.silukes.com/
👍搜狗小说#温暖满怀,"👍 优质,★,☀️搜书/换源 B▪优质",有响应(拦截),403,https://www.sgxs.cc#温暖满怀
👍烟雨中文,已检验,有响应(拦截),403,http://www.yanyuzw.com
👍真本小说,优质源👍,有响应(拦截),403,https://www.zhenben.net
👍笔趣看②,优质源👍,有响应(拦截),403,https://www.bqkan.com/
👍笔趣阁⑥⑧,"优质源👍,💒 笔趣",有响应(拦截),403,https://www.biqugebar.com/
👍笔趣阁⑦⑤,"优质源👍,💒 笔趣",有响应(拦截),403,https://www.xs.la/
👍笔趣阁⑩Ο,"优质源👍,💒 笔趣",有响应(拦截),403,https://www.biqugesc.com/
👍零点看书,优质源👍,有响应(拦截),403,https://www.ldks.cc
👍顶点小说㉔,优质源👍,有响应(拦截),403,https://www.xsbooktxt.com/
💊 阅书阁,💊无搜,有响应(拦截),403,https://www.yshuge.org
💎 云趣阁,🏵️  小说,有响应(拦截),403,https://www.yunjiaoso.com
💒 笔趣阁,"【🈵♥🈵💯】231123千组1,【】👾笔趣阁,搜索失效",有响应(拦截),403,https://www.biqooge.com#grid tr!0#芜恙
💜新笔趣阁💜#冷魅,笔趣阁,有响应(拦截),403,https://www.xbiquge.so#冷魅
💦114中文①,🎉 精选 🎉,有响应(拦截),403,https://www.114zw.org/
💦下书网②,"💦 男频精品 💦,®️ 搜书男频 ®️,⌛️ 全局搜书 ⌛️",有响应(拦截),403,https://www.xiashuwu.com
💦想看就来,小说,有响应(拦截),403,https://www.xk9l.com/
💦武林中文③,⁴☃晨光雨露᭄精品源,有响应(拦截),403,https://www.50zw.co/
💦笔趣阁㊹,"🎉 精选 🎉,💒 笔趣",有响应(拦截),403,https://www.biquduo.com/
💯文学迷,💯 精品 💯,有响应(拦截),403,https://www.wenxuemi.cc/
💯玫瑰小说,💯精品,有响应(拦截),403,https://www.meiguixs.net
💯采墨阁,搜书,有响应(拦截),403,https://www.caimoge.com#sitembox dl
💯飘天中文①,💯 精品 💯,有响应(拦截),403,https://www.piaotianzw.com/
💵 崽崽的小站,💵正版,有响应(拦截),403,https://www.zaizairead.com
💵 月亮书城,💵正版,有响应(拦截),403,https://mcp.yuewen.com
📒蓝柔小说,🏵️  小说,有响应(拦截),403,http://www.lanrou2.net
📖 笔趣阁②,笔趣阁,有响应(拦截),403,https://m.qxzx8.com
📖 笔趣阁②,已检,有响应(拦截),403,https://m.sobiquge.com
📖 阿达小说,📖 小说,有响应(拦截),403,https://m.ad2la.com/
📖 鲤鱼乡网,📖 小说,有响应(拦截),403,https://liyuxiang.me/
📖百合会论坛,"搜索正文失效,发现正文失效",有响应(拦截),405,https://bbs.yamibo.com#关耳
📚 藏书集,📚出版,有响应(拦截),403,http://www.cangshuji.com
📚 言情小说,¹▽置顶`ȏ´正版发现,有响应(拦截),403,https://www.33yqxs.com
📡 三寸人间,📡发现,有响应(拦截),403,https://www.mingrenteahouse.com
📡 凤舞文学,📡发现,有响应(拦截),403,https://m.babk.net/
📡 笔趣阁9sct[仅发现],📡发现,有响应(拦截),403,https://9sct.com
📥巴士书库,"【❌❌】搜索失-效,搜索失效",有响应(拦截),403,http://m.84sk.com#关耳
📥巴士书库,"【❌❌】搜索失-效,搜索失效",有响应(拦截),403,http://m.84sk.com#乃星
📺Jable.Tv,第一批,有响应(拦截),403,https://jable.tv
🔖八一中文①,"🍍🍍🍍🍍🍍🍍,🔖177",有响应(拦截),403,https://m.x81zw.co#wy18-1001
🔖新书本网,微筛选,有响应(拦截),403,https://m.xbookben.com
🔥 格格党,🏵️  小说,有响应(拦截),403,https://www.ggdown8.com#search_result_list tr!0
🔥 落秋⑤,喵公子,有响应(拦截),403,https://www.luoqiu.info#book-coverlist
🔥魔云说,"搜索链接规则为空,天龙",有响应(拦截),403,http://www.moyunshuo.com
🔰 800小说,🔰 普通,有响应(拦截),403,https://www.800book.cc
🔰 hani,🔰 普通,有响应(拦截),403,https://hanime1.me/comics
🔰 三三文学网,🔰普通,有响应(拦截),403,http://www.19lou.hk
🔰 云阅小说,🏵️  小说,有响应(拦截),403,https://www.yunyue.cc
🔰 去看看小说,🔰普通,有响应(拦截),403,http://www.7kankan.com
🔰 呱呱小说网™,🔰 普通,有响应(拦截),403,https://www.xguaguaxs.com
🔰 天津小说网,🔰普通,有响应(拦截),403,https://www.tmetb.net
🔰 弟子,🔰普通,有响应(拦截),403,https://www.dizishu.com
🔰 思路客小说网,🔰 普通,有响应(拦截),403,https://www.silukexsw.com
🔰 玫瑰小说,🔰 普通,有响应(拦截),403,http://www.meiguixs.net
🔰 百墨阁,搜索链接规则为空,有响应(拦截),403,https://www.baimoge8.com
🔰 笔下看书阁,🔰普通,有响应(拦截),403,http://www.lhjypx.net
🔰 第八区小说网™,🏵️  小说,有响应(拦截),403,https://www.idibaqu.com
🔰 落秋中文,🔰 普通,有响应(拦截),403,http://www.luoqiuzww.com
🔰 读读看小说网,🔰 普通,有响应(拦截),403,https://m.cdmdk.com
🔰 顶点小说,🔰 普通,有响应(拦截),403,https://www.wxsy.net
🔰 顶点小说23us,🔰 普通,有响应(拦截),403,https://www.23us.net
🔰 顶点小说hbfie,🔰 普通,有响应(拦截),403,https://www.hbfie.org
🔰 顶点小说⑦,⁵♡ོ晨光雨露✺普通源,有响应(拦截),403,https://www.w23us.com
🔰 顶点小说网,🔰普通,有响应(拦截),403,https://www.zhbiao.net
🔰塔读小说②,🔰 一般 🔰,有响应(拦截),403,https://www.tdxiaoshuo.com/
🔰天籁书屋,🔰 一般 🔰,有响应(拦截),403,https://www.tlshuwu.com/
🔰搜搜小说,🔰 一般 🔰,有响应(拦截),403,https://www.souxiaoshuo.cc/
🔰新书包网②,🔰 一般 🔰,有响应(拦截),403,https://www.51aslz.com/
🔰无限中文,🔰 一般 🔰,有响应(拦截),403,https://www.wuxianzw.com/
🔰望书阁中文,🔰 一般 🔰,有响应(拦截),403,https://www.wsgzw.com/
🔰笔趣阁⑫⑦,"🏵️  小说,💒 笔趣",有响应(拦截),403,http://www.biquduge.com/
🔰起舞电子书,🔰 一般 🔰,有响应(拦截),403,https://www.75txt.com/
🔰轻之小说,🔰 一般 🔰,有响应(拦截),403,https://www.qzxiaoshuo.com/
🚀 睡前原创小说,🚀 VPN,有响应(拦截),403,https://www.lohuasen.com
🚩 飘天文学[盾],🚩 弹窗,有响应(拦截),403,https://www.piaotianwenxue.com
🚬 乡村小说网xiangcunxsw.com,搜索链接规则为空,有响应(拦截),403,http://www.xiangcunxsw.com
🚬 吾爱看书,🚬刘备,有响应(拦截),403,http://www.52kshu.info
🚬 小说坊,🚬刘备,有响应(拦截),429,http://www.50xsf.com
🚬 笔趣下书,,有响应(拦截),429,https://www.biquxiashu.com
🚬 青豆小说网②,"🙈🙈🙈🙈🙈🙈,🚬185,搜索失效",有响应(拦截),403,http://www.qdxiaoshuo.net
🛠️ 下书网[缺页],🛠️待修,有响应(拦截),403,https://www.xiashu.cc
🛠️ 紫笔[缺页],🛠️待修,有响应(拦截),429,http://m.zibibi.com
🥂  恋  上  你,"🥂 常用,搜索失效",有响应(拦截),403,http://www.630book.net
🥈狂沙文学,🔱  常用,有响应(拦截),403,http://m.kuangsha.net
🥉30书院②,🔱  常用,有响应(拦截),403,https://www.30sy.cc
🥉齐努力,🏵️  小说,有响应(拦截),403,https://www.qinuli.net
🥛31②,⁴☃晨光雨露᭄精品源,有响应(拦截),403,http://m.31xiaoshuo.org
🧾猎文网,🧾优选,有响应(拦截),403,https://www.liewen.la#result-item
#书荒阁~shuhuangge.org,🏵️  小说,超时,,http://www.9cwx.com
#南派三叔~nanpaisanshu.org,微筛选,超时,,https://www.nanpaisanshu.org
#就爱读小说~92dxs.com,已检,超时,,https://www.92dxs.com
118阅读网,A级,超时,,https://m.118yuedu.com
123读,,超时,,https://www.123du.cc/
13听书网,"发现规则为空,搜索链接规则为空,兔兔兔",超时,,https://www.ting13.com
171小说,"❀耽女︎ºั轻言,如月流光,搜索失效",超时,,http://m.171xs.cc
173K小说阅读网,已检验,超时,,https://www.173kxs.com#未月十八repair
17模板网①,"♡ོ晨光雨露✺精品源,如月流光,搜索失效",超时,,http://www.yqksb.com
18AV小说,,超时,,https://maa1802.com
18AV小说,"不可描述,发现失效,搜索失效",超时,,https://maa1808.com
234热门🎃,,超时,,http://m.234re.com#🎃
235中文,A级,超时,,https://www.235zwb.com
24k小说,已检验,超时,,https://www.24kwx.cc
2K中文,常用,超时,,http://m.2kzw.cc/
2K中文,常用,超时,,https://m.2kzw.cc/
2K小说⑤,小说,超时,,http://k.2kxs.org
31小说网,搜索失效,超时,,http://www.xx31xs.org
31小说网,"发现失效,搜索失效",超时,,http://xx31xs.org:80
31小说网mm+,A类,超时,,http://m.xx31xs.org:80
31小说网②,搜索失效,超时,,http://www.31xsw.net
33小说网,普通,超时,,https://www.33xs.com
33小说网,搜索链接规则为空,超时,,https://m.33xs.com
360文学网①,天域战歌整理,超时,,http://www.360wxw.com
3Z中文网,⁵♡ོ晨光雨露✺普通源,超时,,http://www.530p.com#未月十八repair
4020电子书,,超时,,http://m.wrltxt.com
4020电子书,漫画,超时,,https://m.520txtba.com
4020电子书🎃,,超时,,http://www.wurexs.com#🎃
45小说网,默认,超时,,https://www.45book.com
5200小说网[quanxiaoshuo],"【❌❌】网站失-效,搜索失效",超时,,https://quanxiaoshuo.com/
520小说网,,超时,,https://m.520yix.cn
530p无弹窗小说,⁵♡ོ晨光雨露✺普通源,超时,,http://m.530p.com#未月十八repair
55中文网,天域战歌整理,超时,,http://www.55zw.com
56书库,默认,超时,,http://wap.ppskw.com
59小说#南笙21.0101,搜索失效,超时,,http://www.59xs.com#南笙21.0101
60看书🎃,222最新校验成功,超时,,http://www.60ks.info#🎃
65TXT,天域战歌整理,超时,,https://m.665txt.com
65TXT小说,B级,超时,,http://m.665txt.com
74文学网,"测试组,测试1,神",超时,,https://m.74wx.vip
77小说网🎃,,超时,,http://www.77shuku.la#🎃
77读书网,自用,超时,,https://www.77dushu.la/
80,,超时,,www.80txt.com
86笔趣阁,已检验,超时,,https://www.86ebook.com/search/
86笔趣阁🎃,,超时,,https://www.86ebook.com/search#🎃
89文学网,,超时,,https://m.89wxw.com
91baby,,超时,,http://m.91baby.org
92k言情小说网,A级,超时,,http://www.92k.cc
96 #Thomas哟 #md,"专用,搜索链接规则为空",超时,,http://107.148.43.152:81#Thomas哟m
96漫画¹-M,漫画,超时,,http://m2.96mh.com
97小说,CM普通,超时,,http://www.free97.net
97小说/无限小说网,"自制,发现,源仓库,网页源",超时,,https://m.97xiaoshuo.net
CG游戏论坛,失效,超时,,http://111.67.194.25
COMICO¹,漫画,超时,,http://www.comico.com.tw
FORUM GIRL//请大佬帮忙完善,"搜索链接规则为空,9123",超时,,www.superbeautygirlx.com
MM小说网🎃,,超时,,https://www.mmtxt.com#🎃
MangaFox¹,漫画,超时,,https://ww4.mangafox.online
OmoFun动漫,"📺 影视聚合,搜索失效",超时,,https://omofun.tv/
UU小说吧,,超时,,http://www.uuxsw.net
VIP小说,已检,超时,,http://www.vipxs.cc
[MUSIC]听中国🐱,有声,超时,,http://m.tingchina.com
a🔎全网榜单💙仅发现mumuceo➖➖➖➖➖,"21.0228乃星,★",超时,,http://ku.mumuceo.com#乃星edit
biai book,"﹅ 通用书源▪︎玄奇,搜索失效",超时,,http://m.biaiku.net/
b🌸147小说🅰💜💜💜w #芜恙 bak,"👍 优质,21.01芜恙,★,",超时,,http://www.147xs.org#grid tr!0#芜恙
damoke,测试,超时,,https://m.damoke.cc
https://m.beqege.cc/search.php,⁴☃晨光雨露᭄精品源,超时,,https://m.beqege.cc/search.php
https://qscxx.top/备用站  js不会,人间无敌☣负,超时,,https://www.grhxs.xyz/
pan🎃,,超时,,https://wap.pan8.net#🎃
uu书盟,0905校验,超时,,http://www.u33.me
vip小说网②,默认,超时,,http://m.vipxs.cc
xx♜紫幽阁 #破冰,"﹅ ♜ 优质,搜索失效",超时,,http://www.ziyouge.org/#pb1101
Ⓐ 166小说,"5.26,搜索失效",超时,,https://www.166xs.cc#未月十八改
Ⓐ 530小说,⁴☃晨光雨露᭄精品源,超时,,http://m.530p.com#未月十八改
Ⓐ 书海阁①,搜索失效,超时,,http://m.xinshuhaige.net
Ⓐ 书海阁①,搜索失效,超时,,http://m.xinshuhaige.net#未月十八改
Ⓐ 小说书库,𐄛 Ⓐ级,超时,,https://www.xssk.net#未月十八改
Ⓐ 神书网,𐄛 Ⓐ级,超时,,https://www.shenshuxs.com#未月十八改
Ⓐ 笔 趣⑦,¹▽置顶`ȏ´正版发现,超时,,http://www.biquw.com#未月十八改
Ⓐ 笔下文学③,,超时,,https://www.bxwxorg.com#未月十八净化
Ⓐ 笔趣阁③,²♨笔-趣-阁❆,超时,,https://www.bbiquge.cc#未月十八改
Ⓐ 笔趣阁④,𐄛 Ⓐ级,超时,,https://www.bqg34.com#未月十八改
Ⓐ 笔趣阁⑤,²♨笔-趣-阁❆,超时,,https://www.bbiquge.cc#未月十八净化
Ⓐ 笔趣阁⑮,²♨笔-趣-阁❆,超时,,https://www.biqugetv.com#未月十八repair
Ⓐ 起舞中文,𐄛 Ⓐ级,超时,,https://m.75zhongwen.com#渊呀edit
Ⓐ 键盘小说网,¹▽置顶`ȏ´正版发现,超时,,http://www.janpn.com#未月十八改
Ⓑ 思路客①,,超时,,https://www.shuquxs.com#未月十八改
Ⓑ 笔下中文,⁴☃晨光雨露᭄精品源,超时,,https://www.bxzww.com#未月十八改
Ⓑ 笔下中文网,⁴☃晨光雨露᭄精品源,超时,,https://www.bxzww.com#未月十八repair
Ⓑ 铅笔小说【需登录】,𐄜 Ⓑ级,超时,,https://www.23qb.net#未月十八改
Ⓒ 3Z中文,³۝天域整理,超时,,http://www.530p.com#未月十八改
Ⓒ 千千小说网,𐄝 Ⓒ级,超时,,https://wap.qqtxt.net#未月十八改
Ⓒ 千千小说网②,,超时,,https://wap.qqtxt.net#未月十八净化
Ⓒ 精武小说,,超时,,http://www.jingwuhotel.com#未月十八repair
Ⓢ 爱书屋,搜索失效,超时,,https://www.ishuse.com/
Ⓢ 笔趣阁⑮,𐄚 Ⓢ级,超时,,https://www.biqugetv.com#未月十八改
Ⓢ 红甘泉小说网,,超时,,http://www.hgq26.com#未月十八净化
★APP-5★,,超时,,http://47.56.207.234
☘️UU看图书☘️,,超时,,https://sj.uukanshu.com
☘️啃书小说网☘️,,超时,,https://www.kenshula.com##响海
☘️天籁小说☘️,,超时,,https://m.23sk.com##响海
☘️小小说☘️,,超时,,https://www.xiaoxs.com#响海
☘️戊戟武侠☘️,,超时,,https://m.ajnnan.com##响海
☘️新51看图书☘️,,超时,,https://m.51nm.cc#响海
☘️爱小说☘️,,超时,,http://m.ixs5200.com
☘️笔趣看☘️,,超时,,http://m.biqikan.com
☘️笔趣阁☘️,,超时,,http://www.bqxs520.com
♛ 爱 书 网 #Namo1101,"﹅ ♛ 精品,搜索失效",超时,,https://www.22ff.org#Namo1101
♛ 独阅读▪︎APP #渊呀,已检验,超时,,https://app.duread8.com#yuan1107
♛ 独阅读▪︎APP #渊呀,已检验,超时,,https://app.duread8.com#♤yuan
♛㊦ 知轩藏书 zxcs.me 精校版下载,,超时,,http://www.zxcs.me#md2
♛笔趣阁③,2023.7.20效验,超时,,https://www.xsbiquge.net#guaner1
♜-56小说① #破冰1130,"﹅ ♜ 优质,搜索失效",超时,,http://www.x56xs.com/#pb1101
♜-小说楼 #pb,"【❌❌】网站失-效,搜索失效",超时,,http://www.xs6.cc/#♤pb
♜-清逸文学 #破冰1101,"﹅ ♜ 优质,搜索失效",超时,,https://www.71wx.com/#pb1101
♜168小说 #破冰1101,﹅ ♜ 优质,超时,,http://www.168xs.net/#pb1101
♜万书网 #破冰,"2,搜索失效",超时,,https://www.wanshuwang.cc/#♤pb
♜万书网 #破冰1101,"﹅ ♜ 优质,搜索失效",超时,,https://www.wanshuwang.cc/#pb1101
♜三五中文网 #破冰,天龙,超时,,https://www.xkushu.com/#♤pb
♜书楼吧 #破冰1101,"﹅ ♜ 优质,搜索失效",超时,,https://www.shulouba8.com/#pb1101
♜书荒啦 #破冰,"﹅ ♜ 优质,搜索失效",超时,,https://www.shuhuang.la/#pb1101
♜书荒啦 #破冰,"﹅ ♜ 优质,搜索失效",超时,,https://www.shuhuang.la/#♤pb
♜八零中文网 #破冰,【⚙️已检书源】,超时,,http://www.80zw.cc/#♤pb
♜八零中文网 #破冰1101,【⚙️已检书源】,超时,,http://www.80zw.cc/#pb1101
♜凤凰小说网 #破冰1101,"﹅ ♜ 优质,搜索失效",超时,,http://www.11txt.com/#pb1101
♜天天中文网 #破冰,"【❌❌】搜索失-效,搜索失效",超时,,http://www.ttzw.tv/#♤pb
♜天天中文网 #破冰1101,"【❌❌】搜索失-效,搜索失效",超时,,http://www.ttzw.tv/#pb1101
♜小说楼 #pb,"﹅ ♜ 优质,搜索失效",超时,,http://www.xs6.cc/#pb1101
♜帝书阁 #破冰,已检验,超时,,http://www.dishuge.com/#♤pb
♜帝书阁 #破冰1101,已检验,超时,,http://www.dishuge.com/#pb1101
♜星月书吧① #破冰,,超时,,https://www.xyshu8.com/#♤pb
♜桐树小说网,"﹅ ♜ 优质,搜索失效",超时,,https://www.tongshu.net/#♤pb
♜桐树小说网,"﹅ ♜ 优质,搜索失效",超时,,https://www.tongshu.net/#pb1101
♜爱去小说网⑤ #破冰,¹▽置顶`ȏ´正版发现,超时,,https://www.iquxs.com/#♤pb
♜爱去小说网⑤ #破冰1101,¹▽置顶`ȏ´正版发现,超时,,https://www.iquxs.com/#pb1101
♜铁书网 #破冰1101,"﹅ ♜ 优质,搜索失效",超时,,http://www.tieshuw.com/#pb1101
♜阴阳代理人 #破冰,¹▽置顶`ȏ´正版发现,超时,,http://www.yinyangdailiren.org/#♤pb
♜阴阳代理人 #破冰1101,¹▽置顶`ȏ´正版发现,超时,,http://www.yinyangdailiren.org/#pb1101
♜黑岩阅读网 #破冰1101,¹▽置顶`ȏ´正版发现,超时,,http://www.heiyan.org/#pb1101
♠ 88读书④,♠ 优选 ♠,超时,,http://www.88dushu.la/
♠ 七八中文,"♠ 精品 ♠,🎉 精选 🎉",超时,,https://m.78zw.com/
♠ 笔趣阁⑧,已检,超时,,https://www.biquge.lol
♠ 笔趣阁⑩,"♠ 精品 ♠,🎉 精选 🎉,💒 笔趣",超时,,https://www.qu.la/
♠ 飘天文学②,"男频,搜索失效",超时,,http://www.piaotianx.com/
♻️玫瑰小说🌱📊,,超时,,https://www.meiguixsw.com#温暖满怀
⚡️171小说,搜索失效,超时,,http://m.171xs.cc#乃星
✈ 搜书网,"【❌❌】搜索失-效,搜索失效",超时,,https://www.soshuwu.com
✐   雅文小说,☃ 自用,超时,,http://www.yawen8.la
✐  九二文学,☃ 自用,超时,,http://www.92wx.la/
✨速阅小说,💖API,超时,,http://43.128.46.230:5050
✾+搜书小说,"﹅ ✾ 言耽,搜书,搜索失效",超时,,https://m.soshuwu.com#kd11
✾+玫瑰小说m,已检验,超时,,https://m.meiguixsw.com#kd11
✾.Ⓐ 166小说 #未月十八1001,搜索失效,超时,,https://www.166xs.cc#未月十八净化#wy18-1001
✾.Ⓐ 69中文网② #未月十八1001,【❌❌】网站失-效,超时,,https://www.69zww.com#未月十八repair#wy18-1001
✾.Ⓐ 89文学网 #未月十八1001,"﹅ ✾ 言耽,搜索失效",超时,,https://m.89wxw.com#wy18-1001
✾.Ⓐ 小说书库 #未月十八1001,"﹅ ✾ 言耽,搜索失效",超时,,https://www.xssk.net/#wy18-1001
✾.Ⓐ 笔趣阁② #未月十八1001,"【❌❌】搜索失-效,【】👾笔趣阁,搜索失效",超时,,https://www.biqugeapp.com/#wy18-1001
✾.Ⓐ 笔趣阁⑤ #未月十八1001,小说,超时,,https://www.bbiquge.cc#未月十八净化#wy18-1001
✾.Ⓐ 笔趣阁㉑ #未月十八1001,"【🈵♥🈵💯】231123千组1,【】👾笔趣阁",超时,,http://www.tongluzixun.com/#wy18-1001
✾.Ⓐ 起舞中文 #未月十八1001,"﹅ ✾ 言耽,﹅ ♜ 优质,搜索失效",超时,,https://m.75zhongwen.com#渊呀edit#wy18-1001
✾.Ⓐ 黑客小说 #未月十八1001,"﹅ ✾ 言耽,搜索失效",超时,,https://m.heikexs.com#wy18-1001
✾.Ⓑ 桂花小说 #未月十八1001,"﹅ ✾ 言耽,搜索失效",超时,,http://m.guigs01.com#wy18-1001
✾.Ⓑ 笔下中文网 #未月十八1001,已检验,超时,,https://www.bxzww.com#未月十八repair#wy18-1001
✾.Ⓢ 言情阁 #未月十八1001,"﹅ ✾ 言耽,搜索失效",超时,,http://m.yqingge.com#wy18-1001
✾♝MM小说网 #关耳,"﹅ ✾ 言耽,﹅ ♝ 优良,搜索失效",超时,,https://www.mmtxt.com/#guaner
✾♝卡夜阁,"﹅ ✾ 言耽,﹅ ♝ 优良,搜索失效",超时,,https://www.kayege.net/#wy18-1001
✾♝卡夜阁,"﹅ ✾ 言耽,﹅ ♝ 优良,搜索失效",超时,,https://www.kayege.net/
❄️  玫瑰小说,已检验,超时,,https://m.meiguixsw.com#wy18-1001
❄️ 三千五#onede,"❄️ 冷门,🌈onede,★",超时,,https://www.cn3k5.com#onede
⭐塔读文学,"⭐ 正版,✉️  网络文学",超时,,http://211.151.212.88:80
【墨澜小说】,已检验,超时,,http://www.mlwhcb.com/
㊝幽冰中文♜♜+ 精校,,超时,,http://www.97ub.org/
一曲书斋🎃,,超时,,https://www.cowxs.com#🎃
一本读,"﹅ 通用书源▪︎玄奇,搜索失效",超时,,http://www.ybdu.me#鸡排饭
一本读#南笙21.0101,"﹅ 通用书源▪︎玄奇,搜索失效",超时,,http://www.ybdu.me#南笙21.0101
一纸阅读,,超时,,https://www.yizhiyc.com/search/
一纸阅读,小说 书源,超时,,https://www.yizhiyc.com/
一纸阅读,小说 书源,超时,,https://www.yizhiyc.com/search#🎃
一纸阅读,小说 书源,超时,,https://www.yizhiyc.com#🎃
一读小说,"【❌❌】搜索正文失-效,搜索失效",超时,,https://m.121du.net/#001
一读小说,"💨,💙已校验,搜索失效",超时,,https://m.121du.cc/
一读小说-夜明空,"搜索链接规则为空,全部来自论坛",超时,,https://m.121ds.cc
七猫小说网(此源作废),🏵️  小说,超时,,http://m.chiyou.cc
三七中文②,小说,超时,,https://m.37zww.net
三九书屋（源网站失踪？）,"☣️精选senhora,天域战歌整理",超时,,https://www.999book.vip
三九小说#南笙21.0101,搜索失效,超时,,http://m.fywenx.com#南笙21.0101
三九小说🎃,,超时,,http://www.xyshuk.com#🎃
三九小说🎃,,超时,,http://www.wxshuku.org#🎃
三五第一小说网,83d,超时,,http://www.35d1.com
三千五_By未月十八repair,⁴☃晨光雨露᭄精品源,超时,,https://www.cn3k5.com#未月十八repair
三味书屋,C级,超时,,https://www.3wsw.com
中文泡泡,已检,超时,,https://m.zwpop.com
丹书铁卷,小说,超时,,https://m.dstiejuan.com
主机屋🎃,-------,超时,,https://www.zhujiwu.org#🎃
乐文小说,已检验,超时,,https://www.365xs.la#alistbox
乐文小说,,超时,,http://www.lewen.la
乐文小说①,已检,超时,,http://www.lwtxt.net
乐文小说⑩,已检验,超时,,https://www.lewen001.com
乐文小说网,,超时,,https://lewencn.net/
乐文小说🎃,,超时,,http://www.lwxstxt.com#🎃
乐清都市网,已检,超时,,http://www.lqdsw.com
九二文学,",失效",超时,,http://www.92wx.com
九五小说🎃,,超时,,http://m.95shubao.cc#🎃
九桃小说网🎃,,超时,,http://www.11txs.com#🎃
九桃小说🎃,,超时,,http://00txs.com#🎃
书 海 阁,搜索失效,超时,,https://www.xinshuhaige.net
书包网,"⚙️已检,优质",超时,,http://www.shubaowang123.cc
书客,,超时,,https://www.shuke.com
书客吧,4、普通,超时,,https://m.shukeba.com
书林文学,已检,超时,,http://m.shu111.com
书楼吧🎃,,超时,,https://www.shulouba8.com#🎃
书荒啦①,已检,超时,,https://shuhuang.la
书荒啦文学网#玄奇21.0202,"﹅ 通用书源▪︎玄奇,搜索失效",超时,,https://m.shuhuang.la#玄奇21.0202
书荒阁,,超时,,http://www.shuhuangge.org
书虫中文网,🏵️  小说,超时,,www.shuchong.info
书虫中文网#玄奇21.0202,搜索失效,超时,,https://www.shuchong.info#玄奇21.0202
书虫小说网,🌼晨光雨露🍒精品源💯,超时,,http://www.shuchong.info
书趣阁,"【❌❌】搜索失-效,搜索失效",超时,,https://www.ishuquge.com
书阅屋🎃,,超时,,http://www.shuyuewu.cc#🎃
乾坤听书,🏵️  小说,超时,,https://m.qktsw.com
云轩阁🎈,优质源👍,超时,,http://www.yxgxz.com
云阅💯,搜索链接规则为空,超时,,http://www.iyunyue.com
五五中文,🏵️  小说,超时,,https://m.55zw.com
亲小说APP,💜未分组,超时,,http://qinxiaoshuo.com
人人小说,漫画,超时,,https://www.agxs.net#axin
人人小说,已检,超时,,https://www.agxs.net
优·书书小说网🎃,🍜其他,超时,,http://www.shushun.cc#🎃
优·大众文学网,,超时,,http://www.dzwx520.com
优·小说巴士,"﹅ ♜ 优质,搜索失效",超时,,https://www.xs84.cc
优·石头小说,﹅ ♜ 优质,超时,,http://www.dzstxs.net
优·笔趣阁³⁴,✨极速,超时,,http://www.changshengrui.com
优·笔趣阁🎃#2,,超时,,http://www.changshengrui.com#🎃
优·阁笔趣,"﹅ ♜ 优质,搜索失效",超时,,http://m.gebiqu.com
优·顶点小说⑨™,👍 优质,超时,,http://m.32xs.cc
优步小说网🎃,,超时,,http://m.ubuxs.com#🎃
传说阅读-枇杷小说网,传说阅读,超时,,https://www.djyru.com/
作客小说,"☀晨光雨露💫精俢源💯,搜索失效",超时,,https://www.zuokexs.com/
侠客小说🎃,,超时,,https://m.tcknh.com#🎃
修真堂🎃,,超时,,http://www.xiuzhent.com#🎃
偶得读书,🏵️  小说,超时,,http://www.60fan.com
傲轩小说网,A级,超时,,https://www.axxsw.org
傲雪情缘,,超时,,http://www.axqy8.com
傲雪情缘,漫画,超时,,http://m.axqy8.com
免费聽书,🏵️  小说,超时,,https://www.tingfree.com
全本小说🎃#4,,超时,,https://www.quanbentxt.net#🎃
全本小说🎃#5,222最新校验成功,超时,,http://www.quanben3.com#🎃
全民追书#南笙21.0101,"﹅ 通用书源▪︎玄奇,搜索正文失效",超时,,http://api.lemengfun.com#南笙21.0101
八零电子书,"﹅ 通用书源▪︎玄奇,搜索目录失效",超时,,https://m.80txt.com
凌晨看书#南笙21.0101,校验超时,超时,,https://m.lingchenkanshu.com#南笙21.0101
凡人文学网,A级,超时,,https://www.washuw.com
加窜小说#南笙21.0101,搜索失效,超时,,http://m.jiacuan.com#南笙21.0101
加窜小说①,网文,超时,,http://www.jiacuan.com
动漫之家定制版™🅰,特別定制,超时,,http://s.acg.dmzj.com/comicsum
千千小说,,超时,,https://www.qqxsw.la
千千小说网,已检,超时,,https://wap.qqtxt.net
千千小说网🎃,,超时,,https://www.qqxsw.la#🎃
博看,,超时,,https://www.bokon.net
卡夜阁1#南笙21.0101,"﹅ 通用书源▪︎玄奇,搜索失效",超时,,https://www.kayege.net#南笙21.0101
去看书网,z,超时,,https://m.qkshu6.com
合集由003收集，加群可不定期免费更新，398783369,已检,超时,,httP://AFA.CN
同人小说🎃,小说,超时,,https://www.tczh.cn#🎃
听书王,有声,超时,,http://47.93.18.240/##
吾爱中文网™,"搜索链接规则为空,天龙",超时,,http://www.5zw.net
唐三中文网,默认,超时,,http://m.tangsanshu.com
四五中文,A级,超时,,https://www.45zw.la
四库书屋(仅发现),微筛选,超时,,http://m.4ksw.com/
圣罗兰雾,搜索失效,超时,,https://www.360wxw.com/
在线之家,"📺 影视聚合,搜索失效",超时,,https://zxzj.vip/
塔读文学,¹▽置顶`ȏ´正版发现,超时,,http://211.151.212.88:80##APP源
墨缘文学,,超时,,https://wap.mywenxue.cc
墨缘文学,"☁️可用,☁修正",超时,,https://www.mywenxue.cc
夏树资源（导入）,,超时,,https://www.xiashu.com
多吉搜书,"⚙️已检,📑多吉搜书",超时,,https://www.dogedoge.com/
夜下书阁移动版,小shuo,超时,,https://k.yexiashuge.com/
大帝小说库,静白240801,超时,,http://m.anshuge.com/
大帝小说库🎃,,超时,,http://www.anshuge.com#🎃
大帝小说🎃#2,222最新校验成功,超时,,http://m.anshuge.com#🎃
天籁小说,,超时,,https://m.23txt.com
头条,💰 正版,超时,,https://ic.snssdk.com
女仆中文,"﹅ 通用书源▪︎玄奇,搜索失效",超时,,https://www.npzw.com/
好来喜小说,自己用,超时,,https://m.eejw.cn
如屋,已检,超时,,http://m.duozhekan.com/
妙书斋,菊花大侠2,超时,,https://www.miaoshuzhai.com
宁谧小说🎃,,超时,,http://joseph-sz.net#🎃
完结小说,已检,超时,,https://m.u8txt.com
完美小说网🎃,,超时,,https://m.22pq.com#🎃
宜搜小说网,微筛选,超时,,https://www.yisouxsf.com
小书包网xshubao.org,🏵️  小说,超时,,https://www.xshubao.org
小刀阅读#天涯书库,搜索失效,超时,,http://www.wuxingzl.com/
小刀阅读#💎 快眼看书,"💎 常用,搜索失效",超时,,https://www.yankanshu.cc
小疙瘩小说网🎃,,超时,,http://m.xgedaa.com#🎃
小说,,超时,,http://www.txtw.com
小说书库🎃,,超时,,http://m.xduqu.com#🎃
小说图书馆🎃,,超时,,http://www.tushuguan.cc#🎃
小说娃,,超时,,https://www.xiaoshuowawa.com#sitembox dl
小说娃3.0,"源网站偶尔故障,卢客源,yellyoo,★",超时,,https://www.xiaoshuowawa.com
小说巴士,,超时,,http://m.xs84.me/
小说旗,🏵️  小说,超时,,https://www.xs7.la#alistbox
小说旗②,已检,超时,,https://www.xs7.la
小说者,默认,超时,,https://wap.bookzx.org
少年书屋,已检验,超时,,https://www.shaonianshuwu.org
就爱文学🎃,小说,超时,,http://m.92xs.info#🎃
就爱读小说,A级,超时,,http://www.92dxs.com
山海八荒,已检验,超时,,https://www.dizhu.org
巴士看书🎃,,超时,,https://www.84kanshu.com#🎃
帝书阁,搜索失效,超时,,http://m.dishuge.com
平板电子书网🎃,,超时,,http://www.pbtxt.me#🎃
开心漫画,漫画ok,超时,,http://www.kxkmh.com/
御书阁,已检,超时,,https://www.yushuge.com#grid tr!0
御书阁,微筛选,超时,,https://m.yushuge.com
必读小说,⁴☃晨光雨露᭄精品源,超时,,https://m.biquxs.la
快眼看书,,超时,,http://read.zbgsw.com:80
思路客,搜索失效,超时,,http://www.siluke.com#novelslist li!0
思路客,👍 优质,超时,,http://siluke.tw/
思路文学（发现）,小说 书源,超时,,https://m.sunsilu.com
性感美女网jpxgyw,💖图片,超时,,https://www.jpxgyw.cc
悠久小说,,超时,,www.ujxs.com
悠久小说网,,超时,,http://ujxs.com
悠久小说🎃,小说,超时,,http://wap.ujxsw.net#🎃
懒人听书,天域战歌整理,超时,,https://www.lanren9.com
我文阁,,超时,,http://www.mytxt.cc
我爱故事网,搜索链接规则为空,超时,,https://m.5aigushi.com
我爱读小说,永丶念,超时,,https://www.xintaixi.com/
我看书斋🎃,,超时,,https://www.5ccc.net#🎃
手机TXT小说🎃,,超时,,http://wap.sjwx.la#🎃
手机看书,漫画,超时,,https://www.sjks8.com
抖音漫画,"全部来自论坛,网站失效",超时,,https://api.dragonlongzhu.cn
掌上漫画™⛅,失效,超时,,http://www.nkcartoon.com
搜书吧,默认,超时,,https://www.soshuba.net
搜猫小说🎃,,超时,,https://www.soumal.com#🎃
文墨中文网,反防盗,超时,,https://maxreader.net
文学馆~xwxguan.com,"普通,搜索失效",超时,,https://www.xwxguan.com
斗破苍穹小说网🎃,,超时,,https://m.doupocangqiong1.com#🎃
新书在线,🏵️  小说,超时,,http://www.xinshuxs.com#ul_b_list li
新书在线,已检,超时,,http://www.xinshuxs.com
新墨坛文学,A级,超时,,https://www.22mta.cc
新热门小说①™叶子,搜索失效,超时,,https://www.remen2019.com
新爱看书吧手机版,💜未分组,超时,,https://m.aikanshuba.net
新笔趣阁,,超时,,https://www.86ebook.com/
新笔趣阁,笔趣阁,超时,,https://novel-api.icanlike.com
新笔趣阁,"发现失效,💯 常用,搜索失效",超时,,https://9x.com
新笔趣阁①,已检,超时,,http://www.bxquge.com
新笔趣阁🎃,,超时,,https://www.86ebook.com#🎃
无弹窗,⁵♡ོ晨光雨露✺普通源,超时,,https://www.530p.com
无弹窗小说网[📱]~22ff.org,"【❌❌】网站失-效,搜索失效",超时,,http://m.22ff.org
无错小说网,🏵️  小说,超时,,https://m.xquledu.com
无限小说网🎃,,超时,,http://m.siluks.com#🎃
无限小说🎃,,超时,,http://154.19.89.72:80#🎃
星月书吧🎃,,超时,,https://www.xyshu8.com#🎃
星月书吧🎃,,超时,,http://www.xyshu8.com#🎃
星空小说网,小说,超时,,http://www.aixswx.com
星空小说网,已检,超时,,https://wap.aixs.org
星际小说网,,超时,,https://www.xjcyp.cc
有伴小说网,已检,超时,,http://www.iuban.com
有兔阅读,6、正版,超时,,https://www.mituyuedu.com
未来小说网,,超时,,https://wap.7yun.org
未来小说🎃,,超时,,https://wap.7yun.org#🎃
来读读🎃,,超时,,https://m.laidudu.com#🎃
杰瑞文学,已检,超时,,https://www.jieruiwx.com
梦幻小说🎃#2,,超时,,http://www.pan5.net#🎃
棉花糖小说🎃#2,,超时,,https://m.mhtxss.com#🎃
次元猫,🎉 精选 🎉,超时,,https://www.ciymao.com😁
欲书台🎃,,超时,,https://58rom.org#🎃
武林中文#南笙21.0101,"﹅ 通用书源▪︎玄奇,搜索失效",超时,,https://www.50zw.net#南笙21.0101
歪歪书屋,,超时,,https://m.yytxt.com
每日一声,有声发现,超时,,http://voice.meiriyiwen.com#
比奇屋,,超时,,http://m.biqiwu.net/
求小说网.qiuxiaoshuo,优质,超时,,http://www.qiuxiaoshuo.com
求小说网🎃,,超时,,http://www.qiuxiaoshuo.org#🎃
江南小说网🎃,,超时,,https://www.medabc.com.cn#🎃
沸腾文学网[防盗字体],🏵️  小说,超时,,https://www.feitengxs.com
泡书吧,优质源👍,超时,,http://www.paoshuba.org
注视影视,"影视,搜索失效",超时,,https://gaze.run/
泼墨文学,微筛选,超时,,https://m.pomowxw.com/
深度小说,小说 书源,超时,,https://www.duyuedu.net
深度小说（发现）,小说 书源,超时,,https://www.duyuedu.net/index
源社区出品-河马短剧,"失效,收集出处：源论坛 4月29号,网站失效",超时,,http://api.dragonlongzhu.cn/
溜达小说,,超时,,http://www.liudatxt.com/
溜达小说,小说 书源,超时,,http://www.liudatxt.com#🎃
溜达小说🎃,,超时,,http://www.txtshuku.org#🎃
溜达小说🎃#2,,超时,,http://m.liudatxt.la#🎃
潇湘文学🎃,,超时,,http://www.xxwx.net#🎃
灯塔小说,,超时,,http://www.dengtaxs.com
灯笔小说网,,超时,,https://www.dengbi.com
灵梦小说🎃,,超时,,https://www.lengmen.org/search#🎃
炫动小说网(仅发现),综合,超时,,https://www.484web.com
热门,,超时,,http://m.re.com
爱 书 网,已检验,超时,,https://www.22ff.org#🇨🇳Namo
爱 书 网,已检验,超时,,https://www.22ff.org#鸡排饭
爱 书 网,已检验,超时,,https://www.22ff.org#namo
爱上乐文,,超时,,https://m.23dushu.net
爱书包🎃#2,,超时,,https://wap.ishubao.org#🎃
爱你文学网,,超时,,http://m.20wx.com
爱去小说网②,搜索失效,超时,,https://www.aiqu.la
爱好中文网,已检验,超时,,https://m.ah123z.com
爱小说网,"【❌❌】搜索正文失-效,搜索失效",超时,,https://www.ixs.cc#namo
爱小说网🎃,,超时,,http://www.18ys.net#🎃
爱小说🎃,,超时,,http://www.ixs5200.com#🎃
爱源论坛,,超时,,https://5yd.cc/
爱读小说网,修复3.3日,超时,,https://www.52dus.com
爱豆看书,🌼晨光雨露🍒精品源💯,超时,,https://wap.a6ksw.com
爱豆看书网🎃,,超时,,http://m.26ks.org#🎃
爱趣动漫,影视 书源,超时,,http://www.qdm8.com/
牛牛小说,"现实debug,仅发现",超时,,https://xs.niuniuxs.cc
牛马TV,已检,超时,,http://www.niumatv.com
特漫网_by_历飞雨,"搜索链接规则为空,兔兔兔",超时,,https://www.17te.com
狸猫小说网,A级,超时,,https://m.limaoxs.com
猪猪手机TXT小说下载网🎃,,超时,,http://wap.zzs5.info#🎃
玄幻阁PC🎃,250214,超时,,http://www.xuanyge.org#🎃
玄幻阁🎃#4,小说,超时,,http://wap.xuanyge.org#🎃
玄葫堂,,超时,,https://www.xuanhutang.com
百分影院（仅发现）,视频,超时,,http://biquysw.com/
百合小说#南笙21.0101,搜索失效,超时,,https://m.baihexs.com#南笙21.0101
皇帝之家🎃,,超时,,https://m.huangdizhijia.com#🎃
皮皮文学（优）,小说 书源,超时,,https://m.ppzuowen.com/book/
盛世阅读网🎃,,超时,,http://m.s4yd.com#🎃
看书室,"💠 其他,搜索链接规则为空,有效书源",超时,,https://m.kanshushi.com
看全本,天域战歌整理,超时,,https://m.kquanben.com
看言情[朝阳],漫画,超时,,http://www.kanyanqing.com
着笔中文网,已检验,超时,,https://www.zbzw.la
知乎文学🎃,,超时,,https://zhihuwenxue.com#🎃
知轩藏书.su74,"优质,⚙️已检",超时,,https://www.su74.com
神书文学网,06.🍇🍇🍇,超时,,http://m.heyenovel.com/
神笔屋[qa455355],已检,超时,,https://www.shenbiwu.com
神藏小说,默认,超时,,https://www.swang8.com
神藏小说_正文加载错,🏵️  小说,超时,,http://www.swang8.com
秀亭看书,静白240801,超时,,https://xiuting.cc/
私塾网🎃,,超时,,https://m.4shuwangba.com#🎃
穿越小说吧,默认,超时,,http://www.sj133.com
笔下中文网,已检验,超时,,https://www.bxzww.com
笔下小说网,,超时,,https://m.bixiaxs.net
笔下文学,已检,超时,,http://wap.bxwenku.com
笔下文学[bixia66],已检验,超时,,http://www.bixia66.net
笔下文学org-搜索,搜索失效,超时,,https://www.bxwxorg.com/history.html
笔下文学（字体替换）,校验超时,超时,,https://www.bxwx.tw
笔痴中文,小说,超时,,https://m.bdxnc.com
笔笔文学,83d,超时,,http://www.bibiwxw.com
笔趣屋🎃,,超时,,https://www.3378.org#🎃
笔趣阁,²♨笔-趣-阁❆,超时,,http://www.qbiqu.com
笔趣阁,²♨笔-趣-阁❆,超时,,https://m.weilaitianwang.com
笔趣阁,"晋江,☣️senhora起点,酷友",超时,,http://www.156n.com#search-list li
笔趣阁,💗,超时,,https://m.gebiqu.com/s.php
笔趣阁,,超时,,https://www.bodekang.com
笔趣阁,已检,超时,,https://www.ggzuo.com
笔趣阁#10_By未月十八净化,²♨笔-趣-阁❆,超时,,http://www.biquw.com#未月十八净化
笔趣阁.uubiqu,"⚙️已检,优质,21.0624玄奇,★,☀️搜书/换源 A▪精品",超时,,https://m.uubiqu.com
笔趣阁9x,,超时,,https://www.9x.com/h5
笔趣阁A16,🎉️精选,超时,,http://www.xbiquke.com/1
笔趣阁S,笔趣阁,超时,,https://www.biquges.com
笔趣阁[pingtiance],校验可用,超时,,http://www.pingtiance.org
笔趣阁[qbiqu],,超时,,https://m.qbiqu.com/
笔趣阁bbiquge,"【❌❌】网站失-效,【】👾笔趣阁",超时,,https://www.bbiquge.com
笔趣阁cyewx,,超时,,https://wap.cyewx.com/
笔趣阁pufanhaom,,超时,,https://m.pufanhome.com
笔趣阁t7yyw.com,A级,超时,,http://www.t7yyw.com
笔趣阁xsbiqu,"🏵️  小说,💒 笔趣",超时,,http://www.xsbiqu.com
笔趣阁zhzwwz,,超时,,https://m.zhzwwz.com
笔趣阁③,"【❌❌】网站失-效,【】👾笔趣阁",超时,,http://www.bbiquge.com
笔趣阁⑭,天域战歌整理,超时,,http://m.biquge.se
笔趣阁㉓,①快,超时,,https://www.bqg3.com
笔趣阁㉕,②一般,超时,,http://www.biquge.io
笔趣阁㉟,②一般,超时,,https://www.jibige.com
笔趣阁文学网,,超时,,https://m.biqugewx.com/
笔趣阁网🎃,,超时,,https://m.bqg.fun#🎃
笔趣阁网🎃,,超时,,http://www.szqccw.com#🎃
笔趣阁🎃#14,,超时,,http://www.biquges.com#🎃
笔趣阁🎃#19,,超时,,https://www.bbiquge.cc#🎃
笔趣阁🎃#2,,超时,,https://www.biqusk.com#🎃
笔趣阁🎃#21,,超时,,http://www.ibiquzw.org#🎃
笔趣阁🎃#32,,超时,,https://www.yuyouku.com#🎃
笔趣阁🎃#41,,超时,,https://www.ibqg.cc#🎃
笔趣阁🎃#51,,超时,,https://m.gebiqu.com#🎃
笔趣阁🎃#55,-------,超时,,https://www.xsbiquge.net#🎃
笔趣阁🎃#6,,超时,,http://www.xbiqugu.la#🎃
笔趣阁🎃#6,222最新校验成功,超时,,http://www.xbiquwx.la#🎃
笔趣阁🎃#6,,超时,,http://www.gebiqu.com#🎃
笔趣阁🎃#8,,超时,,https://www.ibiquge.net#🎃
笔趣阁🎃#82,,超时,,https://www.bqg34.org#🎃
笔趣阁🎃#86,,超时,,https://www.ibiquge.vip#🎃
笔趣馆,,超时,,https://www.bqguan.com
笔迷屋📎,漫画,超时,,https://www.bimiwu.com
第一版主🐲,搜索链接规则为空,超时,,http://www.diyibanzhu.top
第七文学网™,失效,超时,,http://www.7wenxue.com
第三荷包网3hebao.co,A级; 18,超时,,http://www.3hebao.co
第九中文网,漫画,超时,,http://m.dijiuzww.com
第二书包⭐,已检,超时,,https://m.shubaoan.com
第二书包网,,超时,,http://www.shubao12.cc
第二版主,🏵️  小说,超时,,http://www.banzhu22.com
精品书城,C级,超时,,https://www.jingpinshucheng.com
紫苏中文网,,超时,,http://www.zisu88.vip
经典小说🎃,,超时,,http://www.jdxs.cc#🎃
绝世唐门,搜索失效,超时,,https://www.jueshitangmen.info
翻书阁网,⚝,超时,,http://m.fansg.com
翾嘉染晚🎃,,超时,,https://m.xiaojiaren.com#🎃
老白故事,"搜索链接规则为空,兔兔兔",超时,,https://apk-lb-play.fodexin.com
舞文小说网,,超时,,https://www.5wx.org
芳玉书院（仅发现）,,超时,,http://www.fsyxbz.cn/
苗疆小说,,超时,,https://m.miaojiang8.net
荷塘小说🎃,,超时,,https://www.myhetang.com#🎃
菠萝小说™,微筛选,超时,,https://m.boluoxs.com
落秋,"普通书源,搜索失效",超时,,http://www.luoqiuxs.com
衍墨轩,已检验,超时,,https://www.ymxxs.com/
观止™,新闻,超时,,https://interface.meiriyiwen.com
说说520,默认,超时,,http://m.shuoshuwx.com
读一读啦,4、普通,超时,,https://www.du1du.cc
读万卷🎃#2,,超时,,http://wap.duwanjuan.info#🎃
读书阁🎃#3,,超时,,https://m.mobanjishi.com#🎃
读来读往,搜索失效,超时,,https://www.dulaidw.com/
读读小说（发现）,小说 书源,超时,,https://m.xlaidudu.net
谷歌小说🎃,,超时,,http://www.gugexs.com#🎃
豆豆小说网,普通,超时,,http://www.ddshu.net/search.php
起舞中文🎃,,超时,,https://m.75zw.com#🎃
趣阅网#南笙21.0101,搜索失效,超时,,https://www.qvyue.com#南笙21.0101
轻小说文库,,超时,,http://app.wenku.com
达文小说网,gone,超时,,https://www.dawen.org
迷了吧,酷友,超时,,https://www.mile8.cc
迷了吧,酷友,超时,,https://www.mile8.cc#content dl
迷你小说,漫画,超时,,http://www.minixiaoshuo.com
"追书,zhuishu5","0930,无梦解书荒,🍉修复,0927,发现规则为空,999",超时,,https://www.zhuishu5.com
追书阁,已检,超时,,https://m.keepshu.com
速阅阁[手机],已检,超时,,http://m.suyuege.com
遗忘小说,A级,超时,,http://120.79.163.243
酷书包,"AAA,搜索失效",超时,,https://www.ucyst.com
酷笔记,👍 优质,超时,,https://www.kubijixs.com/
酷笔记,网文,超时,,https://m.kubijixs.com
醋溜文学2,普通,超时,,https://m.clewxc.com
采墨阁❤️,🏵️  小说,超时,,https://www.caimoge.net#sitembox dl
锦绣文波,-TinyZ,超时,,https://www.580bk.com/
闪舞小说,,超时,,https://www.35xs.org
闪闪书网①,②一般,超时,,https://m.33shu.net
阴阳代理人🎃,,超时,,http://www.yinyangdailiren.org#🎃
随梦小说网③™叶子,普通,超时,,https://www.suimeng.com
隔壁大师（评论）,特殊 书源,超时,,http://api.moonreader.cn
雁峰小说网,已检,超时,,https://www.yfxiaoshuoe.com
零点中文,🏵️  小说,超时,,https://www.ldzw.la
零点看书,"﹅ 通用书源▪︎玄奇,搜索失效",超时,,https://www.iwaimai.net/
零点看书#玄奇21.0202,搜索失效,超时,,https://www.00ksw.com#玄奇21.0202
霹雳书坊,test,超时,,https://m.pilibook.com/wap
青果阅读,搜索失效,超时,,http://api.qingoo.cn:909
非常爱漫,🌟漫画,超时,,http://wap.veryim.com/
音乐-千千,音乐 书源,超时,,https://music.liuzhijin.cn#千千
音乐-千千,音乐 书源,超时,,https://music.liuzhijin.cn
音乐-荔枝,音乐 书源,超时,,https://music.liuzhijin.cn#荔枝
顶点书包[朝阳],漫画,超时,,https://www.ddshubao.com
顶点小说,,超时,,https://www.ddxstxt8.com/
顶点小说,小说 书源,超时,,https://www.qklady.com#🎃
顶点小说,,超时,,https://www.230book.net
顶点小说5#南笙21.0101,,超时,,https://www.23wx.cc#南笙21.0101
顶点小说②,,超时,,https://www.230book.net/#pb1101
顶点小说网,,超时,,https://m.ddxsku.com
顶点小说（纯净阅读模式）,搜索失效,超时,,http://3g.23us23us.com
顶点小说🎃#8,,超时,,https://www.23ddw.net#🎃
顺隆书院(搜书网)#玄奇21.0202,"搜书,搜索失效",超时,,https://www.soshuwu.com#玄奇21.0202
飞速小说吧,菊花大侠2,超时,,https://www.fsxs8.com
饭团看书,搜索失效,超时,,http://www.fantuankanshu.com/
饭饭中文#南笙21.0101,"﹅ 通用书源▪︎玄奇,搜索失效",超时,,https://www.fanfanzw.com#南笙21.0101
饿狼小说🎃,,超时,,http://m.elkoparts.com#🎃
香书小说,,超时,,https://www.xbiqugu.org
高端书院,天域战歌整理,超时,,http://gaoduan.szjinruixin.com
高端书院,默认,超时,,https://gaoduan.szjinruixin.com
鬼吹灯🎃#5,,超时,,http://m.gdbzkz.com#🎃
鬼故事集（优+）,小说 书源,超时,,http://www.guishiji.com/
鲤鱼乡🎃,,超时,,https://www.danmei263.com#🎃
麒麟小说网,已检,超时,,https://m.qilinchess.com
黄易小说™,已检,超时,,https://m.huangyixiaoshuo.com
龙珠-番茄动漫,,超时,,http://api.dragonlongzhu.cn/api/dongman_fanqie.php
龙腾书网™🔥,失效,超时,,http://www.longtansw.com
龙腾小说网①,⁴☃晨光雨露᭄精品源,超时,,http://www.bz01.org
🌀 60ks,小说,超时,,http://m.60ksw.com
🌈网易云音乐,静白,超时,,https://music.cpp-prog.com/
🌐 推薦的記録,🌐外语,超时,,http://www.iot2ai.top/cgi-bin/intel/novel18/syosetu.html?nv=reco&pg=0
🌟 求书网,喵公子,超时,,https://m.xqiushu.com
🌟 笔趣阁㉒,喵公子,超时,,http://m.biquge.info
🌠 亲亲漫画,🌠 漫画,超时,,https://m.acgqd.com
🌠 漫画吧,🌠 漫画,超时,,https://m.dmhua8.com
🌠 韩漫画,🌠 漫画,超时,,https://www.mhdao.xyz
🌠 风车漫画,🌠 漫画,超时,,https://m.qyy158.com
🌸 CP文库,【🈵♥🈵💯】231123千组1,超时,,https://www.cpwenku.com#bookbox#芜恙
🌸 乐文小说网M,🌸常用,超时,,https://m.xlwxsw.com
🌸 九天中文,🌸常用,超时,,https://www.9tzw.com
🌸 书阁小说网™,🌸常用,超时,,https://m.shuge.la
🌸 奇快小说②,,超时,,https://wap.7kwx.com
🌸 峡谷,"🌸常用,防盗",超时,,https://m.xiagu.org#subject-list li
🌸 当书网,🌸常用,超时,,https://www.downbookw.com
🌸 笔趣阁bqg99.com,🌸常用,超时,,http://www.bqg99.com
🌸 若晨,🏵️  小说,超时,,https://m.ruochenwx.com#list li
🌸 趣阅,"﹅ ✾ 言耽,搜索失效",超时,,https://www.qvyue.com#sitebox dl#芜恙
🌸 趣阅,"⛓️破防,🌸常用",超时,,https://www.qvyue.com#sitebox dl
🌸2K小说,,超时,,https://www.2kxs.org#关耳
🌸56小说,🌸  常用,超时,,https://m.56xs.net/
🌸百合小说,已检验,超时,,https://m.baihexs.com#关耳
🌸若晨文学,"﹅ ✾ 言耽,搜索失效",超时,,https://m.ruochenwx.com#关耳
🌸饭饭论坛,发现规则为空,超时,,https://bbs.fanfann.com
🍁塔读小说,☀晨光雨露🍒精俢源💯,超时,,http://211.151.212.88:80#发现
🍁笔趣阁⑥⑥,🍁 笔趣 🍁,超时,,https://www.biquge.com.cn/
🍁笔趣阁⑦⑧,🍁 笔趣 🍁,超时,,http://www.xszf.net/
🍁笔趣阁⑪②,🍁 笔趣 🍁,超时,,https://www.biquge002.com/
🍁笔趣阁⑪⑨,🍁 笔趣 🍁,超时,,https://www.biqufan.com/
🍁笔趣阁⑪⓪,"🍁 笔趣阁 🍁,搜索失效",超时,,https://www.chuanyuemi.com/
🍁笔趣阁⑫⑦,²♨笔-趣-阁❆,超时,,http://www.gxlztc.net/
🍁笔趣阁⑭⑦,🍁 笔趣 🍁,超时,,https://www.xiaoshuo8.net/
🍁笔趣阁⑮⑦,²♨笔-趣-阁❆,超时,,https://www.bqg.org/
🍁笔趣阁㉘,🍁 笔趣 🍁,超时,,https://www.bqg.lol/
🍊 530小说,🍊女频,超时,,http://m.530p.com
🍊全本小说③,☀️优选,超时,,http://www.jwdushu.com#未月十八改
🍊爱小说,"【❌❌】搜索失-效,搜索失效",超时,,https://www.ixs.cc#🇨🇳Namo
🍑 指尖豆蔻文学网,,超时,,https://www.zhijiandoukou.com
🍑 肉色屋③,⁹ಥ刘备入川〽️,超时,,https://m.rousewu.info
🍒 00有爱,"🚬刘备,🍒言情",超时,,http://www.00ui.cc
🍒 言情中文,"🍒30,🍋🍋🍋🍋🍋🍋,搜索失效",超时,,https://www.yqzww.net
🍒 言情花园,🍒言情,超时,,https://k.yqhy.org
🍒 言情花园,🍒言情,超时,,https://www.yqhy.org
🍒 言情花园(新),🍒言情,超时,,http://www.yqhy.org
🍓 顶点,"🎊 飞卢,女频精品🎖书源,有效,可用书源,重复书源",超时,,https://m.xindingdianxsw.net
🍹 作客小说,好用,超时,,https://m.zuokexs.com/
🍺 2K小说,🌼晨光雨露🍒精品源💯,超时,,http://m.2kxsw.com
🍺 2K小说,🍺特优,超时,,http://wap.2kxs.org
🍺 360文学,"﹅ ♛ 精品,搜索失效",超时,,https://m.360wxw.com
🍺 5Z中文,🍺特优,超时,,https://www.5zzw.com
🍺 76看书,,超时,,http://www.76kanshu.com
🍺 89文学网,,超时,,https://www.89wxw.com
🍺 丹书铁券,,超时,,https://www.dstiejuan.com#library li
🍺 乐乐文学,"🎉 精选 🎉,🏵️  小说",超时,,http://m.lelewx.com
🍺 书屋楼,🍺特优,超时,,https://www.shuwulou.com
🍺 八零电子书①,🍺特优,超时,,https://m.balingtxt.com
🍺 好心情文学,🌿精选源,超时,,http://m.hxqwx.com
🍺 巴特尔,🌼晨光雨露🍒精品源💯,超时,,http://m.btebook.com
🍺 思路客③,"⛓️破防,🍺特优",超时,,http://www.siluwu.com#grid tr!0
🍺 戊戟武侠,🍺特优,超时,,https://m.ajnnan.com
🍺 我看书斋,🍺特优,超时,,https://www.5ccc.tw
🍺 斗破苍穹,🍺特优,超时,,http://doupocangqiong1.com
🍺 新热门小说,🏵️  小说,超时,,https://www.xinremenxs.net
🍺 易看小说网,,超时,,https://m.yikanxiaoshuoa.com
🍺 星空小说,🍺特优,超时,,https://www.aixs.la
🍺 星空小说网,"🍺特优,搜索失效",超时,,https://www.xaixs.org
🍺 爱书屋,🍺特优,超时,,http://m.ishuse.com
🍺 爱心9999,,超时,,https://www.ax999.org
🍺 爱看书吧,🍺特优,超时,,http://m.ikashub.net
🍺 神书网™,🍺特优,超时,,http://www.skyzww.com
🍺 笔趣阁info,"优质源👍,💒 笔趣",超时,,http://m.biquge.info#bookone
🍺 笔趣阁②,,超时,,https://www.bqg5.cc
🍺 读一读 du1du,优质源👍,超时,,http://www.du1du.cc
🍺 读下小说网,🍺特优,超时,,https://www.duxia.org
🍺 速阅阁,,超时,,https://m.suyueg.com
🍺 长沙小说,,超时,,http://m.csxsrc.com
🍺 阅读悦,🍺特优,超时,,https://m.yuedyue.com
🍺 青果阅读,🍺特优,超时,,https://www.qingoo.cn
🍺 静爱书,🌼晨光雨露🍒精品源💯,超时,,http://m.jingaishu.com
🍻 爱小说,"【❌❌】搜索正文失-效,搜索失效",超时,,https://m.ixs.cc
🎃UU小说🎃,,超时,,http://www.uuxsw.net#🎃
🎃三九小说🎃#2,,超时,,http://www.wxshuku.info#🎃
🎃二三中文🎃,,超时,,http://wap.ersanxs.info#🎃
🎃优·书荒荒🎃,,超时,,http://www.shuhuanghuang.com#🎃
🎃冬天中文🎃,,超时,,https://www.xkushu.com#🎃
🎃哎哟小说🎃,,超时,,http://www.2kxs.org#🎃
🎃完结屋🎃,,超时,,http://www.wanjie.com#🎃
🎃完美小说🎃,,超时,,http://m.umixs.info#🎃
🎃就爱言情🎃,,超时,,https://m.92yanqing.com#🎃
🎃帝书阁🎃,,超时,,http://m.xdishuge.net#🎃
🎃思路客🎃,,超时,,http://www.shuqusk.info#🎃
🎃星空小说🎃,,超时,,http://wap.aixswx.com#🎃
🎃最终小说网🎃,,超时,,https://www.zuizhong.net#🎃
🎃梦幻小说🎃#2,,超时,,https://www.pan.la#🎃
🎃歌书网🎃,,超时,,http://www.gashuw.com#🎃
🎃溜达小说🎃,,超时,,http://www.liudatxt.la#🎃
🎃爱读书网🎃,,超时,,http://www.changduba.com#🎃
🎃笔下文学🎃#2,,超时,,http://www.bxwx.la#🎃
🎃笔趣阁🎃#20,,超时,,http://wap.xbiquzw.net#🎃
🎃笔趣阁🎃#26,,超时,,http://wap.xbiqugu.la#🎃
🎃笔趣阁🎃#7,,超时,,http://www.xshuquge.net#🎃
🎃菊奇书屋🎃,,超时,,https://m.juqisw.com#🎃
🎃鸟书网吧🎃,,超时,,https://m.99mk.la#🎃
🎃️悸花API🎃,,超时,,http://api.lestory.cn#🎃
🎈 哔哩轻小说,🔖 轻小说,超时,,https://m.linovelib.com#book-ol li
🎈石器「po文」,🎈  普通,超时,,https://www.shiqishuwu.com
🎈私塾网 #关耳,"【❌❌】搜索失-效,搜索失效",超时,,https://m.4shuwang.net#guaner
🎉 234热门,"﹅ ♛ 精品,搜索失效",超时,,http://www.234re.com
🎉 63小说网,🎉精品,超时,,https://www.63xs.org
🎉 万书楼③,🎉精品,超时,,https://www.wshulou.com
🎉 三千五中文网,🎉精品,超时,,http://www.cn3k5.com
🎉 三千五中文网①,🎉精品,超时,,http://m.cn3k5.com
🎉 九六中文,🎉 精选 🎉,超时,,https://www.96kanshu.com
🎉 书阁网,"﹅ ♛ 精品,搜索失效",超时,,http://www.bookgew.com
🎉 书阅屋,🎉精品,超时,,https://www.biqugewx.com
🎉 云山千叠,¹▽置顶`ȏ´正版发现,超时,,http://www.yunshanqiandie.com
🎉 傲轩小说,🎉精品,超时,,https://www.axxsw.com
🎉 傲轩小说网②,³۝天域整理,超时,,https://m.axxsw.org
🎉 六酷小说网,🎉精品,超时,,https://www.6co.cc
🎉 凤舞文学,🎉精品,超时,,http://m.kknn.net
🎉 加窜小说②,"﹅ ♛ 精品,搜索失效",超时,,http://m.jiacuan.com
🎉 四库书,"﹅ ♛ 精品,搜索失效",超时,,https://www.sikushu8.com#grid tr
🎉 墨坛,🎉 精选 🎉,超时,,https://www.22mta.cc#search_text
🎉 大海中文网②,🎉精品,超时,,https://m.dhzw8.com
🎉 大秦铁甲如云,🎉精品,超时,,https://www.daqinshu.com
🎉 好书网,,超时,,http://m.hbook.cc
🎉 妙书屋,,超时,,https://www.miaoshuwu.com
🎉 小说娃,"﹅ ♛ 精品,搜索失效",超时,,https://www.xiaoshuowawa.com#sitembox dl#芜恙
🎉 就看奇闻,🎉精品,超时,,http://www.9kqw.com
🎉 文桑,"﹅ ♛ 精品,搜索失效",超时,,https://www.wensang.com#sitebox dl
🎉 新笔趣阁②,²♨笔-趣-阁❆,超时,,https://www.xxbiquge.com
🎉 新青豆,"🎉 精选,💡 发现",超时,,https://m.xinqingdou.net
🎉 无弹窗小说网𖤓#一介20.0831,已检验,超时,,https://www.22ff.org#一介20.0831
🎉 暖才,🎉精品,超时,,http://www.nuancaiwenxue.com#c_row
🎉 未来小说,🎉精品,超时,,https://www.7yun.org
🎉 格格党61,🎉 精选 🎉,超时,,http://www.ax61.com
🎉 桂花小说,🎉精品,超时,,http://m.guigs01.com
🎉 炫书网③,"﹅ ♛ 精品,搜索失效",超时,,https://m.xuanquge.com
🎉 热门小说网备用™,🎉 精选 🎉,超时,,https://m.remen88.com
🎉 爱奇,"🎉 精选,搜索失效",超时,,http://www.i7wx.net#grid
🎉 瓜子小说,🎉精品,超时,,https://m.ggkxs.com
🎉 笔下文学,"🎉精品,☣️senhora起点",超时,,http://www.bxwx.tw
🎉 笔下文学,🎉 精选,超时,,https://www.bxwxorg.com#sitembox dl
🎉 笔下文学⑤,³۝天域整理,超时,,http://m.bxwx.io
🎉 笔趣阁,🎉精品,超时,,http://www.2baob.com
🎉 笔趣阁,"🎉 精选 🎉,💒 笔趣",超时,,http://m.yingsx.com
🎉 笔趣阁,🎉精品,超时,,https://m.tianxiabachang.cn
🎉 笔趣阁⑥⓪,,超时,,https://www.biquge.lu
🎉 笔趣阁㊶,🎉精品,超时,,https://www.biqugexsw.com
🎉 笔趣阁小说网™九天之狼,"🏵️  小说,🎉 精选 🎉,💒 笔趣",超时,,https://www.biqushu.com
🎉 笔趣阁看小说网,🎉精品,超时,,http://m.biqugek.cc
🎉 第五文学,,超时,,https://www.d5wx.com
🎉 紫幽阁,"﹅ ♛ 精品,搜索失效",超时,,http://www.ziyouge.com
🎉 花香居,,超时,,https://www.huaxiangju.com
🎉 苗疆文学,³۝天域整理,超时,,https://www.miaojiang8.net
🎉 菠萝小说②,🎉 精选 🎉,超时,,https://m.boluoxs.org
🎉 菠萝网,"测试组,测试1,神",超时,,http://www.podlook.com
🎉 达文小说网,🎉精品,超时,,http://wap.dawen.org
🎉 酷笔记①,🎉 精选 🎉,超时,,https://www.kubiji.net
🎉 雅文吧,🎉精品,超时,,https://m.yawen8.org
🎉 零点书院①,🎉精品,超时,,https://m.00sy.com
🎉 顶点小说⑨ MS,🎉精品,超时,,https://m.23us.la
🎉 顶点小说⑮,🎉精品,超时,,https://www.dingdiann.com
🎉 骑士,,超时,,http://www.74qb.com#grid tr!0
🎉2K中文网,🎉 精选 🎉,超时,,https://www.2kzw.com/
🎉UC小说网,🎉 精选 🎉,超时,,http://www.ucxsw.org/
🎉一六中文网,🎉 精选 🎉,超时,,https://www.16zw.com/
🎉七八中文,🎉 精选 🎉,超时,,https://www.78zw.com/
🎉三七中文①,"🎉 男频精选 🎉,®️ 搜书男频 ®️,⌛️ 全局搜书 ⌛️",超时,,https://www.37zww.net/
🎉乐文小说⑩,🎉 精选 🎉,超时,,https://www.lewen0.com/
🎉书迷楼④,小说,超时,,https://m.shumil.co/
🎉书阁小说,🎉 精选 🎉,超时,,https://www.shuge.la/
🎉倚天中文网,🎉 精选 🎉,超时,,http://www.ytzww.com/
🎉凌晨看书#嘚嘚21.0201,"天龙,校验超时",超时,,https://m.lingchenkanshu.com#嘚嘚21.0201
🎉啃书小说网,🌼晨光雨露🍒精品源💯,超时,,https://www.kenshu.cc
🎉奇快中文③,🎉 精选 🎉,超时,,https://wap.7kzw.com/
🎉思路客💙💙💙siluke.com,"☀️搜书/换源 B▪优质,★,21.01芜恙",超时,,http://www.siluke.com#novelslist li!0#芜恙
🎉我爱小说①,🎉 精选 🎉,超时,,https://www.2wxs.net/
🎉星月书吧②,🎉 精选 🎉,超时,,https://www.xy48.net/
🎉星空小说网,🎉 精选 🎉,超时,,https://www.aixswx.com/
🎉桐树小说网,⁴☃晨光雨露᭄精品源,超时,,https://www.tongshu.net/
🎉棉花糖小说③,🎉 精选 🎉,超时,,https://www.mht99.com/
🎉求书网,常用源🎉,超时,,https://www.xqiushu.com
🎉白菜小说,🎉 精选 🎉,超时,,https://www.bcxsw.com/
🎉笔趣泡,²♨笔-趣-阁❆,超时,,https://www.biqupao.com/
🎉笔趣阁biquge.com.cn,"🎉 精选 🎉,🏵️  小说,💒 笔趣",超时,,https://www.biquge.com.cn#result-item
🎉笔趣阁③,🎉精选,超时,,http://www.biquger.com#grid tr!0
🎉笔趣阁⑩⑦,🎉 精选 🎉,超时,,http://hananke.com/
🎉第九文学网,³۝天域整理,超时,,https://www.d9cn.org/
🎉紫幽阁,🎉 精选 🎉,超时,,http://www.ziyouge.org/
🎉铁书网,🎉 精选 🎉,超时,,http://www.tieshuw.com/
🎉零点看书③,🎉 精选 🎉,超时,,http://www.iwaimai.net/
🎉飞卢文学,"🎉精选,失效",超时,,https://www.flwenxue.com
🎉饭饭中文#嘚嘚21.0201,"﹅ ♛ 精品,搜索失效",超时,,https://www.fanfanzw.com#嘚嘚21.0201
🎉麻雀阁,"🎉 男频精选 🎉,⌛️ 全局搜书 ⌛️,®️ 搜书男频 ®️",超时,,http://www.maquege.com/
🎊 175文学,🎉 精选 🎉,超时,,https://www.175wx.com
🎊飘天文学⑤,优质源👍,超时,,http://www.piaotiange.com/
🎋言情中文网🎋,,超时,,https://www.bore.cc/
🎋雨枫轩（横目录阅读）🎋🌿,,超时,,https://m.rain8.com/##响海（4）
🎋雨枫轩（长篇有竖目录阅读）🎋🌿,,超时,,https://m.rain8.com/##响海1
🎧 千千静听,"有声,搜索失效",超时,,http://www.qqjt5.com#芜恙
🎧 听中国,🎧有声,超时,,http://app.tingchina.com
🎨 36漫画,,超时,,https://m.36mh.net
🎨 maa漫画（正文需完善）,"🎨漫画,🚬刘备",超时,,https://maa1812.com/zh/18H_random/all/index.html
🎨 二次元动漫,🎨漫画,超时,,http://www.2animx.com
🎨 女神漫画,漫画,超时,,https://zxneo.com
🎨 最漫画,,超时,,https://m.zuimh.com
🎨 最漫画,"搜索链接规则为空,兔兔兔",超时,,https://m.zuimh.com#一程
🎨 漫画123,🎨漫画,超时,,https://m.manhua123.net
🎯书趣阁sizhicn,"🐌,一般,有效,可用书源",超时,,http://m.sizhicn.com
🎯古槐中文网,🏵️  小说,超时,,https://book.2345daohang.com
🎯我爱故事网[源注释],,超时,,https://www.5aigushi.com
🎯看书小说,🏵️  小说,超时,,http://www.kssw.net
🎯顶点小说网x23us.org,🏵️  小说,超时,,https://www.x23us.org
🎶 听蛙,有声,超时,,https://so.itingwa.com#芜恙
🏀 爱奇小说,,超时,,https://www.i7q8.com/
🏀 趣书屋,,超时,,http://www.qushuwu.com/
🏵️ 速阅阁,🏵️  小说,超时,,http://m.suyueg.com#sone
🏷️龙坛书网,☀晨光雨露💫精俢源💯,超时,,http://www.ltsw888.com
🐑小说书城,"🐑 普通,✉️  网络文学",超时,,http://www.hnqxwl.com/index.html
🐑星辰小说,"🐑 普通,✉️  网络文学",超时,,https://www.zhnxcw.com
🐳吾的轻小说,🔖 轻小说,超时,,https://book.crazyideal.com
🐶 小说娃,搜索失效,超时,,https://www.xiaoshuowawa.com#sitembox
🐶Ⓐ 166小说🍒,已检验,超时,,https://www.166xs.cc#未月十八净化
🐶Ⓢ 言情阁🍒,"﹅ ✾ 言耽,搜索失效",超时,,http://m.yqingge.com#未月十八改
🐶武林中文②,搜索失效,超时,,https://www.50zw.net/
🐶猎文网,搜索失效,超时,,https://m.liewen.cc
🐶笔趣阁⑥,SSS,超时,,https://www.bqg5.cc       ⑥
🐶🐑言情中文🍒,"【❌❌】搜索失-效,搜索失效",超时,,https://m.bore.cc
🐾 挖沙『仅发现』,"搜索链接规则为空,七猫免费小说",超时,,https://www.waasaa.com/
👍 147小说,👍优质,超时,,http://www.147xs.org#grid tr!0
👍 98K,👍优质,超时,,http://m.98kwang.com
👍 9z书屋[仅发现],👍优质,超时,,http://www.bl9z.com
👍 一本读,"﹅ ♜ 优质,搜索失效",超时,,http://www.ybdu.me#novelslist2 li!0#芜恙
👍 一本读,👍优质,超时,,http://www.ybdu.me#novelslist2 li!0
👍 三江阁,"优质源👍,🏵️  小说",超时,,https://www.sanjiangge.com
👍 乐文①,👍优质,超时,,https://www.xs26.com#novelslistss li
👍 乐文小说④,👍 优质,超时,,https://www.lewentxt.com
👍 书海阁,优质源👍,超时,,http://www.xinshuhaige.net
👍 云顶小说,优质源👍,超时,,https://www.yundingxs.com
👍 任我看书,优质源👍,超时,,https://www.r5k.com
👍 八一中文①,【🈵♥🈵💯】231123千组1,超时,,http://www.81zw.la
👍 八月文学,👍优质,超时,,https://www.xiaqu.org
👍 凤舞文学网③,优质源👍,超时,,http://www.kknn.net
👍 四库书,"﹅ ♜ 优质,搜索失效",超时,,https://www.sikushu8.com#grid tr#芜恙
👍 奇书,👍优质,超时,,http://m.iqishu.la#searchresult p
👍 奇快小说,优质源👍,超时,,https://www.7kzw.com
👍 御书阁,"﹅ ♜ 优质,搜索失效",超时,,https://www.yushuge.com#grid tr!0#芜恙
👍 懒人小说,⁴☃晨光雨露᭄精品源,超时,,http://www.lrxsw.org
👍 搜小说网,优质源👍,超时,,https://www.soxscc.com
👍 断青丝小说网,👍 优质,超时,,http://www.duanqingsi.com
👍 无错小说网xquledu.com,🏵️  小说,超时,,https://www.xquledu.com
👍 清逸文学网,"﹅ ♜ 优质,搜索失效",超时,,http://www.71wx.com
👍 爱灵异,👍优质,超时,,https://www.ailingyi.com#list_item
👍 特特,"﹅ ♜ 优质,搜索失效",超时,,http://www.tetewx.com#grid tr#芜恙
👍 特特,②💫优选,超时,,http://www.tetewx.com
👍 特特,②💫优选,超时,,http://www.tetewx.com#grid tr
👍 猎文网,"﹅ ♜ 优质,搜索失效",超时,,https://www.liewen.cc
👍 畅阅小说网,,超时,,http://c-ccccc.cc
👍 百书,"﹅ ♜ 优质,搜索失效",超时,,https://m.100ben.net
👍 笔下文学,"﹅ ♜ 优质,搜索失效",超时,,www.bxwxorg.com
👍 笔趣阁,👍优质,超时,,https://m.vbiquge.com
👍 笔趣阁⑦⑧,👍优质,超时,,http://www.biqutxt.com
👍 落秋②,,超时,,http://www.luoqiuxs.com#grid tr!0
👍 落秋②,"﹅ ♜ 优质,搜索失效",超时,,http://www.luoqiuxs.com#grid tr!0#芜恙
👍 辣文小说,👍 优选,超时,,3g.lawenxs.com/#grid tr!0
👍 速阅阁,优质源👍,超时,,http://m.suyueg.com
👍 顶点①,🏵️  小说,超时,,https://www.280xs.com#BookList li
👍 顶点①,"﹅ ♜ 优质,搜索失效",超时,,https://www.280xs.com#BookList li#芜恙
👍三七中文,优质源👍,超时,,http://m.37zww.net
👍乐文小说⑰,优质源👍,超时,,https://www.lewenma.com/
👍书林文学,优质源👍,超时,,http://m.shu008.com
👍思路客⑲,优质源👍,超时,,https://www.slkzw.com/
👍梦想文学网,优质源👍,超时,,https://www.mxguan.com/
👍福气小说,优质源👍,超时,,https://www.fqxs.cn/
👍笔趣阁⑥⑨,"👍 优质,🍀",超时,,https://www.biquge98.net/
👍笔趣阁⑧⑤,"优质源👍,💒 笔趣",超时,,https://www.biqugeg.com/
👍笔趣阁⑧⑧,"优质源👍,💒 笔趣",超时,,https://www.biqulin.com/
👍笔趣阁⑨⑤,"优质源👍,💒 笔趣",超时,,https://www.biqugemm.com/
👍言情小说,"﹅ ✾ 言耽,﹅ ♜ 优质,搜索失效",超时,,https://www.yqxs.cc/
👍零点书院,优质源👍,超时,,http://www.00sy.net
👑 夜夜中文,,超时,,https://m.yeyezw.com
👾梦生小说,🏵️  小说,超时,,http://m.mengshengxs.com/
💊 onlinereadfreebooks(ENG)(英文),💊无搜,超时,,https://www.onlinereadfreebooks.com/en
💠 乐文小说网,"《精选书源》,搜索失效",超时,,https://www.lwxstxt.com
💠 每日一文#onede,"💠 精选,🌈onede,★",超时,,https://meiriyiwen.com#onede
💦顶点小说㉖,🎉 精选 🎉,超时,,http://www.23wxx.com/
💮爱书吧,神段【大乘级】（小说源）,超时,,http://www.aibookba.com
💯乐文小说网,🎉 精选 🎉,超时,,https://www.lewen.la
💯熊猫看书#温暖满怀,"3.精品,★c66,×××1,★",超时,,https://www.xmkanshu.com#温暖满怀
💯熊猫看书#温暖满怀,"3.精品,★c66,×××1,★",超时,,https://www.xmkanshu.com
💵 堕落方舟,"💵正版,🆔登录,🚀VPN",超时,,https://bbs.fallenark.com
📑 书友社区,📑书评,超时,,https://andyt.cn
📒御宅窝,🤶🏻  淑女,超时,,https://www.yuzhaio.com
📒龙腾小说#美波21.0126,搜索失效,超时,,http://www.longteng2.org#美波21.0126
📓就爱故事网[仅发现],⁷̶̥̥̥ॱଳ͘图书۶出版,超时,,https://www.92gushi.com
📖 五一读书,"【❌❌】搜索失-效,搜索失效",超时,,https://m.51dxs.org/
📖 头条小说,"【❌❌】搜索失-效,搜索失效",超时,,https://ic-hl.snssdk.com/
📖 笔趣阁,📖 小说,超时,,https://www.xbookben.net/
📖 笔趣阁①#onede,"📖 笔趣,🌈onede,★",超时,,https://www.biquge.com.cn#onede
📖 笔趣阁网,📖 小说,超时,,https://www.xbiquke.com/
📖 笔趣阁网,"🍍🍍🍍🍍🍍🍍,📖 324,搜索失效",超时,,https://www.o2000.com/
📘漫画呗,📘漫画,超时,,https://m.manhuabei.com
📚 世界名著,📚出版,超时,,https://www.cz2che.com
📚 小说天堂,"📚 出版,🥣 仅发现",超时,,https://m.xstt5.com
📚 起舞中文,js失效,超时,,https://www.75zw.com
📚小说网,出版,超时,,http://47.244.244.253:8080
📝三千五,"自,📖小说",超时,,https://m.cn3k5.com
📡 4020,搜索链接规则为空,超时,,https://www.520txtba.com
📡 橙瓜全网榜单,📡发现,超时,,http://ku.mumuceo.com
📥 爱下书屋,📥下载,超时,,https://mip.aixdzs.com
📥 说说520[仅发现],📥下载,超时,,http://www.xshuoshuo.com
📻 云音乐,📻有声,超时,,http://121.4.78.106:4001
📻 六月听书,"搜索链接规则为空,兔兔兔",超时,,http://www.6yueting.com
📻 安卓听书,📻有声,超时,,http://120.25.207.193
📻 爱上你听书,📻 有声,超时,,http://www.23ts.com
📻 聆听音乐,📻有声,超时,,http://101.43.12.135:3200
🔆丹书铁券❸🌱⭐💢,,超时,,https://www.dstiejuan.com#□一介
🔍 全网榜单数据,喵公子,超时,,http://yck.mumuceo.com/
🔍QQ阅读,5、名著,超时,,http://yuan.mumuceo.com
🔓一书阁,"🧸  备用,失效",超时,,http://www.yishug.net
🔓久久文学,"﹅ 通用书源▪︎玄奇,搜索失效",超时,,http://www.99wenku.org#乃星
🔓第二书包网,搜索失效,超时,,https://www.shubaoan.com#乃星
🔓言情中文网,"【❌❌】搜索失-效,搜索失效",超时,,https://m.bore.cc#乃星
🔖69书,"🪜 代理,0-1文本",超时,,https://m.69shu.la
🔖每日一文,💡 仅发现,超时,,https://meiriyiwen.com
🔖爱书网①,"【❌❌】网站失-效,搜索失效",超时,,https://m.22ff.org
🔖爱小说,"【❌❌】搜索失-效,搜索失效",超时,,http://www.ixs.cc
🔖独阅读,精选书源,超时,,https://app.duread8.com#yc1101
🔖珍藏小说网,"测试组,测试1,神",超时,,https://m.zcxxc.com
🔖笔趣阁b15,💦精品,超时,,https://m.biqudu.net
🔖缤纷幻想①,"搜索正文失效,【❌❌】网站失-效",超时,,http://colorful-fantasybooks.com
🔖西丰中文,"【❌❌】搜索正文失-效,搜索失效",超时,,http://www.xf2z.net
🔖黄易小说①,"【❌❌】搜索失-效,搜索失效",超时,,https://www.huangyixiaoshuo.com/
🔥 乐库小说,🔥 优质,超时,,https://www.6lk.net
🔥 奇书网,优质源👍,超时,,http://m.iqishu.la
🔥橘子小说,CSS; 正则,超时,,http://m.cxinbz.com/
🔰 11中文网,🔰普通,超时,,https://www.11zww.net
🔰 123读书网,🔰普通,超时,,https://m.123du.cc
🔰 tvbts,🔰 普通,超时,,https://www.tvbts.com
🔰 uu小说,🔰普通,超时,,https://m.uuxs.la
🔰 wurexs,🔰 普通,超时,,https://m.wurexs.com
🔰 七猫小说网,🔰 普通,超时,,http://www.chiyou.cc
🔰 七猫小说网,🔰 普通,超时,,https://m.chiyou.cc
🔰 乐文小说网6,🔰普通,超时,,http://www.lewen6.com
🔰 二五零书院[缺页],🏵️  小说,超时,,https://www.250sy.cc
🔰 亲小说,🔰 普通,超时,,https://www.qinxiaoshuo.com
🔰 亿刊小说网,🔰 普通,超时,,https://m.yikanxs.com
🔰 去读读,🔰普通,超时,,http://www.qududu.net
🔰 去读读,🔰 普通,超时,,https://www.qududu.net
🔰 四六中文,,超时,,https://www.46xs.com
🔰 好漫,🔰 普通,超时,,http://www.haoman8.com
🔰 小书包,🔰普通,超时,,https://m.xshubao.org
🔰 小强,🔰 普通,超时,,http://www.xiaoqiang520.com
🔰 新百年网,🔰普通,超时,,http://www.bnnew.com
🔰 无弹窗小说网,¹▽置顶`ȏ´正版发现,超时,,http://www.22ff.org
🔰 易读yidukf,🔰 普通,超时,,https://yidukf.com
🔰 来读读,"🔰 普通,☣️可用",超时,,https://m.laidudu.com
🔰 波洞,🔰 普通,超时,,http://ikmmh.com
🔰 爱看书吧②,🏵️  小说,超时,,http://ikshu8.com
🔰 番茄测试,🔰 普通,超时,,http://fq.travacocro.com
🔰 白云博客,🔰 普通,超时,,https://www.bybk.cc
🔰 看下小说网,🔰普通,超时,,http://www.kanxia.org
🔰 笔下文学,🔰 普通,超时,,http://www.bxwenku.com
🔰 笔痴中文,🏵️  小说,超时,,https://www.bdxnc.com
🔰 笔趣看小说,🔰普通,超时,,http://www.biqukxs.com
🔰 笔趣阁,🔰 普通,超时,,https://www.biqugeka.com
🔰 笔趣阁39shubao.com,🔰普通,超时,,https://www.39shubao.com
🔰 第一版主,🔰 普通,超时,,https://www.diyibanzhu.in
🔰 第三荷包网,🔰 普通,超时,,https://www.33hebao.com
🔰 精武小说,"🔰 普通,💡 发现",超时,,https://www.jingwuhotel.com
🔰 菠萝小说,🔰普通,超时,,https://www.boluoxs.com
🔰 言情360,🔰 普通,超时,,http://www.yanqing360.com
🔰 言情阁,"🔰,搜索失效",超时,,http://m.yqingge.com
🔰 阅书阁,"🔰 普通,💡 发现",超时,,https://www.xyshuge.com
🔰 顶点小说网㉓,🔰普通,超时,,https://www.023shu.com
🔰 黑岩阁,微筛选,超时,,http://wap.heiyange.com
🔰 ️笔趣阁gxyh,🔰 普通,超时,,http://www.gxyh.org
🔰乐园中文,🔰 一般 🔰,超时,,https://www.leyuanzw.com/
🔰八八读书网,🔰 一般 🔰,超时,,https://www.8dushu.com/
🔰八点看小说,🔰 一般 🔰,超时,,https://www.bdkxs.com/
🔰北辰小说,🔰 一般 🔰,超时,,https://www.bcxiaoshuo.com/
🔰孔令文学,🔰 一般 🔰,超时,,https://www.konglingwx.com/
🔰安书阁,🏵️  小说,超时,,https://www.anshuge.com/
🔰新笔趣阁,🔰 一般 🔰,超时,,https://www.xbiquge520.com/
🔰荨默中文,🔰 一般 🔰,超时,,https://www.qianmozw.com/
🔰血红小说网①,"﹅ ♞ 普通,搜索失效",超时,,https://www.xuehong.cc/
🔰超多小说,🔰 一般 🔰,超时,,https://www.cdxiaoshuo.com/
🔰青豆文学,🔰 一般 🔰,超时,,https://www.qingdouwx.com/
🚄有兔阅读（慢）,⁴☃晨光雨露᭄精品源,超时,,https://www.mituyuedu.com#edit
🚬 00言情小说网,🚬刘备,超时,,http://m.00ui.cc
🚬 31看书网,🚬刘备,超时,,http://www.31ksw.net
🚬 65TXT小说,！绝对领域,超时,,http://www.665txt.com
🚬 大漠阁,"【❌❌】搜索失-效,搜索失效",超时,,http://www.damoge.com
🚬 大陆文学,🚬刘备,超时,,https://www.dnxiaoshuoa.com
🚬 尤物小说[仅发现],🚬刘备,超时,,http://www.youwuxs.com
🚬 新龙腾小说,🚬刘备,超时,,http://www.longtengxs.org
🚬 新龙腾小说网,"﹅ ㊕ 特殊,搜索失效",超时,,http://www.ltxsw123.vip
🚬 甜美文库,🚬刘备,超时,,https://www.tianmengwenku.org
🚬 第二书包网,🚬刘备,超时,,http://m.shubao222.cc
🚬 第二版主2,🚬刘备,超时,,http://www.dybz1.vip
🚬 米库小说,🚬刘备,超时,,http://m.mikuwx.com
🚬 蔡萝莉,"🚬刘备,💊无搜",超时,,https://3mtn6.xyz
🚬 阿甘小说,,超时,,https://m.agxs.org
🚬 龙腾小说,🚬刘备,超时,,http://www.6qwx.com
🛠️ 笔趣阁⑦⑥[无正文],🛠️待修,超时,,https://www.niupiantv.com
🤍EZ  看  书,"🤍 普通,搜索失效",超时,,https://m.ezkanshu.org/
🥁-笔趣阁⁵⁹,"【❌❌】网站失-效,【】👾笔趣阁",超时,,https://www.xsbiquge.net#♤guaner1
🥂   520文库,"🥂 常用,搜索失效",超时,,http://m.520wenku.com
🥈118阅读网,"🥈补充,失效",超时,,https://www.118yuedu.com
🥈燃文小说,搜索失效,超时,,https://www.ranwen.la#乃星
🥈百合小说,已检验,超时,,https://m.baihexs.com#乃星
🥣 60ks,🥣 仅发现,超时,,http://m.60ks.cc
🧐173K小说♨️,已检验,超时,,https://www.173kxs.com/
🧐连载阅读,"发现失效,搜索失效",超时,,https://www.lianzai.com
#199中文~199zw.com,已检,连接失败,,https://www.199zw.com
123读,,连接失败,,https://www.https://m.123ds.org/
199中文[📱],🏵️  小说,连接失败,,https://m.199zw.com
1kmz.com,,连接失败,,https://m.1kmz.com/
1kzm,,连接失败,,https://m.1kzm.com
1vip,🔱 绅士淑女 🔱,连接失败,,https://m.11vip.org
2048论坛,,连接失败,,https://hp.bv0a.life
256文学,1、优;6、特殊,连接失败,,https://www.256wx.com
360漫画™💡,💡【提示】,连接失败,,https://www.100fanwo.com
37小说,漫画,连接失败,,https://m.37xs.com
37小说网,💯  精选,连接失败,,https://m.00xs.com
388小说,菊花大侠2,连接失败,,https://m.388xs.com
3ff小说网,,连接失败,,https://www.3ff.cc
3ff小说网🎃,,连接失败,,https://www.3ff.cc#🎃
48文学网,"♡ོ晨光雨露✺精品源,如月流光,搜索失效",连接失败,,https://www.48rx.net
51小说,"💝 常用,希弥",连接失败,,https://api.51xiaoshuoapp.com
52∧V图片频道,,连接失败,,https://s52uli1l6ocq.xyz:52888
53中文网,☀晨光雨露🍒精俢源💯,连接失败,,https://m.wusanzw.com
55小说网,搜索链接规则为空,连接失败,,https://www.55duba.com-By Dark
55小说网,"搜索链接规则为空,天龙",连接失败,,https://www.55duba.com
55读书,小说,连接失败,,https://www.xschong.com
69SHUBA,PROXY,连接失败,,https://book-1.dancying.cn
69SHUX,PROXY,连接失败,,https://book-4.dancying.cn
69文学,,连接失败,,https://www.69wxw.cc
69文学网,,连接失败,,https://www.69wxw.org
72文学网,已检,连接失败,,https://www.72wx.com
77读书网,自用,连接失败,,https://www.wuchttp://www.77dushu.la/uoxs.com/
77读书网,自用,连接失败,,https://www.www.77dushu.la/uoxs.com//
800小说网,已检,连接失败,,https://www.800xs.net-By Dark
81中文,,连接失败,,https://www.81zw.me
82小说,,连接失败,,https://wap.2kzw.com/
83中文🎃#2,④🔖  备用,连接失败,,https://www.83zwz.com#🎃
88读书网,,连接失败,,https://www.fjqzcs.com
8X8X,天域战歌整理,连接失败,,https://gb656gb.com
90中文网,⚡️经典,连接失败,,https://www.90zhongwen.com/
92K小说网,默认,连接失败,,https://wap.92k.cc
ABC小说,,连接失败,,https://www.yb3.cc-By Dark
BB书屋,¹▽置顶`ȏ´正版发现,连接失败,,https://m.xbbshuwu.com/
EZ看书,失效,连接失败,,https://www.luolaii.com
E小说,👍 优质,连接失败,,https://www.zwda.com-By Dark
PIAOTIAN,PROXY,连接失败,,https://book-2.dancying.cn
R 可乐阅读🐶🛡️,0227⭐,连接失败,,https://www.keledushu.com/
R 小说之家🐶,0227⭐,连接失败,,https://cn.xsj.tw/
R 小说之家🐶,R🐶,连接失败,,https://cn.xsj.tw/##RosiaPng
TWKAN,PROXY,连接失败,,https://book-3.dancying.cn
UUU小说网(搜索404仅发现),¹▽置顶`ȏ´正版发现,连接失败,,https://v.uuuab.com
Webcomics™💡🇰🇷,"韩漫,英语",连接失败,,https://webcomics.co.id
b💯九桃小说🅰🔎com#关耳 bak,"21.0619关耳,★,★🔎",连接失败,,https://m.9txs.com#关耳
https://m.kuaishuku.com/s.php,⁴☃晨光雨露᭄精品源,连接失败,,https://m.kuaishuku.com/s.php
https://www.supply-station.com/,【小说2书源】,连接失败,,https://www.supply-station.com/
i猎奇,6、正版,连接失败,,https://m.ilieqi.net
ll读书网,,连接失败,,https://www.lldus.com
o🌸 后花园,"﹅ ✾ 言耽,搜索失效",连接失败,,https://www.yanqbook.com#grid tr!0#芜恙
r小说™九天之狼,普通; 失效,连接失败,,https://www.rxiaoshuo8.com
å¹¼ç®ä¹¦ç,🏵️  小说,连接失败,,https://www.yssm.org-By é»æ£±é
⋙无脑获取搜索规则V1⋘,规则,连接失败,,http://
Ⓐ 16号书库,,连接失败,,https://m.as16.me#未月十八repair
Ⓐ 2K小说①,𐄛 Ⓐ级,连接失败,,https://m.fpzw.org#未月十八改
Ⓐ 三八读书,⁴☃晨光雨露᭄精品源,连接失败,,https://www.38dushu.com#未月十八改
Ⓐ 三八读书网,¹▽置顶`ȏ´正版发现,连接失败,,https://www.38dushu.com#未月十八repair
Ⓐ 元宝小说,,连接失败,,https://m.ybwzx.com
Ⓐ 凤鸣轩,"𐄛 Ⓐ级,搜索失效",连接失败,,https://www.hambzx.com
Ⓐ 千千小说网①,,连接失败,,"https://www.qqxsw.la-By Dark#onede,未月十八净化"
Ⓐ 天籁小说②,𐄛 Ⓐ级,连接失败,,https://www.tianlaixsw.com#迷迭edit
Ⓐ 极品小说,,连接失败,,https://www.jipinzw.cc#未月十八repair
Ⓐ 笔趣阁⑲,²♨笔-趣-阁❆,连接失败,,https://m.paozw.com#未月十八改
Ⓐ 老猫小说②,𐄛 Ⓐ级,连接失败,,https://api.laomaoxs.net#未月十八改
Ⓐ 飞言情,"𐄛 Ⓐ级,搜索正文失效",连接失败,,https://www.fyq99.net#未月十八改
Ⓑ 88读书,𐄜 Ⓑ级,连接失败,,https://www.jiyaetuomaoji.com/#乃星111
Ⓑ 乐文小说①,"𐄜 Ⓑ级,搜索失效",连接失败,,https://www.js-zkhb.com
Ⓑ 新千千,𐄜 Ⓑ级,连接失败,,https://www.jxtemi.com
Ⓑ 新千千,𐄜 Ⓑ级,连接失败,,https://www.jxtemi.com#ag2s
Ⓑ 老猫小说①,𐄜 Ⓑ级,连接失败,,https://api.laomaoxs.com#渊呀
Ⓒ 书家园,,连接失败,,https://m.shujy.com#未月十八净化
Ⓒ 无限小说,𐄝 Ⓒ级,连接失败,,https://m.wuxbook.com/🐤
Ⓢ 乐文小说②,𐄚 Ⓢ级,连接失败,,https://m.lwxs00.com#未月十八改
Ⓢ 书本网,𐄚 Ⓢ级,连接失败,,https://www.bookben.net#未月十八edit
Ⓢ 卡门小说,𐄚 Ⓢ级,连接失败,,https://www.kmzjw.com#未月十八改
Ⓢ 巴巴鱼,"﹅ 通用书源▪︎玄奇,搜索失效",连接失败,,https://www.babayu.com##未月十八改
Ⓢ 有兔阅读②,¹▽置顶`ȏ´正版发现,连接失败,,"https://app.youzibank.com#一程edit,未月十八改"
Ⓢ 有兔阅读②,¹▽置顶`ȏ´正版发现,连接失败,,"https://app.youzibank.com#一程edit,未月十八repair"
Ⓢ 歪歪小说,𐄚 Ⓢ级,连接失败,,https://www.99xiyue.com#onede
Ⓢ 笔趣阁①,𐄚 Ⓢ级,连接失败,,https://www.biqugee.com#未月十八edit
Ⓢ 随梦小说,𐄚 Ⓢ级,连接失败,,https://www.cjudfcg.net#未月十八改
Ⓢ 随梦小说,,连接失败,,https://www.cjudfcg.net#未月十八净化
☘️品书网☘️,,连接失败,,https://m.pinshu.cc#响海
☘️大美书网☘️,,连接失败,,https://wap.dmshuwang.org#响海
☘️话本小说网☘️,,连接失败,,https://wap.qxxlw.com
☘️鲤鱼乡☘️,¹▽置顶`ȏ´正版发现,连接失败,,https://www.liyuxiangbl.com#响海
☘️黄金小说☘️,,连接失败,,https://m.huangjinxs.com
♛+txt免费全本小说▪︎API ✔︎ +++ #渊呀,¹▽置顶`ȏ´正版发现,连接失败,,https://m.nbbookne.com#yuan1107
♜-笔趣阁▪原梧州中文 biquge5200,²♨笔-趣-阁❆,连接失败,,https://www.biquge5200.com#1
♜-读读窝 #破冰,"﹅ ♜ 优质,搜索失效",连接失败,,https://www.duduwo.com/#♤pb
♜-读读窝 #破冰1130,"﹅ ♜ 优质,搜索失效",连接失败,,https://www.duduwo.com/#pb1101
♜45小说网,,连接失败,,https://www.45txt.com/
♜518小说网 #破冰1101,﹅ ♜ 优质,连接失败,,https://www.518xs.com/#pb1101
♜主机屋 #破冰1101,"﹅ ♜ 优质,搜索失效",连接失败,,https://www.zhujiwu.org/#pb1101
♜文学屋 #破冰,¹▽置顶`ȏ´正版发现,连接失败,,https://www.wenxue5.net/#♤pb
♜文学屋 #破冰1101,¹▽置顶`ȏ´正版发现,连接失败,,https://www.wenxue5.net/#pb1101
♝88读书网① #破冰,"﹅ ♝ 优良,搜索失效",连接失败,,https://www.88dutxt.com/#♤pb
♟百度文库 #关耳,"﹅ 通用书源▪︎玄奇,搜索目录失效",连接失败,,https://wk.baidu.com111#♤guaner
♠ 万书楼小说,♠ 优选 ♠,连接失败,,https://www.eastshu.com/
♠ 秒书屋,"♠ 精品 ♠,🎉 精选 🎉",连接失败,,https://www.miaoshuwu.cc/
♻️笔下看书②⭐,,连接失败,,https://m.bxwxorg.com#onede
✎ 笔趣阁,"测试组,测试1,神",连接失败,,https://m.biqu.vip
✎ 笔趣阁,"笔趣阁,搜索失效",连接失败,,https://m.wwwrar.com
✐   快眼看书,☃ 自用,连接失败,,https://www.feisitesujiao.com#芜恙
✐   快眼看书,☃ 自用,连接失败,,https://www.feisitesujiao.com
✐   睡前顶点,☃ 自用,连接失败,,https://www.chinaucai.com/
✐   笔下看书,☃ 自用,连接失败,,https://www.jininggeyin.com/
✐   笔下看书②,☃ 自用,连接失败,,https://www.gzthby.com
✐  千读小说,☃ 自用,连接失败,,https://www.qiandu9.com
✐ 飘天文学,☃ 自用,连接失败,,https://m.piaotian5.com
✔︎㊝ 忽忽小说API ♛♛,,连接失败,,https://api.255zw.com#渊呀81
✳️小说宝库,阿新; 精品,连接失败,,https://www.govtz.com-axin
✾.Ⓐ 16号书库 #未月十八1001,"﹅ ✾ 言耽,搜索失效",连接失败,,https://m.as16.me#未月十八repair#wy18-1001
✾.Ⓐ 三八读书网 #未月十八1001,"﹅ ✾ 言耽,搜索失效",连接失败,,https://www.38dushu.com#未月十八repair#wy18-1001
❄️  后  花 园,"⑦❄️  常用,搜索失效",连接失败,,https://www.yanqbook.com#grid tr!0
㊝ abc小说API ♛♛,,连接失败,,https://api.abcxiaoshuoapp.com#渊呀81
㊝ txt免费全本小说m ♛♛,⁴☃晨光雨露᭄精品源,连接失败,,https://m.nbbookne.com#渊呀81
㊝ 葱油面 ♜♜,,连接失败,,https://api.cym666.net#🇨🇳Namo
一起看书吧,漫画,连接失败,,https://yiqiba520.com
一起看小说,A级,连接失败,,https://www.17kxs.club
万书网-仅发现,,连接失败,,https://m.afs360.com
万书网-仅发现,,连接失败,,https://m.wsw2019.com
三七书屋,S级,连接失败,,https://www.37shuwu.com-By Dark
三八读书网,已检,连接失败,,https://www.38dushu.com
三秋书阁,"﹅ 通用书源▪︎玄奇,搜索失效",连接失败,,https://www.809803.com
下书网M,反防盗,连接失败,,https://m.xiashuwu.com
不可能的世界#南笙21.0101,"﹅ 通用书源▪︎玄奇,搜索失效",连接失败,,https://m.8kana.com#南笙21.0101
丫电子书🎃,小说,连接失败,,https://www.xshuyaya.com#🎃
中网文学,5、名著,连接失败,,https://m.zwwx.com
久久小说,,连接失败,,https://m.txt909.com
久久小说,,连接失败,,https://www.shu889.com
久久小说网,1、优;6、特殊,连接失败,,https://www.fifm.cn
久久小说阅读网,💜未分组,连接失败,,https://www.996m.net
之之文学💯,小说,连接失败,,https://wx7b7dcde5ca6d5e2c.taoteq.cn
乐文乐文,"☣️精选senhora,晋江",连接失败,,https://m.lewenlewen.com
乐文小说,,连接失败,,https://m.lwxs00.com
乐文文学网,🏵️  小说,连接失败,,https://m.lwwxw.com
乐文文学网#玄奇21.0202,搜索失效,连接失败,,https://m.lwwxw.com#玄奇21.0202
乐读窝,A级,连接失败,,https://www.leduwoxs.com
乐阅读🎃,,连接失败,,https://www.22is.com#🎃
九层塔小说™,漫画,连接失败,,https://www.jctxs.com
书快小说,"搜索链接规则为空,天龙",连接失败,,https://www.shukuai.com
书海阁,S级,连接失败,,https://www.shuhaige.com-By Dark
书荒啦,"检验,搜索链接规则为空",连接失败,,https://sou.xanbhx.com
书趣阁,搜索失效,连接失败,,https://wap.2kzhongwen.com/
书香阁,,连接失败,,https://wap.f96.com
二TXT,"验,📖  小说",连接失败,,https://wap.x2txt.com
云芸寮文学(正文修正),🏵️  小说,连接失败,,https://m.yylwx.com/
亮亮文学,现实debug,连接失败,,https://www.liangxyz.com/
亲亲小说2,,连接失败,,https://mmm.qinqinxsw.com/
信息网,自添,连接失败,,https://m.yzwxs.org/
傲宇阁①,🏵️  小说,连接失败,,https://m.aoyuge.com
元气阅读💯,"检验,搜索链接规则为空",连接失败,,https://app.yqacg.com
免费小说网无删减,new,连接失败,,https://www.2030txt.com/wapbook-6755/
兔九三🎃#2,222最新校验成功,连接失败,,https://bd.tu93.biz#🎃
全本免费,1、优,连接失败,,https://www.yznna.com
全本小说qbxsb.com,💜未分组,连接失败,,https://www.qbxsb.com
全本小说🎃#8,222最新校验成功,连接失败,,https://m.qb5.ac#🎃
八一中文#南笙21.0101,"﹅ 通用书源▪︎玄奇,搜索失效",连接失败,,https://m.x81zw.com-By Dark#南笙21.0101
八一中文①,已检验,连接失败,,https://m.x81zw.com
八哥,微筛选,连接失败,,https://m.bageoo.com/
八哥小说m,new,连接失败,,https://m.bagzw.com
六月书城,CM普通,连接失败,,https://www.liuyuesc.com
六零文学,,连接失败,,https://www.60355.org
六鸥小说,,连接失败,,https://www.6oxs.com
凝香,5、名著,连接失败,,https://m.shengxu3.com/s.php
凝香小说网,默认,连接失败,,https://m.shengxu3.com
刺猬猫,🍜其他,连接失败,,https://wap.ciweimao.com1
千千小说.qqxs#玄奇21.0202,已检验,连接失败,,https://m.qqxs.la#玄奇21.0202
千千小说网77kshu,A级,连接失败,,https://m.77kshu.win
午夜言情🈲贪心鬼，直接搬空网站,🈲7/14,连接失败,,https://gaoqingcn.cfd
华文在线,"搜索链接规则为空,天龙",连接失败,,https://www.chinesezj.com
卡提諾論壇,自制; 失效,连接失败,,https://ck101.com/novel/?tab=female
卡门小说,,连接失败,,https://www.kmzjw.com/
台灣百事通,📚其他,连接失败,,https://www.twinfoo.com/
吉林小说网②,³۝天域整理,连接失败,,https://www.jilin567.com
吞噬小说网②,默认,连接失败,,https://www.tsxs.org
吾爱小说,💯  精选,连接失败,,https://52xs.me
咸鱼看书<搜索验证码>,搜索验证码,连接失败,,https://www.xianyukanshu.com/
品书客,搜索链接规则为空,连接失败,,https://www.pinshuke.com
品阅小说,测试0000,连接失败,,https://m.pyxs.com/
哈哩漫画™⛅,失效,连接失败,,https://acm.halihali.tv
哈罗小说,已检,连接失败,,https://m.hlxs8.com
啃书阁,,连接失败,,https://m.kenshuge.com
喜纯,11.7,连接失败,,https://www.xichubao.com##cysj小说
喜纯小说🎃,,连接失败,,https://m.xichubao.com#🎃
嘉馨小说,xx,连接失败,,https://www.onsitemanagementllc.com
嘉馨小说🎃,,连接失败,,https://www.onsitemanagementllc.com#🎃
四千资源,𐄝🎥 视频,连接失败,,https://4000zy.com/
四合读书,默认,连接失败,,https://m.siheds.com
土豪小说,天域战歌整理,连接失败,,https://www.tuhaoxs.com
土豪小说,,连接失败,,https://www.tuhaoxs.com-1
圣墟小说网,漫画,连接失败,,https://www.zhetian.org-By Dark
圣武书库,📥 下载,连接失败,,https://www.iswsk.com#📥
圣武书库（下载）,小说 书源,连接失败,,https://www.iswsk.com
圣武书库（下载）,小说 书源,连接失败,,https://www.iswsk.com#🎃
圣武小说,默认,连接失败,,https://www.shengwuxingchen.com
在线书城™,兼容,连接失败,,https://wap.bookcheng.com
多多看书,🏵️  小说,连接失败,,https://xs.sogou.com
夜色寒,2、普通,连接失败,,https://www.yesehan.com
大文学,👍 优质,连接失败,,https://www.dawenxue.net-By Dark
大河小说,API,连接失败,,https://api.rcwk.net/
大灰狼书源🎃,小说,连接失败,,https://api.doubi.tk#🎃
大美书网🎃,👀小说,连接失败,,https://www.dmshuwang.net#🎃
大雪天,"﹅ 通用书源▪︎玄奇,搜索失效",连接失败,,https://www.daxuetian.com#鸡排饭
大雪天#南笙21.0101,"﹅ 通用书源▪︎玄奇,搜索失效",连接失败,,https://www.daxuetian.com#南笙21.0101
天天看书网www.titibook,💜未分组,连接失败,,https://www.titibook.com
天文阁,☆lingran,连接失败,,https://m.tianwenge.net/
天籁,"API,访问超时",连接失败,,https://api.tianlaixsapp.com
天籁小说,🏵️  小说,连接失败,,https://www.233txt.com
天籁小说,漫画,连接失败,,https://www.23txt.com-By Dark
天籁小说网,"1030,无梦解书荒,测试",连接失败,,https://m.tianlaixsw.com/
天翼中文,搜索链接规则为空,连接失败,,https://book.189dg.com
奇快中文🎃,,连接失败,,https://www.7kwx.com#🎃
好好猫,1、优,连接失败,,https://www.haohaomao.com
好来喜小说,自己用,连接失败,,https://www.hlxxs.com
好来喜小说,自己用,连接失败,,https://m.hlxxs.com
好看漫画,"【❌❌】网站失-效,搜索失效",连接失败,,https://www.hkmh23.com/
妙笔生花🈲贪心鬼,🈲7/14,连接失败,,https://69uzi.top
妙趣书屋 (仅发现),综合,连接失败,,https://www.twinfoo.com/all
安娜档案（下载）,小说 书源,连接失败,,https://zh.annas-archive.org
完本小说网,搜索链接规则为空,连接失败,,https://m.wanben.me
完本本,¹▽置顶`ȏ´正版发现,连接失败,,https://www.wanbenben.com
官术网,🏵️  小说,连接失败,,https://m.thxsw.com/
宜小说网,¹▽置顶`ȏ´正版发现,连接失败,,https://www.zjzfcj.com
小书亭,S,连接失败,,https://www.xiaoshuting.la
小书亭(xiaoshutingapp.com),"🍀,搜索失效",连接失败,,https://www.xiaoshutingapp.com
小书阁,⁴☃晨光雨露᭄精品源,连接失败,,https://m.weiqu12021.com
小刀阅读#🎊 红尘小说网,🎊 优质,连接失败,,https://www.zrhjxx.com/
小猫咪,"搜索正文失效,【❌❌】搜索正文失-效",连接失败,,https://m.xmmi.xyz/
小说火火,CM正版,连接失败,,https://m.iflyread.com
小说精品屋🎃,222最新校验成功,连接失败,,https://miwen.net#🎃
小说馆,,连接失败,,https://m.xsgplus.com
屌丝小说网,,连接失败,,https://www.diaosixs.org
巴巴鱼,,连接失败,,https://www.babayu.tv/
幼狮书盟,优质源👍,连接失败,,https://m.yssm.tv
幽冰中文,👍 优质,连接失败,,https://www.97ub.cc-By Dark
很爱看,已检,连接失败,,https://www.h2ktv.com
御书房,,连接失败,,https://www.ysfwx.com
快眼书海#南笙21.0101,"﹅ 通用书源▪︎玄奇,搜索失效",连接失败,,https://www.jqbh.net#南笙21.0101
快眼看书booksky,,连接失败,,https://www.booksky.org/
忽忽小说,Namo,连接失败,,https://api.255zw.com
思路客小说网,S级,连接失败,,https://www.siluke.org-By Dark
思路文学,现实debug,连接失败,,https://m.xssilu.com/
总裁,,连接失败,,https://mobile.zongcai.com
恋听网(仅支持3.0),"搜索链接规则为空,兔兔兔",连接失败,,https://m.ting55.com-3.0
悠悠看书,✯༇薅白魔人♪,连接失败,,https://uukankan.com
愉阅小说,"风杨兮,失效",连接失败,,https://m.yuyuexs.com
愉阅小说#南笙21.0101,搜索失效,连接失败,,https://m.yuyuexs.com#南笙21.0101
我。笔趣阁,已检,连接失败,,https://m.biquxsw.com
手机电子书waptxt,"《精选书源》,搜索失效",连接失败,,https://www.waptxt.org
拷贝漫画,,连接失败,,https://copymanga.com/h5
指间小说,,连接失败,,https://api.hnquxing.com
搜书网,默认,连接失败,,https://www.soshuw.cn
搜小说,S级,连接失败,,https://www.soxs.cc-By Dark
放眼看书🎃,222最新校验成功,连接失败,,https://aifangyan.net#🎃
教父中文②,②💫优选,连接失败,,https://m.jfzw.com
数字书屋,1、优,连接失败,,https://www.3835638357.com
文学屋,³۝天域整理,连接失败,,https://m.wenxue5.net
文学巴士,搜索链接规则为空,连接失败,,https://www.wx84.com-By Dark
斋书文苑,搜索失效,连接失败,,https://m.zhaishuyuan.co
新书包网,"﹅ 通用书源▪︎玄奇,搜索目录失效",连接失败,,https://www.xingshubao.net
新书包网,"﹅ 通用书源▪︎玄奇,搜索目录失效",连接失败,,https://www.xingshubao.net#未月十八净化
新书包网bookbao9.net,A级; 18,连接失败,,https://www.bookbao9.net
新书包网diqiujie.com,A级,连接失败,,https://www.diqiujie.com
新书包网②,③慢,连接失败,,https://m.diqiujie.com
新求书阁,优质,连接失败,,https://www.bequgeh.com
新看书,🏵️  小说,连接失败,,https://m.xinkanshu.com11
新笔趣阁,1、优,连接失败,,https://www.biquxs.cc
新笔趣阁 xbaquge,1、优,连接失败,,https://www.xbaquge.com
新笔趣阁 xbiquge6,"🏵️  小说,💒 笔趣",连接失败,,https://www.xbiquge6.com-By Dark
新笔趣阁xbiqugew.net,,连接失败,,https://www.xbiqugew.net
新笔趣阁~xbaquge,👍 优质,连接失败,,https://www.xbaquge.com-By Dark
新笔趣阁🎃#2,,连接失败,,https://www.tnnd.lol#🎃
新顶点小说,,连接失败,,https://www.xdingdian.com
旧时光文学,②一般,连接失败,,https://www.oldtimes.cc
星星小说🎃#2,,连接失败,,https://www.zbcxw.cn#🎃
春雁小说,,连接失败,,https://www.riei.info
暖和小说,,连接失败,,https://m.yhr.com
极速笔趣,✯,连接失败,,https://s.mandt.com.cn/
枫叶文学,微筛选,连接失败,,https://www.fengyewx.com/
校园居,②一般,连接失败,,https://m.xyj22.com
梧州中文,3.备用,连接失败,,https://m.ztv.la
梧州中文台 ztv,🏵️  小说,连接失败,,https://www.ztv.la-By Dark2
武林中文网,搜索失效,连接失败,,https://www.50zw.net-By Dark
武林中文网,🦋网络搜集（精品）,连接失败,,https://www.50zw.com-By Dark
武林中文网🎃,,连接失败,,https://www.50zw.so#🎃
歪瓜漫画,韩国漫画,连接失败,,https://www.caisemh.com
比奇屋,默认,连接失败,,https://www.biqiwu.com
比奇屋~m.xbiqiwu.com,已检,连接失败,,https://m.xbiqiwu.com
沙迦小说🎃,,连接失败,,https://www.isjxs.com#🎃
沛珊小说,,连接失败,,https://www.2797.info
泼墨小说,,连接失败,,https://www.pomoxs.com
海岸线文学网haxdu.org,A级; 18,连接失败,,https://www.haxdu.org
涩文网（请大佬制作）,搜索链接规则为空,连接失败,,https://sewenwang.com/
淘淘全本小说,A级,连接失败,,https://www.taotao3.com-By Dark
潇湘书院,Namo,连接失败,,https://android.xxsy.net
灯笔小说 a,🎉️精选,连接失败,,https://wap.jzxtyun.net
燃文书库,天域战歌整理,连接失败,,https://m.778buy.com
燃文小说,B级,连接失败,,https://www.ranwena.com-By Dark
爱书吧,搜索链接规则为空,连接失败,,https://www.2shu8.com-By Dark
爱发电🎃,,连接失败,,https://afdian.net#🎃
爱奇文学[🔰],🏵️  小说,连接失败,,https://www.i7wx.com
爱尚小说🎃#2,,连接失败,,https://m.aslwx.com#🎃
爱爱中文网,,连接失败,,https://m.aiazw.com/
爱看书吧,"☣️精选senhora,飞卢",连接失败,,https://m.aikanshuba.cc
爱看书吧.cc,,连接失败,,https://www.aikanshuba.cc/
爱读小说,✯·精品,连接失败,,https://api.nwqwx.com
版主,优质源,连接失败,,https://www.diyibanzhu2.in
特种兵小说,自己用,连接失败,,https://book.dunlve.com/
狂人小说网,漫画,连接失败,,https://g.dushu.kr
狂人小说网™,"搜索链接规则为空,天龙",连接失败,,https://www.dushu.kr
畅阅吧,天域战歌整理,连接失败,,https://m.changyueba.la
番号搜索🛫,"发布页
aabb1801.com
a2a1a2.com
cc5912.com",连接失败,,https://zz2159.com/
番茄全本在线小说网,番茄,连接失败,,https://www.hnhxzds.com
番茄小说m,优; Wave,连接失败,,https://m.fqxsw.cc
百书库小说,搜索链接规则为空,连接失败,,https://m.baishula.com
百书楼™,普通,连接失败,,https://m.cuan800.com
百度云小说,普通,连接失败,,https://m.16595.com
百度文库 #关耳,"﹅ 通用书源▪︎玄奇,搜索目录失效",连接失败,,https://wk.baidu.com111#guaner
百度百科（搜索）,特殊 书源,连接失败,,https://baike.baidu#乃星
百度百科（搜索）,特殊 书源,连接失败,,https://baike.baidu
看  书  君,"风杨兮,失效",连接失败,,https://www.kanshujun.com
看书啦,👍 优质,连接失败,,https://www.kanshula.com-By Dark
看书啦🎃,,连接失败,,https://wap.shuxinyi.net#🎃
看书海小说,天域战歌整理,连接失败,,https://www.kanshuhai.com
看帮网,⁴☃晨光雨露᭄精品源,连接失败,,https://m.kanbang.cc
看裤网,🏵️  小说,连接失败,,https://www.kankuzi.com
真本小说,已检,连接失败,,https://m.zhenben.net
知乎🔸阅读,"𐄚 Ⓢ级,搜索失效",连接失败,,https://m.e360xs.com
神藏小说网,,连接失败,,https://www.swang8.com-By Dark
神马小说m/需特殊上网,,连接失败,,https://m.shenmaxiaoshuo.com
秋叶小说,¹▽置顶`ȏ´正版发现,连接失败,,https://wap.qiuyewx.com
稀饭影视,,连接失败,,https://app.4kwo.com#lyc
稻草人书屋,🏵️  小说,连接失败,,https://www.daocaorenshuwu.co
"竹鼠免费漫画[卖竹鼠,一只三块,两只五块)暂时没卵用]",json; 失效,连接失败,,https://api-mfmhdq.smjbo.com
笔下文学,已检验,连接失败,,https://m.sipatoc.com/
笔趣库②,天域战歌整理,连接失败,,https://m.biqiku8.com
笔趣读,,连接失败,,https://m.biqu55.net/
笔趣阁,"笔趣,搜索失效",连接失败,,https://m.bqgx.cc
笔趣阁,"笔趣,搜索失效",连接失败,,https://www.biqugexsw8.com-By Dark
笔趣阁,"🏵️  小说,💒 笔趣",连接失败,,https://www.xsbiquge.com/#🌱
笔趣阁,CM普通,连接失败,,https://www.guibuyu.org
笔趣阁,,连接失败,,https://m.2ee7613564.cfd/
笔趣阁 6,"🏵️  小说,💒 笔趣",连接失败,,https://www.xbiquge6.com
笔趣阁 biquge11,S级,连接失败,,https://www.biquge11.com-By Dark
笔趣阁 biqugg,💜未分组,连接失败,,https://www.biqugg.com-axin
笔趣阁 mibaoge,👍 优质,连接失败,,https://www.mibaoge.com-By Dark
笔趣阁 zanghaihuatxt,"🔰,搜索失效",连接失败,,https://www.zanghaihuatxt.com-By Dark
笔趣阁.guibuyu,★💒笔趣阁,连接失败,,https://m.guibuyu.org
笔趣阁6#南笙21.0101,"笔趣,搜索目录失效",连接失败,,https://m.ibiquge.net-By Dark#南笙21.0101
笔趣阁A21,🎉️精选,连接失败,,https://m.ibiquge.net-By Dark#
笔趣阁W,Namo,连接失败,,https://www.biquge.win
笔趣阁[bqg9527],自己,连接失败,,https://www.bqg9527.com/
笔趣阁[lashenkaiguan],"搜索链接规则为空,小说",连接失败,,https://www.lashenkaiguan.com
笔趣阁_乾缘,已检,连接失败,,https://www.wanwenhui.com
笔趣阁biquge.cm,SS级,连接失败,,https://www.biquge.cm
笔趣阁biquge05.com,普通,连接失败,,https://www.biquge05.com
笔趣阁gula,漫画,连接失败,,https://www.gu.la
笔趣阁qq1986,,连接失败,,https://www.qq1986.com/search
笔趣阁①,"搜索链接规则为空,小说",连接失败,,https://m.biquge.cm
笔趣阁①①⑥,"笔趣,搜索失效",连接失败,,https://www.biquge.ms
笔趣阁⑥③,小说,连接失败,,https://www.qq1986.com
笔趣阁⑦⑨,默认,连接失败,,https://wap.biquger.com
笔趣阁。,搜索链接规则为空,连接失败,,https://www.jinnanyq.com/yq/54425/
笔趣阁㊹,漫画,连接失败,,https://www.biquge4.org
笔趣阁书屋（凡人修仙传）,笔趣阁,连接失败,,https://m.bqgsw.org/
笔趣阁新站,,连接失败,,https://biqugexx.net
笔趣阁🎃#2,,连接失败,,https://www.biqueg.cc#🎃
笔趣阁🎃#36,,连接失败,,https://www.biqugege.cc#🎃
笔趣阁🎃#4,,连接失败,,https://www.biqujia.cc#🎃
笔趣阁🎃#62,,连接失败,,https://www.bikugo.com#🎃
笔趣阁🎃#62,,连接失败,,https://m.biquger.com#🎃
笔趣阁🎃#64,,连接失败,,https://wap.biquger.com#🎃
笔迷屋❎仅发现,,连接失败,,https://m.bimixsw.com/
笔阁,⁴☃晨光雨露᭄精品源,连接失败,,https://m.jzbigels.com/
第一版主,"【❌❌】搜索失-效,搜索失效",连接失败,,https://www.diyibanzhu3.in
第一版主cc🎃,,连接失败,,https://www.diyibanzhu8.pro#🎃
第一版主san,发现; A级; 18,连接失败,,https://www.diyibanzhu3.pro
第七书,已检验,连接失败,,https://diqishu.com/#1
第三中文,自用,连接失败,,https://m.3zw.cc/
第三书包网,CM名著,连接失败,,https://www.shubaou.com
第九中文[只发现],涩涩,连接失败,,https://m.d9book.net
第九中文网,,连接失败,,https://m.dijiushu.com
第九中文网,已检,连接失败,,https://m.9book.net
第八区①,小说,连接失败,,https://www.pholcus.net
米趣小说,🇨🇳Namo,连接失败,,https://www.meegoq.com*
粉丝漫画,漫画,连接失败,,https://apifans.dushimh.com
精华书阁🎃#2,,连接失败,,https://www.xbyuan.com#🎃
糯米小说,默认,连接失败,,https://m.nuomi9.com
绅士漫画看注释,,连接失败,,https://www.wnacg.top/
给力文学手机,🏵️  小说,连接失败,,https://m.geilwx.com
给力美,新加,连接失败,,https://www.geilimei.cc
给力美,✯༇薅白魔人♪,连接失败,,https://www.geilimei.cc-
绝色,🙈; 发现,连接失败,,https://iiqk.club
网易云,🎉 精品,连接失败,,https://music.liuzhijin.cn-netease
网络小说网🎃,,连接失败,,https://m.txtwl.com#🎃
翻书看,搜索目录失效,连接失败,,https://www.fanshukan.com
老猫小说,,连接失败,,https://api.laomaoxs.com#乃星
老笔斋™九天之狼,1、优,连接失败,,https://www.laobizhai.net
腐书网②,小说,连接失败,,https://www.fsw2020.com
色小说,微筛选,连接失败,,https://www.yite.cc
草莓小说,极品净化🥇书源,连接失败,,https://www.xcmxsw.com
草莓小说网,名著出版,连接失败,,https://www.cmxsw.com
菠萝兔,,连接失败,,https://www.godld.com
萝拉小说,"待删,鸡肋,希弥",连接失败,,https://m.luolaii.com
落尘小说,默认,连接失败,,https://m.xluochen.com
落阅读网,✯,连接失败,,https://read.luoxx.top/index
蓝色中文,已检,连接失败,,https://www.lansezw.com-By Dark
藏书阁,🏵️  小说,连接失败,,https://www.ohcsg.com
虾米音乐,CM有声,连接失败,,https://emumo.xiami.com
蚂蚁阅读·叁🎃,,连接失败,,https://m.mayics.com#🎃
西楚团,,连接失败,,https://www.xichutuan.com
言情123,微筛选,连接失败,,https://m.yq123.com
言情书吧,已检验,连接失败,,https://wap.yqshuba.com/
读书族,,连接失败,,https://www.dushuzu.net
读书迷①,默认,连接失败,,http://m.dsm888.com
读书迷②,天域战歌整理,连接失败,,http://www.dsm888.com
读文族,天域战歌整理,连接失败,,https://www.duwenzu.com
资讯书院,W,连接失败,,https://www.zixunsy.com
起点中文网,搜索失效,连接失败,,https://www.qidian.com-By Dark
起舞小说网,A级,连接失败,,https://www.75txt.la
超凡小说🎃,,连接失败,,https://wap.pan8.org#🎃
趣小说,,连接失败,,https://m.quxsw.com/##十一
躺着看,1、优;6、特殊,连接失败,,https://www.tangzhekan7.xyz
轻之文库,轻小说; 发现,连接失败,,https://m.iqing.com
辣文鲜文网,,连接失败,,https://www.wh18.org
连载中小说阅读网,,连接失败,,https://m.lzzxs.com
迷你书屋,B级; 网络,连接失败,,https://www.minishuwu.com
追书帮,🙈; 发现,连接失败,,https://wap.zhuishubang.com
追书网 zhuishu5,A级,连接失败,,https://www.zhuishu5.com-By Dark
追读小说,天域战歌,连接失败,,https://service.nickbussok.com:443
醒读,微筛选,连接失败,,https://m.xingread.cn
闪舞🌸,🌼晨光雨露🍒精品源💯,连接失败,,https://www.shanwuwx.com
闪闪小说书网,已检,连接失败,,https://www.33shu.net
闲书小说,✯,连接失败,,https://api.cym666.net
阅书海小说网🐌,🏵️  小说,连接失败,,https://m.yueshuhai.com/
阅民小说,"🇨🇳Namo,js失效",连接失败,,https://app.maibaipai.com
阅读网,无错误,连接失败,,https://read.luoxx.top
阿甘小说网,,连接失败,,https://m.8535.org
随梦小说网,B级,连接失败,,https://www.suimeng.com-By Dark
随笔小说,,连接失败,,https://www.sbbs.net
雅文库,S,连接失败,,https://www.yawenku.com
雅酷,已检,连接失败,,http://www.cnwisda.com
雨枫轩吧（发现）,"搜索链接规则为空,七猫免费小说",连接失败,,https://m.rain8.com
雨枫轩吧（发现）,小说 书源,连接失败,,https://m.rain8.com##响海2
霸气书屋✳️图片字fixed,已检,连接失败,,https://www.87shuwu.com
韩剧吧,已检,连接失败,,https://m.hanjuba2.com
韩漫塔,漫画,连接失败,,https://hanmanta.com/
韩漫大全,漫画🎟️,连接失败,,https://www.hanmandq.com/
韩漫大全🎃,,连接失败,,https://www.hanmandq.com#🎃
音乐-QQ,-------,连接失败,,https://music.liuzhijin.cn-qq/
音乐-一听,-------,连接失败,,https://music.liuzhijin.cn-1ting/
音乐-咪咕,音乐,连接失败,,https://music.liuzhijin.cn-migu
音乐-百度,音乐 书源,连接失败,,https://music.liuzhijin.cn-baidu
音乐-荔枝,音乐 书源,连接失败,,https://music.liuzhijin.cn-lizhi
音乐-蜻蜓,音乐,连接失败,,https://music.liuzhijin.cn-qingting
顶点中文,"【❌❌】搜索目录失-效,搜索目录失效",连接失败,,https://wap.dingdianku.com-By Dark
顶点小说,"【🈵♥🈵💯】231123千组1,搜索失效",连接失败,,https://m.23usp.com
顶点小说,已检,连接失败,,https://www.23wxc.com
顶点小说 x23us,👍 优质,连接失败,,https://www.x23us.me-By Dark
顶点小说 xs222,3、精品,连接失败,,https://www.xs222.tw-By Dark
顶点龙腾,,连接失败,,https://www.yanjintoys.com/
顽石网,A级,连接失败,,https://k.wanshi.net
飞库网,疯狂的蜗牛,连接失败,,https://m.feiku.la
飞悦凡文网,"【❌❌】搜索正文失-效,搜索失效",连接失败,,https://www.feiyuefw.com
飞言情,"搜索链接规则为空,📖 小说",连接失败,,https://m.fyq99.net
飞速中文网™,"搜索链接规则为空,天龙",连接失败,,https://www.feizw.com
黄金屋-搜索,"测试组,测试1,神",连接失败,,https://www.hjwxs.com/modules/article/search.php
齐齐读,,连接失败,,https://c.qiqidu.cc
？？㊝ 小说楼 ♛♛♛♚,,连接失败,,https://www.xslou.com/#pb
🌁 丫丫阅读,"🌷 女频精选 🌷,©️ 女频搜书 ©️",连接失败,,https://m.yayayd.com
🌟 ABC小说,🌟 ΑΡΙ,连接失败,,https://api.abcxiaoshuoapp.com
🌟 书香阁,喵公子,连接失败,,https://wap.f96.net
🌟 顶点小说②,🌟 精品,连接失败,,https://www.7w7y.com
🌠 拷贝漫画,🌠 漫画,连接失败,,https://www.copymanga.tv
🌠 拼拼漫画,🌠 漫画,连接失败,,https://m.pinmh.com
🌠 来漫画,🌠 漫画,连接失败,,https://www.laimanhua.net
🌠 来漫画,🌠 漫画,连接失败,,https://www.laimanhua8.com
🌠 漫画,🌠 漫画,连接失败,,https://www.hmh1234.com
🌠 皑雪漫画,🌠 漫画,连接失败,,https://mh.ixacg.top
🌸 3A文学,,连接失败,,https://www.3awx.com
🌸 九桃小说™,,连接失败,,https://so.9txs.com
🌸 书趣馆,已检验,连接失败,,https://www.souzhon.com
🌸 六毛阅读,🌸常用,连接失败,,https://wap.6mzw.com
🌸 小说CMS,🌸常用,连接失败,,https://book.xiaoshuocms.com
🌸 旧云小说,🌸常用,连接失败,,https://xs.jiuyunw.cn/wap
🌸 明月中文,🌸常用,连接失败,,https://g58xsf.56bok.com
🌸 棉花糖 无详情,2,连接失败,,https://m.mht.tw
🌸 流星,"🌸常用,防盗",连接失败,,https://m.shupu.org#subject-list li
🌸 燃文993,🌸常用,连接失败,,https://m.993buy.cc
🌸 破晓小说网,🌸常用,连接失败,,https://m.pxtxt.com
🌸 老猫APP,,连接失败,,https://api.laomaoxs.ne
🌸九桃小说,🌸  常用,连接失败,,https://m.9txs.com
🌸五吉小说,"常用,搜索失效",连接失败,,https://m.5gxs.com2
🌸大河小说,🌸  常用,连接失败,,https://m.dahexs.net
🌸桑舞,🏵️  小说,连接失败,,https://www.sztcys.com
🌸笔趣阁④,🌸  常用,连接失败,,https://www.8bqg.net/
🌸飘天文学🅰💜💜💜,"🌸  常用,21.0228乃星,★,☀️搜书/换源 A▪精品,",连接失败,,https://m.piaotian5.com#乃星111
🌸饭饭论坛,🌸  常用,连接失败,,https://bbs.fanfanc.com
🌸齐努力,🏵️  小说,连接失败,,https://i.qinuli.net
🌼 无广告小说网,🌼 常用,连接失败,,https://www.chaciju.com
🌼有兔阅读,"🐳精品【五星】,💸正版【发现】",连接失败,,https://app.youzibank.com#发现
🌼睡前小说,🏵️  小说,连接失败,,https://www.wuliuyilushun.com
🌿有兔阅读,⁴☃晨光雨露᭄精品源,连接失败,,https://app.youzibank.com##发现
🍁笔趣阁⑮⑧,🍁 笔趣 🍁,连接失败,,https://www.xxbequge.com/
🍈 婷阅小说,🏵️  小说,连接失败,,https://www.tyuebook.com
🍊 东杜兰陈,🍊女频,连接失败,,https://www.dudu0.com
🍑 睡前看小说,,连接失败,,https://www.minkfurlashes.com
🍒 书家园,🍒言情,连接失败,,https://m.xinshujy.com
🍒 后花园,🍒言情,连接失败,,https://www.yanqbook.com
🍒 言情书网,🍒言情,连接失败,,https://wap.yqshuwang.com
🍓owllook【查看源注释】_By未月十八,"6.🍓owllook_一源多源,搜索失效",连接失败,,https://www.owlook.com.cn#未月十八edit
🍺 19小说,特优,连接失败,,https://www.19xsf.com
🍺 九桃,"防盗,九桃",连接失败,,https://www.9txs.com#library li
🍺 八一中文,优质源👍,连接失败,,https://m.x81zw.com-By Dark
🍺 冰地中文,🌼晨光雨露🍒精品源💯,连接失败,,https://www.bingdizw.com
🍺 好中文吧,,连接失败,,https://m.haozw8.com
🍺 小旺书屋,"测试组,🍺 男频,我的精教遗留,搜索链接规则为空",连接失败,,https://3q.tennispai.com/2048
🍺 小说格格党,"书源分享,搜索失效",连接失败,,https://www.xsggd.com
🍺 帝尊小说,,连接失败,,https://www.dizun.cc
🍺 思路客ⓢⓞ,🍺特优,连接失败,,https://www.siluke.so#book-coverlist
🍺 思路客ⓢⓞ,🍺特优,连接失败,,https://www.siluke.so
🍺 悠悠笔趣,🍺特优,连接失败,,https://app.lbiqu.com
🍺 新热门小说,优质源👍,连接失败,,https://www.xinremenxs.net-By Dark
🍺 新笔下文学,🍺特优,连接失败,,https://www.xbxwx.net-By Dark
🍺 无弹窗小说网,🍺特优,连接失败,,https://www.22ff.com-By Dark
🍺 爱情,🌼晨光雨露🍒精品源💯,连接失败,,https://www.aiqingxs.com#sitembox dl
🍺 米趣小说,"测试组,🍺 男频,我的精教遗留,校验超时",连接失败,,https://www.meegoq.com
🍺 飞速中文网,,连接失败,,https://www.feisucn.com
🎃乐阅读🎃,,连接失败,,https://so.27k.net#🎃
🎃奥安小说🎃,,连接失败,,https://1.ao3-cn.top#🎃
🎃总裁🎃,,连接失败,,https://mobile.zongcai.com#🎃
🎃泼墨小说🎃,,连接失败,,https://www.pomoxs.com#🎃
🎃渣渣小说网🎃,,连接失败,,https://m.zztxt.net#🎃
🎃笔趣阁🎃#59,,连接失败,,https://www.22shuquge.net#🎃
🎈 小说柜,"🎈轻文,搜索失效",连接失败,,https://www.xiaoshuogui.com
🎉 16号书库,"﹅ ♛ 精品,搜索失效",连接失败,,https://m.as16.me
🎉 17模板网②,🎉精品,连接失败,,https://m.kshu08.com
🎉 18小说,🎉 精选 🎉,连接失败,,https://m.18xs.org
🎉 2000book,🎉精品,连接失败,,https://m.2000book.com
🎉 38看书𖤓,🎉精品,连接失败,,https://m.38kanshu.cc
🎉 5200文学,🎉精品,连接失败,,https://m.5200wxw.com
🎉 5200文学网[仅发现],🎉 精选 🎉,连接失败,,https://www.5200wxw.com
🎉 5G小说[仅发现],🎉 精选 🎉,连接失败,,https://www.5gxs.net
🎉 5Z中文,🎉精品,连接失败,,https://m.5zzw.com
🎉 72文学,,连接失败,,https://m.72wx.com
🎉 82k小说,"检验,搜索链接规则为空",连接失败,,https://www.82k.org
🎉 Mixed Novel,🎉精品,连接失败,,https://mixednovel.net
🎉 txtxs8,🎉精品,连接失败,,https://txtxs8.com
🎉 一世书城,⁴☃晨光雨露᭄精品源,连接失败,,https://wap.1114txt.com
🎉 乐文小说④,🎉精品,连接失败,,https://m.lewxs.com
🎉 乐文小说网,🎉精品,连接失败,,https://m.lwxs9.com
🎉 书海阁,🎉精品,连接失败,,https://m.xinshuhaige.com
🎉 免费小说,🎉 精选 🎉,连接失败,,https://qmzs.52miniapps.com
🎉 免费追书,🎉精品,连接失败,,https://cx.ikanshu.cn
🎉 八一中文网,🎉精品,连接失败,,https://www.zwdu.com-By Dark
🎉 六一课堂,🎉精品,连接失败,,https://61ketang.com
🎉 千千小说⑫,,连接失败,,https://www.15shuba.com
🎉 可乐小说网,,连接失败,,https://www.xklxsw.com
🎉 品书网,🎉精品,连接失败,,https://m.pinshu.cc
🎉 啃书阁,🎉精品,连接失败,,https://www.kenshuge.com
🎉 墨雪文学,,连接失败,,https://www.moxue99.com
🎉 大网文,🎉 精选 🎉,连接失败,,https://www.dawangwen.com
🎉 天津小说网,🎉精品,连接失败,,https://www.tmetbb.com
🎉 小说圈,,连接失败,,https://m.xsqapp.com
🎉 小说旗co,🎉精品,连接失败,,https://www.xs7.co
🎉 新笔趣阁,🎉精品,连接失败,,https://www.xsbiquge.com
🎉 新顶点,🎉精品,连接失败,,https://www.xdingdian.com_Namo
🎉 易读小说,🎉精品,连接失败,,https://www.yidu.la
🎉 有兔阅读,微筛选,连接失败,,https://app.youzibank.com
🎉 来也小说,🎉精品,连接失败,,https://m.wogoupi.xyz
🎉 来也小说,🎉 精选 🎉,连接失败,,https://www.xs880.com
🎉 比奇屋②,🎉 精选 🎉,连接失败,,https://m.biqiwu.com
🎉 流星小说网,🎉精品,连接失败,,https://m.shupu.org
🎉 深圳小说阅读,🎉精品,连接失败,,https://www.jnxiaoshuoc.com
🎉 火推资源库,🎉精品,连接失败,,https://m.htzyk.com
🎉 烟云,🎉精品,连接失败,,https://www.yyun.net#grid tr!0
🎉 爱奇文学,🎉精品,连接失败,,https://www.iqiwx.com
🎉 爱看书M,🎉 精选 🎉,连接失败,,https://m.aaaks.com
🎉 爱豆看书wap,,连接失败,,https://wap.26ksw.com
🎉 爱阅小说,🎉精品,连接失败,,https://api.dgjiayuan.cn/3
🎉 牛逼看书,🎉 精选,连接失败,,https://m.nbbookne.com
🎉 百家网①,🎉 精选 🎉,连接失败,,https://www.xinbaijiaw.com
🎉 笔下星空,,连接失败,,https://www.bxxk.org
🎉 笔趣轩™,🎉 精选 🎉,连接失败,,https://www.biqux.com
🎉 笔趣阁,,连接失败,,https://m.cqxscd.com
🎉 笔趣阁,,连接失败,,https://www.biqujia.com
🎉 笔趣阁,🎉精品,连接失败,,https://www.biquge.com
🎉 笔趣阁,🎉精品,连接失败,,https://www.wanwenhui.com-By Dark
🎉 笔趣阁 bbiquge,"【❌❌】网站失-效,【】👾笔趣阁",连接失败,,https://www.bbiquge.com-By Dark
🎉 笔趣阁 biqugemm,"🎉 精选 🎉,💒 笔趣",连接失败,,https://www.biqugemm.com-By Dark
🎉 笔趣阁 biquwu,"🎉 精选 🎉,💒 笔趣",连接失败,,https://www.biquwu.cc-By Dark
🎉 笔趣阁14,🎉精品,连接失败,,https://www.biquge5200.cc-By Dark
🎉 笔趣阁Z,🎉精品,连接失败,,https://m.zbiquge.com
🎉 笔趣阁③,"🎉,搜索失效",连接失败,,https://www.xibige.com
🎉 草莓小说网,🎉精品,连接失败,,https://m.xcmxsw.com
🎉 骑士小说网②,"﹅ ♛ 精品,搜索目录失效",连接失败,,https://m.xxs74.com
🎉 骑士小说网③,,连接失败,,https://www.74xsw.org
🎉518小说网,🎉 精选 🎉,连接失败,,https://www.518xs.com/
🎉877中文网,🎉 精选 🎉,连接失败,,https://www.877zw.com/
🎉ABC小说②,🎉 精选 🎉,连接失败,,https://www.abcxsb.com/
🎉ABC小说💙💙💙yb3.cc#一介,"一介20.0831,🎉 精品,★,☀️搜书/换源 B▪优质",连接失败,,https://www.yb3.cc#一介20.0831
🎉一起看书,🎉 精选 🎉,连接失败,,https://www.yqkbook.com/
🎉七八中文网,🎉精选,连接失败,,https://www.jxleiyuan.com
🎉八一中文⑮,🎉 精选 🎉,连接失败,,https://www.shxczl.com/
🎉千千小说#嘚嘚21.0201,已检验,连接失败,,https://m.qqxs.la#嘚嘚21.0201
🎉小说楼,🎉 精选 🎉,连接失败,,https://www.xslou.com/
🎉快眼小说网,🎉 精选 🎉,连接失败,,https://www.biqugej.com/
🎉快眼看书③,¹▽置顶`ȏ´正版发现,连接失败,,https://www.kuaiyanx.com/
🎉悟空小说①,🎉 精选 🎉,连接失败,,https://www.wukongxiaoshuo.com/
🎉棉花糖小说③,小说,连接失败,,https://www.mht.tw/
🎉泡泡中文,🎉 精选 🎉,连接失败,,https://www.paozw.com/
🎉笔趣库③,🎉 精选 🎉,连接失败,,https://www.nbiquku.com/
🎉读读窝,🎉 精选 🎉,连接失败,,https://www.duduwo.com/
🎉顶点小说⑲,🎉 精选 🎉,连接失败,,https://www.23us.lol/
🎉顶点小说㊱,🎉 精选 🎉,连接失败,,https://www.210book.com/
🎉饭饭小说,搜索链接规则为空,连接失败,,https://ffxs.me
🎉魔眼看书,🎉 精选 🎉,连接失败,,https://www.moyandushu.com/
🎉魔眼看书,🎉 精选 🎉,连接失败,,https://www.moyankanshu.com/
🎊 圣武,🏵️  小说,连接失败,,https://www.shengwuxingchen.com#tbody tr
🎊 帝王小说,🎊 优选,连接失败,,https://www.aidelai.cc
🎊 思路客ⓣⓥ,防盗,连接失败,,https://www.siluke.tv#result-item
🎊 烟云小说,"🏵️  小说,🎉 精选 🎉",连接失败,,https://www.yyun.net
🎊 笔趣阁②,"搜索链接规则为空,📝 笔趣阁",连接失败,,https://m.biquge.at
🎋七猫中文网🎋,响海,连接失败,,https://mbook.km.com/
🎋搜狗书城🎋,,连接失败,,https://yd.sogou.com
🎋来也全本小说网🎋,,连接失败,,https://m.laiye123.com/
🎋爱酷一号🎋,,连接失败,,https://www.ikuyh.com
🎨 85漫画网,漫画,连接失败,,https://m.85iu.com/
🎨 X18漫画,🎨漫画,连接失败,,https://m.x18.cn
🎨 一库Acg,"🆔登录,🎨漫画,🚬刘备,🚀VPN",连接失败,,https://yikuacg.com
🎨 呆哥哥™,🎨漫画,连接失败,,https://www.daigege.com
🎨 多多,需要登录,连接失败,,https://api.duoduomh.1a3.net#芜恙
🎨 绅士漫画,"🎨漫画,🚬刘备",连接失败,,🎨 绅士漫画
🎨 酷漫网,🎨漫画,连接失败,,https://www.kuman.com
🎨图文韩漫,需要登录,连接失败,,https://www.twhm.net
🎨奶牛漫画💞,"【漫画 书源】,搜索失效",连接失败,,https://www.nnmanhua.top
🎨骚客漫画💞,"【漫画 书源】,搜索失效",连接失败,,https://www.skmh27.com
🎯笔趣阁m.jx.la,"🏵️  小说,💒 笔趣",连接失败,,https://m.jx.la
🎯笔趣阁qgblg,"🏵️  小说,💒 笔趣",连接失败,,https://m.qgblg.net
🎶 音乐-5sing翻唱,"有声,搜索失效",连接失败,,https://music.liuzhijin.cn-5singfc
🎼 5sing翻唱,"有声,搜索失效",连接失败,,https://music.liuzhijin.cn-fc
🎼 虾米,🎼音乐,连接失败,,https://music.liuzhijin.cn-xiami
🎼 豆瓣FM,,连接失败,,https://douban.fm
🏀 34中文②,,连接失败,,https://www.34zwen.com/
🏀 言情中文网①,,连接失败,,https://www.yqzww.la/
🏀 趣书吧,,连接失败,,http://www.qushuba.com/
🏷️88读书,☀晨光雨露💫精俢源💯,连接失败,,https://m.fenxbook.com
🏷️有兔阅读🌱💦,,连接失败,,https://app.youzibank.com#一程edit
🐑梦洲声茶,¹▽置顶`ȏ´正版发现,连接失败,,https://m.kuaishuku.com/
🐑雪森冷色,"🐑 普通,✉️  网络文学",连接失败,,https://wap.xs635.com/
🐳小说柜,搜索失效,连接失败,,https://www.xiaoshuogui.com#sitebox dl#乃星
🐳小说柜,🏅  轻文,连接失败,,https://www.xiaoshuogui.com#sitebox dl
🐶Ⓒ 帝尊小说💯,"﹅ ♛ 精品,搜索失效",连接失败,,https://www.dizun.cc#未月十八edit
👍 114中文网,👍优质,连接失败,,https://www.114zw.la-By Dark
👍 69中文,👍优质,连接失败,,https://www.qingquneiyis.com
👍 Ⓐ 千千小说网①,C组,连接失败,,https://www.qqxsw.la-By Dark
👍 万界小说网,"﹅ ♜ 优质,搜索失效",连接失败,,https://www.wanjiexianwang.com
👍 下书网,优质源👍,连接失败,,https://m.xiashutxt.com
👍 丫丫,🎉 精选 🎉,连接失败,,https://www.yayayd.com#list_details li
👍 久久,🏵️  小说,连接失败,,https://www.txt909.com#searchTopic
👍 书家园,👍优质,连接失败,,https://m.shujy.com
👍 全本小说网 xiaoshuo5,优质源👍,连接失败,,https://www.xiaoshuo5.org-By Dark
👍 千千[防盗字体],🏵️  小说,连接失败,,https://www.jxtemi.com#book-ol li
👍 千千小说网,👍优质,连接失败,,https://www.15shu.net
👍 品书网,👍优质,连接失败,,https://www.5vcd.com
👍 墨坛,👍优质,连接失败,,https://www.motanwx.com#search_text
👍 娃娃乖小说网,👍优质,连接失败,,https://m.wawaguai.com
👍 快眼,优质源👍,连接失败,,https://www.booksky.org#list tr
👍 快眼[防盗字体],🏵️  小说,连接失败,,https://www.feisitesujiao.com#articlegeneral
👍 思路,优质源👍,连接失败,,https://m.slzww.com#search_box p
👍 惠天听,👍优质,连接失败,,https://m.httxs.com
👍 我爱小说,👍优质,连接失败,,https://www.2wxs.com
👍 我的书城,优质源👍,连接失败,,https://www.wodeshucheng.com
👍 无限小说,,连接失败,,https://m.wuxbook.com
👍 笔屋小说网,👍优质,连接失败,,https://www.biwu.cc
👍 笔趣阁ZZ,👍优质,连接失败,,https://www.zzbiquge.com
👍 笔趣阁㊿,🏆精品,连接失败,,https://www.woquge.cc
👍 笔趣阁儿,,连接失败,,https://m.biquger.com
👍 精彩小说网,👍优质,连接失败,,https://jingcaiyuedu.com
👍 舞若小说,优质源👍,连接失败,,https://www.wuruo8.com
👍 趣阅阁™MaxKing,优质源👍,连接失败,,https://m.quyuege.com
👍 铅笔备用,👍优质,连接失败,,https://www.x23qb.com-By Dark
👍 顶点小说㉓,👍优质,连接失败,,https://www.x23us.net
👍630小说,优质源👍,连接失败,,https://www.v63xs.com/
👍八七玄幻,优质源👍,连接失败,,https://www.87xh.com/
👍八零文学,已检验,连接失败,,https://m.80wx.la
👍笔趣阁,已检验,连接失败,,https://gfnormal05at.com/h5
👍笔趣阁⑧⑨,"优质源👍,💒 笔趣",连接失败,,https://www.kuxiaoshuo.com/
👍笔趣阁💙💙💙xibige#南笙21.0101,,连接失败,,https://www.xibige.com#南笙21.0101
👍顶点小说㉖,优质源👍,连接失败,,https://www.dditxt.com/
👑老猫小说#2,,连接失败,,https://api.laomaoxs.net##
💊 娃娃乖,💊无搜,连接失败,,https://m.wawaguai.cc
💎 全本小说网🅰️,5.26,连接失败,,https://www.qb5.tw-By Dark
💎 笔下看书,💎 精品,连接失败,,https://www.yn388.com
💎 笔下看书①#onede,"💎 精品,🌈onede,★,☀️搜书/换源 B▪优质",连接失败,,https://www.jininggeyin.com/#onede
💎 🎈天籁小说,C组,连接失败,,https://www.tianlaixsw.com
💥安卓小说,备用源💥,连接失败,,https://www.anzhuoxs.com
💦小说中文网,💦 精品 💦,连接失败,,https://www.xszww8.com/
💦笔趣库,🎉 精选 🎉,连接失败,,https://www.biqiku8.com/
💦笔趣阁㉔,"🎉 精选 🎉,💒 笔趣",连接失败,,https://www.biquge11.com/
💦读客吧,💦 精品 💦,连接失败,,https://www.dukeba.com/
💨 小说柜,搜索失效,连接失败,,https://www.xiaoshuogui.com#sitebox dl#芜恙
💫丝路文学,,连接失败,,https://www.xssilu.com
💫百度文库,"﹅ ♞ 普通,搜索目录失效",连接失败,,https://wk.baidu.com111#乃星
💫秀小说网,☃晨光雨露🍒精品源💯,连接失败,,https://www.xiuxs.org
💫笔趣阁❶❹❺,,连接失败,,https://www.biqukele.com/
💯下书网,💯精品,连接失败,,https://www.xiashutxt.com
💯奇书网,搜书,连接失败,,https://www.qsw.la-By Dark
💯官术网,💯 精品 💯,连接失败,,https://www.thxsw.com/
💯斋书苑,🎉 精选 🎉,连接失败,,https://www.zhaishuyuan.com-By Dark
💯新热门小说,"﹅ ♛ 精品,搜索失效",连接失败,,https://www.xinremenxs.com-By Dark
💯月色寒,🎉 精选 🎉,连接失败,,https://www.yuesehan.com
💯笔趣阁,"🎉 精选 🎉,💒 笔趣",连接失败,,https://www.biquge.com.cn-By Dark
💯老猫小说🅰APP💜💜💜 #ag2s,"★,🎉 精品,☀️搜书/换源 A▪精品",连接失败,,https://api.laomaoxs.net#ag2s
💯顶点小说,搜书,连接失败,,https://www.booktxt.com-By Dark
💯风雨小说网,🎉 精选 🎉,连接失败,,https://www.fengyu.cc-By Dark
💯飘天中文,搜书,连接失败,,https://www.piaotianzw.com-By Dark
💵 AO3文学✈,"💵正版,🚀VPN",连接失败,,https://www.iao3.com
💵 搜狗阅读,💵正版,连接失败,,https://book.sogou.com/dd/index?gf=evr-d1-pdetail-i
💵 热搜小说,💵正版,连接失败,,https://m.resouxs.com
💵 芒果次元快看小说,,连接失败,,https://api.yisitianxia.com
📃云中歌『仅发现』,"自制,搜索链接规则为空",连接失败,,https://www.yunzhonggexiaoshuo.com/
📖 看书啦网,📖 小说,连接失败,,https://wap.shuxinyi.net/
📖 衍墨轩网,"🚀 加速,🌸 免费",连接失败,,https://www.ymoxuan.com/
📖 言耽社网,📖 小说,连接失败,,https://yandanshe.com/
📚 大嘴狗杂志删除,2023.11.07效验书源,连接失败,,https://www.dazuig.com
📝明月中文,"📖小说,自",连接失败,,https://m.56bok.com
📡 牧笔阁[仅发现],,连接失败,,https://www.mubige.com
📥六音蓝瘦,⑥📥  下载,连接失败,,https://www.sixyin.com
📥圣武书库,"📥 39,🍋🍋🍋🍋🍋🍋",连接失败,,https://www.iswsk.com#?
📻 5 SING,👻 隐藏,连接失败,,https://music.liuzhijin.cn-yc/
📻 5 SING,👻 隐藏,连接失败,,https://music.liuzhijin.cn-5singyc/
📻 5sing原创,📻 有声,连接失败,,https://music.liuzhijin.cn-5singyc
📻 博看网™,📻有声,连接失败,,https://es.bookan.com
📻 喜马拉雅,📻有声,连接失败,,https://music.liuzhijin.cn-ximalaya
📻 酷狗,,连接失败,,https://music.liuzhijin.cn-kugou
📻Biu~[qa455355],a1、有声,连接失败,,https://biu.moe
📻听书宝1,a1、有声,连接失败,,https://www.tingshubao.com#
📻酷我音乐,听书 书源,连接失败,,https://music.liuzhijin.cn-kuwo
🔆妙笔阁⭐,,连接失败,,https://www.imiaobige.com#sitembox dl
🔖千千小说③,小说,连接失败,,https://m.qqxs.la
🔖顶点中文,"其他,搜索目录失效",连接失败,,https://wap.dingdianku.com
🔖顶点小说,"1,5.26",连接失败,,https://m.23wx.tw
🔥 惠天聽,🏵️  小说,连接失败,,https://m.httxs.com#list li
🔥Chinese Beauties,搜索链接规则为空,连接失败,,https://sxchinesegirlz01.xyz/
🔰 16号书库,🔰 普通,连接失败,,https://www.as16.me
🔰 63小说,🔰普通,连接失败,,https://www.63xs.com
🔰 92读书™,🔰普通,连接失败,,https://www.92dus.com
🔰 Go追漫,🔰 普通,连接失败,,https://mh.9xxsm.com
🔰 Retsu,🔰 普通,连接失败,,https://retsu.org
🔰 UPU小说网,🔰普通,连接失败,,https://www.upuxs8.com
🔰 九天中文,⁵♡ོ晨光雨露✺普通源,连接失败,,https://m.9tzw.com
🔰 天天阅读[防盗字体],🏵️  小说,连接失败,,https://www.hbhjcf.com
🔰 女生小说网,🔰普通,连接失败,,https://m.52nsnovel.net
🔰 小说宝库,🔰 普通,连接失败,,https://www.govtz.com-By Dark
🔰 就爱找小说,🔰普通,连接失败,,https://www.92zhao.com
🔰 摘书网,🔰 普通,连接失败,,https://www.zhaishuw.com
🔰 教育123文学网,🔰普通,连接失败,,https://www.xiaoso5.org-By Dark
🔰 新笔趣阁,🔰 普通,连接失败,,https://www.zhhbiqu.com
🔰 歪歪小说[防盗字体],🏵️  小说,连接失败,,https://www.99xiyue.com/index.html
🔰 淘淘全本小说,🏵️  小说,连接失败,,https://www.taotaodu.com
🔰 漫百库,🔰 普通,连接失败,,https://www.manhuabaiku.com
🔰 猫咪AV,🔰 普通,连接失败,,https://50maopp.com
🔰 百文择,🔰普通,连接失败,,https://m.mengzeda.cn
🔰 着笔中文网,🔰普通,连接失败,,https://www.zbzw.la-By Dark
🔰 笔趣阁,🔰 普通,连接失败,,https://www.xbiquge.cc-By Dark
🔰 笔趣阁 biqugelu,🔰普通,连接失败,,https://www.biquge.lu-By Dark
🔰 笔趣阁biquge,🔰 普通,连接失败,,https://www.biquge.at
🔰 笔趣阁⑧,🔰普通,连接失败,,https://www.biqugexsw8.com
🔰 第九中文,,连接失败,,https://m.xin9book.com
🔰 言情中文,🔰 普通,连接失败,,https://www.yqzww.com
🔰 青瓜,🔰 普通,连接失败,,https://look.66shuwu.com
🔰 静夜小说网www,🔰普通,连接失败,,https://www.zzxyj.com
🔰 顶点小说,🔰 普通,连接失败,,https://www.dingdian.la
🔰 顶点小说2,🔰普通,连接失败,,https://www.208xs.com-By Dark
🔰 齐努力小说网,🔰普通,连接失败,,https://www.qinuli.com
🔰90文学网,🔰 一般 🔰,连接失败,,https://www.90wxw.com/
🔰一文中文,🔰 一般 🔰,连接失败,,https://www.yiwenzw.com/
🔰一起看小说,🔰 一般 🔰,连接失败,,https://www.yiqikanxs.com/
🔰万卷文学,🔰 一般 🔰,连接失败,,https://www.wanjuanwx.com/
🔰之梦中文,🔰 一般 🔰,连接失败,,https://www.zhimengzw.com/
🔰伍文中文,🔰 一般 🔰,连接失败,,https://www.wuwenzw.com/
🔰伍文小说,🔰 一般 🔰,连接失败,,https://www.wuwenxs.com/
🔰八一中文⑱,🏵️  小说,连接失败,,https://www.218zw.com/
🔰医学书屋,🔰 一般 🔰,连接失败,,https://www.yixuesw.com/
🔰博群小说,🔰 一般 🔰,连接失败,,https://www.boqunxs.com/
🔰去看看书院,🔰 一般 🔰,连接失败,,https://www.qkksy.com/
🔰又看小说,🔰 一般 🔰,连接失败,,https://www.ykxiaoshuo.com/
🔰四五文学,🔰 一般 🔰,连接失败,,https://www.siwuwx.com/
🔰塔读小说①,🔰 一般 🔰,连接失败,,https://www.taduxs.com/
🔰墨斋文学,🔰 一般 🔰,连接失败,,https://www.mozhaiwx.com/
🔰就爱书屋,🔰 一般 🔰,连接失败,,https://www.jiuaisw.com/
🔰快书小说,🔰 一般 🔰,连接失败,,https://www.kuaishuxs.com/
🔰新书中文,🔰 一般 🔰,连接失败,,https://www.xinshuzw.com/
🔰新笔趣阁007,🔰 一般 🔰,连接失败,,https://www.biqu007.com/
🔰有木有中文,🔰 一般 🔰,连接失败,,https://www.ymyzw.com/
🔰混混中文,🔰 一般 🔰,连接失败,,https://www.hunhunzw.com/
🔰游人书屋,🔰 一般 🔰,连接失败,,https://www.yrshuwu.com/
🔰灵飞小说,🔰 一般 🔰,连接失败,,https://www.lingfeixs.com/
🔰番奇书屋,🔰 一般 🔰,连接失败,,https://www.fanqisw.com/
🔰神族小说,¹▽置顶`ȏ´正版发现,连接失败,,https://www.xmalshenzu.com/
🔰笔趣阁sc,🔰 一般 🔰,连接失败,,https://www.sckean.com/
🔰自在中文,🔰 一般 🔰,连接失败,,https://www.zizaizw.com/
🔰读客文学,🔰 一般 🔰,连接失败,,https://www.dukewx.com/
🔰读看看小说,🔰 一般 🔰,连接失败,,https://www.dukankanxs.com/
🔰雁北堂书屋,🔰 一般 🔰,连接失败,,https://www.ybtshuwu.com/
🔰飞速小说③,🔰 一般 🔰,连接失败,,https://www.fsxiaoshuo.com/
🔰麦块小说,🔰 一般 🔰,连接失败,,https://www.maikuaixs.com/
🚬 2048论坛,搜索链接规则为空,连接失败,,https://v1.iu3y.space
🚬 吾爱看书,🚬刘备,连接失败,,https://www.52kshu.com
🚬 学习材料◽️,"🚬刘备,💊无搜",连接失败,,https://bbs.188sex.com/forum.php?gid=77
🚬 御书楼,🚬刘备,连接失败,,https://www.yubook.la
🚬 快眼小说网,🚬刘备,连接失败,,https://www.kyxs5.com
🚬 我的书阁①,18,连接失败,,https://m.myshuge.org
🚬 百书楼,🚬刘备,连接失败,,https://www.baishulou99.com
🚬 笔趣阁,笔趣阁,连接失败,,https://m.97hs.com
🚬 第一版主cc,,连接失败,,https://www.diyibanzhu8.pro
🚬 肉色屋,,连接失败,,https://m.30mc.com
🛠️ 灯笔小说网,🛠️劣质,连接失败,,https://www.dengbi.cc-By Dark
🤶瑞  思  达,"﹅ 通用书源▪︎玄奇,搜索失效",连接失败,,https://www.xarsd.com
🥇最新火热,"﹅ 通用书源▪︎玄奇,搜索失效",连接失败,,https://www.qdtianruimuye.com#乃星
🥈百合小说,搜索失效,连接失败,,https://www.baihexs.com-By Dark
🥈追读小说,🥈补充,连接失败,,https://service.nickbussok.com
🥉小说族吧,🔱  常用,连接失败,,https://www.xiaoshuozu8.com
asmr,有声,页面不存在,404,https://api.asmr-200.com
http://m.4gxs.cc/s.php,,页面不存在,404,http://m.4gxs.cc/s.php
url,失效,页面不存在,404,https://blackholep.github.io/bjzww
Ⓐ 一六中文,搜索失效,页面不存在,404,https://m.16kzw.com
Ⓐ 斋书苑①,"𐄛 Ⓐ级,﹆7.未月十八10.1",页面不存在,404,https://www.zhaishuyuan.org#未月十八repair
Ⓢ喜马拉雅▪︎关耳,听书 书源,页面不存在,404,http://search.ximalaya.com#md-guaner
♜千千小说⑥,"﹅ ♜ 优质,搜索失效",页面不存在,404,http://www.gzqianlv.com/#♤pb
♜千千小说⑥,"﹅ ♜ 优质,搜索失效",页面不存在,404,http://www.gzqianlv.com/#pb1101
♜读61小说网 #破冰1101,"﹅ ♜ 优质,搜索失效",页面不存在,404,https://www.du61.com/#pb1101
♜追书神器吧 #破冰,"2,搜索失效",页面不存在,404,https://www.zssq8.com/#♤pb
♝✎笔趣阁⑦①,"笔趣,﹅ ♝ 优良,搜索失效",页面不存在,404,http://www.zgbdfkfw.com/#♤pb
♻️斋书苑,¹▽置顶`ȏ´正版发现,页面不存在,404,https://www.zhaishuyuan.org#玄奇
✎笔趣阁⑬④,"笔趣,﹅ ♝ 优良,搜索目录失效",页面不存在,404,https://m.bqgxsw.com/modules/article/search.php?searchtype=all&searchkey=%E6%88%91%E7%9A%84
✔︎㊝ 酷笔记✦ ♛♛♛ kubiji.org,,页面不存在,404,https://www.kubiji.org/#1
✾.Ⓐ 16k中文 #未月十八1001,"﹅ ✾ 言耽,搜索失效",页面不存在,404,https://m.16kzw.com#wy18-1001
㊣ 追书神器 #一程,"💙已校验,🍰,搜索失效",页面不存在,404,https://api.zhuishushenqi.com#♤yc
中文书城#2,"常用B,API,希弥",页面不存在,404,http://app-inter-v2-bookstore.cread.com
九酷音乐,有声; 发现,页面不存在,404,http://www.9ku.com
书海阁,Namo,页面不存在,404,http://www.shuhaige.com
书海阁👾,🎉 精选 🎉,页面不存在,404,https://m.shuhaige.com
可乐小说🎃,,页面不存在,404,https://www.rrssk.com#🎃
喜马拉雅,有声,页面不存在,404,http://search.ximalaya.com/
喜马拉雅,听书 书源,页面不存在,404,http://search.ximalaya.com#pb1025
喜马拉雅,有声,页面不存在,404,http://search.ximalaya.com#关耳
喜马拉雅,有声,页面不存在,404,http://search.ximalaya.com#guaner
喜马拉雅,-------,页面不存在,404,http://search.ximalaya.com#芜恙
喜马拉雅,听书 书源,页面不存在,404,http://search.ximalaya.com#关��
四方中文网,漫画,页面不存在,404,http://www.sifangbook.com
圈圈小说,小说 书源,页面不存在,404,https://wap.qqxs7.com#
圈圈小说🎃,,页面不存在,404,https://wap.qqxs7.com#🎃
塔读·二次元💯,微筛选,页面不存在,404,http://www.tadu.com/erciyuan
塔读·出版💯,微筛选,页面不存在,404,http://www.tadu.com/chuban
塔读·女生💯,精品书源,页面不存在,404,http://www.tadu.com/nvsheng
塔读·男生💯,微筛选,页面不存在,404,http://www.tadu.com/nansheng
墨色阅读,网文,页面不存在,404,http://api10e46r.zhuishushenqi.com
宙斯🎃,,页面不存在,404,http://www.zhswx.com#🎃
小刀阅读# 17k小说,"💭💭💭💭💭💭,搜索目录失效",页面不存在,404,http://api.ali.17k.com:80
小米FM,有声,页面不存在,404,https://fm.music.xiaomi.com/fm
小说酒吧,🏵️  小说,页面不存在,404,http://www.xs98.com
我爱小说网,网文,页面不存在,404,https://m.5ilrc.com
手打小说网,已检,页面不存在,404,https://www.da.bj.cn
斋书苑,已检验,页面不存在,404,https://www.zhaishuyuan.org#未月十八改
有度·文学,微筛选,页面不存在,404,https://www.yodu.org/wenxue
有度·繁体,微筛选,页面不存在,404,https://www.yodu.org/fanti
有度·网文,微筛选,页面不存在,404,https://www.yodu.org/wangwen
漫播,有声,页面不存在,404,https://api.kilamanbo.com
爱书心吧（跳转）,小说 书源,页面不存在,404,http://ishuba.com.cn/m/index.html
百度知道（解释）,特殊 书源,页面不存在,404,https://zhidao.baidu.com/msearch/#乃星
笔趣阁🎃#29,,页面不存在,404,https://m.bqgxsw.com/modules/article/search.php?searchtype=all&searchkey=%E6%88%91%E7%9A%84#🎃
翠微居③,⁹ಥ刘备入川〽️,页面不存在,404,http://www.cuiweijuxs.org
轮回小说网🎃,,页面不存在,404,https://www.9xs.org#🎃
追书[Mod],"a2、JSon,搜索失效",页面不存在,404,https://api.zhuishushenqi.com/##mod
追书神,搜索目录失效,页面不存在,404,http://www.zhuishushen.com
键盘小说🎃,,页面不存在,404,https://www.janpn.com#🎃
韩漫画,【🈵♥🈵💯】231123千组4,页面不存在,404,https://h-webtoon.com/page/19/
顶点小说🎃,,页面不存在,404,https://www.23us.tw#🎃
饭角有声,有声,页面不存在,404,https://api.fanjiao.co/
🌠 拷贝漫画,🌠 漫画,页面不存在,404,https://api.mangacopy.com
🍁笔趣阁⑦①,🍁 笔趣 🍁,页面不存在,404,http://www.zgbdfkfw.com/
🍺 番茄小说,番茄,页面不存在,404,http://m.fqxs.org
🎉 悦读API,"测试组,测试1,神",页面不存在,404,http://39.97.6.194
🎉 追书神器吧①,已检验,页面不存在,404,https://www.zssq8.com
🎉千千小说⑥,🎉 精选 🎉,页面不存在,404,http://www.gzqianlv.com/
🎋得间小说🎋,,页面不存在,404,http://www.lyreader.cn/
🎧 喜马拉雅,有声,页面不存在,404,http://search.ximalaya.com#一程
🎨 一直看,🎨漫画,页面不存在,404,https://www.yizhikan.cn
🎨 动漫之家V1,🎨漫画,页面不存在,404,http://api.dmzj.com
🎨 爱飒漫画,🎨漫画,页面不存在,404,https://www.isamanhua.com
🎯RE0[仅发现],🏵️  小说,页面不存在,404,https://lyy289065406.github.io/re0-web/gitbook/book
👍 笔趣阁⑲,👍 优质,页面不存在,404,http://m.qbbqg.com
💠 小说酒吧,🏵️  小说,页面不存在,404,https://www.xs98.com
💵 番茄小说🅰[详],"🌸 常用,搜索链接规则为空,💵 正版",页面不存在,404,https://novel.snssdk.com#yc1101
📖斋书苑ⓞ,⁴☃晨光雨露᭄精品源,页面不存在,404,https://www.zhaishuyuan.org#sitembox dl
🔰 266看书,🔰普通,页面不存在,404,https://www.266ks.com
🔰48SC小说网,🏵️  小说,页面不存在,404,http://www.48sc.com/
🔰同人小说,🔰 一般 🔰,页面不存在,404,https://www.tongrenxs.com/
🔰奇书网⑦,🔰 一般 🔰,页面不存在,404,https://www.1qishu.com/
