书源名,分组,状态,HTTP,地址
33言情,"☣️精选senhora,♑qd书",其它错误,,https://www.33yq.org
BL腐书网,女频,超时,,http://m.rh-kids.com
UAA•文学[大佬改],,其它错误,,这里可以写任何内容
a💰纵横▪细分榜单▪完结/热门💜💜💜,¹▽置顶`ȏ´正版发现,其它错误,,❀.zongheng#□namo edit
®️爱丽丝书屋,"失效,js失效",其它错误,,爱丽丝书屋 by.夜泽川
♛▪︎爪机书屋 #一程1201,"﹅ ♛ 精品,发现目录失效,搜索失效",其它错误,,https://www.zjsw.org#yc1101
♜+爱书包 破冰,,其它错误,,https://www.ishubao.org/♤pb
⚖️ 宝来小说网📥,已检,可达,200,https://www.baolaixsw.com/##@遇知
✾♛33言情w #一程,已检验,其它错误,,https://www.33yq.org#♤yc
㊣ UC小说 一程,正版,其它错误,,http://xiaoshuo.uc.cn♤yc
㊣黑岩阅读 破冰,,其它错误,,https://www.heiyan.com♤pb
七七读书,,其它错误,,http://www.dushu.com未月十八repairwy-
三六小说（发现）,小说 书源,可达,200,http://www.36xs.net/
临高启明,🎈 轻文,其它错误,,http://lgqm.huijiwiki.com/wiki/同人作品列表/
书仓网吧,小说 书源,可达,200,https://www.shucang.cc
书海阁,小说,其它错误,,https://m.shuhaige.net#🎃
书海阁吧,小说 书源,其它错误,,https://m.shuhaige.net/#♤pb
二宝小说,综合,其它错误,,https://www.20xs.org
云书阁,🏖️免费+,其它错误,,https://www.kxdt.net/
全本小说网junth,🎉 精品,其它错误,,https://m.junjh.com
出处源-仓库👑西瓜免费小说,,其它错误,,西瓜免费小说App
博仕书屋,"【🎃书源】,优选女频,【🌸自用女频源】",其它错误,,https://m.boshishuwu.com#🎃
友声uaa,💚有声,其它错误,,UAA·有声
喜马拉雅,,其它错误,,https://www.ximalaya.com/乃星
墨辰整理书源系列,,其它错误,,墨辰整理书源大全6.1版
大众文学-夜明空,官方-7-17,其它错误,,https://www.gzhgxs.com/
夸克搜书,"📑夸克搜书,通用",其它错误,,夸克搜书
宝来小说,综合,可达,200,https://m.baolaishiye.com
宝来小说,小说 书源,可达,200,https://m.baolaishiye.com##尐哖
宝来小说网,,可达,200,https://m.xinbaolaixsw.com
布拉书屋🎃#2,,有响应(拦截),401,https://m.bulasw.com#🎃
搜书吧,,其它错误,,https://ssb81.com/
文坊阁,,其它错误,,https://wfg.la##防同
新笔趣阁,📃论坛,其它错误,,https://www.xbqg6.com/
星海资源◽️,,其它错误,,星海采集
晋江[百合发现],"💭💭💭💭💭💭,发现失效,搜索正文失效",其它错误,,http://android.jjwxc.net百合
晋江文学,"💭💭💭💭💭💭,发现失效",其它错误,,强迫症专用，记得看注释
晋江文学25,"发现失效,搜索正文失效,【❌❌】搜索正文失-效",其它错误,,http://android.jjwxc.net作者
晋江详榜（发现）,-------,其它错误,,https://www.jjwxc.net/细分
棉花糖网,小说 书源,可达,200,https://www.mianhuatangxiaoshuo.com/
漫客栈,,其它错误,,http://comic.mkzhan.com♤Haxc
爪机书屋,-------,其它错误,,https://www.zjsw.org/##@鱼
爪机书屋,"发现目录失效,搜索失效",其它错误,,https://www.zjsw.org/#pb1101
爱看书吧,小说 书源,其它错误,,https://m.aidushu8.com/##喜静
爱看漫画,,其它错误,,https://m.kanman.com♤Haxc
猫眼看书,,其它错误,,这个源有两个网站，一个是猫眼网站，另一个也是猫眼网站。-----鲁迅
猫耳听书,,其它错误,,https://www.missevan.com♤guaner
瓜机书屋,小说,其它错误,,https://m.zjsw.org/
番茄小说,柳树,其它错误,,https://fq-book.netsite.cc
番茄小说6#,"【❌❌】搜索失-效,发现失效,搜索失效",其它错误,,http://www.ah-edu.com.cn/锋
盗版uaa(全程免梯),,其它错误,,🤔这重要吗🤔
笔下文学（优+）,小说 书源,可达,200,https://www.17bxwx.com/
笔趣阁86,小说 书源,其它错误,,笔趣阁(杀鸡取卵版)-----鲁迅
笔趣阁②🥉,®📖 202404,其它错误,,七夕长河烂，中秋明月光。
绅士漫画,涩漫图,其它错误,,https://绅士漫画.luoyacheng.ip-ddns.com
若初文学,,其它错误,,http://www.ruochu.com嘚嘚.
萝莉文学,女频,其它错误,,https://www.luoliwx.net一
虫虫书屋,小说 书源,其它错误,,http://www.51menu.com##修正
西瓜小说,小说 书源,其它错误,,http://www.fanaoqi.com/锋
读书网包,,其它错误,,http://www.dushu.com关耳
资源采集19  #Thomas哟,涩视,其它错误,,资源采集19
起舞中文,小说 书源,可达,200,https://www.75zwz.com
追书神器①,正版,其它错误,,http://www.zhuishushenqi.com停
选书阁,"5.6,🌈🌈采书",其它错误,,https://www.bookrbx.com/search/
零点小说,小说 书源,其它错误,,https://www.lingdxsw.com#
飘天文学,综合,可达,200,https://m.ptwxz.org
️ 免费追书,,其它错误,,https://cxb-pro.cread.com@遇知
🌈pixiv小说,🙈,其它错误,,洛娅橙-pixiv小说
🌈八叉书库,🙈,其它错误,,洛娅橙-八叉书库
🌈读漫屋,"🙈,🎨",其它错误,,https://读漫屋.luoyacheng.ip-ddns.com
🌈起点助手,"起点,📓",其它错误,,https://起点助手2.luoyacheng.ip-ddns.com
🌐绅士漫画◎辞晨◎,写源,其它错误,,🌐绅士漫画
🌙 绿柠小说,-------,其它错误,,绿柠APP
🌠六味书屋,【小说2书源】,其它错误,,六味书屋——遇知
🌽晋江☻,,其它错误,,晋江言情标签
🍅番茄小说[在线阅读],"番茄小说,轻阅读,禁止下载,仅在线阅读",其它错误,,🍅番茄小说
🍊三九阅读,普通,其它错误,,https://www.39yd.com/@鱼
🍒霹雳书屋,无屏蔽字（精校）,其它错误,,昨夜醉眠西浦月，今宵独钓南溪雪。
🎈 同人小说,"轻文,发现失效,搜索失效",其它错误,,https://www.tongrenquan.org已校验
🎉 手打书小说网,"【❌❌】搜索失-效,发现失效,搜索失效",其它错误,,https://m.shoudashu.com/
🎧 UAA有声,8月1日.静,其它错误,,UAA有声xh
🎨 无删韩漫,"🎨漫画,🚬刘备",其它错误,,无删韩漫
🎨咻咻漫画,漫画,其它错误,,咻咻漫画
🐣爱看书吧,4月2号静白,其它错误,,https://m.aidushu8.com/##ʕ ᵔᴥᵔ ʔ喜静
👔 疯情阅读,🚀VPN,其它错误,,https://www.aaread.club-正则
💯恋上看书①,,其它错误,,https://www.630shu.net/
💰 起点标签♂,💰 正版,其它错误,,https://www.qidian.com/男频标签
💵 晋江[分类],正版,其它错误,,https://m.jjwxc.net/分类
💵 晋江文学城,正版,其它错误,,http://android.jjwxc.net/晋江
💵 起点收藏,💵正版,其它错误,,https://www.qidian.com/收藏
📚书山融合,"番茄小说,书山",其它错误,,"http://v3.shushan.xyz:50005
http://v3.shusan.xyz:50005
提示：点击登录切换服务器按钮可进行切换(当前书源为融合版)"
📺 资源采集,"📺 视频,番茄小说",其它错误,,资源采集
📺 资源采集30  #Thomas哟,【🈵♥🈵💯】231123千组1,其它错误,,资源采集30
🔖八叉书屋,,其它错误,,❗❗❗你猜我是谁👻=>🤔❗❗
🔖八叉书屋🔖◎辞晨◎(手机),写源,其它错误,,❗❗❗你猜我是谁👻=>(手机)🔐🧾❗❗
🗒 歪漫画网,"【❌❌】搜索失-效,发现失效,搜索失效",其它错误,,歪漫画
🚪修复2,﹅ 通用书源▪︎玄奇,其它错误,,目录2
🚬 疯情阅读,"🚬刘备,🚀VPN",其它错误,,https://www.aaread.club-正则:🚬刘备入川
🧁轻文库小说,,其它错误,,轻文库小说
126书盟,"自制,源仓库,网页源",异常状态,503,http://www.126book.net
2K小说,"💭💭💭💭💭💭,搜索失效",异常状态,503,http://www.2kxs.la/
45中文v,源仓库,异常状态,503,http://v1.45zw.com/
520漫画网,漫画🎟️,异常状态,503,http://m.kokomh.com
83小说网,,异常状态,521,http://www.83xs.com
9格格党,"整理校验,女频,源仓库,游客自用,自制,网页源",异常状态,503,http://m.9ggd.com/
ESJ轻小说.cc(科学),📖轻文,异常状态,503,http://www.esjzone.cc1
H 88读书网,,异常状态,521,https://www.x88dushu.com##Hz
L联盟小说,"发现失效,搜索失效",其它错误,,http://www.llianmen.com##L联盟
TXT小说,综合,超时,,http://www.ixiatxt.com
i尚漫,漫画🎟️,异常状态,503,http://3g.ishangman.com
yy小说网,"自制,源仓库,网页源",异常状态,503,http://www.yyyyab.com
★大灰狼融合,✔,异常状态,503,http://20.langge.tk
♜ ✎笔趣阁③ #破冰 97ub.org跳转本站,"笔趣,﹅ ♜ 优质",异常状态,504,http://www.boquku.com/#pb1101
♜✎笔趣阁⑨,已检验,异常状态,503,http://www.bqgwu.com/#pb1101
⚠️以歌小说,第四队,异常状态,503,http://xs.xiyige.cn
✐ 笔下文学漫画 #Haxc1107,"漫画,发现失效,搜索失效",异常状态,503,http://open.bxzwapp.com
✨衍墨轩🎉📱,已检验,异常状态,503,http://m.yanmoxuan.net/
⭐番茄小说(苏念番茄Web共享API),"番茄,番茄小说",异常状态,503,http://reading.api-fanqienovel.sunianyun.live
⭐️暖才小说,3,异常状态,503,http://wap.ncwxst.cc
⭐️顶点小说•M,发现规则为空,异常状态,503,http://m.kmwx.net
㊕ 看客网 #一程,"发现失效,🍀,搜索失效",其它错误,,http://www.kankeo.cc#♤yc
㊣ 阅听小说,"免费,搜索失效",其它错误,,http://api.cdyt.com#♤yc
七七读书,,异常状态,503,http://www.dushu.comguaner
七真书院,小说 书源,其它错误,,http://www.7zzw.com/##@遇知
下书久久,小说 书源,异常状态,521,https://www.xiashu99.com#yc1101
乐文小说网,,异常状态,521,http://www.lwxs.net
书趣阁爱,小说 书源,超时,,http://www.sizhicn.com
人生小说,☁️可用,异常状态,503,http://m.renshengxs.com
优点小说,综合,异常状态,444,https://m.youdian5.com
全新聚合库书源,,异常状态,503,http://v2.dahuilang.cf
全本小说¹,,异常状态,503,http://www.kanquanben.org
八一w中文⑤,"☁️可用,☁修正",异常状态,503,http://www.w81zw.com/
八啦小说,,其它错误,,http://www.txt86w.com/##@遇知
千千小说①,精品,异常状态,530,https://www.qqxsnew.com/
博仕书屋,优选书源by沐云风,异常状态,503,http://m.boshisw.com
去读读小说网,,异常状态,521,http://www.qududu.com
同人圈(vpn),轻小说,异常状态,503,http://tongrenquan.org
哇叽文学,小说 书源,异常状态,503,http://q.yfwaji.com
四库书屋,[1],异常状态,521,http://m.sikushu.com
夜伴书屋,综合,异常状态,503,http://www.ybsws.com/
天天书吧[ttsh],小说,异常状态,503,http://www.ttshuba.net/
天籁小说（发现）,小说 书源,异常状态,521,https://wap.hsjsby.com
奇快中文,小说 书源,其它错误,,http://www.qikuaizw.com#🎃
姐的电影（仅发现）,视频,异常状态,503,http://www.jiededy.com/
宝来小说,小说 书源,可达,200,http://m.baolaixsw.com
小说屋组,小说 书源,异常状态,503,http://www.xs5.la
布咕阅读 app.api.bgwxc.com,女频,异常状态,503,http://app.api.bgwxc.com
御龙小说,已检测,异常状态,502,https://m.dmxso.com##旅途
必读beduu,"📚 出版,🚀 加速",异常状态,503,http://www.beduu.com
思秋小说网,综合,异常状态,503,http://m.mekohome.net
悟空小说③,【❌❌】网站失-效,异常状态,503,http://www.548xs.com/#pb1101
悠久小说,小说 书源,其它错误,,http://www.ujxs.com#♤yc
拉米阅读（文学）,小说 书源,可达,200,https://read.lmeee.com#♤yc
搜动漫①,"【】⛺漫画,搜索目录失效,【❌❌】搜索目录失-效,发现目录失效",其它错误,,http://m.soudongman.com#Haxc1107
无线电子,,异常状态,301,https://www.wxdzs.net
时代音乐网,音乐,异常状态,503,http://www.78497.com/
晚安小说网15guang,综合,异常状态,503,http://www.15guang.com
晴天漫画<晴天>,"❤️漫画,❤️番茄,搜索失效",其它错误,,"http://caricature.cloudepays.cn
http://api618.qingtian618.site
https://api.gyks.cf"
有妖气💰,"🎨漫画,💰正版,JSON",异常状态,503,http://app.u17.com
杜佩小说,【小说2书源】,异常状态,503,http://www.dupay.cc/
柚子小说,"自制,备用",异常状态,503,http://m.18ij.com
棋子小说,小说 书源,其它错误,,http://www.acgzc.com#♤yc
歪歪书库（发现）,小说 书源,其它错误,,http://www.yysk.net/##@遇知
清风DJ,"💭💭💭💭💭💭,搜索正文失效,发现正文失效",异常状态,503,http://www.vvvdj.com
溜达小说,小说 书源,其它错误,,http://m.liudatxt.net#🎃
熊猫文学（优+）,小说 书源,异常状态,301,https://www.dxmwx.org
爱上阅读,api·凡,异常状态,503,http://yuenov.com:15555/
爱家文学,✨极速,异常状态,400,https://m.bj5i5j.com/***
猫猫小说,小说 书源,异常状态,502,https://m.mmxsw.cc
猴子小说网,-------,异常状态,521,http://m.hzxsw.com
玉米小说,小说,异常状态,521,https://m.telexh.com/
画影锦绣,小说 书源,异常状态,530,http://www.huayingjx.com
百分影院◽️,已检验,异常状态,503,http://www.100fyy.net/
神仙书阁,"[1],失效",异常状态,503,http://m.shenxianfaka.top/
章鱼小说,,异常状态,503,http://www.z1xs.com/#pb1101
章鱼小说jodingnme[自写],"精品书源1119,自写1118",超时,,http://www.jodingnme.com/
笔书阁,,异常状态,503,http://m.damaoli.com66
笔仙阁子,小说 书源,异常状态,503,http://m.bixiange.me
笔趣网吧,小说 书源,超时,,http://www.biquw.com/#pb1101
笔趣阁,小说 书源,异常状态,503,http://www.downcg.cc
笔趣阁,小说 书源,异常状态,503,https://www.biqupa.com/
笔趣阁,2023.7.20效验,可达,200,https://souxs.leeyegy.com#渊呀81
笔趣阁789,"修复优化,发现失效,整理校验,自制,网页源,笔趣阁,搜索失效",异常状态,503,http://m.biquzw789.net
笔趣阁youbiquge,,异常状态,500,https://www.yourbiquge.com
第一版主,"GOOD,BAD",异常状态,503,http://www.bz4444.xyz/
精·必读文学 API,"﹅ ♛ 精品,发现失效",异常状态,503,http://api.biduwenxue.com
糖心漫画tangxin,💜漫画,可达,200,http://tangxin666.com
纵横排行榜,¹▽置顶`ȏ´正版发现,异常状态,500,http://zongheng.com
群格格党（发现）,小说 书源,其它错误,,http://www.ggdwx.com/##@鱼
腐书网络,小说 书源,异常状态,503,http://www.fushuw.co
若初文学,,异常状态,503,http://www.ruochu.comyc
衍墨轩吧,小说 书源,异常状态,503,http://www.yanmoxuan.net/#pb1101
说说520,🎃常规,超时,,http://m.shuquta.com/
读零零小说网 du00.co,综合,异常状态,444,http://www.du00.co
豌豆文学,,异常状态,503,http://www.wandouwx.com
轩辕书社,🏖️免费,异常状态,503,http://amp.xyshushe.com
采墨阁①,精品,异常状态,503,http://m.kushu.co/
霸气书库(精),源仓库,异常状态,503,http://www.8shuku.net
顶点小说,小说 书源,异常状态,503,http://www.idingdian.com
鬼吹灯包,-------,异常状态,503,http://www.cxbz958.info#
️天域小说️天域小说🎃,🎃 竹坞风,其它错误,,http://m.tycqzw.net#🎃
🌈笔趣Y,源社区,异常状态,502,http://www.biquy.com
🌞晴天小说4.0,,其它错误,,http://v1.gyks.cf/#小说
🌟38文学网,,异常状态,521,http://www.38wx.net
🌸 147小说网④,🌸常用,异常状态,503,http://m.147xsw.com
🌸 秒书屋,🌸常用,异常状态,525,https://m.miaoshu5.cc
🌾旷山远雪,"🌾 男频,✉️  网络文学",异常状态,503,http://api.newkyxs.com
🍁笔趣阁⑥①,,异常状态,503,http://www.mabook.cn/
🍁笔趣阁㉞①,,异常状态,521,https://www.biquge.top/
🍁笔趣阁㊳①,,异常状态,521,http://www.bqg.tw/
🍊91小说,✨极速,异常状态,503,http://www.9138xs.com
🍺 6miv小说✈,"发现失效,🍺特优,🚀VPN,搜索失效",异常状态,503,http://www.6miv.com
🍺 笔趣阁 biquge.site,🍺 特优,异常状态,502,http://www.biquge.site
🍺 趣读屋,🍺 特优,异常状态,521,https://www.quduwu.com/
🎈腐小说,④🎈  普通,可达,200,http://www.jiqinw.com
🎉 笔趣阁,-------,异常状态,521,https://www.60734.com
🎉乐乐小说,🎉 精选 🎉,异常状态,503,http://www.lelebook.com/
🎉八零小说⑥,,异常状态,530,https://www.800xs.com/
🎉经典小说网,B组,超时,,https://www.jdxsw.net
🎋符笛小说🎋,,异常状态,503,http://m.dfvirs.com
🎒 爱看书吧,,异常状态,444,http://www.aidushu8.com
🎨亲亲漫画💞,"🔭 其他,🎊 常用,🎨 漫画",异常状态,503,http://www.acdwd.com
🎼520听书🎼,"响海,发现失效,搜索失效",异常状态,503,http://m.520ts.cc/
🐑当书下载,"¹▽置顶`ȏ´正版发现,⁸̶̥̥̥̆ૢ)论坛🚀↓下载",异常状态,530,https://www.downbook.cc##下载
🐦9格格党,+🐦,异常状态,503,http://www.9ggd.com/
👍 77读书网,"发现失效,👍,搜索失效",异常状态,500,https://www.77dus.com
👍 牛逼书屋,👍 优质,异常状态,503,http://www.niubishuwu.com
💊 乐读窝,💊无搜,超时,,http://m.qiduwx.com
💗52格格党,女频,其它错误,,http://www.9ggd.com/##@鱼
💠 第一版主,💠 其他,可达,200,http://www.01bzw.co
💦请看书①①,,异常状态,521,https://www.jlxsw.com/
💯五八小说①,,异常状态,503,http://www.wbxsw.com/
💯读一读小说,,异常状态,503,http://du11du.com/
💰纵横·发现,¹▽置顶`ȏ´正版发现,异常状态,500,https://m.zongheng.com#2
📖 乐兔阅读,"📖 小说,网站失效",异常状态,503,http://api.jsword.net/
📖 有爱小说,📖 小说,异常状态,503,http://m.000ui.com/
📖 琅琊小说,📖 小说,异常状态,503,http://langyaxiaoshuo.com/
📚 掌读小说,📚 正版,异常状态,503,http://www.zhangread.com/
📝腐书网,"📖小说,自",异常状态,503,http://m.fushuwang.co
📻 听书宝网,📻有声,异常状态,503,http://m.tingshubao.com
🔰 燃文书库,🔰 普通,异常状态,503,http://m.778buy.com
🗒 羞羞漫画,漫画,异常状态,503,http://sinaappxx6.q236.cn/post/GetInfo#yc1101
🚬 三好小说网,"🚬刘备,发现失效,搜索失效",异常状态,503,http://m.sanhao1.com
🚬 新书包网,"🚬刘备,💊无搜",异常状态,503,http://m.xsbbb.com
🚬 第一版主(移动都能看，一次导入，永久可用，请看选注释),BAD,异常状态,503,http://www.zxdysj.com
🧐七星阁 #破冰▼列表书少♨️,"﹅ ♝ 优良,搜索失效",异常状态,521,https://www.qixinge.com/#♤pb
🪔️ 品阅阁,"【❌❌】搜索失-效,搜索失效",其它错误,,http://www.pinyuege.com/##@遇知
🪔️ 永恒小说,"遇知,搜索失效",异常状态,503,http://www.4pan.net/
00小说网,写源,超时,,https://m.00shu.la/
123文学网,,可达,200,http://www.123txt.cc
17书库,🏖️免费,超时,,https://www.17suu.cc/
2K小说,微筛选,超时,,https://www.2kxs.org#md-guaner
33言情,"自制,源仓库,网页源",超时,,https://m.33yq.net
39书包,综合,超时,,http://www.39shubao.com/
520小说,🔥女频,可达,200,http://m.520xsb.com
56小说(仅发现),综合,超时,,https://www.56xs.net/
67书吧🎃,,其它错误,,http://www.67shu.org#🎃
77读书,综合,其它错误,,http://www.77shuku.net/##@遇知
9,涩涩,超时,,https://m.nmxjhb.com/
COCO漫画,漫画,可达,200,https://www.cocomanga.com
Goddess美图分享,涩漫图,有响应(拦截),429,https://goddess247.com
POPO完本,,可达,200,https://web.popo.city
Woo15小说,,可达,200,https://m.woo15.com/#🚀
bl文库,已检验,超时,,https://m.blwenku.org/
i笔趣阁,⑸🔰  优质,超时,,https://www.ibqg.cc
⌨云书小说,⌨自制,超时,,https://yunshuzw.com
①笔下文学520,👍 备用,超时,,https://www.bxwx520.cc
○✾♜百合小说 #一程 ▼下一页,"【❌❌】搜索失-效,发现失效,搜索失效",连接失败,,https://m.baihexs.com#yc1217
☘️乐文小说☘️,,超时,,https://wap.maxreader.net#响海
☘️畅阅小说网☘️,,超时,,http://c.c-ccccc.cc
☘️连载中小说网☘️,,超时,,https://m.lianzai123.com
♛ 小疙瘩 #一程,☀️优选,其它错误,,http://m.xgedaa.com#♤yc
♛-乐文小说① #一程,乐文,超时,,https://www.365xs.la#♤yc
♛笔趣阁m⑤⑦ md #关耳,"♛42,搜索目录失效,🍋🍋🍋🍋🍋🍋",连接失败,,https://m.ibiquge.net#md-guanner
♜ UC书库,"🍍🍍🍍🍍🍍🍍,♜230,搜索失效",超时,,http://m.ucshuku.com
♜ ✎笔趣阁⑯⑧ #破冰1101,"1,发现失效,5.26,搜索失效",超时,,https://www.biqudu.net/#pb1101
♜ 笔趣阁,,超时,,https://www.bequgew.com/#♤pb
♜+爱小说网 #破冰,⁴☃晨光雨露᭄精品源,超时,,https://www.ixs.cc/#♤pb
♜-4小说 #破冰,,其它错误,,http://www.xyusk.com/#♤pb
♜69书吧①,【小说 书源】,超时,,https://www.69book.net/
♜日照小说网① #破冰1101,"发现失效,﹅ ♜ 优质",超时,,http://www.rzlib.org/#pb1101
♜百合小说 #一程,⭐️小说,连接失败,,https://m.baihexs.com#yc1101
♜龙坛书网③ #破冰,,超时,,https://www.longtanshuw.cc/#♤pb
♨️ 网阅中文,【小说 书源】,超时,,https://api.dswang.org/##@遇知
♬ 听书网① #破冰,"有声,搜索失效",超时,,https://tingbook.cc#♤pb
⚡笔趣阁c30,"💥优质,言情",超时,,https://www.biqudu.net
✐ 52书库 ✐,"发现失效,2,5.24,搜索失效",有响应(拦截),429,https://www.52shuku.me
✐ 漫画星球 #Haxc1107,"漫画,发现失效,搜索失效",其它错误,,http://m.mhxqiu.com#Haxc1107
✐ 🔥亲亲漫画 #Haxc,漫画,其它错误,,http://api.acg.gd#♤Haxc
❄书趣阁,"发现失效,【🈵♥🈵💯】231123千组2,搜索失效",超时,,https://91.246.39.21/##@鱼
❤️色欲文🎃,轩1,超时,,https://m.seyuwen.com
⭐️乐文,3,超时,,http://m.lewenge.la
⭐️笔下文学,3,超时,,http://www.bixia88.org
【⚚⋆全小说】,⁵♡ོ晨光雨露✺普通源,可达,200,http://m.quanxiaoshuo.org/
㊕ 御书屋 #一程,"发现目录失效,﹅ ㊕ 特殊,搜索目录失效",可达,200,https://www.eyushuwu.com#♤yc
㊣ 前路小说 #一程1101,需要登录,超时,,https://www.qianluxiaoshuo.com#yc1101
一读小说,小说 书源,超时,,https://www.121du.net
七七读书,小说 书源,其它错误,,http://www.77dushu.com#guaner
七夕漫画,"漫画,发现失效,搜索失效",超时,,http://m.qiximh.com
万书屋网,小说 书源,超时,,http://wap.wanshuwu.com
三五中文,小说 书源,超时,,http://wap.xkushu.info
三五听书网,"﹅ 通用书源▪︎玄奇,搜索失效",连接失败,,https://ting35.com/#35听书
三六九文,①💯  典藏,有响应(拦截),429,https://www.369book.com#🎃
上玄幻阁,小说 书源,超时,,http://www.xuankuge.com/#pb1101
不文学网,小说 书源,超时,,https://www.800wx.net
久久小说,综合,超时,,http://www.5299txt.net
乐库小说网,💭💭💭💭💭💭,其它错误,,http://m.6lg.org/##🌐
乐文小说,小说 书源,超时,,http://www.wfqzbh.com
乐文小说,微筛选,超时,,https://www.365xs.la#一程
乐文小说⑦,0905校验,超时,,https://www.xlewen.org/
乐文小说（新）,💭💭💭💭💭💭,有响应(拦截),429,https://www.newpopo.com
乐文阁网,综合,超时,,http://www.lewenge.cc
九五书包,小说 书源,超时,,http://www.95shubao.net
九五书包,⭐️ 收藏,超时,,http://www.95shubao.la
九五小说,,其它错误,,http://www.xfjxs.com#♤yc
九五小说,"💭💭💭💭💭💭,搜索失效",超时,,http://m.95shubao.cc/
九五小说 #一程,-------,其它错误,,http://www.xfjxs.com#yc1101
九桃小说,小说 书源,超时,,http://11txs.com
书林文学,自写的,超时,,http://www.shu009.com
书林网(仅发现可用),"📚 出版,发现失效,搜索失效",超时,,http://www.mshu8.com
书趣中文,👍优质,超时,,https://www.shuquzw.com
书趣阁,"希弥,常用A",超时,,https://wap.shuquge.com
书趣阁①,"常用A,搜索失效",超时,,http://www.shuquge.com
书阁,综合,超时,,https://www.shugege.net/
云中书库,-------,超时,,http://www.yunxs.info#
云中书库,小说 书源,其它错误,,http://www.yunxs.com#一程
云中书库,小说 书源,其它错误,,http://m.yunxs.cc#🎃
云霄小说,小说 书源,其它错误,,http://www.yxgxs.org#🎃
云霄阁吧,小说 书源,超时,,https://www.yunxiaoge.net
五六书库,小说 书源,超时,,https://www.56shuku.la
亿软小说,小说 书源,超时,,http://www.yiruan.org
亿软小说,🏖️免费+,超时,,https://www.yiruan.la/
亿软网吧,小说 书源,超时,,https://www.yruan.com#🎃
优优,综合,超时,,https://m.yoyowx.com
侠客小说🎃#2,,超时,,https://www.tcknh.com#🎃
倚天中文,小说 书源,超时,,https://www.yitianzw.com
全本小说5200,,超时,,http://www.xs5200.com/
全本小说②,﹅ ♞ 普通,超时,,https://www.qb50.net/#pb1101
八一中文,综合,超时,,http://m.zwduxs.com
八一中文,小说 书源,超时,,http://www.blxs.la/
八一中文,小说 书源,其它错误,,http://www.zwduxs.com#🎃
八一中文② #一程,综合,其它错误,,http://www.zwduxs.com#♤yc
八三中文,小说 书源,可达,200,https://www.833zw.com
八月文学,🥇小黑网络素材,超时,,https://www.qixiashu.com#♤pb
六七书吧,小说 书源,超时,,http://www.67shu.org/
六月听书,-------,超时,,http://m.6yueting.com/#pb1025
冷冷文学,👍 备用,超时,,https://www.lengleng.cc/#去重复
前未漫画📱,"🎨漫画,🍙",超时,,https://m.qianwee.com
勤书网,,其它错误,,http://member.iqinshu.cn#🎃
包读书网,小说 书源,其它错误,,http://www.77dushu.com/#♤pb
千千小说（发现）,小说 书源,超时,,http://www.qqwmx.com/
华人论坛（须登陆）存档,免费,其它错误,,http://www.huarenv5.com##
南山书院,搜索失效,超时,,https://www.szyangxiao.com
博奥书屋,,超时,,http://www.boaoshuwu.com
去读读吧,小说 书源,超时,,https://www.qvdudu.com
句子迷,其他,超时,,https://www.juzimi.com.cn/
同人小说,小说 书源,其它错误,,http://www.trxs.me#HLB
同人小说（发现）,小说 书源,超时,,https://www.trxs123.com/
吧书荒慌,综合,超时,,http://m.shuhuanghuang.com
听书网吧,听书 书源,超时,,https://tingbook.cc
品小说网（发现）,小说 书源,超时,,http://www.1pxs.cc/#pb1101
唔中文网,小说 书源,其它错误,,http://www.25zw.net/#♤pb
啊中文网,小说 书源,超时,,http://www.25zw.net/#pb1101
嘛小说网,小说 书源,超时,,https://m.ok120.net#🎃
四零二零,综合,超时,,http://www.iwurexs.com
坏蛋小说网,综合,超时,,https://m.huaidanxs.com
夜伴书屋,小说 书源,超时,,https://www.ybsww.com
夜寒书库,小说 书源,超时,,https://www.yehanshu.com
大帝小说库,全部来自论坛,超时,,http://m.aikushuge.com
大笔趣阁,,超时,,https://m.dbiqu.com/
天域小说,综合,超时,,http://www.zmccx.com
天域小说,-------,超时,,https://www.tycqzw.la#
天域小说网,小说,超时,,http://m.tycqzw.net/##okou
天天m.tannc,,超时,,https://m.tannc.com
天籁小说,小说 书源,超时,,https://m.tianlaixsw.net/
天趣阁,"发现失效,⑦❄️  常用,搜索失效",超时,,http://tianleizhu.com/
太极小说（优+）,小说 书源,超时,,https://69shux.co/
奇书网71qs,"自制,女频,下载,源仓库,网页源",超时,,https://www.71qs.com
奇书网吧,小说 书源,超时,,https://www.75qs.com
奇漫屋,"源仓库,发现失效,整理校验,自制,漫画源,搜索失效",超时,,http://m.qmanwu2.com
女生文学,综合,超时,,http://www.wenxuem.com
好漫8[abyssesml],"🎨漫画,abysses",超时,,https://www.haoman8.com
妈妈小说momxs,❤小说,超时,,http://m.momxs.com
完美小说,综合,超时,,http://m.umiwx.net
宜春小说,小说 书源,超时,,http://www.yichun178.com
对小说网,小说 书源,超时,,http://76kanshu.com
小疙瘩 #一程,综合,超时,,http://m.xgedaa.com
小说下载,小说 书源,连接失败,,https://www.xiaxs.info
小说天堂,小说 书源,超时,,https://www.xstt5.com#♤yc
小说天堂 #一程1,"💭💭💭💭💭💭,搜索失效",超时,,https://www.xstt5.com#yc11
就爱文学,综合,超时,,http://www.92xs.info
就爱文学,小说 书源,其它错误,,http://m.92xs.la#🎃
就爱文学网,综合,超时,,https://www.92wx.la
山药小说网[zhan],🏖️免费+,连接失败,,https://www.zhanqunbao.cn/
平凡文学,小说 书源,其它错误,,http://m.pksge.com#🎃
应作如说,小说 书源,超时,,https://www.18xsorg.com
当书网书（导入）,小说 书源,超时,,https://www.89ks.com
得奇小说,,超时,,https://www.deqixs.com
得奇小说🎃,小说,超时,,https://www.deqixs.com#🎃
得间小说,小说 书源,可达,200,https://www.idejian.com#yc1101
御书网(求优化）,1.圣源,超时,,https://m.yushugu.cc/
必去书库,综合,超时,,http://wap.biqusk.la
必去小说,小说 书源,其它错误,,http://www.biquw.la#🎃
必读小说网,小说,超时,,http://wap.biquwenx.net
忽忽小说,api·凡,连接失败,,https://api.artcg.cn/
思路客吧,小说 书源,超时,,http://www.siluke.com/
恶补书库,小说 书源,超时,,http://m.77shuku.la
悠久小说,小说 书源,超时,,http://www.ujxs.com
悠久小说,"③🚫  禁验,⑤🛍︎  小说",其它错误,,http://m.ujxsw.net/##@鱼
悠久小说🎃#2,"常,校验超时",超时,,http://www.ujxsw.net
我爱电子书,免检,超时,,http://m.woaidu.cc/
手打吧,精品,可达,200,https://www.shouda88.com/
手机小说,小说 书源,其它错误,,http://www.xiaxs.la#🎃
指尖阅读,小说 书源,超时,,https://zjyd.danmofun.com
指尖阅读,小说 书源,超时,,https://zjyd.danmofun.com#yc1101
掌心文学,小说 书源,超时,,http://www.zhangxinwx.com
搜猫小说,小说 书源,超时,,http://soumal.com
摘书楼,,超时,,http://www.zhaishuyuan8.org
文啦小说,小说 书源,其它错误,,http://wap.qiliuwx.org#🎃
文墨中文,小说 书源,其它错误,,http://www.imaxreader.com#🎃
文学度网,综合,超时,,http://m.wenxuedu.net
文桑小说,小说 书源,其它错误,,http://www.wlwx.org#yc1101
斗破苍穹 doupocangqiong.cc,未测试,超时,,http://www.doupocangqiong.cc
新乐小说,小说 书源,超时,,https://m.lwtxt.net/#♤pb
新新漫画-com,🖼️漫画,超时,,https://m.77mh.com
新笔趣谷/香书小说,,超时,,https://wap.xbiqugu.info
新笔趣阁,网源备份,超时,,https://www.bq9.cc
新龙小说🎗🪜,特殊,超时,,https://mob.xinlong5.com
无名小说网,"☁️可用,⛩🎐senhora",超时,,https://m.wumtxt.com
无限小说网,,超时,,http://www.55xs.co
无限小说网⑨,,超时,,https://m.wenxuesk.com
旺仔小说网,女频,有响应(拦截),403,https://www.wzxmt.cc
易读,,超时,,https://yiduzkk.com#🎃
星星小说,小说,超时,,https://m.xingxingxsw.com
星空小说,综合,超时,,http://wap.aixs.info
星空小说,小说 书源,其它错误,,http://wap.aixswx.com#onede
晋南言情,女频,超时,,https://www.jinnanyq.com
最漫画,"11.6精选书源,🎨漫画,?漫画源",超时,,https://m.zuimh.com#♤yc
月色小说,小说 书源,有响应(拦截),429,https://www.yuesebook.com
望书阁网,综合,超时,,http://wap.wangshugu.net#
木叶小说,女频,超时,,https://m.muye.net
未来天王,,超时,,http://www.weilaitianwang.org
来读读破,小说 书源,超时,,https://www.laidudu.com/#♤pb
柚子小说（优）,小说 书源,连接失败,,https://m.888zjd.com
格格党吧,小说 书源,超时,,https://www.qiuju666.com#🎃
桃子小说,小说 书源,其它错误,,http://www.taozitxt.net/##喜静
梦玄幻阁,小说 书源,超时,,http://m.xuankuks.com
棉花糖小说,,超时,,http://www.mhtxs.info
棉花糖网（发现）,小说 书源,超时,,http://wap.mianhuatang.tw
歌书小说,综合,超时,,http://m.gashuw.com
武林中文（发现）,小说 书源,超时,,http://www.wlzw.net/
武道文学,小说 书源,其它错误,,http://www.umiwx.com#🎃
水电子书（优）,小说 书源,其它错误,,http://www.wrlwx.com#🎃
求小说网,-------,异常状态,522,https://www.qiuxiaoshuo.org/#pb
汉化吧🎃,,其它错误,,http://www.hanhuaba.com#🎃
深夜书屋,"2,发现正文失效,3,5.26,搜索正文失效",超时,,https://www.shenyebook.com/##🍀
渣渣小说,,异常状态,522,https://www.zztxt.net/#001
源社区出品-完美小说,发现规则为空,超时,,http://m.umixs.info
溜达小说,小说 书源,其它错误,,http://www.liudatxt.net/##@鱼
漫画1234📱,漫画🎟️,超时,,https://m.mh1234.com
灵域小说,-------,有响应(拦截),403,https://m.lingyutxt.net#响海
燃文小说,小说 书源,超时,,https://www.ranwen.la/#♤pb
燕,已检验,可达,200,http://m.shubaoju.cc
爱上听书,听书 书源,超时,,http://www.23ts.com/
爱书包网,综合,超时,,https://wap.ishubao.org/
爱听书网,念心 || 听书,可达,200,https://www.ting13.com/
爱奇文学（发现）,小说 书源,超时,,http://www.i7wx.net/
爱小说网,小说 书源,其它错误,,http://www.ixs5200.com#md-pb1101
爱尚小说,小说 书源,超时,,https://m.23hh.la
爱曲小说,综合,超时,,https://m.xbiqusa.com/
爱看小说,念心 || 小说,超时,,http://www.bqg.lol/
爱笔楼吧,小说 书源,超时,,https://www.ibiquge.info#🎃
猪猪书网,综合,超时,,http://www.zzs5.net
猪猪书网 #一程,综合,其它错误,,http://www.zzs5.com#♤yc
玄幻阁吧,小说 书源,其它错误,,http://www.xuankuge.com#♤yc
玄幻阁吧（优）,小说 书源,其它错误,,http://www.xuanyge.com/##@遇知
玄幻阁小说,收集出处：源论坛 4月29号,超时,,http://wap.xuanyge.org/
玄幻阁网,小说 书源,其它错误,,http://www.xuanyge.com#🎃
珊瑚书院,小说 书源,超时,,https://www.wo16.cn
电子小说(反发现),综合,超时,,https://www.dzxs8.com
番茄小说_By-[曦灵],💎曦灵,其它错误,,http://www.xfqxsw.com/  ##_By-[曦灵]
番茄小说（Xposed版）,"正版,番茄,搜索正文失效",超时,,http://106.55.56.77:2099
番茄接口（北京）,番茄小说,超时,,http://81.70.63.5:369/
百分影院（优）,影视 书源,超时,,http://www.biquys.com/
皮皮文学（发现）,小说 书源,超时,,https://www.ppzuowen.com
看书宅屋,🎉️精选,超时,,https://wap.kbookzw.com/
石头小说,,超时,,https://www.shitouxs.com
神书网吧,小说 书源,超时,,http://wap.shenshuwx.com
福书网,综合,超时,,http://www.fushu100.net
稻草书屋,小说 书源,超时,,https://www.dcrsu.com#
穿越小说,小说 书源,其它错误,,http://m.kk169.com/##@遇知
笔下文学hbxwx,❤小说,超时,,https://www.hbxwx.net
笔尖中文[自写],,超时,,http://www.xbiquzw.com/
笔趣中文,,超时,,http://www.ibiquzw.org
笔趣塔/炫书网,综合,超时,,http://m.ibiquta.org
笔趣库,笔趣阁,超时,,https://m.9biquge.com/
笔趣读吧,小说 书源,连接失败,,https://www.xxbiqudu.com#🎃
笔趣阁,,超时,,http://m.wujixsw.org/
笔趣阁,✔,超时,,http://m.bequgew.info/
笔趣阁,小说 书源,超时,,http://www.biquku.la
笔趣阁,小说 书源,连接失败,,https://www.biqueg.vip
笔趣阁,小说 书源,超时,,https://www.liquge.com
笔趣阁,小说 书源,超时,,https://m.bqgnn.com
笔趣阁,小说 书源,超时,,https://www.xbiquwx.la#♤yc
笔趣阁,小说 书源,超时,,http://www.bequ6.com
笔趣阁,小说 书源,超时,,https://m.bqgpp.com
笔趣阁,小说 书源,连接失败,,https://www.xxbiqudu.com
笔趣阁,小说 书源,超时,,https://www.xbiquge.la/#♤pb
笔趣阁,小说 书源,其它错误,,http://m.ibiquzw.info#🎃
笔趣阁,"🔍校验组0619,⌨ 自制,📙大众书",超时,,https://www.changshengrui.com
笔趣阁 biqudu.net,"𐄞📖 𐄚𐄙精品,笔趣阁",超时,,https://www.biqudu.net/#♤pb
笔趣阁1,源社区,超时,,https://www.mfxs0.cn
笔趣阁13,"③🚫  禁验,⑸🔰  优质",超时,,https://m.13bqg.com
笔趣阁191,小说 书源,超时,,https://www.bqg34.com
笔趣阁42,"源仓库,整理校验,自制,网页源",超时,,https://m.42bqg.cc
笔趣阁b14,⑷💝  精品,超时,,https://www.mayiwxw.com/#pb1101
笔趣阁photoskycn,"自制,源仓库,网页源",超时,,http://www.photoskycn.com
笔趣阁①🥈,"二等,js失效,失效",超时,,https://m.bqgnn.com##
笔趣阁⑦,"笔趣阁,需要登录",超时,,http://www.mcmssc.com/
笔趣阁▪︎API-3,已检验,连接失败,,https://www.biqugeapp.com/#pb1101
笔趣阁㉝,2023.11.07效验书源,连接失败,,https://www.biquge66.net
笔趣阁🎃#14,常规,其它错误,,http://www.bequgew.info#🎃
笔趣阁🎃#23,,其它错误,,http://www.xbiquta.com#🎃
第一小说,",★网站能用",超时,,https://m.01xs.com
第一版主6yy,涩文,超时,,https://www.6yydstxt226.com/
米妮小说网,全部来自论坛,超时,,https://www.minixiaoshuow.com/
精品,,异常状态,522,https://www.30314.cn
红本小说,"发现失效,新+,搜索失效",连接失败,,https://www.hbzxs.com
纯果网 源仓库静白校验搬运删掉,,有响应(拦截),429,http://www.fruitnovel.com
网阅中文（优）,-------,超时,,https://api.dswang.org
网阅小说,【小说2书源】,超时,,https://www.beiwobook.cc/
老鼠小说网,"全部来自论坛,搜索失效",超时,,https://www.lsxs.org
肉鸽小说,小说 书源,超时,,http://www.fqxs.cc/
胡楠小说,小说 书源,可达,200,http://www.hunandiaocha.com
腐书吧,"失效,网站失效",超时,,https://www.fushuba.net
艾克小说,﹅ ♛ 精品,其它错误,,http://www.ik555.net#yc1101
花糖小说,小说 书源,其它错误,,http://www.mhtwx.la#🎃
若初文学🎃#2,,超时,,https://m.ruochuwx.com#🎃
若雨中文,综合,超时,,http://www.3yt.com
葡挞小说,小说 书源,超时,,http://www.147xs.org/#pb
薯条小说,小说 书源,超时,,https://k.2kxs.org/
蚂蚁阅读,综合,超时,,http://wap.imayitxt.com#
蚂蚁阅读,小说 书源,其它错误,,http://www.imayitxt.com#yc1101
蚂蚁阅读,小说 书源,其它错误,,http://www.imayitxt.com#一程
蜜汁满满-奶小糖-御宅书屋官网_3wx9.com,👍 备用,超时,,https://www.3wx9.com/
要么小说,精品书源,超时,,https://m.ymtxt.cc/
说读书网,小说 书源,超时,,http://www.77dushu.com/#pb1101
读万卷书,20250428,超时,,http://www.duwanjuan.com
读书网包,小说 书源,其它错误,,http://www.77dushu.com#关耳
读趣,综合,超时,,https://www.duqu.la/
起点读书X-QD,正版系列专用,超时,,https://api-x.shrtxs.cn/qd/
起舞中文75zhongwen,综合,超时,,https://www.75zhongwen.com
轮回小说,小说 书源,超时,,https://m.9xs.info
轻之文库（优+）,小说 书源,可达,200,https://www.linovel.net#yc
轻之文库（发现）,小说 书源,可达,200,https://www.linovel.net#嘚嘚21.0201
迎书阁子,小说 书源,超时,,https://www.yingshuge.com/
追书网,已检验,超时,,http://www.vipzhuishu.com/
选书网吧（发现）,小说 书源,超时,,https://www.ixuanshu.org
酷漫屋,漫画 书源,超时,,http://www.kmwu6.com
酷看小说,"发现失效,搜索失效",有响应(拦截),429,http://www.kukaxx.com
醉读小说maxreader,❤小说,超时,,http://wap.maxreader.la
铁书网,"💭💭💭💭💭💭,搜索失效",超时,,https://m.tieshuw.com/##@鱼
铅笔小说.net(废弃),"日轻小说(2024-2-18)
GitHub@ZWolken",超时,,https://www.23qb.net
键盘小说,-------,超时,,https://www.janpn.net/
阁笔趣网,小说 书源,超时,,https://www.gebiqu.com
阅读库子（Tg:@sousuo234）,,超时,,http://www.yuedsk.com
零点看书,🎃常规,连接失败,,https://www.rhmm18.com/
零点看书jsshsc,,超时,,https://www.jsshsc.com/
零点看书（发现）,小说 书源,超时,,https://m.00ksw.com
零零小说,小说 书源,超时,,https://www.00shu.la#🎃
青豆小说,精选,异常状态,522,http://www.xinqingdou.cc
顶点小说,20250428,超时,,http://www.23uswx.org
顶点小说,小说 书源,超时,,https://www.xindingdianxsw.net
顶点小说,小说 书源,其它错误,,http://www.23uswx.org#🎃
顶点小说,已检验,超时,,https://www.23wx.cc/#pb1101
顶点小说ddxs.cc,,超时,,https://m.ddxs.cc
领域小说,,连接失败,,https://www.linuxgod.cn
风筝小说,水幽临渊0905,超时,,https://www.56fz.net/
香书小说,小说 书源,超时,,https://wap.ibiquges.com
鬼吹灯,,超时,,http://www.gdbzkz.com/#pb1101
鬼吹灯吧,综合,超时,,http://www.gdbzkz.com/
鬼吹灯吧,小说 书源,其它错误,,http://www.gdbzkz.com#🎃
鬼怪屋,"【❌❌】搜索失-效,发现失效,搜索失效",连接失败,,https://www.guiguaiwu.com##@遇知
鱼鱼小说,小说 书源,超时,,http://m.xiaoshuoge.org
鸟书小说①,"💭💭💭💭💭💭,搜索失效",超时,,https://www.99mk.net##尐哖
鸟书网,"精品,7月份,👍🏻",超时,,https://www.99mk.net/
麦读小说,"源仓库,游客自用,整理校验,自制,网页源",超时,,https://www.mymdu.com
黄易小说,小说 书源,其它错误,,http://www.xhytd.com/#♤pb
龙坛书网,小说 书源,超时,,https://www.longtansw.com/
龙塔小说,小说 书源,异常状态,503,http://www.longtanxs.cc
️玄幻阁子,小说 书源,超时,,http://wap.xuanyge.info#
？？待排版♜+采墨阁② md #破冰,"【❌❌】网站失-效,搜索失效",超时,,https://www.caimoge.net/#md-pb11
🌐69书吧◎辞晨◎,写源,超时,,https://69shux.co/#####
🌞晴天小说4.0,晴天融合小说,异常状态,522,https://api.qingtian618.com/#小说/
🌞晴天融合小说2.1(独立版),"优质登录源,晴天",其它错误,,http://api.qingtian618.cn:9999/#小说/
🌟 百合小说（最快带日期）,"发现失效,﹅ ♜ 优质,搜索失效",超时,,https://m.baihexs.com##
🌠17书屋,"🌠,网站失效",超时,,https://www.17suu.cc##@遇知
🌸 笔趣阁⑤④,🌸常用,超时,,http://www.42biquge.com
🍁 平板电子书,【小说1书源】,超时,,https://www.pbtxt8.com/##@遇知
🍁 第九中文,"【❌❌】搜索正文失-效,搜索失效",超时,,https://m.dijiuben.net/##@遇知
🍁笔趣阁②①,,超时,,https://www.bswtan.com/
🍁笔趣阁⑩①,²♨笔-趣-阁❆,超时,,https://www.biqugema.com/
🍁笔趣阁⑬①,,超时,,https://www.xxxbiquge.com/
🍁笔趣阁㉗①,,可达,200,http://www.quge66.com/
🍅番茄小说,𐄚📖 小说常用,超时,,http://fq.travacocro.com/##
🍊 西水冰霜,"测试组,测试1,神",超时,,https://www.xs84.me
🍎书趣阁,22,超时,,https://www.ishuquge.la##旅途
🍥同人小说,"发现失效,【❌❌】搜索正文失-效,搜索失效",异常状态,400,https://www.trxs.me##@尐哖
🍺 147小说网,🍺 特优,超时,,https://m.147xs.org/
🍺 三五中文网,🍺 特优,超时,,www.xkushu.info
🍺 悠久小说,🍺 特优,其它错误,,http://wap.ujxsw.org/##@鱼
🍺 笔趣阁⑫②,🍺特优,超时,,https://www.biquxs.la
🍺 读万卷,🍺 特优,超时,,http://wap.duwanjuan.info/##@Mengteen
🎃一曲书斋🎃,,连接失败,,https://m.xseeo.com
🎃玄幻阁,,其它错误,,http://www.xuankuge.com#🎃
🎉 txt小说,🎃常规,超时,,http://www.aixiatxt.com/
🎉 墨坛文学②,"💊无搜,🎉精品",有响应(拦截),403,http://www.22mt.co
🎉 小疙瘩,已校验929,超时,,https://m.xgedaa.com
🎉 新51看书,⁴☃晨光雨露᭄精品源,超时,,https://www.51nm.cc
🎉 最言情,🎉精品,超时,,https://www.zzzyq.net
🎉 热游文学,🎉精品,超时,,http://m.521g.net
🎉 燃文书库,🎉 精选,连接失败,,https://wap.778buy.com
🎉 爱看书吧③,⁶❀耽女︎ºั轻言,超时,,https://www.aikanshu.cc
🎉 笔趣阁,🎉 精选,超时,,https://m.bqg222.com
🎉 错衡文学网,"🔍校验组0218,⬇️ 下载",超时,,http://cuoheng.com
🎉一品中文①,,超时,,http://www.epzw.com/
🎉云山千叠①,,超时,,https://www.yunshanqiandie.com/
🎉品书居小说,,超时,,http://www.pinshusk.com/
🎉奇书网④①,,超时,,https://www.qishubook.com/
🎉幻月书院①,,有响应(拦截),429,http://m.huanyue1234.com/
🎉无限小说网,,超时,,http://www.wuxianxs.com/
🎉电子书,🎉 精选 🎉,超时,,https://m.txtbook.org/
🎉给力文学③,🎉 精选 🎉,超时,,http://www.wxg7.com/
🎉风雨小说④,³۝天域整理,超时,,http://www.fengyuxs.net/
🎋雨晴书屋🎋,已检验,可达,200,https://www.zhuyuqing.com/
🎨 13漫画网-M,🎨漫画,超时,,https://m.w13k.com
🎨 动漫之家,"【】⛺漫画,搜索目录失效,【❌❌】搜索目录失-效,发现目录失效",页面不存在,404,http://v3api.dmzj.com
🎨 好吧漫画,"⑹🎨  漫画,㊣🆖  ＡＰＩ",连接失败,,https://hao8.net
🎨 歪漫画,"🚬刘备,🎨漫画",可达,200,https://www.dsduy.xyz
🎨 看漫画啦📱,🎨漫画,有响应(拦截),429,https://kanmanhuala.com
🎨 香香腐宅,"🍊女频,🎨漫画,🚬刘备",超时,,https://boylov.xyz
🎨依依漫画-M,漫画,连接失败,,https://m.yiyimanhua.com
🎨必应漫画,公众号：优源汇,连接失败,,https://www.biyingmh.com
🎨追追漫画,🎨漫画,超时,,http://api.ilikemanga.com
🎴 369小说网,e,超时,,https://www.369book.com##旅途
🎼天天听书🎼,🎄🎄🎄🎄🎄🎄,超时,,https://tingbook.cc/
🐑七彩天山,"🐑 普通,✉️  网络文学",超时,,http://www.qicaitian.com
🐣书趣阁,-------,连接失败,,https://m.22shuqu.com/##ʕ ᵔᴥᵔ ʔ喜静
🐣阅读库,-------,其它错误,,http://www.yuedsk.com###ʕ ᵔᴥᵔ ʔ喜静
🐳千千静听,"🐳 有声 🐳,搜索失效,校验超时",超时,,http://www.qqjt5.com/
🐳风之涯,🐳 有声 🐳,超时,,http://www.fengzhiya.vip/
👌 乐文小说网,👌 常用,超时,,https://www.lewen0001.com
👍 八一中文,👍 优质,超时,,https://m.bayizww.com##尐哖
👍 小小阅读,Tg:@sousuo234,超时,,https://s.ibbxtx.com
👍 爱巴士,⁶❀耽女︎ºั轻言,超时,,https://www.18sbook.com#修复
👍 读万卷,C组,其它错误,,http://www.duwanjuan.com#一程
👍 龙坛书网,👍 优质,超时,,https://m.ltsw888.com
👔 UU看书,👔 绅士,超时,,https://www.uukanshu.com/
💊 乐文小说,💊无搜,连接失败,,https://s.lwlewen.net
💌第一版主,"发现目录失效,﹅ ㊕ 特殊,搜索目录失效",可达,200,https://www.xdybz.com
💠 乐库小说,💠 综合,超时,,http://m.6lk.info
💠 宝文书库,💠 综合,超时,,https://www.mybaowen.com
💠 红叶书斋,💠 综合,超时,,https://m.hongyeshuzhal.com
💦一小说网②,,可达,200,https://www.31xsw.net/
💦书海阁小说,,有响应(拦截),429,https://m.xinshuhaige.net/
💦搜小说③①,,超时,,https://m.soxscc.net/
💬名著阅读,"💬 名著,✉️  出版文学",超时,,https://book.kanguwen.com/
💯书趣阁①①,,超时,,https://www.shuquge.com/
💯搜小说⑥,💯 精品 💯,有响应(拦截),429,https://m.soxscc.cc/
💯看书助手,💯 精品 💯,超时,,http://180.76.103.51/
💯选书小说①,,超时,,https://www.xuanshu.com/
📃昼白读书,"📃轻の,🔮发现",超时,,https://m.zhoubaiwl.club
📃顶点小说①,,超时,,https://www.280xs.com/
📖 九四阅读,📖 小说,有响应(拦截),429,http://www.pfpsex.com/
📖 奇书网站,"发现失效,【🈵♥🈵💯】231123千组1,搜索失效",超时,,https://m.qishubook.com
📖 胖子小说,📖 小说,超时,,https://www.pzshen.com/
📖得奇小说,📚,超时,,https://www.deqixs.com/##@Mengteen
📖肉电子书,,其它错误,,http://www.rstxt.com/#🍖
📚 好书呀[仅发现],"📚出版,发现失效,搜索失效",超时,,https://www.haoshuya.com
📚 龙坛书网,📚 正版,连接失败,,https://www.longtanshuw.cc
📚书山融合2.1(完全版),,超时,,http://v1.shushan.xyz:39002
📜乐文书院,[1],连接失败,,https://m.lw328.com
📡 101鬼故事典藏网,"📡发现,💊无搜",超时,,https://marvel101.com
📦 乐库小说,📦 综合,超时,,http://m.6lk.net
📻 七四听书,"💠 综合,搜索失效",超时,,http://www.ting74.com/
📻 六月听书,"-------,0206⭐",超时,,http://www.6yueting.com
📻 海洋听书,📻 有声,超时,,http://www.ychy.cc
🔖笔下文学⑤,"🍍🍍🍍🍍🍍🍍,🔖177,搜索失效",超时,,www.bxwenku.com
🔥 256文学[分页丨下载],☣️精选senhora,超时,,https://www.256wenku.com
🔰 77书库,"4,。",超时,,http://m.77shuku.org
🔰 侠客小说,,超时,,https://m.xiakexsw.com
🔰 新书本网,"🔰 普通,测试组,测试",超时,,http://www.shuben.org
🔰 无极小说,【小说3书源】,超时,,http://wujixiaoshuo.com
🔰 狗狗搜书,【小说1书源】,异常状态,522,https://book.gouyg.com
🔰 读趣网站,🔰 普通,超时,,http://www.xduqu.com
🔰uu书库,🔰 一般 🔰,连接失败,,https://www.uusk.net/
🔰飞卢书屋②,🔰 一般 🔰,连接失败,,https://www.feilushuwu.com/
🚀 敌敌畏,🚀 VPN,超时,,http://ddwbook.com
🚬 7766小说网,"🙈🙈🙈🙈🙈🙈,🚬185,搜索失效",超时,,https://w.qiliuxs.com
🚬 爱巴士,"🚬刘备,🍊女频",超时,,https://www.18sbook.com
🚬 第二书包网,"🚬刘备,💊无搜",可达,200,http://m.shubao202.com
🥂  256文学,"发现失效,🥂 常用,搜索失效",超时,,https://www.256wenku.com#yc1101
🦇鬼怪屋,"【❌❌】搜索失-效,发现失效,搜索失效",连接失败,,https://www.guiguaiwu.com##
🧐搜小说♨️,"发现失效,搜索失效",有响应(拦截),429,http://m.soxscc.org/
🧐🐑无错下载♨️,"﹅ ㊦ 下载,发现失效,搜索失效",有响应(拦截),429,https://www.wucuo8.com
🪔️ 乐嘉小说,"【】👾笔趣阁,【❌❌】网站失-效,搜索失效",可达,200,https://www.lejiaxianda.com/##@遇知
🪔️ 超凡小说,"🪔️21,🍋🍋🍋🍋🍋🍋,搜索失效",连接失败,,https://www.pan8.net/##@遇知
22笔趣阁,常,连接失败,,https://m.22biqu.net
34中文网,"未分,搜索失效",连接失败,,https://www.zw34.net/#♤pb
53文学book53.com,已检验,连接失败,,https://www.book53.com
69书吧,API,连接失败,,https://api.69xinshu.com/
69书吧①,"精品,※破冰书源,69",连接失败,,https://www.69shu.top/
69完本,小说,连接失败,,https://69wb.net
83中文网🎃,常,连接失败,,https://www.83kk.net#🎃
9x阅读器/笔趣阁app[api],【小说1书源】,连接失败,,https://novelapi.qwezxc4.cn
BB书屋,⁴☃晨光雨露᭄精品源,连接失败,,https://www.xbbshuwu.com
E小说网🎃,,连接失败,,https://m.ecc6.com#🎃
NT动漫,,连接失败,,https://www.ntdm9.com/
bak♜+巴巴鱼 #破冰,"发现失效,﹅ ♜ 优质,搜索失效",连接失败,,https://www.babayu.com/#♤pb
owlook,"发现失效,🔍 搜索,搜索失效",连接失败,,https://www.owlook.com.cn
xo小说网,AAA已检测书源,连接失败,,https://xoxiaoshuo.com
★咸鱼716™★,"💨,发现失效,搜索失效",连接失败,,https://api.zhuishushenqi
☘️笔趣阁2☘️,,连接失败,,https://www.bqg99.org#响海
♜ 同人圈 #一程1101,"【❌❌】搜索失-效,发现失效,搜索失效",连接失败,,https://tongrenquan.org#yc1101
♜69中文,,连接失败,,https://www.zw69.com#♤yc
♜乐阅读 #一程 uubiqu.com跳转本站,"【🈵♥🈵💯】231123千组1,搜索失效",连接失败,,https://www.27k.net#♤yc
♜清泉文学 #pb,"发现失效,﹅ ♜ 优质,搜索失效",连接失败,,https://www.qingquan.ren/#♤pb
♜笔趣阁⑱③ #pb,"发现失效,【】👾笔趣阁,【❌❌】网站失-效,搜索失效",连接失败,,https://www.xbiqukan.com/#♤pb
♬ 中华听书 #破冰1025,听书,连接失败,,https://m.tingshucn.com#pb1025
⚡八零小说,"💥优质,言情",连接失败,,https://www.80wx.la
✐   82k小说,"☃ 自用,校验超时",连接失败,,https://m.82k.org
✐ 新新漫画₁-co #Haxc 移动不能看,漫画🎟️,连接失败,,https://www.77mh.co#Haxc1107
✨爱米推漫画,"☣️漫画lateral,🎨漫画",连接失败,,https://m.imitui.com/##尐哖
⭐arki,"【❌❌】网站失-效,搜索目录失效",连接失败,,https://www.arki-loop.com
⭐番茄小说(番茄Web共享API1),番茄小说,连接失败,,https://fqweb-temp1.99926.asia
【⚚⋆快书库】,⁵♡ོ晨光雨露✺普通源,连接失败,,http://m.kuaishuku.com/
一品侠小说,搜索失效,连接失败,,https://www.yipingxia.com/
三五中文网,全部来自论坛,连接失败,,https://m.guigushi2.com/
下书小说网,,连接失败,,https://www.frxsw.com
东方小说③,微筛选,连接失败,,https://www.lnwow.co/
中华典藏（优+）,小说 书源,连接失败,,https://www.zhonghuadiancang.com/
中间门小说,"测试组,@念丶无 残留,🏖️免费",连接失败,,https://m.mesdoor.com
久久小说网,免费,连接失败,,https://www.338i.com
乐阅读,综合,连接失败,,https://www.27k.net
九妖漫画👙,,连接失败,,https://cloudflare.fw-91mh-912023.xyz
书荒阁,甜蜜,连接失败,,https://api.shgxsapp.com
书香之家,API,连接失败,,https://s.lhdqsb.cn/
五零书院,小说 书源,连接失败,,https://m.250sy.net
兔九三吧,小说 书源,连接失败,,https://www.tu93.biz#🎃
全本5,2,连接失败,,https://h.qb5.tw/
八一,【🈵♥🈵💯】231123千组1,连接失败,,https://wap.zwwx.org/
八一中文网,,连接失败,,https://m.zwdu.com##1
六千中文网,"自制,源仓库,网页源",超时,,https://www.6000zw.com
刺猬喵nhimmeo,❤小说,连接失败,,https://zh.nhimmeo.cf##@尐哖
动漫之家,漫画 书源,连接失败,,https://api.dmzj.com#Haxc1107
去读读,,连接失败,,https://m.qudvdu.com
可乐漫画,𐄛🎨 漫画常用,连接失败,,https://www.colamh.com/
同人圈,全部来自论坛,连接失败,,https://www.tongrenquan.org/
同人圈🎃,同人,连接失败,,https://199.33.126.51#🎃
哎测动漫,影视 书源,连接失败,,https://www.agedm.org
土豆漫画网📱,漫画🎟️,连接失败,,https://m.xm124.com
大家读书,小说 书源,连接失败,,https://www.dajiadu8.com
大灰狼漫画,漫画,其它错误,,"https://api.doubi.tk
提示：点击登录切换服务器按钮可进行切换(当前书源为纯漫画)"
大美书网,3,连接失败,,https://www.dmshuwang.net
天天看书,"自制,发现失效,搜索失效",连接失败,,https://www.titishu.com
天涯在线书库🎃,,连接失败,,https://www.tianyabook.com##🎃
太极书网,小说 书源,连接失败,,https://www.69haoshu.net
奇漫屋网,漫画,连接失败,,https://m.qimanwu.org/
奥奥阅读,小说 书源,连接失败,,https://m.aaread.space
妙笔书阁,小说 书源,连接失败,,https://m.mbgbook.com
安小阅读,小说 书源,连接失败,,https://s.sg3r.cn
安趣阁子,小说 书源,连接失败,,https://m.actxt.net
小小追书,@jwk,连接失败,,https://xxzs.app
小说旗 m.xs7.com,校验,连接失败,,https://m.xs7.com
小说部落,api·凡,连接失败,,https://api.xiaoshuobuluo.cn/
就爱言情,小说 书源,连接失败,,https://m.92yanqing.net/#test
巴巴鱼,,连接失败,,https://m.babayu.tv/
巴巴鱼#一程,"发现失效,﹅ 通用书源▪︎玄奇,搜索失效",连接失败,,https://www.babayu.com#md-yc12
幻听网,有声,连接失败,,https://www.ting27.com
微风小说网微風小說網wfxs.com.tw（扶梯）,,连接失败,,https://www.wfxs.com.tw
我爱电影,影片资源,连接失败,,https://www.5imv.com
拷贝漫画📱🌐,"🎨漫画,🇯🇵【日漫】,JSON",连接失败,,https://copymanga.com/h5
指间小说,微筛选,连接失败,,https://xiaoshuo.360.cn
文学笔记,小说 书源,连接失败,,https://m.wxbj.org
新新漫画-cc,漫画🎟️,连接失败,,https://m.77mh.cc
新笔趣阁,"自制,源仓库,网页源",连接失败,,https://wap.xdianjiangxin.com/
无敌漫画📱,"发现失效,🖼️🖼️🖼️🖼️🖼️🖼️,搜索失效",连接失败,,https://mh.55dmh.com##旅途
无限小说,"等待修复,发现失效,搜索失效",连接失败,,https://www.55txt.co/##@鱼
旧时光文学,🎉 精品,连接失败,,https://m.oldtimeswx.cc
晚爱书吧,小说 书源,连接失败,,https://www.2shu8.cc/#♤pb
晨曦小说,念心 || 小说,连接失败,,https://m.chenxixsw.com#md-guaner2
月趣动漫,视频,连接失败,,https://www.qdm66.com
杰奇书屋,微筛选,连接失败,,https://www.jieqi.pw/#♤pb
柚子小说（发现）,小说 书源,连接失败,,https://www.basdacloud.com
格格党说,小说 书源,连接失败,,https://www.sn1618.com
欲望文,"🥵  特殊,🌁  我的",连接失败,,https://wap.yuwangwen.com
泼墨小说,⭐️ 收藏,连接失败,,https://m.pomoxs.com
清河文学,小说 书源,连接失败,,https://www.qhwxw.com
满孟小说（优）,-------,连接失败,,https://reader.manmeng168.com/##
漫漫睇,漫画🎟️,超时,,https://m.manmantai.com
漫画大全,漫画 书源,连接失败,,https://www.manhuadb.com#♤Haxc
漫画码📱,漫画🎟️,连接失败,,https://m.manhuama.cn
炎上书屋,,连接失败,,https://book.zri.moe/zhbyjm
熊猫小说🎃,,连接失败,,https://www.xiongmaoxy.com#🎃
爱中文网,"-------,0206⭐",连接失败,,https://www.83kk.net
爱阅读[登录更改发现样式],,连接失败,,https://84ui.top
爱青果🎃,,连接失败,,https://api-new.iqingguo.com#🎃
特·笔趣阁³¹,"笔趣,发现目录失效",连接失败,,https://m.biquge.su
狮子鱼中,小说 书源,连接失败,,https://k.369zw.info
番茄,"5,。,网站失效",连接失败,,https://fq.zyii.xyz:2662
番茄小说（严禁传播文件/直链）,番茄小说,连接失败,,https://fq.52dns.cc
番茄小说（优+）,"番茄小说,漫画",连接失败,,https://api.v2.sukimon.me:45554
番茄小说（优）,小说 书源,连接失败,,https://fq.kogr.cn
番薯小说,,连接失败,,https://ggs.manmeng.com
白灵小说网,"自制,源仓库,网页源",连接失败,,https://www.plmzw.com
看小说◎辞晨◎,涩文,连接失败,,https://m.senwen9.cc/
神仙书阁,小说 书源,连接失败,,https://m.shenxianfaka.top/
笔下文学,qc自用,连接失败,,https://www.bjpos.net
笔仙阁小说网8(电脑版),-------,连接失败,,https://www.bxge8.com
笔趣阁,,连接失败,,https://m.biqugl.com
笔趣阁,小说 书源,连接失败,,https://m.bqgie.com
笔趣阁,小说 书源,连接失败,,https://m.p2wt.com
笔趣阁,小说 书源,连接失败,,https://m.biqu789.net
笔趣阁#Api,微筛选,连接失败,,https://api.pigqq.com/
笔趣阁.pysmei,[9.1双网校对],连接失败,,https://infosxs.pysmei.com/##尐哖
笔趣阁116,"自制,源仓库,网页源",连接失败,,https://m.bqg116.com
笔趣阁2,"💭💭💭💭💭💭,发现正文失效,搜索失效",连接失败,,https://m.bqg789.co//#@遇知@尐年
笔趣阁50（发现）,小说 书源,连接失败,,https://www.bqg789.com/
笔趣阁789🔸🖥,"【】👾笔趣阁,【❌❌】搜索失-效,搜索失效",连接失败,,https://m.bqg789.co/#@遇知
笔趣阁9x🎃,同人,连接失败,,https://novelapi.kpkpo.com/h5#🎃
笔趣阁[xbiqukan],"⛱️免费,发现失效,搜索失效",连接失败,,https://www.xbiqukan.com/
笔趣阁biqu05,笔趣阁模板源头,连接失败,,https://m.biqu05.cc
笔趣阁p,"自制,特殊,源仓库,网页源",连接失败,,https://m.biqugp.com/
笔趣阁⑫,"待删,希弥,优质,网站失效",连接失败,,https://www.xbiqugexx.com/
笔阅读器,收集出处：源论坛 4月29号,连接失败,,https://novelapi.xayao4.com
第三中文网,1,连接失败,,https://www.d3shu.com
米趣小说,api·凡,连接失败,,https://api.miquxiaoshuoapp.com/
精华书阁,,连接失败,,https://www.xbyuan.com/
索兰阅文,小说 书源,其它错误,,http://www.88xiaoshuo.com/#♤pb
紫气阁子,小说 书源,连接失败,,https://m.ziqige.cc
统御文学,小说 书源,连接失败,,https://wufangdao.com/
肉体中文网🎃,,连接失败,,https://www.rtzw.co
艾格动漫（优）,影视 书源,连接失败,,https://m.agedm.org/
花生小说,,连接失败,,https://api.wanx.com
菠萝小说网,,连接失败,,https://www.boluobook.com
藏经阁吧,小说 书源,连接失败,,https://www.3e3m.com/
蚂蚁阅读（发现）,小说 书源,连接失败,,https://m.mayics.com
蛋文库🎃,,连接失败,,https://danwenku.com#🎃
言情书网 m.yqshuwang.com,未测试,连接失败,,https://m.yqshuwang.com
言耽社,"自制,源仓库,漫画源",连接失败,,https://yandanshe.com/
贰笔趣阁,"e,搜索失效",连接失败,,https://m.2biqu.com
轩宇阅读,小说 书源,连接失败,,https://wwww.xyyuedu.com
追书大师v4,综合,连接失败,,https://s.pjxhmy.com##v4版@尐哖@landseer
醋溜儿文学[cl],🏔️免费-,连接失败,,https://www.cl5200.com/
长河阅读changheapi,❤小说,连接失败,,https://changheapi.chzww.cn
阿酷小说,人机验证-全站,连接失败,,https://www.owlook.top
零度书域🎃,,连接失败,,https://www.zerobook.me#🎃
青紫蝉,,连接失败,,https://www.qingzichan8.com
顶点小说,-------,连接失败,,https://m.23ddw.net
顶点小说,小说 书源,连接失败,,https://m.23ddw.cc
顶级看书网,"网络,自制",连接失败,,https://www.djks5.com
风宿,免费,连接失败,,https://www.fssom.com
飞悦凡文网,🎃 通用,连接失败,,https://www.feiyuefw.net#
馨雨听书,听书 书源,连接失败,,https://xytingshu.com/
高清影院(搜索+发现),影视,连接失败,,https://www.7hsc.net
️超凡小说,小说 书源,连接失败,,https://wap.pan8.info#🎃
🌐 69书吧,起点,连接失败,,https://69shuba.czyl.cf
🌟 猫眼看书②,免费,其它错误,,👁 猫眼看书
🌠 土豪漫画,"[1],[漫画]",连接失败,,https://www.tuhao456.com
🌠旧时光,【小说1书源】,连接失败,,https://m.oldtimeswx.cc##@遇知
🌵动漫之家🌵,"影视,发现目录失效,搜索目录失效",连接失败,,https://m.dmzj.com/
🌸桂花小说网,🌸  常用,连接失败,,https://www.ghtxt.com
🌾色彩夏书,备用书源,连接失败,,https://souxs.pigqq.com##目录分卷
🍁 天籁小说,遇知,连接失败,,https://m.23sk.net/##@遇知
🍁 笔趣阁789 由静白校验，如果搬运其他渠道可自行去除防伪,"🍍🍍🍍🍍🍍🍍,发现正文失效,🍁 136,搜索失效",连接失败,,https://m.biqu789.net/##@
🍁笔趣阁㉒①,,连接失败,,https://www.51bequge.com/
🍁笔趣阁㊼①,,连接失败,,https://www.biquyue.com/
🍅大灰狼听书4.0(独立版),大灰狼聚合,连接失败,,https://api.langge.cf/#听书/
🍅大灰狼小说4.0(兼容版)千阅，读不舍手，源阅读,,连接失败,,https://api.langge.cf#小说
🍅大灰狼短剧4.0(独立版),大灰狼聚合,连接失败,,https://api.langge.cf/#短剧/
🍅大灰狼融合2.1(完全版),"优质登录源,大灰狼",连接失败,,https://20.langge.tk
🍅大灰狼融合听书2.1(独立版),大灰狼,连接失败,,https://20.langge.tk/#听书
🍅番茄小说,"🍿 日常,js失效",连接失败,,https://fqnovel.com/
🍎蚂蚁小说,22,连接失败,,https://wap.tqcyjy.com
🍩文学之门[自写/码],,连接失败,,https://www.wxzhimen.com/
🍺 爱看书吧,🍺特优,超时,,https://m.aikanshu.cc
🍺 笔趣阁❿❽,2,连接失败,,https://wap.quge6.com
🎈52书库②,④🎈  普通,连接失败,,https://www.52shukuw.com
🎉 久久小说,🎉 精选,连接失败,,https://www.txt909.com
🎉 书趣阁,🎉 精选,连接失败,,https://m.22shuquge.com/
🎉 十里蓝山,"💊无搜,🎉精品",连接失败,,https://www.e360xs.com
🎉 宜阅小说,🎉精品,连接失败,,https://api.cnkingjoys.cn
🎉 新兰文网[高禁搜],"🎉 精选,搜索失效",连接失败,,https://www.xinlanwen.com
🎉 笔趣阁源,🎉 精选,连接失败,,https://scxs.pysmei.com
🎉 黑洞小说,⁴☃晨光雨露᭄精品源,连接失败,,https://m.6bei.top
🎉博看小说①,🎉 精选 🎉,连接失败,,https://www.bkxsw.net/
🎉无限小说网④,"测试组,测试1,神",连接失败,,https://www.61ww.net
🎉选书网②①,,连接失败,,https://www.xuanshu6.com/
🎋嘀嗒小说🎋,,超时,,https://www.dididia.com/
🎐花火文学,🎐轻の,连接失败,,https://m.huahuo6.com##@尐哖
🎨 动漫之家,漫画,连接失败,,https://m.dmzj.com
🎨 日韩漫画,🎨 漫画,连接失败,,https://m.rihanmh.cc
🎨 欢乐漫画网,🎨漫画,连接失败,,https://m.0a1t.com
🎨 漫蛙{来个大佬修改正文},"🎨漫画,🚬刘备",连接失败,,https://manwa.vip
🎨 爱米推漫画📱 #Haxc1107,漫画,连接失败,,https://m.imitui.com#Haxc1107
🎨 风旷桐冬,"🎨漫画,🍊女频",连接失败,,https://m.fktd.com
🎨来漫画,🎨漫画,连接失败,,https://m.laimanhua8.com
🎨鸟鸟韩漫💞,"🔭 其他,🎊 常用,🎨 漫画",连接失败,,https://nnhmfb.xyz
🏖️趣书网543,📥下载,连接失败,,https://www.543xs.com
🐋UU看书🐋,小说,连接失败,,https://www.uuks5.com
🐚笔趣阁,"笔趣,有声,搜索失效",连接失败,,https://scxs.pigqq.com/
👍 去读读,👍 优质,连接失败,,https://www.qududu.org
👍 爱爱中文,👍 优质,连接失败,,https://www.aiazw.com
👑 笔趣阁,"。,3",连接失败,,https://m.bqg234.com
💊 69书吧,💊无搜,连接失败,,https://m.69shuba.cc
💊 蜡笔小说,💊无搜,连接失败,,https://www.labi123.com
💠 果冻小说,💠 综合,连接失败,,https://m.guodongxsw.com
💦中文文学网,,连接失败,,https://www.zwwx.com/
💦六九中文①,,连接失败,,https://www.zw69.com/
💦爱看小说②,,连接失败,,https://www.aaksw.com/
💯九桃小说③,💯 精品 💯,连接失败,,https://www.9txs.tw/
💯断青丝小说,,超时,,https://www.duanqingsi.com/
💵 泡泡看书,"💵正版,🍊女频,🚬刘备",连接失败,,https://www.paopaokanshu.com
📃伤城中文,,连接失败,,https://www.sczprc.com
📃笔下文学①,"发现失效,[小说源],搜索失效",连接失败,,https://www.scjld.net/
📓值得阅读,📓精选,连接失败,,https://s.pjxhmy.com
📖 天天中文,📖 小说,连接失败,,https://www.ttzw.com/
📖 新笔趣阁,📖 小说,连接失败,,https://gfnormal05at.com/
📖 笔趣阁网,📖 小说,连接失败,,https://www.xxxbiquge.org/
📖米趣小说,已检,连接失败,,https://api.miquxiaoshuoapp.com#md-yc128
📚 言情小筑,"📚 正版（Tg敏感资源库
https://t.me/+Gk4E1u5cvaxhYTY1）",连接失败,,https://www.yqxz.org
📚书山融合3.0(完全版),"书山小说会员专属请勿传播,番茄小说,七猫小说,塔读小说,得间小说,起点小说",连接失败,,https://ga.shusan.xyz
📡 有兔阅读,"📡发现,🌸常用",连接失败,,https://app1.youzibank.com
📻 起点听书,📻 有声,连接失败,,https://www.qidian.in
🔖笔趣阁b51,"笔趣阁,🍁 笔趣 🍁,言情,💦精品",连接失败,,https://www.1biquge.net
🔥番茄小说🔥(番茄Web共享API),🔥话本🔥,连接失败,,https://temp3.4626.us.kg
🔰 写意小说,🔰 普通,连接失败,,https://m.xieyixs.com
🔰 爱悦读网,🔰 普通,连接失败,,https://www.iyd.wang
🔰 落秋中文网,,连接失败,,https://h.lqbook.com
🔰九库小说,🔰 一般 🔰,连接失败,,https://www.jiukuxs.com/
🔰天方小说,🔰 一般 🔰,连接失败,,https://www.tianfangxs.com/
🗒 来漫画网,🗒 漫画,连接失败,,https://m.laimanhua.net
🗒 趣话漫画,漫画,连接失败,,https://api.iqhmh.com
🚀 五二书屋,🚀 VPN,连接失败,,https://www.52shuwu.com
🚬 杏吧资源,"🚬刘备,🔖其他",连接失败,,https://sex8.ga
🚬 笔趣阁popo,"🚬刘备,🚀VPN",连接失败,,https://m.xp578.com
🚬 肉书屋,🚬 特殊,连接失败,,https://m.xitong89.com
🧐三五小说♨️,"发现失效,搜索失效",连接失败,,https://www.txt35.com
🧐随梦中文♨️,﹅ ♝ 优良,连接失败,,https://www.suimengzw.com/
🪔️ 书趣阁,"【❌❌】搜索失-效,发现失效,搜索失效",连接失败,,https://www.sutxt.com/##@遇知
🪔️ 泰鼎阁,微筛选,连接失败,,https://wap.tydige.com/##@遇知
34中文①,"未分,搜索失效",其它错误,,https://www.zw34.net已校验
Jk小说,,其它错误,,小说
bilibili专栏[切换专用分组搜索],"bilibili专栏,日轻小说(2024-12-13)
GitHub@ZWolken",其它错误,,专栏
ä¹¦å,ð åæº,其它错误,,https://www.yousuu.com/ââ
è½ç¾æ,â¯à¼èç½é­äººâª,其它错误,,https://bl-novel.inã
♜ 33言情 #一程1101,已检验,其它错误,,https://www.33yq.org#yc1101
♞20小说 #破冰,"﹅ ♞ 普通,发现失效,搜索失效",其它错误,,https://www.20xs.org/#♤pb
♠ 起点中文网♀,,其它错误,,https://www.qidian.com.♀
一读,"【❌❌】网站失-效,搜索目录失效",其它错误,,一读小说
万象书城,,其它错误,,https://www.wxscs.com细雨尘寰
三月天🎃,,其它错误,,https://m.3yt.org#🎃
不爱小说,💠精选,其它错误,,https://m.20xs.org
书单,🎉 十源,其它错误,,https://www.yousuu.com/❀❀
书香云集💯,💵正版,其它错误,,http://www.sxyj.net，
五五小说,,其它错误,,https://www.changduzw.com未月十八改
元尊小说网②,"💭💭💭💭💭💭,搜索失效",其它错误,,https://www.yuanzun888.com②
全本小说,"1,5.26",其它错误,,❀.qb5#未月十八净化#wy18-1001
八一中文,-------,其它错误,,https://www.zwduxs.com已整理
八极漫画（魔法）,漫画 书源,其它错误,,http://www.8jj.com已整理
博仕书屋,,其它错误,,https://m.boshisw.com/
哔哩轻,源社区,其它错误,,哔哩轻
啊小说网,,其它错误,,https://www.xs.org@曦灵
天悦小说,免费,其它错误,,https://www.xtyxsw.org
夸克搜书,"【❌❌】搜索失-效,发现目录失效,搜索失效",其它错误,,✦ 夸克搜书
婷阅中文,,其它错误,,https://www.tyue.me-目录修复
宝来小说🎃#2,,可达,200,https://www.baolaishiye.com#🎃
必应搜书,小说 书源,其它错误,,必应搜书
恶魔书屋,女频,其它错误,,https://m.emoshuwu.com/
掌阅小说💯,💰正版💰,其它错误,,http://m.zhangyue.com。
搜狗搜书,-通用,其它错误,,搜狗搜书
桑舞网,"【❌❌】网站失-效,搜索失效",其它错误,,https://www.sangwu.org#南笙21.0101
治能寄算器,特殊 书源,其它错误,,https://你觉得还有网址?
渣渣小说,综合,其它错误,,https://www.zztxt.net已整理
漫画铺,漫画,超时,,https://mip.manhuapu.com
炫书网吧,,其它错误,,http://www.ixuanquge.com未月十八repair
爪机书屋🎃,,其它错误,,https://www.zjsw.org#🎃
爱看书吧,,其它错误,,https://cxb-pro.cread.com芜恙
爱读书吧,,其它错误,,https://www.aidushu8.com/
瓜机书屋,平台,其它错误,,https://m.zjsw.org/##@曦灵
番茄小说4#,"菠萝包刺猬猫番茄,搜索失效",其它错误,,https://www.fq44.cc/锋
秋田书屋,,其它错误,,https://m.qiutiandog.com/##@鱼
笔下文学🎃#5,222最新校验成功,可达,200,https://www.17bxwx.com#🎃
笔趣阁,,其它错误,,http://www.zzrx.net
笔趣阁,小说 书源,其它错误,,https://www.ibiquge.net已整理
笔趣阁🎃#29,,连接失败,,https://www.tkxyk.com#🎃
红甘泉网,"﹅ 通用书源▪︎玄奇,搜索失效",其它错误,,红甘泉 - 搜狗引擎#kd11
虫虫书屋🎃,,其它错误,,http://www.0794r.com#🎃
蜜蜂小说网,,其它错误,,http://www.mifengxs.com已整理
言情小说,小说 书源,其它错误,,http://m.yqxxs.com已整理
话本小说🎃,,其它错误,,https://so.ihuaben.com/search?keyword=我是#🎃
豆瓣小组,,其它错误,,豆瓣小组
贼吧网吧（下载）,,其它错误,,https://www.zei.me已校验
起点 ♂,🏵️  小说,其它错误,,❀.qidian.♂
躺着看[繁转简],小说 书源,其它错误,,https://tangzhekan8.cc
轻之文库,小说 书源,其它错误,,http://www.linovel.net已校验
连尚读书,🍜其他,其它错误,,http://www.lsds.cn已整理
阿吧漫画,漫画,其它错误,,阿吧漫画
随心看吧,,其它错误,,https://m.suixkan.com♤guaner
飛天小說,综合,其它错误,,飛龍在天
️顶点小说️,,其它错误,,https://wap.maxreader.la/响海
🌸 五八小说,🌸 女频,其它错误,,❀.58xs
🌸晋江文学③,,其它错误,,http://android.jjwxc.net，，
🍅番茄听书🍅,龙珠源,其它错误,,"番茄听书在线听
源更新地址
http://novelsdk.hhlqilongzhu.cn//shuyuan/fanqietingshu.json"
🍩全网音乐搜索,,其它错误,,全网音乐搜索@xsw8093
🍺 全本小说网 quanbenxiaoshuo.com,🍺 特优,其它错误,,全本小说网
🎃文坊阁🎃,,其它错误,,https://wfg.la#🎃
🎉 ztv,🏵️  小说,其它错误,,❀.ztv
🎉 燃文小说,"﹅ ♛ 精品,搜索失效",其它错误,,http://m.ranwen.me！
🎉 笔趣阁⑦②,"发现失效,1235467987,搜索失效",其它错误,,https://www.bqg6.com已整理
🎉我爱读小说,,其它错误,,https://www.52du.net/
🎨 X漫画¹-M,"🎨 B漫画,0-🏜️ 图片",其它错误,,http://www.xmanhua.com已整理
🎨 绅士漫画,🎨 漫画,其它错误,,绅士漫画
🎨奇客漫,🎨 漫画,可达,200,https://www.qikeman.com
🎨神漫画,漫画 书源,其它错误,,https://m.taomanhua.com已整理
💡 晋江标签,"¹▽置顶`ȏ´正版发现,⁶❀耽女︎ºั轻言",其它错误,,强迫症专用，记得看注释（搜索）
💰 晋江,111最新校验成功,其它错误,,https://m.jjwxc.net/♂♂
💰十七开网💯,💰正版💰,其它错误,,http://api.17k.com，，
💰晋江文学①,9月,其它错误,,http://android.jjwxc.net♦
💵 晋江[推书],"¹▽置顶`ȏ´正版发现,⁶❀耽女︎ºั轻言",其它错误,,https://m.jjwxc.net/推书
💵 晋江[百合标签],💵正版,其它错误,,https://m.jjwxc.net/百合标签
💵 纵横中文,¹▽置顶`ȏ´正版发现,其它错误,,https://search.zongheng.com/纵横
💵 起点排行,"﹅ ㊣ 正版,发现失效,搜索失效",其它错误,,https://www.qidian.com/排行
💵 起点男榜,💵正版,其它错误,,https://www.qidian.com/♂榜
📖 宜小说网,"﹅ ♞ 普通,搜索失效",其它错误,,https://www.iove.net/
📚 99藏书,"发现失效,【❌❌】搜索正文失-效,搜索失效",其它错误,,https://99csw.com已整理
🔆笔下文学⭐,,可达,200,https://www.bxwx.co/##aaaa
🔰 三百中文,🔰 普通,其它错误,,https://wap.haokanma.cc
🔰晋江,【❌❌】网站失-效,其它错误,,https://m.jjwxc.net/♂♀#乃星
🚀 谷歌搜书,🚀 VPN,其它错误,,谷歌全网搜书
116文学,,异常状态,521,https://www.23meigui.com/
13.新笔趣阁,c,异常状态,503,http://www.xinbqg.com-3
177漫画2🌐,✨漫画,异常状态,503,http://www.177pic.pw
258漫画网📱⛅,漫画,异常状态,503,http://m.bjeea.net
366小说网(快),神段【大乘级】（小说源）,异常状态,503,http://www.366xsw.net
38看书,A类,异常状态,503,http://m.38kanshu.com
52书库1,,异常状态,500,https://www.52shukuw.cc
71漫画,漫画,异常状态,503,http://www.71pn.com
91文学网🈲🔍,🈲7/14,异常状态,503,http://m2yearesci.www.91wwxx.cyou/
9库漫画,漫画,异常状态,503,http://www.9kum.com
CC漫画8,漫画,异常状态,503,http://www.ccdm8.com
LRY漫画🅰,🅰【json】,异常状态,503,http://api.pingcc.cn/?mhname=
YYLS漫画,7.8修正文; 失效,异常状态,503,http://8comic.se
ZERO搬运网,💰【付费不能看】,异常状态,503,http://www.zerobywps8.com
ZERO搬运网,】,异常状态,503,http://www.zerobywzio.com
ZERO搬运网,"】,发现失效,搜索失效",异常状态,503,http://www.zerobywps5.com
ZERO搬运网💰,,异常状态,503,http://www.zerobywswit.com
md♛+NB'中文网✘ #破冰,已检验,异常状态,503,http://www.nbw.la/#pb1101
ʚɞ 开阅小说 ʚɞ,ฅ  发现,异常状态,503,http://new.kyxsapp.com
♛无锡图书馆API #关耳,"♛42,🍋🍋🍋🍋🍋🍋,搜索目录失效",其它错误,,http://es.bookan.com.cn1#♤guaner
♜ ✎笔趣阁⑫④ #破冰 m列表,"笔趣,发现失效,﹅ ♜ 优质,搜索失效",其它错误,,http://www.biqu321.com/#♤pb
♜+5200小说网① #破冰,"﹅ ♜ 优质,搜索失效",异常状态,521,http://www.xiaoshuo.cc/#pb1101
♜+八一中文② #破冰1101,"﹅ ♜ 优质,搜索失效",异常状态,521,https://www.81zw.net/#pb1101
♜-笔趣ABC w #破冰 m列表,"发现失效,﹅ ♜ 优质,搜索失效",其它错误,,http://www.biquabc.com/#♤pb
♜✎笔趣阁⑭②,"笔趣,发现失效,﹅ ♜ 优质,搜索失效",其它错误,,http://www.xibige.com/#♤pb
♜天翼小说网 #破冰1101,"【❌❌】搜索失-效,搜索失效",异常状态,503,http://www.tyxsw.cc/#pb1101
♜给力文学④,"发现失效,﹅ ♜ 优质,搜索失效",异常状态,503,http://www.glwx.net/#pb1101
♞医雲中文 #破冰1101,"﹅ ♞ 普通,发现失效,搜索失效",异常状态,503,http://www.yiyunzw.com/#pb1101
♬ 小米听书 #破冰1025,听书,异常状态,530,https://mitingshu.com/#pb1025
✐  新吾爱网,☃ 自用,异常状态,503,http://wap.555b.org/
✨顶点小说,【小说1书源】,其它错误,,http://www.456.lol##@尐哖
㊝ NB中文网 ♜♜,⁴☃晨光雨露᭄精品源,异常状态,503,http://www.nbw.la/#1
㊣汤圆创作 #破冰1101,"﹅ ㊣ 正版,发现失效,搜索失效",异常状态,503,http://www.itangyuan.com/#pb1101
三好小说🙈#南笙21.0101,"发现失效,搜索失效",其它错误,,http://m.sanhao1.com#南笙21.0101
不可能的世界M🎃,⑤🛍︎  小说,其它错误,,http://m.8kana.com#🎃
乐文小说⑭,⁴☃晨光雨露᭄精品源,异常状态,521,http://www.lewen3.com
书旗小说网🎃,轩1,其它错误,,http://www.shuqi.cc#🎃
书朋网,,异常状态,530,https://m.txtle.com.
书趣阁,,异常状态,503,http://www.shqgxs.cn
云漫画线路2📱💡,💡【提示】,异常状态,503,http://yunmanhua2.yueriji.com
亲亲漫画,漫画,异常状态,503,http://api.acg.dg
优书,"💭💭💭💭💭💭,搜索失效",异常状态,503,http://www.yousuu.com:80
你的笔趣阁,"全部来自论坛,搜索失效",异常状态,500,https://yourbiquge.com/
僵尸王漫画,漫画,异常状态,503,http://www.jsw8.net
兔兔府,,异常状态,503,http://www.tutufu.com
全本小说网 qbxsw.com,校验,可达,200,https://www.qbxsw.com
八一小说,-------,其它错误,,http://www.zwduxs.com#grid tr!0已整理
冉冉散热,自查,异常状态,503,http://m.rr3r.com
十三妹,"影视,发现失效,搜索失效",异常状态,503,http://www.13mei5.buzz:8080/
去读读小说网🎃,,其它错误,,http://www.qududu.com#🎃
古典文学网,³۝天域整理,异常状态,503,http://www.cngdwx.com
听书阁,阅读3.0有声源; 发现,异常状态,503,http://www.itingshuge.com/
咔米漫画,,异常状态,503,http://dm0115.zishupai.cn
哦漫画,,异常状态,503,http://www.omanhua.cc
国漫acgg₂🅰,,异常状态,503,http://api.comicq.oacg.cn
多书包网,天域战歌,异常状态,503,http://www.duoshubaowang.com
夜天连看（优）,小说 书源,可达,200,http://www.yetianlian.com
天域小说,小说 书源,超时,,http://www.tycqzw.net
天天中文网③,"【❌❌】搜索失-效,搜索失效",其它错误,,http://www.ttzw.com#wy18-1001
天籁小说🎃,,其它错误,,http://wap.hsjsby.com#🎃
奇快中文,小说 书源,异常状态,530,http://www.qikuaizw.com
妙笔文学,【小说1书源】,异常状态,503,http://m.birrnet.com
安之原创,-------,异常状态,503,http://www.azycjd.com-3
安之原创,-------,异常状态,503,http://www.azycjd.com-7
小强小说网,发现; 搜索; 18X,异常状态,503,http://m.123xiaoqiang.in
小说呀丫🎃,,其它错误,,http://www.xshuyaya.cc#🎃
小说线路,小说 书源,异常状态,525,https://www.12xs.com/##线路1
小说线路,小说 书源,异常状态,525,https://www.12xs.com/##线路4
山很文学◎GEd520◎,写源,异常状态,503,http://www.shaihengce.com/
布咕阅读,,其它错误,,http://www.bgwxc.com##
幅书吧,"❀耽女︎ºั轻言,发现失效,如月流光,搜索失效",异常状态,503,http://www.fushubbw.com
微博动漫💰,,异常状态,503,http://apiwap.vcomic.com
悅書閣🎃,小说,其它错误,,http://tenaciouskny.net#🎃
憨憨的漫画-M,漫画,异常状态,503,http://m.hanhande.net
我乐书城,小说,异常状态,503,http://www.koushuishu.me
拂袖渊呀,小说 书源,其它错误,,http://open.zzzapp.cn#♤yuan
拍别小说,小说 书源,异常状态,503,http://www.acgzc.com-6
搜书小说（优）,小说 书源,异常状态,521,http://www.soshu8.com
文本豪居网,,异常状态,503,http://www.qingaiw.com
新墨坛文学🎃,,其它错误,,http://www.motanwx.com#🎃
新笔趣阁,🎃常规,异常状态,503,http://www.xbiquge.laa
新随梦小说网~xsuimeng.com,"发现,发现失效,搜索失效",异常状态,503,http://xsuimeng.com
无忧小说（优）,小说 书源,异常状态,503,http://www.5ubook.net/
无限电子书🎃,小说,异常状态,301,https://www.wxdzs.net#🎃
易读网,神段【大乘级】（小说源）,异常状态,503,http://www.yidudu1.net
有兔 APP #渊呀,"发现失效,搜索失效",其它错误,,http://app.youzibank.com#yuan1107
标题逗比,小说 书源,异常状态,503,http://www.acgzc.com-a
棋子小说🎃,,其它错误,,http://www.acgzc.com#🎃
欧诺小说,小说 书源,异常状态,503,http://www.acgzc.com-2
残月小说网,②一般; 发现,异常状态,502,http://x.23yue.cn
求小说网,小说 书源,其它错误,,http://www.qiuxiaoshuo.org-By Dark
深夜书屋,"全部来自论坛,搜索失效",超时,,http://www.xbjp.com
漫画全集 🅰💰,漫画,异常状态,503,http://manhua.qiyunet.top:28000
漫画搜,发现规则语法错误,异常状态,503,http://ac.zxh.la
火山小说,,异常状态,503,http://www.hsxs.cc
点拉漫画（韩国漫画）,失效,异常状态,503,http://www.266687.com
爱下书,,可达,200,http://wap.aixiashu.info
爱尚小说🎃,,其它错误,,http://www.aslwx.com#🎃
爱漫画网📱,,异常状态,503,http://m.33am.cn
狂雨小说,🏵️  小说,异常状态,503,http://s7670128.uwkcroa.cn
猫眼看书,-------,其它错误,,http://download.maoyankanshu.la##自用
甜梦文库,1、优;6、特殊,异常状态,503,http://www.tianmengsk.com
看书吧kanshuba,❤小说,异常状态,521,http://m.kanshuba.org
神仙书阁🎃,,其它错误,,http://www.shenxianfaka.top#🎃
神马笔趣阁,,异常状态,503,http://www.smbiquge.com
移动阅读m,9月,异常状态,503,http://m.ndlib.com
笔书阁子（优）,💠 综合,异常状态,503,http://m.dushuapp.net/
笔趣看,天域战歌整理,异常状态,503,http://m.0376h.com
笔趣阁,,异常状态,503,http://www.yjcat.com#
笔趣阁,"笔趣,搜索失效",异常状态,503,http://m.szfkx.com/#pb1101
笔趣阁88yuedu,🎄常用,异常状态,503,http://88yuedu.com
笔趣阁biqooge,❤小说,异常状态,523,https://m.biqooge.com
笔趣阁㉓,💦 精品,异常状态,503,http://h5.duduxiaoshuo.top/
笔趣阁🎃#25,,其它错误,,http://www.xinbqg.org#🎃
笔趣阁🎃27,,其它错误,,http://www.biqu.ge#🎃
第一版主,禁,异常状态,503,http://www.diyibanzhu3.xyz
第一版主🎃#3,,其它错误,,http://hdyp.net#🎃
精品小说,,其它错误,,http://m.jingp.com#🎃
纵横中文,2,异常状态,500,http://www.zongheng.com
绑定小说,,异常状态,503,http://m.popo.cc
联通沃阅读,wenmoux,异常状态,503,iread.wo.com.cn
腐小说,18,异常状态,503,http://m.fuxs.org
艾草小说,小说 书源,异常状态,503,http://www.acgzc.com-4
苦瓜文学网,🎉 精品,异常状态,503,http://www.kgwxw.com/
虎虎漫画,漫画,可达,200,http://www.huhumh.com
衍墨轩吧,小说 书源,异常状态,503,http://www.yanmoxuan.net
衍墨轩子,小说 书源,异常状态,503,http://www.ymoxuan.com-4
衍墨轩子,小说 书源,异常状态,503,http://www.ymoxuan.com-6
言情中文,小说 书源,异常状态,530,https://m.nsxsw.net
读一读,"💭💭💭💭💭💭,搜索失效",其它错误,,http://duyidu.net-By Dark
豆腐阅读,正版小说 书源,异常状态,503,http://api.doufu.me/
貓爪漫画💰❗,,异常状态,503,http://cartoon-novel.jishusaice.cn
超速漫画⛅,漫画,异常状态,503,http://www.super-d.com
追书啦,,异常状态,521,https://b.zhuishua.cc/
追书网zhuishu.cc,,异常状态,521,http://www.zhuishu.cc/
造化图小说网,综合,异常状态,521,https://z.zaohuatu.org
酷虎小说网,"💭💭💭💭💭💭,搜索失效",异常状态,503,http://www.kuhu168.com
阅读论坛,CM普通,异常状态,503,http://www.fgyuedu.cn
零点小书屋🎃,,其它错误,,http://www.ldxsw.co#🎃
零点看书rhmm18,❤小说,异常状态,503,http://www.rhmm18.com
青豆小说,天域战歌整理,异常状态,503,http://www.qingdou5.com
顶点小说🎃#5,,其它错误,,http://www.jianlai.cc#🎃
香网小说,小说 书源,异常状态,503,http://www.xiang5.com-8
魔蝎小说🎃,,其它错误,,http://m.moxiexs.com#🎃
黄瓜电影mm56.cc,"发现失效,搜索失效",异常状态,301,http://www.mm56.cc
️达文小说🎃,,其它错误,,http://wap.dawensk.com#🎃
🌸 五八小说,🌸 女频,其它错误,,http://www.58xs.tw-By Dark
🌸 晨曦小说[仅发现],🌸常用,异常状态,503,http://m.chenxixiaoshuo.net
🌸天天中文,"﹅ ✾ 言耽,搜索失效",其它错误,,http://www.ttzw.com#关耳
🌼 当书网™ ♛♛♚,,异常状态,530,https://downbook.cc#乃星md912
🍁笔趣阁⑭,🍁 笔趣 🍁,异常状态,503,http://www.biquge66.com/
🍁笔趣阁⑭⑧,🍁 笔趣 🍁,异常状态,503,http://www.biqugev.com/
🍁笔趣阁⑰④,🍁 笔趣 🍁,异常状态,503,http://www.biqugla.com/
🍊 玉石书楼,"🍊 女频,搜索失效",异常状态,503,http://m3.xy776.cn/
🍑 BL文网[仅发现],,异常状态,503,http://m.wenkuw99.com
🍺 笔趣看④,🍺特优,异常状态,503,http://www.biqukan8.com
🎃SHF笔趣阁🎃,,其它错误,,http://m.shfljx.com#🎃
🎃爱看书吧🎃#2,,其它错误,,http://www.aidushu8.com#🎃
🎃精品书屋🎃,,异常状态,525,https://www.jingpinshuwu.top#🎃
🎉 360小说网,🎉精品,异常状态,503,http://xs.360xiaos.com
🎉 七真中文,,异常状态,503,http://www.7zzw.net
🎉 书库网,🎉 精选,异常状态,521,http://m.shuku123.com/
🎉 优·爱书网,🎉 精选,异常状态,503,http://www.shu222.net
🎉 卡趣小说,🎉 精品,异常状态,503,http://bk.wjl58.club:2
🎉 换源神器[仅发现],🎉精品,异常状态,503,http://info.chnsmoker.com
🎉 笔搜阁,🎉精品,异常状态,503,http://www.bisoge.com
🎉 顶点小说321,🎉精品,异常状态,503,http://m.321xsw.com
🎉36小说网①,,异常状态,503,http://www.360xs.cc/
🎉uc小说网①,,异常状态,503,http://www.ucxiaoshuo.cc/
🎉书楼小说网,🎉 精选 🎉,异常状态,503,http://m.luduzww.com/
🎉八一中文⑭,🎉 精选 🎉,异常状态,503,http://www.81dux.com/
🎉小说CMS,⁴☃晨光雨露᭄精品源,异常状态,503,http://book.xiaoshuocms.com/
🎉开阅▪︎API💜💜💜🔎,,其它错误,,http://api.kyxsapp.com#渊呀827
🎉燃文小说,-------,异常状态,503,http://www.ranwenxiaoshuo.com/
🎉笔趣家小说,,异常状态,503,http://www.biqujia.cc/
🎉请看书②①,,异常状态,521,http://www.qingkanshu.com/
🎊小刀阅读# 筆趣閣,"🍋🍋🍋🍋🍋🍋,🎊21,搜索失效",异常状态,503,http://www.xibige.com
🎨 CC漫画①,[漫画源],异常状态,503,http://m.ccdm5.com
🎨 i尚漫,🎨漫画,异常状态,503,http://search.ishangman.com
🎨 友绘漫画,🎨 漫画,异常状态,503,http://m.seeym.net
🎨 国漫ACG,🎨漫画,异常状态,503,http://m.comic.oacg.cn
🎨 神漫画,🎨漫画,异常状态,503,https://www.taomanhua.com
🎨 邪琉璃神社,,异常状态,503,http://m.bancangyang.com
🎨僵尸王漫画,🎨 漫画,异常状态,503,http://www.jswgushi.net
🐑知轩藏书,"🐑25,🍋🍋🍋🍋🍋🍋,搜索失效",其它错误,,http://zxcs.me##1
🐳有兔听书②,🐳 有声 🐳,异常状态,503,http://app.zhoudamozi.com/
👍 书籍网,🌿精选源,异常状态,503,http://www.shujw.com
👍 太子爷[仅发现],,异常状态,503,http://www.taiziye2.com
👍 无错小说网,,其它错误,,http://www.xquledu.com-By Dark
👍 笔趣阁yuetutu,"优质源👍,💒 笔趣",异常状态,503,http://www.yuetutu.com
💊 武魂小说,💊无搜,异常状态,456,https://www.whtxt.com
💗段友小说,神段【大乘级】（小说源）,异常状态,503,http://xs98k.com
💦可乐小说①,"💦 男频精品 💦,®️ 搜书男频 ®️,⌛️ 全局搜书 ⌛️",异常状态,530,https://www.klxs.la/
💦读书阁小说,,异常状态,521,http://www.dushuge.com/
💬灯石岭间,"💬 名著,✉️  出版文学",异常状态,503,http://www.dushu369.com
💯看看小说①,,异常状态,503,http://www.7788xsw.com/
💰 阅听小说,⭐️小说,其它错误,,http://api.cdyt.com#一程
💵 3G书城,💵正版,异常状态,503,http://freeapk.ggbook.cn:80
💵 搜狗免费小说,,异常状态,503,http://mf.k.sogou.com
📖 乐兔阅读,👻 隐藏,异常状态,503,http://door.tl05.com
📖 看书神网,"测试组,@念丶无 残留,👻 隐藏,第二次精校遗留",异常状态,521,https://www.kanshushen.com
📖古典文学,"﹅ ♞ 普通,发现失效,搜索失效",其它错误,,http://www.cngdwx.com#乃星
📚 天下书库,"出版,发现失效,搜索失效",其它错误,,http://www.txshuku.la#一程
📚汤圆创作 #关耳,"出版,发现失效,搜索失效",其它错误,,http://m.itangyuan.com#guaner
📜笔趣ABC,[小说源],异常状态,503,http://www.biquabc.com/
📥 云海图书馆,【❌❌】搜索正文失-效,其它错误,,http://www.pdfbook.cn#芜恙
📥云海图书馆,【❌❌】搜索正文失-效,其它错误,,http://www.pdfbook.cn#乃星
📻 511听书,📻有声,异常状态,503,http://www.511ts.com/
📻 酷我听书1,📻有声,异常状态,503,http://www.kwting.com#
🔰 19小说,🔰普通,异常状态,503,http://www.19xsf.com
🔰悟空书屋,"🔰男频,发现失效,搜索失效",超时,,http://wksw.la
🖤㊣ 纵横m▪细分榜单,¹▽置顶`ȏ´正版发现,异常状态,500,https://m.zongheng.com#□namo edit4
🚬 三四中文网,🚬刘备,异常状态,503,http://m.3434zw.com
🚬 小强小说②[仅发现],🎉精品,异常状态,503,http://www.123xiaoqiang.in
🚬 恶魔六点[论坛],🚬刘备,异常状态,503,http://8.emoyiyi.com
🚬 新书包网lashubao.org,🚬刘备,异常状态,444,http://www.lashubao.org
🚬 第一版主③[仅发现],🚬刘备,异常状态,503,http://www.diyibanzhu1.in
🚬 第二荷包网,🔱 绅士淑女 🔱,异常状态,503,http://m.027869.net
🚬 麒麟书城,🚬刘备,异常状态,503,http://www.qlsc2.com
🧐三江小说[仅发现]💯,"﹅ ♛ 精品,发现失效,搜索失效",异常状态,503,http://www.sanjiangxs.com
+♛+爱小说网 #破冰1130,✔️,其它错误,,http://www.ixs5200.com#pb1101
12小说,网页源,超时,,https://www.12shuoxs.com/
171小说网,"发现失效,如月流光,☃晨光雨露᭄精俢源*,搜索失效",异常状态,522,http://www.171xs.cc
258漫画网⛅,,超时,,https://www.wnixk.com
33言情①（仅发现）,,其它错误,,https://www.33yq.com
365漫画📱⛅,漫画,超时,,http://m.iqg365.com
398小说,,连接失败,,https://m.398xs.com
4020电子书,,超时,,http://www.wsskw.com
4020电子书🎃#2,,其它错误,,http://m.wsskw.com#🎃
42zwcc,,异常状态,522,http://www.42zw.cc
520听书,🎧 有声,可达,200,http://www.520tingshu.com
52看漫画,,异常状态,503,http://mh.59kan.vip
60,校验公众号：【omega推文】,超时,,http://www.60ks.info
69书吧🎃,,超时,,https://69shux.co#🎃
7766小说网🎃,,其它错误,,http://wap.qiliuxs.com#🎃
800文学网🎃,,超时,,https://www.800wx.net#🎃
8X8X,³۝天域整理,连接失败,,https://bh8e9s.vip
98漫画™,"🖼️🖼️🖼️🖼️🖼️🖼️,搜索失效",超时,,http://www.98mh.com
HanaScan🇬🇧,,有响应(拦截),429,https://batoscan.net
IOS软件兼容书源,番茄小说,超时,,http://110.40.38.4:5008
QC轻小说,神段【大乘级】（小说源）,超时,,https://www.qcacg.com/
R 星星小说网🐶,R🐶,超时,,https://www.xingxingxsw.com/##RosiaPng
TXT小说天堂,"发现失效,搜索失效",可达,200,http://www.xiaoshuotxt.org
Woo18小说,,可达,200,https://m.woo15.com
bl书库🔮,漫画,超时,,https://www.blshuku.com
md♛+✾燃文小说m✘,"﹅ ✾ 言耽,﹅ ♛ 精品,搜索失效",超时,,https://m.ranwen.la#1
one漫画,"漫画,发现失效,搜索失效",超时,,https://www.ionemanhua.com
♛- ✎笔趣阁⑭⑤ #破冰,²♨笔-趣-阁❆,其它错误,,http://www.gebiqu.com/#♤pb
♜ ✎笔趣阁⑦⑦ #破冰1101,²♨笔-趣-阁❆,可达,200,http://www.biquluo.com/#pb1101
♜ ✎笔趣阁⑬ #破冰,²♨笔-趣-阁❆,超时,,https://www.xxxbiquge.com/#♤pb
♜ ✎笔趣阁⑮⑨ #破冰1101,笔趣阁,超时,,https://www.biqugeka.com/#pb1101
♜ 乐文小说① #一程1101,乐文,超时,,https://www.365xs.la#yc1101
♜ 武林中文① #一程1101,"【❌❌】网站失-效,搜索失效",可达,200,https://www.50zw.com#yc1101
♜ 霹雳书坊 #一程1101,,超时,,https://www.pilibook.com#yc1101
♜+3Z中文网 #破冰,⁴☃晨光雨露᭄精品源,其它错误,,http://www.530p.com/#♤pb
♜+思路客③ #破冰1101,"﹅ ♜ 优质,搜索失效",超时,,http://www.siluke.com/#pb1101
♜+求小说网 #破冰,⁴☃晨光雨露᭄精品源,超时,,https://www.qiuxiaoshuo.org/#♤pb
♜+爱小说网 #破冰1101,⁴☃晨光雨露᭄精品源,超时,,https://www.ixs.cc/#pb1101
♜-✎笔趣阁⑤⑨ #破冰,²♨笔-趣-阁❆,其它错误,,http://www.biqugeu.cc/#♤pb
♜-千千小说④ #破冰,"发现失效,﹅ ♜ 优质",可达,200,https://www.qqxs.tw/#♤pb
♜147小说✘ #一程,"﹅ ♜优质,🍀,搜索失效",超时,,https://www.147xs.org#yc1101
♜69书吧① #破冰1101,【🈵♥🈵💯】231123千组4,超时,,https://www.69book.net/#pb1101
♜三六中文网,"【❌❌】搜索失-效,搜索失效",超时,,http://www.36zw.net/#pb1101
♜千千小说⑦ #破冰,"发现失效,【❌❌】网站失-效",超时,,https://www.qqxsw.info/#♤pb
♜天翼文学② #破冰,,超时,,https://www.tianyibook.la/#♤pb
♜奇书网④ #破冰,﹅ ♜ 优质,超时,,https://www.qishubook.com/#♤pb
♜小说书库② #破冰1101,"发现失效,﹅ ♜ 优质,搜索失效",超时,,https://www.xssk.net/#pb1101
♜无限小说网② #破冰1101,校验超时,超时,,https://www.wenxuesk.com/#pb1101
♜爱尚小说③ #破冰1101,"【❌❌】搜索失-效,搜索失效",超时,,https://www.23xsw.net/#pb1101
♜给力文学① #破冰1101,"【❌❌】搜索失-效,搜索失效",超时,,http://www.geiliwx.net/#pb1101
♜铅笔小说② #破冰1101,⁴☃晨光雨露᭄精品源,超时,,https://www.qianbiwx.com/#pb1101
♜风雨小说④,"【❌❌】搜索失-效,搜索失效",超时,,http://www.fengyuxs.net/#pb1101
♞ 69书吧 #一程1101,"【❌❌】搜索目录失-效,搜索目录失效",超时,,https://www.69book.net#yc1101
♠ 笔趣看,"♠ 精品 ♠,🎉 精选 🎉",超时,,https://www.biqukan.net/
♬ 中文听书网 #破冰1025,听书,超时,,https://www.tingzh.com/#pb1025
♬有声小说吧,"2,搜索失效",其它错误,,http://www.ysxs8.com/#♤pb
✈ 幻想小说,精品书源,超时,,https://m.huanxiangxs.com
✈ 梦书中文,精品书源,超时,,http://www.mcxs.info
✈ 阁笔趣,AAAAA新,超时,,http://www.gebiqu.com
✐   五一 txt,☃ 自用,超时,,https://www.51txt.cc/
✐ 1359漫画-M #Haxc,"🎨 C漫画,0-🏜️ 图片",连接失败,,https://m.1359mh.com#♤Haxc
✔︎㊝ 天籁小说m ♜♜♜,,超时,,https://m.23txt.com#渊呀81m
✾ 520小说 #一程1101,"发现失效,【❌❌】网站失-效,搜索失效",其它错误,,http://m.520xsb.com#yc1101
✾百合小说 #关耳,⭐️小说,超时,,https://m.baihexs.com#guaner
㊕ ✾爱他小说 #一程,"【❌❌】搜索失-效,发现失效,搜索失效",其它错误,,http://www.hiaita.com#♤yc
㊝ 奇书网 ♜♜,,超时,,https://www.qishubook.com/#z
㊝ 新青豆小说 ♛♛♛♚ +,,超时,,https://www.xinqingdou.net/#pb
㊝ 爱小说 ♜♜,⁴☃晨光雨露᭄精品源,超时,,https://www.ixs.cc/#cookie？
㊝ 采墨阁 ♛♛♛,,超时,,https://www.caimoge.net#1
一世书城,20250428,有响应(拦截),403,https://www.1114txt.net
一曲书斋🎃,,超时,,https://m.xseeo.com#🎃
一读小说🎃,,超时,,https://www.121ds.cc#🎃
七七读书,小说 书源,其它错误,,http://www.77dushu.com#未月十八改
七七读书,💯 满分,其它错误,,http://www.77dushu.com#未月十八repair
万书屋🎃,,其它错误,,http://wap.wanshuwu.com#🎃
三七轻小说,✨,超时,,https://m.37yq.com/
三九小说,,超时,,http://www.wxshuku.org
三五中文网🎃,,其它错误,,http://www.xkushu.info#🎃
三好小说,🏵️  小说,有响应(拦截),429,http://m.sanhaoxs.net
下书小说网 m.moshayuan.com,未测试,超时,,https://m.moshayuan.com
东方小说🎃,,超时,,https://103.127.124.25#🎃
丹书铁卷 ✘,¹▽置顶`ȏ´正版发现,超时,,https://www.dstiejuan.com#温暖满怀edit
乐库小说🎃,,其它错误,,http://m.6lk.la#🎃
乐文小说,笔趣阁 [蓝] （天天的鸟蛋蛋）,可达,200,https://m.lwma.cc
乐文小说🎃#4,,其它错误,,http://www.65xs.net#🎃
九五书包,-------,超时,,http://www.95shubao.info
九五小说🎃,🍜其他,其它错误,,http://www.jwdushu.com#🎃
九桃小说,小说 书源,超时,,http://00txs.com
九霄文学,³۝天域整理,异常状态,503,http://www.jxwts.com
书林文学①,📖 晨光雨露,超时,,http://www.shu111.com
书楼吧🎃#2,,超时,,https://m.shulouba8.com#🎃
书趣阁[is],"🚀 加速,🌸 免费",连接失败,,https://www.ishuquge.org/
书趣阁子,小说 书源,其它错误,,http://wap.xshuquge.net/##细雨尘寰
书阅屋,🎉 精品,超时,,http://www.shuyuewu.cc/
二开小说,小说 书源,超时,,https://www.2kxs.org#wy18-1001
云中书库,小说 书源,其它错误,,http://m.yunxs.com#薅白
云中书库,念心 || 小说,其它错误,,http://www.yunxs.com#未月十八改
云小说网,念心 || 小说,其它错误,,http://www.yunxs.com#1
五二书库 ip,搜索失效,超时,,http://83.136.49.2
五六书库🎃,,超时,,https://wap.56shuku.info#🎃
亿软小说,🍜其他,超时,,http://m.yiruan.info
亿软网吧,,其它错误,,http://www.yruan.com#🎃
优·笔趣阁,精品书源,其它错误,,http://www.173kt.net#🎃
优步小说网,涩文,可达,200,http://m.ubuxs.com
侠客小说,小说 书源,超时,,https://m.tcknh.com/
免费听书,³۝天域整理,异常状态,503,http://www.tingfree.com
免费读网,名著出版,超时,,https://www.mianfeidu.com
全本小说,🎃 通用,超时,,https://www.quanbentxt.net#
全本小说网🎃#2,,超时,,https://m.qbxiaoshu.com#🎃
八一中文,-------,连接失败,,https://www.zwduxs.com#关耳
八一中文,小说 书源,其它错误,,http://www.81zw.tv#🎃
八一中文🎃,,其它错误,,http://www.zwduxs.com tr!0#芜恙#🎃
八月文学,"♡ོ晨光雨露✺精品源,如月流光",超时,,http://www.xiaqu.org
六漫画-M,漫画,异常状态,503,http://m.sixmh6.com
冷门小说网,9月,超时,,https://www.lengmen.org/
凡人小说,天域战歌整理,连接失败,,https://wap.washuw.com
出处源-仓库 笑佳人文学,,超时,,https://m.xiaojiaren.com
动漫之家,5.轻文,超时,,https://v3api.dmzj.com
千千小说,小说 书源,可达,200,https://www.qqxs.io#🎃
南山书院④,"【❌❌】搜索失-效,搜索失效",超时,,https://www.szyangxiao.com#南笙21.0101
博爱书屋,小说 书源,超时,,http://www.bequgew.info
原創市集,,超时,,https://www.woo16.vip#🎃
发的小说,"🥇小黑网络素材,小说 书源",超时,,https://m.xiaxs.la
古典小说📖#南笙21.0101,"﹅ ♞ 普通,发现失效,搜索失效",超时,,https://www.seeol.com#南笙21.0101
叽叽小说网🎃,,超时,,https://www.jjiiw.cc#🎃
吧电子书,小说 书源,其它错误,,http://www.wrltxt.com#🎃
吾爱看书,"普通,发现",超时,,http://m.52shu.net
品书客🎃,,超时,,https://www.pinshuke.org#🎃
哔哩轻小说,轻小说📗,超时,,https://m.linovelib.com
唐三中文,小说 书源,超时,,http://www.tangsanshu.org#
唔啊读书,小说 书源,超时,,http://www.55dushu.com
四零二零,,超时,,https://www.iwurexs.com
四零二零🎃,,其它错误,,http://www.iwurexs.com#🎃
土豪漫画📱,漫画,超时,,https://m.tohomh123.com
多多漫画,💯【稳定】,超时,,https://www.hlgoo.cn
大帝小说,,超时,,http://www.anshuge.com/
天域小说,小说 书源,超时,,https://www.zmccx.com#🎃
天天中文网①,"【❌❌】搜索失-效,搜索失效",超时,,http://www.ttzw.tv/
天籁小说,小说 书源,连接失败,,https://m.23sk.com
天龙书院,天域战歌整理,超时,,http://m.tl-book.com
奇书网吧,小说 书源,超时,,http://www.iqishu.la
女生文学,,超时,,http://m.wenxuem.com
奴奴漫画,失效,超时,,http://www.2nunu.com
妈妈小说🎃,222最新校验成功,其它错误,,http://m.momxs.com#🎃
学笔网,酷友,超时,,https://www.xuebiw.com/
完本小说,小说 书源,异常状态,500,https://www.wanbenxs.com/
完结书库🎃,,超时,,https://m.wanjieshuku.com#🎃
完美小说,Namo,超时,,https://www.umiwx.info
宝文书库🎃,小说,超时,,https://www.mybaowen.com#🎃
小说520,,连接失败,,https://www.xs520.com/
小说书库,🏵️  小说,超时,,http://www.xssk.la
小说书库🎃,,超时,,https://www.xssk.la#🎃
小说屋子,小说 书源,超时,,http://www.xiaoshuowu.com/
就爱文学,小说 书源,其它错误,,http://m.92xs.info/##细雨尘寰
就爱言情小说网,小说,超时,,https://www.92yanqing.com
尾巴小说,小说 书源,连接失败,,https://wap.pan8.net
巴士看书🇨🇳,111最新校验成功,页面不存在,404,https://www.84kanshu.com/##xsw
帮我书库,小说 书源,其它错误,,http://www.ppskw.com#一程
平凡文学,综合,超时,,http://www.pfwx.com
幻想小说网,,超时,,https://m.smrhm.com
彼阅漫画,漫画,超时,,https://www.bymanhua.com
必去楼🎃,,其它错误,,http://www.bequ6.org#🎃
必读小说[修复],搜索失效,超时,,https://www.biquxs.me/
思怡小说,小说 书源,有响应(拦截),401,https://m.haidao8.org
思路客,小说 书源,其它错误,,http://www.siluwu.com#🎃
悠久小说,小说 书源,其它错误,,http://www.ujxsw.net#🎃
悠悠书盟,天天,超时,,https://www.u33.me
成语读书,小说 书源,超时,,https://www.changduzw.com#未月十八repair
手机TXT小说,优选书源by沐云风,超时,,http://wap.sjwx.la
手机小说下载🎃,,连接失败,,https://www.xsjtxt.com#🎃
换源神器,,超时,,http://api.hongshuo666.cn:1952
推荐书啦,念心 || 小说,可达,200,https://www.69shu.la/#pb1101
搜读,🍜其他,超时,,http://www.soduzw.com
摩比小說網🎃,,有响应(拦截),429,https://www.mobidushu.com#🎃
文学中文,网页源,超时,,https://www.wenxuezw.com/
文档小说,-------,超时,,https://www.xiaxs.la/#♤pb
斗破小说,小说 书源,连接失败,,https://doupocangqiong1.com#🎃
斗破苍穹,小说 书源,连接失败,,https://www.doupocangqiong1.com#🎃
斗破苍穹小说网,"⑺📚  普通,⑼💰  出版,③🚫  禁验",超时,,http://m.doupocangqiong1.com/
新笔趣塔,,超时,,http://www.xbiquta.com/
新笔趣阁🎃#4,,超时,,https://www.biqugezw.us#🎃
新酷书网,小说 书源,其它错误,,http://www.xkushu.com#🎃
无双小说,小说 书源,超时,,http://www.buxia.org#
无弹窗,⁴☃晨光雨露᭄精品源,超时,,https://530p.com
无极小说,小说 书源,超时,,https://wujixsw.info#🎃
无错小说2,小说 书源,超时,,https://w.xread8.com
无限小说网,,超时,,https://wap.wenxuesk.com
日照小说,小说 书源,超时,,http://www.rzlib.org/
时时激情h小说网,天域战歌,超时,,https://m.24novel.com
明月中文🎃,222最新校验成功,超时,,https://www.365bok.com#🎃
明月小说,小说 书源,超时,,http://wap.ikanxs.la/
易读手机,小说 书源,超时,,https://yqzw5.net#🎃
星月书吧,🎉 精品,可达,200,http://www.xyshu8.com/
星空小说网,"💭💭💭💭💭💭,搜索失效",超时,,https://wap.aixswx.com/
晋江文学,天域战歌,可达,200,http://m.cqlriz.com
最终小说网,"全部来自论坛,搜索失效",超时,,https://www.zuizhong.net/
望书阁②,"﹅ 通用书源▪︎玄奇,搜索失效",超时,,http://www.wangshuge.la
望书阁🎃,,其它错误,,http://wap.wangshuge.la#🎃
木马漫画-M,漫画,有响应(拦截),429,https://muamh.com
来读读,🌼晨光雨露🍒精品源💯,超时,,http://www.laidudu.com/
松语文学,小说 书源,其它错误,,http://www.songyuwenxue.com#c_row
柚子小说🎃,,超时,,https://www.xizu.org#🎃
桃花小说（优）,小说 书源,超时,,https://www.2kxs.org#kd11
梦幻小说,,超时,,https://www.pan.la/
棉花糖小说🎃#3,,其它错误,,http://www.mhtxs.info#🎃
橘子小说🎃,,其它错误,,http://www.xinshuge.net#🎃
欲书台,综合,异常状态,522,https://58rom.org/
正规漫画💡,💡【提示】,可达,200,http://mh-zg.7qh.net
武道文学22pq,❤小说,超时,,https://www.22pq.com
民国奇人,-------,超时,,http://www.minguoqiren.org/
民国奇人,小说 书源,其它错误,,http://www.minguoqiren.net#🎃
民国奇出,,其它错误,,http://www.minguoqiren.org#🎃
求书网,精品,超时,,http://www.aidusk.info/
求小说网手机站🎃,,异常状态,522,https://m.qiuxiaoshuo.org#🎃
求小说网🎃#3,,其它错误,,http://www.qiuxs.org#🎃
泡泡小说,小说 书源,连接失败,,https://www.paopaoxs.cn/
海马读书🎃#2,,超时,,https://www.haimabooks.com#🎃
渣渣小说🎃,,异常状态,522,https://www.zztxt.net#🎃
源书库吧,小说 书源,超时,,https://www.yuanshuku.com
溜达小说,-------,超时,,http://www.liudatxt.org/
溜达小说🎃,🎄常用,其它错误,,http://www.liudatxt.org#🎃
漫潮漫画网📱⛅,⛅【晴天】,异常状态,503,http://m.manchao.net
漫画小屋（优）,,连接失败,,https://m.dm.com/
灵境行者,小说 书源,超时,,https://lingjingxingzhe.com#🎃
炫书网,🏖️免费+,超时,,https://www.ibiquta.net/
燃文小说网①,³۝天域整理,超时,,https://m.ranwen8.com
爱上读书🎈,校验可用,可达,200,http://www.23dushu.net
爱下文学⑤,微筛选,超时,,http://m.aixiawx.com
爱书包🎃,,超时,,https://www.ishubao.org#🎃
爱奇,"﹅ ♞ 普通,搜索失效",其它错误,,http://www.i7wx.net#grid tr!0
爱尚小说,小说 书源,超时,,https://www.23hh.la/
爱尚小说（优）,小说 书源,超时,,http://www.23hh.la/
爱看中文,念心 || 小说,超时,,https://www.akzw.com
爱看书吧,小说 书源,连接失败,,https://m.kbiquge8.com/#给源仓库的修好了
爱笔书网,小说 书源,超时,,https://m.biqukun.com
爱豆看书,小说 书源,超时,,http://m.26ks.org
狗狗搜书🎃,,异常状态,522,https://book.gouyg.com#🎃
猪猪书网,,超时,,http://www.zzs5.info#
玄幻阁吧,小说 书源,超时,,http://www.xuankuks.com
玫瑰小说网,,超时,,https://www.jygfa.com
电子书陆,小说 书源,超时,,http://m.wrlwx.com
番茄小说🎃,,连接失败,,https://ikun.laoguantx.top:45598#🎃
百书文学,网页源,超时,,https://www.baishuwx.com/
皇帝之家🎃#2,,超时,,https://www.huangdizhijia.com#🎃
盛世阅读,综合,有响应(拦截),403,http://m.s4yd.com
看书网,"【❌❌】搜索正文失-效,搜索失效",可达,200,https://www.ezksw.org
神书网,⭐️ 收藏,超时,,http://www.shenshuwx.com/
神书网🎃,,超时,,https://www.pi12345.com#🎃
神藏小说,小说 书源,超时,,http://www.swangwx.com
竹鼠免费漫画大全 🅰,【发现】; 🅰【json】,超时,,http://47.113.26.114
笔下小说,小说 书源,超时,,https://m.bixiaxs.org
笔下文学,,超时,,http://www.bequmo.com#
笔下文学[bxw],"⛱️免费,搜索失效",超时,,https://wap.bxwenku.com
笔下文学🎃#5,,超时,,https://m.bxwxue.com#🎃
笔尖中文,全部来自论坛,超时,,http://wap.xbiquzw.net/
笔趣小说,-------,超时,,https://www.xbiqusa.com#
笔趣网吧,,其它错误,,http://www.biquw.info#🎃
笔趣读阅,小说 书源,超时,,http://www.biqudu.tv/
笔趣阁,"破冰｜黄凡凡,发现失效,搜索失效",超时,,http://www.biqugenew.com/
笔趣阁,笔趣阁,超时,,https://www.xbiquwx.la
笔趣阁,小说 书源,异常状态,522,https://m.yuyouge.com
笔趣阁,小说 书源,其它错误,,http://www.xbiqusa.com#🎃
笔趣阁,小说 书源,连接失败,,https://www.ibiquges.info#
笔趣阁,,超时,,https://www.xbiqu6.com/
笔趣阁,小说 书源,超时,,http://www.xbiqusa.com#
笔趣阁,小说 书源,超时,,http://www.biqu520.net
笔趣阁,"-------,0206⭐",异常状态,522,https://www.yuyouku.com
笔趣阁,小说 书源,连接失败,,https://www.biquge.info
笔趣阁,小说 书源,连接失败,,https://www.ibiquge.net
笔趣阁,小说 书源,超时,,https://www.xbiquge.la#🎃
笔趣阁,小说 书源,其它错误,,http://www.biquge.info#🎃
笔趣阁,小说 书源,可达,200,https://www.bqg10.com#🎃
笔趣阁,小说 书源,超时,,https://www.biquge34.net#🎃
笔趣阁 #一程,🍁 笔趣,超时,,https://www.liquge.com#yc1101
笔趣阁123,小说 书源,超时,,https://m.boquge.com
笔趣阁25,小说 书源,超时,,http://www.52cake.net
笔趣阁9,小说 书源,超时,,https://www2.youtuzige.com/
笔趣阁biqige.cc,A级; 发现,超时,,https://m.biqige.cc
笔趣阁shengxu5w,❤小说,超时,,https://m.shengxu5w.com
笔趣阁⑨,精品,超时,,https://www.bqg1.com/
笔趣阁网,小说 书源,异常状态,503,http://www.szqccw.com
笔趣阁🎃#102,,其它错误,,http://www.biquluo.com#🎃
笔趣阁🎃#13,,可达,200,https://www.bqg.fun#🎃
笔趣阁🎃#19,,连接失败,,https://www.biqueg.vip#🎃
笔趣阁🎃#41,222最新校验成功,超时,,https://m.biqukun.com#🎃
笔趣阁🎃#54,小说,其它错误,,http://m.ibiquta.org#🎃
笔趣阁🎃#64,小说,其它错误,,http://wap.biqusk.la#🎃
笔趣阁🎃#90,,超时,,https://m.bq9.cc#🎃
笔趣阁🎃22,🎄常用,其它错误,,http://m.xbiqusa.info#🎃
笔趣阁🎃5,,其它错误,,http://www.xbiquge.la#🎃
第一版主(中),至臻【大乘级】（小说源）,有响应(拦截),429,http://www.banzhuwang.org
第二书包网,"💭💭💭💭💭💭,搜索失效",有响应(拦截),429,https://www.shubaoan.com
精选小说书🎃,,可达,200,https://www.jxxss.com#🎃
经典小说,小说 书源,超时,,http://www.jdxs.cc
统计小说,念心 || 小说,超时,,https://www.69shu.la/#♤pb
老幺,综合,超时,,https://m.laoyaoxs.org/
联合阅读（修）,,超时,,http://unionread.vip
聚合书库,☘️ 常用,超时,,https://mjjxs.net/##landseer
胡行小说🎃,,超时,,https://m.67txt.com#🎃
艾克小说,🎃 通用,超时,,http://www.ik555.net
苗疆小说,🏵️  小说,可达,200,https://m.miaojiang8.com
若雨中文🎃#2,,其它错误,,http://www.3yt.com#🎃
茂鑫小说🎃,,其它错误,,http://www.tcmaoxin.org#🎃
菊奇书屋,小说 书源,有响应(拦截),401,https://m.juqisw.com
落宅小说🎃,,可达,200,https://m.lazhaiwu.com#🎃
蒂亚漫画www,"漫画,发现失效,搜索失效",超时,,https://www.diya1.com
蚂蚁文学,小说 书源,超时,,https://m.mayiwsk.com
蚂蚁文学,-------,超时,,https://www.mayiwxw.com#Namo1101
蚂蚁文学🎃,🍜其他,超时,,https://www.mayiwsk.com#🎃
蚂蚁阅读,-------,其它错误,,http://www.mayitxt.com#嘚嘚21.0201
被电子书,小说 书源,超时,,https://www.iwurexs.info#
要么小说🎃,222最新校验成功,超时,,https://m.ymtxt.cc#🎃
读万卷,,超时,,http://wap.duwanjuan.info/
读书国学,【小说1书源】,可达,200,https://www.dushu.com/lianzai
读趣网站🎃,,其它错误,,http://www.xduqu.com#🎃
起舞文学,小说 书源,超时,,https://m.75zw.com/
轻之文库🎃,,可达,200,https://www.linovel.net:443#🎃
追书小说,⭐️小说,超时,,https://www.avqc.com.cn/wap_index2.html
酷漫屋,漫画,有响应(拦截),429,http://www.kuman57.com
钱小说网,小说 书源,超时,,http://m.77shuku.net/
长乐歌,综合,超时,,https://m.mcmssc.com
阑珊文学,网页源,超时,,https://www.lanshanwx.com/
阿姑小说网手机版🎃,,其它错误,,http://m.aguxs.com#🎃
零二小说,"💭💭💭💭💭💭,搜索失效",异常状态,503,http://m.02xs.org
零零小说,💠精选,超时,,https://www.00shu.la
青空漫画,,超时,,http://www.qkmh5.com
非主流中文网,天域战歌,超时,,http://m.118jie.com
顶点小说,小说 书源,连接失败,,https://www.32us.com
顶点小说,小说 书源,其它错误,,http://www.kmwx.net#🎃
顶点小说,"🔍校验组0218,⌨ 自制,📙大众书",超时,,https://www.23wxx.net
饿狼小说🎃,🍜其他,其它错误,,http://m.elkoparts.net#🎃
香书小说,,超时,,http://www.xbiqugu.la/
鬼吹灯,,其它错误,,http://m.gdbzkz.com#南笙21.0101
鬼吹灯（精),,超时,,http://www.gdbzkz.org/
鬼吹灯👀,,其它错误,,http://m.cxbz958.org#🎃
鸟书网🎃,,其它错误,,http://wap.99mk.cc#🎃
黄易小说,,其它错误,,http://m.xhytd.com#🎃
黄易小说[hy],🏖️免费+,超时,,http://www.huangyixiaoshuo.org/
黑岩阅读网🎃,,其它错误,,http://www.heiyan.org#🎃
黑炎小说,,其它错误,,http://www.heiyan.info#🎃
️7766小说🎃,,其它错误,,http://m.qiliuzw.info#🎃
️明月小说🎃,,其它错误,,http://wap.aishuge.cc#🎃
️笔下文学🎃,,其它错误,,http://www.bixia88.org#🎃
️顶点小说️,-------,超时,,https://wap.maxreader.la/##响海
🌐 书趣阁网,👍 备用,超时,,https://wap.ishuquge.la
🌐淘片资源网📺,"测试组,测试1,神",超时,,https://taopianzy.com/home/index.html
🌞晴天融合漫画2.1(独立版),"优质登录源,晴天,漫画",其它错误,,http://api.qingtian618.cn:9999/#漫画
🌞晴天融合短剧3.0(独立版),"番茄短剧,河马短剧",其它错误,,http://api.qingtian618.cn:9999/#短剧/
🌸 完美书库,🌸常用,超时,,https://www.wanmeitxt.com
🌸4020电子书,②🌸  常用,超时,,https://m.iwurexs.net
🌸百合小说,1005个,超时,,https://m.baihexs.com
🌸起舞中文,②🌸  常用,超时,,https://m.75zhongwen.com
🍁笔趣阁⑤①,🍁 笔趣 🍁,超时,,https://www.biquge2.com/
🍁笔趣阁⑰,🍁 笔趣 🍁,超时,,http://www.156n.com/
🍅大灰狼融合漫画2.1,"大灰狼小说会员专属请勿传播,番茄漫画,漫画",其它错误,,http://110.40.80.64:5006/#漫画/
🍎新书阁,🍜其他,超时,,http://www.xinshuge.net
🍑老王看书,效验可用,超时,,https://lwkk.xyz
🍩天章小说[自写],【小说 书源】,超时,,https://www.tianz.net
🍩笔趣阁ibiquge[自写],,可达,200,https://www.ibiquge.vip
🍺 千帆小说,🍺 特优,超时,,https://www.qianfanxs.com/
🍺 神书网shenshuxs,,超时,,https://www.shenshuxs.com
🍺 追读看书,🍺特优,超时,,https://www.zhuidu.cc
🍺笔趣阁②,🍜其他,超时,,https://wap.ibiquge.la
🎃书荒小说网🎃,,超时,,https://www.shuhuangxs.com#🎃
🎃夜读居🎃,,其它错误,,http://www.yeduju.com#🎃
🎃彩色文学🎃,,超时,,https://m.sewenxue.com#🎃
🎃无限小说网🎃,,其它错误,,http://www.book55.cc#🎃
🎃炫动小说网🎃,,超时,,https://www.xdxss.com#🎃
🎃笔下文学🎃#6,,超时,,https://m.zuohs.com#🎃
🎃笔趣阁🎃#87,,其它错误,,http://m.xxxbiquge.info#🎃
🎃读万卷🎃#4,,其它错误,,http://www.duwanjuan.com#🎃
🎃顶点小说🎃#4,,其它错误,,http://www.dingdianxs.la#🎃
🎉 55读书,🎉 精选 🎉,超时,,http://wap.changdusk.com
🎉 全本书屋[仅发现],🎉 精选 🎉,超时,,http://www.kanquanshu.com
🎉 天籁小说[仅发现],🎉精品,超时,,https://www.23txt.com
🎉 宁谧小说,🎉 精选,可达,200,http://joseph-sz.net
🎉 梁羽生,🎉精品,超时,,https://www.liangyusheng.net
🎉 涮书,"🏵️  小说,🎉 精选 🎉",可达,200,https://m.shuanshu.com
🎉 爱看书吧,🎉 精选,超时,,https://m.akshu8.com
🎉 皮皮小说,🎉 精选,超时,,http://www.ppxsw.cc
🎉 笔趣阁,🎉精品,超时,,https://www.shcbylzx.com
🎉 笔趣阁⑩③,²♨笔-趣-阁❆,超时,,http://www.biquger.com
🎉 红硕小说𖤓,🎉 精选 🎉,超时,,http://api.hongshuo666.cn:19527
🎉 起源小说,"💊无搜,🎉精品",超时,,https://www.gzqiyuan.com
🎉 饿狼小说,"🎉 精选（Tg敏感资源库
https://t.me/+Gk4E1u5cvaxhYTY1）",超时,,http://m.elkoparts.net
🎉56小说①①,,超时,,http://www.x56xs.com/
🎉一三小说网,,有响应(拦截),403,http://www.qjzfcgw.com/
🎉一六八小说,,超时,,http://www.168xs.net/
🎉七七小说①,,超时,,http://www.txt77.cc/
🎉上书库小说,,连接失败,,https://www.shangshu.cc/
🎉书屋楼小说,,超时,,https://www.shuwulou.cc/
🎉二四小说①,,超时,,https://www.24kwx.com/
🎉如书屋𖤓,,超时,,http://www.rushuwu.net
🎉小说1234①,,超时,,https://www.xs1234.com/
🎉小说楼小说,,超时,,http://www.xs6.cc/
🎉我爱读,"🏵️  小说,🎉 精选 🎉",超时,,https://www.u8txt.com/
🎉有书楼,🎉 精选 🎉,超时,,https://www.bjkj66.com/
🎉火山中文①,,超时,,https://www.hsrnsw.com/
🎉爱看书吧①,,超时,,http://www.i2book.com/
🎉笔下文学⑤,,超时,,https://www.bxwx520.com/
🎉趣书屋②①,,有响应(拦截),429,https://www.qushuwu.com/
🎉顶点小说㉝,🎉 精选 🎉,超时,,https://www.zwduba.com/
🎨 178漫画,🎨漫画,超时,,http://178mh.com
🎨 啵乐漫画,,超时,,https://bmhl.xyz
🎨 布卡漫画,🎨漫画,超时,,http://m.buka.cn
🎨 漫画堆📱,🎨漫画,超时,,https://m.manhuadui.com
🎨 漫画粉,🎨漫画,超时,,https://www.manhuafen.com
🎨 非常爱漫,🎨漫画,超时,,http://m.veryim.com
🎨乙女漫画,🎨 漫画,超时,,https://m.yinvmh.com
🎴 四库书屋 (Bing),,其它错误,,http://www.4ksw.com##Bing接口
🏷️若晨文学🌱,,异常状态,504,https://m.ruochenwx.com#onede
👍 2b小说,👍 优质,超时,,https://m.2bzy.com
👍 七七书包网[仅发现],👍优质,有响应(拦截),429,http://m.gshubao.xyz
👍 书迷楼①,,可达,200,http://www.shumilou.net
👍 宅阅读,👍优质,超时,,https://m.zhaiyd6.com
👍 新青豆小说网[仅发现],,超时,,https://www.xinqingdou.com
👍 热门小说,"发现失效,﹅ ♜ 优质,搜索失效",异常状态,522,https://m.xinremenxs.com#一程
👍 爱好中文[仅发现],👍优质,超时,,http://www.ahzww.net
👍 笔趣阁,,超时,,http://www.ibswtan.com
👍 系统小说,🏆精品,超时,,https://www.kuwx.net
👍 键盘小说,已检验,其它错误,,http://www.janpn.com#一程
👍 饭饭小说[仅发现],,有响应(拦截),429,https://www.ffxs.info
💊 爱豆看书,💊无搜,超时,,https://www.a6ksw.com
💋青果阅读,"🏅 精选,发现失效,搜索失效",超时,,http://www.qingoo.cn
💗 前路,精选,超时,,https://www.qianluxiaoshuo.com#一程
💞第三小说网,免费,超时,,https://www.xdsxs.com/#细雨尘寰
💠 看书中,💠 其他,超时,,https://m.kanshuzhong.cc
💦书迷楼②,"💦 男频精品 💦,⌛️ 全局搜书 ⌛️,®️ 搜书男频 ®️",可达,200,https://www.shumilou.net/
💦望书阁小说,,超时,,https://www.wangshuge.com/
💫爱灵异ailingyi,☀晨光雨露💫精俢源💯,有响应(拦截),429,https://www.ailingyi.com
💯无错小说网①,"⌛️ 全局搜书 ⌛️,🍄   💯 精品 🍄,®️ 搜书男频 ®️",可达,200,https://www.read8.net/
💰 有伴小说,"发现失效,🍀,搜索失效",其它错误,,http://www.iuban.com#一程
💰蚂蚁阅读,付费,超时,,http://www.xmayitxt.com
💵 连载阅读♂,"﹅ ㊣ 正版,发现失效,搜索失效",超时,,https://www.lianzai.com/nansheng
📖 一读小说,"1,5.26,搜索失效",超时,,https://m.121du.net/
📖 唐三中文,🚀 加速,超时,,http://www.tangsanshu.com/
📖 笔趣阁网,"🍍🍍🍍🍍🍍🍍,📖 324,搜索失效",超时,,https://www.quge7.cc/
📖 言情小说笔趣阁,📖 小说,超时,,https://m2.yqxs.cc/
📖 顶点小说,"🍍🍍🍍🍍🍍🍍,📖 324,搜索失效",超时,,https://www.booktxt.net/
📖幽月轻小说文库,"发现失效,📖轻文,搜索失效",超时,,http://novel.slieny.com
📚 九九藏书[仅发现],📚出版,超时,,http://cffote.com
📚 小说阁网,"【❌❌】搜索失-效,搜索失效",超时,,http://www.liushuba.com
📚 番茄小说,"【❌❌】网站失-效,搜索失效",可达,200,https://www.xhsxsw.com
📚一百本书#嘚嘚21.0201,"出版,发现失效,搜索失效",有响应(拦截),429,https://www.100ben.net#嘚嘚21.0201
📜 2k中文网,[小说源],超时,,https://www.2kzw.cc
📜思路客⑤,[小说源],超时,,https://www.silukeke.com/
📡 文学中文[仅发现],,超时,,https://m.wenxuezw.com
📻 乾坤听书,📻有声,超时,,https://www.qktsw.com
🔆笔趣阁❷🌱,🌴💒笔趣阁,异常状态,503,http://www.dvdspring.com/
🔌 书香云集,"🎄🎄🎄🎄🎄🎄,搜索失效",页面不存在,404,http://www.ireadercity.com
🔥 美文网,"发现失效,✔️,搜索失效",其它错误,,http://www.fushuwang365.com#一程
🔰 56书库[仅发现],🏵️  小说,异常状态,503,http://m.56shuku.org
🔰 全本小说,🔰 普通,超时,,http://www.jwdushu.com
🔰 棉花糖,🔰 普通,超时,,https://wap.mhtxs.la
🔰 爱书网,"【❌❌】搜索失-效,搜索失效",超时,,https://www.22ff.org
🔰 第二书包[仅发现],🔰普通,超时,,https://www.shubao85.com
🔰一八小说,🔰 一般 🔰,超时,,https://www.18wxw.com/
🔰恋上你看书④,🏵️  小说,超时,,http://www.630book.cc
🔰迅读网,🔰 一般 🔰,超时,,https://www.xundu.org/
🖤妙笔阁 ♛♛♛,,超时,,https://www.imiaobige.com#onede.md
🚬 一书阁备用™,🔱 绅士淑女 🔱,超时,,https://www.yishug.net
🚬 小说520,🚬刘备,连接失败,,https://www.xs520f.com
🚬 无限小说网[修],校验超时,超时,,https://m.wenxuesk.com#修改
🚬 甜梦文库网,🚬刘备,可达,200,https://m.tianmengwenku.org
🚬 第一版主④[仅发现],0108,超时,,http://www.diyibanzhu555.com
🛠️ 铅笔小说网[仅发现[无正文],🛠️待修,超时,,http://www.23qb.net
🥩你懂的🍭🎐,神段【大乘级】（小说源）,有响应(拦截),429,http://www.120w.info
🧐天庭第八区小说网,"发现失效,﹅ ♝ 优良,搜索失效",可达,200,http://m.dibaqubook.cn
1234小说,网页源,连接失败,,https://www.1234xs.com/
147小说,合集0905,连接失败,,https://154.37.155.223
30书院,💠 普通,连接失败,,https://m.30syy.com
358小说大全,酷友,连接失败,,https://www.35851.net
38看书,"﹅ 通用书源▪︎玄奇,搜索失效",连接失败,,https://m.mijiashe.com
39漫画📱,💯【稳定】,连接失败,,https://m.manhua39.com
520漫画网⛅,⛅【晴天】,连接失败,,https://m.vuzx0939.com
69书吧,,连接失败,,https://www.69haoshu.com  ##_By-[曦灵]
83中文Z,小说 书源,连接失败,,https://www.83zwz.com
91图库🌇🔍,柳树🌇图片,连接失败,,https://jiuyi2.shop/123/456/
ACG和谐漫画-M,漫画,连接失败,,https://m.acgzone.net
MT小说网,🏵️  小说,连接失败,,https://m.mtdzj.com#
QQ浏览器,,连接失败,,https://so.html.qq.com
UU小说网xuu234.cc,⁵♡ོ晨光雨露✺普通源,连接失败,,https://www.xuu234.cc
X18漫画-M,漫画,连接失败,,https://m.x18mh.com
owlook,🏵️  小说,连接失败,,https://www.owlook.com.cn1
⑥⑨阅读,,连接失败,,https://www.69wb.net
♜ ✎笔趣阁⑨① #破冰,"笔趣,﹅ ♜ 优质",连接失败,,https://www.20biquge.com/#♤pb
♜ ✎笔趣阁⑭⓪ #破冰,2,连接失败,,https://wap.quge6.com/#♤pb
♜ ✎笔趣阁⑮⑥ #破冰,"笔趣,发现失效,﹅ ♜ 优质,搜索失效",连接失败,,https://www.xinbiqugew.com/#♤pb
♜-3000小说 #破冰,"2,搜索失效",连接失败,,https://www.3000xs.com/#♤pb
♜-书海屋 #破冰1101,"﹅ ♜ 优质,搜索失效",连接失败,,https://www.shuhaiwu.com/#pb1101
♜八一中文⑭ #破冰1101,"发现失效,﹅ ♜ 优质,搜索失效",连接失败,,https://www.xzwdu.com/#pb1101
♜新笔下文学①,"发现失效,﹅ ♜ 优质,搜索失效",连接失败,,https://www.newbixia.cc/#♤pb
♜风雨小说③ #破冰1101,"【❌❌】网站失-效,搜索目录失效",连接失败,,https://www.44pq.cc/#pb1101
♬ 馨雨听书网 #破冰1025,听书,连接失败,,https://xytingshu.com/#pb1025
✈ 笔趣阁,AAAAA新,连接失败,,https://www.biquger.com
✐ 动漫之家 #一程1101,"🎨 C漫画,0-🏜️ 图片",连接失败,,https://m.dmzj.com#yc1101
✐ 动漫之家₂-M #Haxc,"🎨 C漫画,0-🏜️ 图片",连接失败,,https://api.dmzj.com#♤Haxc
✐ 好漫6 #Haxc1107,漫画🎟️,连接失败,,https://www.haoman6.com#Haxc1107
✨笔趣阁⁷⁷,搜索失效,可达,200,https://www.qiushubang.com##@尐哖
㊕ ✾鲤鱼乡② #一程,⁶❀耽女︎ºั轻言,连接失败,,https://www.liyuxiangbl.com#♤yc
㊝ 书荒阁API ♛♛,,连接失败,,https://api.shgxsapp.com#渊呀81
㊣✐ 米推漫画 #一程,漫画🎟️,连接失败,,https://imt.dushimh.com#♤yc
一起看漫画,漫画,连接失败,,https://www.17kmanhua.com
三优小说🎃,,连接失败,,https://www.3uxs.org#🎃
下拉漫画网,💯【稳定】,连接失败,,https://www.xiala5.com
丫电子书,小说 书源,连接失败,,https://www.xshuyaya.com
中文泡泡,②一般,连接失败,,https://www.zwpaopao.com
久久小说④,小说,连接失败,,https://m.969txt.com
乐翁,"【🈵♥🈵💯】231123千组1,搜索失效",连接失败,,https://www.mcswi.com/
九品文学-只能看灵异/其他无法看/规则不一样,网络; 发现,连接失败,,https://m.9pwx.com
书楼吧,,连接失败,,https://m.shulouba.org
书趣阁🎃,,连接失败,,https://m.22shuqu.com#🎃
云读小说网🎃,,超时,,https://m.yundu9.com#🎃
亲亲小说,"💭💭💭💭💭💭,搜索失效",连接失败,,https://www.qinqinxsw.com
人人小说,漫画,连接失败,,https://www.agxs.net-axin
伤城中文网,B级; 发现,连接失败,,https://www.dashubao.la
元尊小书屋(慢),神段【大乘级】（小说源）,连接失败,,https://m.xsw55.net/
全书网🎃,,连接失败,,https://yybook.vip#🎃
八一中文APP#haxc,"zip,🎉 精品,★,☀️搜书/换源 A▪精品",连接失败,,https://api.81zwapp.com#haxc
六九书吧🎃,小说,连接失败,,https://www.69hsz.com#🎃
冷门书屋,,连接失败,,https://www.ilengmen.com/
剑来/顶点小说🎃,,连接失败,,https://m.jianlai.cc#🎃
动漫之家s₃-A,漫画,连接失败,,https://sacg.dmzj.com/mh
努努书坊,💜未分组,连接失败,,https://www.nunusf.com
华文在线,漫画,连接失败,,https://wap.chinesezj.com
卡夜阁①™备用,"发现失效,搜索失效",连接失败,,https://m.kayege
参与书库,,连接失败,,https://www.shukuw.com
可米酷,漫画,连接失败,,https://www.comicool.cn
吾读书屋,网页源,连接失败,,https://www.wudusw.com/
喜纯小说,,连接失败,,https://www.xichubao.com/
喜纯阅读,小说 书源,连接失败,,https://www.xichubao.com##小说
四三中文,念心 || 小说,连接失败,,https://www.zw43.com/
四库读书,网页源,连接失败,,https://www.sikudushu.com/
坏蛋1234 #关耳,"💭💭💭💭💭💭,搜索失效",连接失败,,https://www.huaidan1234.com/#guaner
墨斋小说网,,连接失败,,https://www.mozhai123.net
夜书吧🎃,,连接失败,,https://www.yeshuba.com#🎃
大米小说,综合,连接失败,,https://www.damixs.biz
天涯在线书库🎃,,连接失败,,https://www.tianyabook.com#🎃
奇书小说,小说 书源,连接失败,,https://www.qisxs.com#🎃
孤独小说网🎃,222最新校验成功,连接失败,,https://m.shyosun.com#🎃
完本神站(手机版搜索),"大佬源,☣️senhora起点",连接失败,,https://mip.xinwanben.com
小姐姐漫画,🇰🇷【韩漫】,连接失败,,https://jusebao.co
小白漫画📱💰,,连接失败,,https://www.xiaobaimh.com
小说精华阁,,连接失败,,https://www.babahome.net
少儿不宜,"【❌❌】搜索失-效,搜索失效",连接失败,,https://m.o2000.com/
山药小说网[free],🏖️免费+,连接失败,,https://www.freexswa.com/
幼狮书盟,CM精品,连接失败,,https://www.yssm.tv
御宅书屋🎃,,连接失败,,https://m.mxbxs.com#🎃
快书读吧,小说 书源,连接失败,,https://m.kuaishuku.net
悟空小说wkxs,❤小说,连接失败,,https://m.wkxs.cc
我的书城,"全部来自论坛,校验超时",连接失败,,https://www.wodeshucheng.com/fenlei/
搜书网,"名著,修复",连接失败,,https://m.soshuw.cn
放眼看书,,连接失败,,https://aifangyan.net
斋书苑,🏵️  小说,连接失败,,https://m.zhaishuyuan.com2
新思路中文网,🌿精选源,连接失败,,https://m.slzww.com/
新笔趣阁,,连接失败,,https://www.tnnd.lol
无限动漫,🎨漫画,连接失败,,https://comic.dreamsinfo.cn
星辰漫画,漫画 书源,连接失败,,https://m.gmh1234.com
晨曦小说网,,连接失败,,https://m.chenxixsw.com##by_夏尔
最新火热,"💭💭💭💭💭💭,搜索失效",连接失败,,https://www.qdtianruimuye.com
极速漫画,漫画,连接失败,,https://jsohan.com
桃桃书屋taotao,❤小说,连接失败,,https://www.taotaoshu8.com
棉花糖,"测试组,@念丶无 残留,🏖️免费",连接失败,,https://wap.mianhuatang.info
楼兰小说论坛,天域战歌,连接失败,,https://www.loutxt.com
歪歪小说,爱猫小说书源合集,连接失败,,https://www.huangshiruanbao.com/index.html
汇雅苑,天域战歌,连接失败,,https://m.huiyayuan.com
泼墨小说🎃,,连接失败,,https://m.pomoxs.com#🎃
清风🎃,,连接失败,,https://www.qingquan.ren#🎃
滴哩漫画,失效,连接失败,,https://www.dilimh.com
漫画鱼,漫画,连接失败,,https://www.manhuayu8.com
炎上书屋🎃,,连接失败,,https://book.zri.moe#🎃
爱优漫📱,💯【稳定】,连接失败,,https://m.kaimanhua.com
爱悦读🎃,,连接失败,,https://www.iyd.wang#🎃
爱读小说网,⁹ಥ刘备入川〽️,连接失败,,https://www.52dus.org
独步小说,小说 书源,连接失败,,https://www.dubuxiaoshuo.com/
独步小说,小说 书源,连接失败,,https://www.dubu123.com#未月十八净化
玉米小说yookbook,W,连接失败,,https://m.yookbook.com
番茄小说🎃#2,,连接失败,,https://api.v2.sukimon.me:45554#🎃
番薯小说,,连接失败,,https://g21.manmeng168.com/##番薯
番薯渊呀,小说 书源,连接失败,,https://ggs.manmeng168.com#♤yuan
皮皮漫画网📱,漫画,连接失败,,https://m.pipimov.com
看漫画-M,漫画,连接失败,,https://m.kanbook.net
看看小说🎃,,连接失败,,https://www.kankanxs.xyz#🎃
短篇言情🎃,🍜其他,连接失败,,https://www.freenovelstudio.com#🎃
福中福中文,天域战歌整理,连接失败,,https://m.fzfzw.com
秀十八漫画-M,漫画,连接失败,,https://mip.xiushiba.com
笔下看书②,"💭💭💭💭💭💭,搜索失效",连接失败,,https://m.bxwxorg.com
笔尖中文,小说 书源,连接失败,,https://www.biquzw.la/
笔趣啦,💠 其他,连接失败,,https://biqula.twgsmoex.fun
笔趣工,"💭💭💭💭💭💭,搜索失效",连接失败,,https://www.855zw.com/
笔趣阁,⁉️ 自制,连接失败,,https://m.biquge.win
笔趣阁,💗,连接失败,,https://m.bqg5200.com
笔趣阁,,连接失败,,https://www.4zw.cc/
笔趣阁,小说 书源,连接失败,,https://www.2shuquge.cc#🎃
笔趣阁aishu9,"❤小说,☀其一",连接失败,,https://www.aishu9.com#sun
笔趣阁⑤🎗,特殊,连接失败,,https://www.22shuquge.com
笔趣阁㉓,"【🈵♥🈵💯】231123千组1,【】👾笔趣阁",连接失败,,https://m.bbiqq.com
笔趣阁🎃#49,,连接失败,,https://m.bqg70.com#🎃
笔趣阁🎃#74,,连接失败,,https://m.22biqu.com#🎃
笔趣阁🎃#91,,连接失败,,https://www.biqugl.com#🎃
笔阅读器,小说 书源,连接失败,,https://novelapi.kpkpo.com##
第一版主01,"搜索,发现,A级,特殊,18",连接失败,,https://www.01bz.tel
第一版主③,,连接失败,,https://diyibanzhu3.in
第二书包网④,³۝天域整理,连接失败,,https://www.muqiu55.com
米花书房,"💭💭💭💭💭💭,搜索失效",连接失败,,https://m.mihua.net
紫陌小说,网页源,连接失败,,https://www.zimoxs.com/
红颜书吧,"发现目录失效,天域苍穹,搜索目录失效",连接失败,,https://www.hyshub.com
缘分小说,网页源,连接失败,,https://www.51yuanxs.com/
美文书屋🙈#南笙21.0101,"发现失效,搜索失效",连接失败,,https://m.62ru.com#南笙21.0101
聚书库,神段【大乘级】（小说源）,连接失败,,https://m.jushuku.com
腐小说(慢),神段【大乘级】（小说源）,连接失败,,https://www.xgosd.net
自制书源【永久有效】,,连接失败,,https://poto.rouwenapp.com
萌猫动漫（简介）,念心 || 观影,连接失败,,https://www.17imoe.com/
言情小筑,🌸女生,连接失败,,https://m.yqxz.org
诗词中文,网页源,连接失败,,https://www.shicizw.com/
读客小说,网页源,连接失败,,https://www.dukexs.com/
谜书文学,网页源,连接失败,,https://www.mishuwx.com/
超凡小说,收集出处：源论坛 4月29号,连接失败,,https://wap.pan8.org
趣书网543🎃,,连接失败,,https://www.543xs.com#🎃
轻文,6、特殊,连接失败,,https://poi.iqing.com
酷客村🎃,,连接失败,,https://kukecun.com#🎃
锋书网,【小说1书源】,连接失败,,https://www.fengshuge.com/
阿u小说网,,连接失败,,https://auxsw.com/
零点看书,自制,连接失败,,https://m.0dkanshu.com
霹雳书屋🎃,,连接失败,,https://www.xiarishuwu.com#🎃
青瓜看书,小说 书源,连接失败,,https://qingking.hyhyn.com
顶点小说8,普通,连接失败,,https://www.x23us.me
风雨小说🎃#2,,连接失败,,https://www.44pq.cc#🎃
骑士小说🎃,,连接失败,,https://m.74txt.cc#🎃
鸟书网吧,,连接失败,,https://m.mk.la
黑龙小说,网页源,连接失败,,https://www.heilongxs.com/
🌐新新漫画,漫画 书源,连接失败,,https://m.77mh.xyz
🌠 动漫AGE,🌠 漫画,连接失败,,https://www.agedm.org/
🌴聚合书库,"【❌❌】搜索正文失-效,搜索失效",连接失败,,https://mjjxs.com/
🌸 感情文学,🌸 女频,连接失败,,https://www.ganqing5.com
🌸 百合小说,"【❌❌】搜索失-效,搜索失效",连接失败,,https://m.baihexs.com-DYS
🌸大雪天,"发现失效,搜索失效",连接失败,,https://www.daxuetian.com#关耳
🌸玫瑰小说,②🌸  常用,连接失败,,https://api.meiguixsapp.com/
🌾聚合API – 速读谷/得奇/江南小说,"全部来自论坛,网站失效",连接失败,,https://novel.api.qingread.icu
🍁笔趣阁⑥②,🍁 笔趣 🍁,连接失败,,https://www.vipkanshu.com/
🍁笔趣阁⑰②,🍁 笔趣 🍁,连接失败,,https://www.biqidu.com/
🍅大灰狼融合漫画2.1(独立版),大灰狼,连接失败,,https://20.langge.tk/#漫画/
🍉 玉彩网,"已校验10.21,🚬 刘备,🍉 男频,搜索失效",连接失败,,https://m.yucaizw.com
🍒 笑傲文学,"常用,搜索失效",连接失败,,https://www.szslkb.com
🍩暖酒小说,111最新校验成功,连接失败,,https://nuan9.com/
🍺 2K小说[仅发现],🍺特优,连接失败,,https://www.fpzw.com
🍺 同人志,🍺特优,连接失败,,https://m.faloo.org
🍺 笔趣阁,🍺特优,连接失败,,https://m.biqugee.com
🎀唐画南坊,⁹ಥ刘备入川〽️,连接失败,,https://tinghao.info/
🎃三五中文网🎃,,连接失败,,https://m.guigushi2.com#🎃
🎃参与书库🎃#2,,连接失败,,https://www.shukuw.com#🎃
🎃言情花园🎃,,连接失败,,https://www.yqhy.tw#🎃
🎃骑士小说🎃,,连接失败,,https://www.74txts.com#🎃
🎉 1600小说,"﹅ ♛ 精品,发现失效,搜索失效",连接失败,,https://1600.xyz
🎉 38看书网,🎉精品,连接失败,,https://m.38kanshu.com
🎉 一曲书斋𖤓,"🎉 精品,发现失效,搜索失效",连接失败,,https://www.equsz.com
🎉 乐文小说⑫[仅发现],,连接失败,,https://www.lwxs9.com
🎉 云看小说,🎉 精选 🎉,连接失败,,https://kan.ks666.top
🎉 奇书网,🎉精品,连接失败,,https://www.126shu.co
🎉 快眼看书[仅发现],,连接失败,,https://www.see023.com
🎉 新青豆小说,🌼晨光雨露🍒精品源💯,超时,,https://m.xinqingdou.com
🎉 海岸线文学,🎉 精选 🎉,连接失败,,https://m.haxyuedu.com
🎉 秒书屋,🎉精品,连接失败,,https://m.miaoshuwu.cc
🎉 老猫小说,🎉 精品,连接失败,,https://api.laomaoxs.net
🎉 阅小说网,,连接失败,,https://www.yuexs.com
🎉 魔法小说,🎉精品,连接失败,,https://wap.mofaxs.com
🎉75小说,🎉 精选 🎉,连接失败,,https://www.75dr.com/
🎉三零小说网,,连接失败,,https://www.30xiaoshuo.com/
🎉书阁小说①,,连接失败,,https://www.shuge9.com/
🎉大众小说,🎉 精选 🎉,连接失败,,https://m.xdzxsw.com/
🎉小说汇小说,,连接失败,,https://www.txthui.com/
🎉新笔下文学②,"🎉 精选 🎉,☣️senhora起点",连接失败,,https://www.xbxwx.cc/
🎉笔趣abcd①,,连接失败,,https://www.biquabc.com/
🎉读书网,"🎉 精选 🎉,🏵️  小说",连接失败,,https://www.dusuu.com
🎉追书大师,🎉 精选 🎉,连接失败,,https://www.zhuishudashi.com/
🎉顶点小说⑰,🎉 精选 🎉,连接失败,,https://www.dingdiann.net/
🎋雨枫轩（在线阅读）🎋,"🎄🎄🎄🎄🎄🎄,搜索失效",连接失败,,https://www.rain8.com/##响海3
🎨 50漫画网,🎨漫画,连接失败,,https://www.50mh.com
🎨 动漫之家V3,🎨漫画,连接失败,,https://www.v3api.dmzj.com
🎨 漫画大全,🎨漫画,连接失败,,https://m.3li.cc
🎨 芝士豪八动漫,🎨漫画,连接失败,,https://manhua.zsh8.com/page
🎨一本漫画,🎨 漫画,连接失败,,https://app.yibenmanhua.com
🎨来漫画,🎨 漫画,连接失败,,https://m.laimanhua.com
🏷️乐视小说🌱,,连接失败,,https://www.les3399.com#渊呀edit
🐳88听书,🐳 有声 🐳,连接失败,,https://www.88tingshu.com/
👍 MI看书,"优质源👍,🏵️  小说",连接失败,,https://www.mikanshu.com
👍 亲亲小说网,,连接失败,,https://m.qinqinxsw.com
👍 六看小说,,连接失败,,https://m.6kxs.net
👍 女神小说网[仅发现],,连接失败,,https://m.nvshenxs.com
👍 格格党[仅发现],👍优质,连接失败,,https://www.ggdown.cc
👍 笔趣阁[仅发现],👍优质,连接失败,,https://m.vipkanshu.com
👍 采薇小说[仅发现],,连接失败,,https://www.ybwzx.com
👔 飞言情网,👻 隐藏,连接失败,,https://www.fyq99.net/
💊 abc小说,💊无搜,连接失败,,https://wap.yb3.cc
💊 风筝小说,💊无搜,连接失败,,https://www.56fz.com
💠 飞跃九八,🏵️  小说,连接失败,,https://www.feiyue988.com
💦去读读小说,,连接失败,,https://www.qududu.cc/
💫久久小说⑤,神段【大乘级】（小说源）,连接失败,,https://www.jjxsw.la
💯全本小说①,"⌛️ 全局搜书 ⌛️,🍄   💯 精品 🍄,®️ 搜书男频 ®️",连接失败,,https://www.xxqb5200.com/
💯笔下文学③,🎉 精选 🎉,超时,,https://www.bxwx.org/
💯雅文小说,🎉 精选 🎉,连接失败,,https://www.yawen365.com
💵 米国度,,连接失败,,https://api.myrics.com
📖 棋子小说,"🍍🍍🍍🍍🍍🍍,📖 324,搜索失效",连接失败,,https://www.qizi02.com/
📖 笔趣阁网,📖 小说,连接失败,,https://www.aishu5.net/
📖 黄金屋网,"【❌❌】搜索失-效,搜索失效",连接失败,,https://www.hjwxs.com/
📚 31看书网,📚出版,连接失败,,https://www.31ksw.org
📚书山融合短剧3.0(独立版),"番茄短剧,河马短剧",连接失败,,https://ga.shusan.xyz/#短剧/
📜 茄子小说网,[小说源],连接失败,,https://wap.free-xsw.com
📡 乐视小说[仅发现],,连接失败,,https://www.les3399.com
📡 迅读网[仅发现],,连接失败,,https://www.xunread.com
📻 喜马拉雅™,📻有声,连接失败,,https://www.ximalaya
🔆读书阁,,连接失败,,https://www.dushuge.net/
🔥 lesbl腐书,"发现失效,备用,搜索失效",连接失败,,https://www.lesbl.com#一程
🔥69shu.me,"3⚡破防盗,可用69",连接失败,,https://69shu.me/index.html
🔰 乐文小说[仅发现],,连接失败,,https://m.lwlewen.com
🔰 八七玄幻[仅发现],🔰普通,连接失败,,https://m.87xh.com
🔰 圣武书库,"5.26,3",连接失败,,https://www.iswsk.com#下载
🔰 梦幻小说,🔰 普通,连接失败,,https://www.pan5.la/
🔰 笔下文学,🔰 普通,连接失败,,https://www.bixia66.com
🔰 腐女中文[仅发现],🔰普通,连接失败,,https://m.fnzw.com
🔰 读书阁②,⑤🛍︎  小说,连接失败,,https://stxt.top
🔰 飞库书包,🔰普通,连接失败,,https://www.feikusb.com
🔰一品读书,🔰 一般 🔰,连接失败,,https://www.ypdushu.com/
🔰听书小说,🔰 一般 🔰,连接失败,,https://www.tingshuxs.com/
🔰我看书屋,,连接失败,,https://www.wkshuwu.com/
🔰来看小说,🔰 一般 🔰,连接失败,,https://www.look37.com/
🔰若晴小说②,🔰 一般 🔰,连接失败,,https://www.ruoqingxs.com/
🔰饭饭读书🖤ffdushu,,连接失败,,https://www.ffdushu.com/
🖤阅民▪︎APP ♛♛♛✘,,连接失败,,https://app.maibaipai.com#渊呀81
🚬 乡土小说网,🚬刘备,连接失败,,https://www.xiagtxsw.com
🚬 小说阅读网,🚬刘备,连接失败,,https://www.chenhuixsh.com
🚬 笔趣阁.05[仅发现],🚬刘备,连接失败,,https://m.biquge05.com
🚬 锦书楼,🚬刘备,连接失败,,https://m.jinshulou.net
🥀红尘小说网,🧸  备用,连接失败,,https://www.zuxs.net
🥩一世书城,,连接失败,,https://wap.114txt.cc
(教程)网站不跳转手机页面~写书源的必看,"搜索链接规则为空,外置",其它错误,,晨光雨露  精修源❤我只是收集/整理
114,❀ 随源,其它错误,,❀.114zw
17k免费,"发现失效,搜索目录失效,如月流光,☃晨光雨露᭄精俢源*,▽置顶`ȏ´正版发现",其它错误,,http://api.ali.17k.com/免费
99小说#南笙21.0101,搜索失效,可达,200,https://m.99wanban.com#南笙21.0101
QQ阅读[榜单],发现,其它错误,,http://ku.mumuceo.com/QQ阅读by木木
Xiao,Việt Nam,其它错误,,https://www.xiaomitemai.com
å¦ç¬é,ð åæº,其它错误,,https://www.imiaobige.com/â
ç±çä¹¦,ç¹æ®è¯­æ³,其它错误,,http://cx.ikanshu.cnååå
èµ·ç¹ â,ð åæº,其它错误,,https://www.qidian.com/â
ଇ有兔阅读,"发现失效,﹅ 通用书源▪︎玄奇,搜索失效",其它错误,,❀.youzibank#未月十八二次排版
Ⓒ 一七小说,搜索失效,可达,200,https://www.17xs.net/
Ⓢ 笔下文学⑥,搜索失效,可达,200,https://www.99bxwx.com
♣️ 百合小说,搜索失效,其它错误,,https://m.baihexs.com已整理
✐   农民文学,☃ 自用,其它错误,,https://www.nonmin.net
一个书源,"搜索链接规则为空,小说",其它错误,,一个书源
下书网🎃,,其它错误,,https://m.dayuzc.com#🎃
九桃,CM优质,其它错误,,https://www.9txs.com/❀
书旗小说APP[榜单],发现,其它错误,,http://ku.mumuceo.com/书旗小说APPby木木
云起书院,发现,其它错误,,http://yuan.mumuceo.com/云起书院by木木
六六影视网,视频,超时,,https://66yy.net
创世中文网,发现,其它错误,,http://yuan.mumuceo.com/创世中文网by木木
博士书屋,A级,其它错误,,https://www.boshisw.com
喜马拉雅,有声,其它错误,,http://search.ximalaya.com已校验
多看阅读APP,发现,其它错误,,http://yuan.mumuceo.com/多看阅读APPby木木
夸克->电脑,"【❌❌】搜索失-效,搜索失效",其它错误,,夸克->电脑
小说阅读网,发现,其它错误,,http://yuan.mumuceo.com/小说阅读网by木木
当前书源更新日期：2025.0707.0126,,其它错误,,当前书源更新日期：2025.0707.0126
成,战歌,其它错误,,https:blog.xbookcn.net
掌阅iReader[榜单],发现,其它错误,,http://ku.mumuceo.com/掌阅iReaderby木木
斋书苑,👍 优质,其它错误,,https://www.zhaishuyuan.com/❀
有兔阅读,"✔️,搜索失效",其它错误,,❀.youzibank#字数
松鼠阅读网,发现,其它错误,,http://yuan.mumuceo.com/松鼠阅读网by木木
橙瓜网[榜单],发现,其它错误,,http://ku.mumuceo.com/橙瓜网by木木
漫香阁🎃#2,,其它错误,,https://漫香阁.com#🎃
热门小说网🎃,⑤🛍︎  小说,可达,200,https://www.remenxsxs.com#🎃
爱奇艺阅读APP,发现,其它错误,,http://yuan.mumuceo.com/爱奇艺阅读APPby木木
爱读书吧🎃,,其它错误,,https://www.aidushu8.com#🎃
玄界小说,,其它错误,,https://m.xuanjiexiaoshuo.com
番茄,🎉 精选 🎉,其它错误,,❀.fqxsw
百度百科,"💭💭💭💭💭💭,搜索失效",其它错误,,https://baike.baidu已整理
知乎盐选（发现）,小说 书源,其它错误,,小说合集
笔趣喵,💜未分组,其它错误,,https://www.biqumiao.com
红薯中文网,发现,其它错误,,http://yuan.mumuceo.com/红薯中文网by木木
纵横中文网,发现,其它错误,,http://yuan.mumuceo.com/纵横中文网by木木
自制,"🍁发现,自,📖小说",其它错误,,自制
衍墨轩,⁴☃晨光雨露᭄精品源,其它错误,,❀.ymoxuan
说说520九天之狼,发现; 失效,其它错误,,http://域名你来改
起点女生网[榜单],发现,其它错误,,http://ku.mumuceo.com/起点女生网by木木
追书神器,发现,其它错误,,http://yuan.mumuceo.com/追书神器by木木
逐浪小说APP[榜单],发现,其它错误,,http://ku.mumuceo.com/逐浪小说APPby木木
采薇书院,发现,其它错误,,http://yuan.mumuceo.com/采薇书院by木木
雅文,❀ 随源,其它错误,,❀.yawen365
顶点小说⑲™,搜索失效,其它错误,,https://m.dingdianxs.com
黑暗小说（发现）,小说 书源,其它错误,,https://www.longfuxs8.com
🌠 漫画台,🌠 漫画,超时,,http://manhuatai.org
🌸 安卓,"🌸常用,☣️senhora起点",其它错误,,❀.anzhuoxs
🌹🌺书源合集更新群🌺🌹：637775313,"搜索链接规则为空,发现规则为空",其它错误,,加入大佬群：637775313
🍊 五吉小说,🍊女频,其它错误,,5g小说 - 百度引擎
🍺 八戒,"⛓️破防,🍺特优",其它错误,,❀.8jzw
🍺 有兔,"✔️,搜索失效",其它错误,,❀.youzibank
🍺 笔趣阁⑤,🍺特优,其它错误,,https://www.biqudd.com⑤
🎃顶点小说🎃#2,,其它错误,,http://m.dibanyou.com#🎃
🎈 sf轻小说,【小说2书源】,其它错误,,http://book.sfacg.com已校验
🎉 中文读,🎉精品,其它错误,,❀.zwdu
🎉 奇书,🎉精品,其它错误,,❀.qsw
🎉 小说旗,🎉精品,其它错误,,❀.xs7
🎉 斋书苑,🎉精品,其它错误,,❀.zhaishuyuan
🎉 笔趣阁⑨⑧,1235467987,其它错误,,https://www.biquge123.cc已整理
🎉 酷小说,🎉精品,其它错误,,❀.kuxiaoshuo
🎉 顶点小说⑪,"﹅ ♛ 精品,搜索失效",其它错误,,https://www.dingdianxs.com
🎉笔趣阁新站,"【❌❌】网站失-效,【】👾笔趣阁",其它错误,,https://www.xsbiquge.net/已校验
🎋天悦小说网🎋,,其它错误,,https://m.tyxsw.org/
🎨 骚客漫画,🎨漫画,其它错误,,骚客漫画
🎼 5sing翻唱,"【❌❌】搜索正文失-效,搜索失效",其它错误,,https://music.liuzhijin.cn-fc已校验
🐶53中文,搜索失效,其它错误,,❀.53zw
🐶笔趣阁⑥,SSS,其它错误,,https://www.biqugexx.com⑥
👍 书海阁,"﹅ ♜ 优质,搜索失效",其它错误,,https://www.shuhaige.net#novelslist2 li!0#芜恙
👍 宝来,芜恙,可达,200,https://m.baolaishiye.com#list li
💍晋江,🏵️  小说,其它错误,,晋江：web端搜索 言情标签
💠通用书源V13,💠通用,其它错误,,通用书源#乃星V13
💵 晋江[百合],搜索链接规则为空,其它错误,,http://www.jjwxc.net发现
💵 起点 ♂,💵正版,其它错误,,https://www.qidian.com/♂
💽 美女图站,涩漫图,其它错误,,这是一个图集
📚 世界名著网百度site,"【】🎓名著,【❌❌】搜索正文失-效,搜索失效",其它错误,,http://t.icesmall.cn已校验
📡 小说阅读网[榜单],📡发现,其它错误,,http://ku.mumuceo.com/小说阅读网by木木
📡 龙腾小说网,"发现,发现失效,搜索失效",可达,200,https://www.wanren8.co
🔖 模板,微筛选,其它错误,,模板
🔗谷歌搜书,🔗聚合,其它错误,,🔗谷歌搜书
🔰 百家网,🔰普通,其它错误,,http://m.baijiaw.com
🔰天下中文,🔰 一般 🔰,可达,200,https://www.tianxizw.com/
🔰爱去读书,🔰 一般 🔰,可达,200,https://www.aiquds.com/
🖨️ 百度搜书,🖨️引擎,其它错误,,百度搜书
138xs,天,异常状态,503,http://www.138xs.com
168小说,搜索失效,异常状态,503,http://www.168168168.net
19楼书包网,"搜索链接规则为空,天龙",异常状态,521,https://www.aishula.com
2K中文,常用,异常状态,503,http://m.2kzhongwen.com/
35小说🎃,,其它错误,,http://www.swsk.org#🎃
36小说网🎃,,其它错误,,http://www.360xs.cc#🎃
51途站™九天之狼,🏵️  小说,异常状态,503,http://m.51tuz.com
54爱书网™,"搜索链接规则为空,天龙",异常状态,503,http://www.54ibook.com
5nd音乐,有声,异常状态,400,http://so.5nd.com
630看书,"﹅ 通用书源▪︎玄奇,搜索失效",其它错误,,http://www.630ksw.com-By Dark#鸡排饭
67漫画网™📱⛅💡,,异常状态,503,http://m.67manhua.com
777漫画网™📱⛅,,异常状态,503,http://m.777mh.com
88中文,"破冰｜黄凡凡,搜索失效",异常状态,503,http://www.biquze.com/
A8音乐,有声,异常状态,503,http://so.a8.com
NB中文网,已检验,其它错误,,http://www.nbw.la#🇨🇳Namo
TXT书籍,搜索失效,异常状态,503,http://www.txtshuji.com
UZI看书网,"🏅 精选,发现失效,搜索失效",异常状态,503,http://www.uzikanshu.com
acgzc,﹅ 通用书源▪︎玄奇,异常状态,503,http://www.acgzc.com-3
md♛-❀5200小说m ♝♝- +,"漫画,﹅ ♛ 精品,﹅ ♝ 优良,搜索失效",异常状态,521,https://m.5200.tv
wushuwu,测试,异常状态,503,http://www.wushuwu.net
Ⓐ 360小说,搜索失效,异常状态,503,http://www.tushu360.com
Ⓐ 燃文小说②,𐄛 Ⓐ级,其它错误,,http://m.ranwen.me#未月十八改
Ⓐ 笔趣阁⑫,,其它错误,,http://m.1kzw.com#未月十八净化
Ⓑ 换源神器,𐄜 Ⓑ级,异常状态,503,http://api.chnsmoker.com/
Ⓢ 微微免费小说,𐄚 Ⓢ级,异常状态,503,http://api.fankan.wang/
☘️书海小说网☘️,,其它错误,,http://www.shuhai.com/##响海
☘️八一中文网☘️,,异常状态,521,https://m.81zw.net
☘️天天小说网☘️,,异常状态,503,http://m.366xiaoshuo.com
♛¹乐兔阅读▪︎API✘  #渊呀,¹▽置顶`ȏ´正版发现,其它错误,,http://door.tl05.com#♤yuan
♜ ✎笔趣阁⑯③ #破冰,²♨笔-趣-阁❆,异常状态,444,http://www.i7oo.com/#pb1101
♜-修笔小说 #破冰,"2,搜索失效",异常状态,521,https://www.xiubi.net/#♤pb
♜-读书阁② #破冰,"2,搜索失效",其它错误,,http://www.dushuge.com/#♤pb
♜-趣书屋① #破冰,"2,搜索失效",其它错误,,http://www.wtxsw.com/#♤pb
♜360小说网① #破冰1101,"【❌❌】搜索失-效,搜索失效",异常状态,503,http://www.360xs.cc/#pb1101
♜E书吧 #破冰,"﹅ ♜ 优质,搜索失效",异常状态,503,http://www.eshuba.org/#pb1101
♜九尾小说网 #破冰,"2,搜索失效",其它错误,,http://www.9vxs.com/#♤pb
♜八二文学网 #破冰1101,¹▽置顶`ȏ´正版发现,异常状态,503,http://www.82wxw.com/#pb1101
♜苦瓜文学网,已检验,异常状态,503,http://www.kgwxw.com/#pb1101
♜蜂蜜文学网,已检验,异常状态,503,http://www.fmwxw.com/#pb1101
♜请看书② #破冰,"﹅ ♜ 优质,搜索失效",异常状态,521,http://www.qingkanshu.com/#pb1101
♜长江文学网 #破冰1101,¹▽置顶`ȏ´正版发现,异常状态,503,http://www.cjwxw.com/#pb1101
♜鲲鹏文学网 #破冰1101,已检验,异常状态,503,http://www.kpwxw.com/#pb1101
♠ 笔趣阁㉒,🏆精品,异常状态,503,http://www.biqufu.com/
✎ 笔趣阁32,"1,5.24,搜索失效",异常状态,503,http://www.51biquge.com
✐   汉  夫  子,☃ 自用,异常状态,503,http://m.kandashuw.com/
✾.Ⓐ 360小说网 #未月十八1001,"﹅ ✾ 言耽,搜索失效",异常状态,503,http://www.tushu360.com/#wy18-1001
✾.Ⓐ 趣书屋 #未月十八1001,"﹅ ✾ 言耽,﹅ ♜ 优质,搜索失效",异常状态,503,http://www.wtxsw.com/#wy18-1001
㊝ 笔趣屋API ♛♛♛♚,,异常状态,502,https://api.ywpxg.com#ag2sm
七星小说网,搜索链接规则为空,异常状态,503,http://m.qixingbook.com
万文阁™叶子,搜索失效,异常状态,503,http://www.wanwenge.com
三易文学,"﹅ 通用书源▪︎玄奇,搜索失效",异常状态,503,http://www.31wxw8.com
中文书城,,异常状态,502,https://m.wolaidu.cc/
乐文小说③,⁹ಥ刘备入川〽️,异常状态,503,http://m.lewenwx.net
乡村小说网,搜索链接规则为空,异常状态,503,http://www.msxs.me
书迷阁,1、优,异常状态,503,http://www.shuxie8.com
五块五,,异常状态,503,http://m.5k5m.com
傲宇阁,"优,修复",异常状态,503,http://www.aoyuge.com
免费读书,优,异常状态,503,http://freeapk.ggbook.cn
全本小说网,Namo,异常状态,503,http://www.quanbenwang.net
八二文学网,已检验,异常状态,503,http://www.82wxw.com/
千千,🏵️  小说,异常状态,503,http://m.newqqxs.com
吉林小说网①,³۝天域整理,异常状态,503,http://m.jilinaaa.com
咕咕漫画™💰,,异常状态,503,http://api-app.maimengjun.com:80
喜马拉雅,,异常状态,503,http://search.ximalaya.commd-guaner
图书世界🎃,,其它错误,,http://0cungs6uh7.22o5y90q5g.205639.xyz#🎃
夜天连看🎃#2,轩1,其它错误,,http://www.yetianlian.com#🎃
大爱小说,天域战歌整理,异常状态,503,http://www.daai99.com
天翼阅读,🏵️  小说,异常状态,503,http://wap.tyread.com/pindao/shucheng/index.html?is_ctwap=0&fromModule=J-index-nav-shucheng&type=6
太子中文,83d,异常状态,503,http://www.taizizw.com
奇书,搜索失效,可达,200,http://wap.xqishuta.com
好客中文,83d,异常状态,503,http://www.haokezw.com
好漫画™⛅,失效,异常状态,503,http://www.haomh.com
安之原创基地💯,【🈵♥🈵💯】231123千组1,异常状态,503,http://www.azycjd.com-1
小书亭,S,异常状态,503,http://www.xiaoshuting.la
小说大全,《荣耀典藏》,异常状态,503,http://ebook.kinglion168.com:80
小说视角,83d,异常状态,503,http://www.qxsdh.com
布咕阅读🎃,轩1,其它错误,,http://www.bgwxc.com##🎃
当 书 网🗄,🚀VPN,异常状态,530,https://www.downbook.cc/#guaner2211
御书网,➕💓狸猫自写,异常状态,503,http://m.yushuge.me/
快读小说,,异常状态,503,http://www.akdbsm.cn/
悦读FM,🎧 有声,异常状态,503,http://yuedu.fm
搜书吧🎃,,其它错误,,http://www.soshu8.com#🎃
新笔趣阁🎃,,异常状态,525,https://www.qidianxin.com#🎃
无弹窗,"校验源,搜索失效",异常状态,503,http://www.dadaxs.net/
有兔·男生💯,微筛选,异常状态,503,http://app.youzibank.com/nansheng
杰众文学,已检,异常状态,503,http://www.jiezhong.org
梦远书城,已检验,异常状态,520,https://www.mengyuanshucheng.com#未月十八净化
梧州中文台~m.wzzw.la,"禁用,优+,搜索失效",异常状态,503,http://m.wzzw.la
止伐小说网,默认,异常状态,503,http://m.411zhifa.com
泰山小说,83d,异常状态,503,http://www.taishanxs.com
漫步小说网™,普通,异常状态,503,http://www.mbuxs.com
漫画1234ymh1234.com,漫画,异常状态,530,https://www.ymh1234.com
烟幕小说,至,异常状态,503,http://www.yanmuer.com/
爱奇艺文学💯,"【❌❌】搜索正文失-效,搜索失效",异常状态,503,http://wenxue.iqiyi.com-a
爱奇艺文学💯,"【❌❌】搜索正文失-效,搜索失效",异常状态,503,http://wenxue.iqiyi.com-7
爱奇艺文学💯,"【❌❌】搜索正文失-效,搜索失效",异常状态,503,http://wenxue.iqiyi.com-3
爱看书,搜索链接规则为空,异常状态,502,https://www.aaaks.com
牛牛小说,"小说,失效",异常状态,503,http://xs.niuniuxs.com/
玉石书楼🎃,,其它错误,,http://m3.xy776.cn/app/index.php?i=897&c=entry&do=my_shouji&op=shouye&m=iweite_xiaoshuo&wxref=mp.weixin.qq.com#🎃
番茄小说,"外置,番茄小说",异常状态,503,http://m.fqxs.la
看书阁,🏵️  小说,异常状态,521,http://m.kenshuge.org
看神书,83d,异常状态,503,http://www.kanshenshu.com
知轩藏书,"💭💭💭💭💭💭,搜索失效",异常状态,503,http://zxcs.me
知轩藏书🎃,小说,其它错误,,http://new.zxcs.info#🎃
神的中文,83d,异常状态,503,http://www.shendezw.com
秀书网,,异常状态,503,http://www.xiushuwang.cc
笔书阁🎃,,其它错误,,http://www.969193.com#🎃
笔趣楼,,异常状态,521,https://www.biqulou.com
笔趣轩biquxan.com,,异常状态,503,http://www.biquxan.com
笔趣阁.biquger,"优质源👍,💒 笔趣",异常状态,503,http://www.biquger.me
笔趣阁④,已检,异常状态,503,http://www.biquge11.com
笔趣阁🎃#33,,其它错误,,http://www.bbiquge.com#🎃
第一版主,搜索链接规则为空,异常状态,503,http://m.diyibanzhu.tw
第一版主🎃#2,,其它错误,,http://www.fengyuan8.com#🎃
筆趣閣,,异常状态,503,http://m.xibige.com
纵横手机版,精选书源,异常状态,500,http://m.zongheng.com
翠微居②,⁹ಥ刘备入川〽️,异常状态,503,http://m.xincuiweiju.cc
胖次漫画🇰🇷,,异常状态,503,http://www.gssy.cc
腐读阁,神段【大乘级】（小说源）,异常状态,503,http://www.xfuduge.com
舍得文学,83d,异常状态,503,http://www.shedewx.com
花园,,异常状态,503,http://park521.com
蛋文库,已检,异常状态,503,http://wap.danwenku.com
衍墨轩③,【❌❌】网站失-效,异常状态,503,http://www.ymoxuan.com-8
西红柿小说,,其它错误,,http://m.fqxs.org-By Dark
读一读 du1du,搜索失效,其它错误,,http://www.du1du.cc-By Dark
读文族,"🥀无发现,搜索失效",异常状态,503,http://www.duwenzu.com
谷歌网,【🈵♥🈵💯】231123千组1,异常状态,503,http://m.gugexs.com-9
趣读书,,异常状态,503,http://book.qudu99.com
辣文小说,83d,异常状态,503,http://m.lawen44.net
逗别看,"📺 影视聚合,搜索失效",异常状态,503,http://www.doubiekan.tv/
造化图小说网,,其它错误,,http://m.zaohuatu.com/##十一
邪恶漫画,漫画,异常状态,503,http://www.52kkm.me
都来看书,83d,异常状态,503,http://www.doulaiks.com
阅读屋,已检,异常状态,503,http://www.yueduwu.com
零八书屋手机站,,异常状态,503,http://m.kshu08.com
顶点小说,搜索失效,异常状态,503,http://www.23wxw.com
顶点小说🎃,222最新校验成功,其它错误,,http://www.idingdian.com#🎃
飘天文学②,天域战歌整理,异常状态,503,http://www.piaotianz.com
香网,"【🈵♥🈵💯】231123千组1,搜索失效",异常状态,503,http://www.xiang5.com-7
香网,"【❌❌】搜索正文失-效,搜索失效",异常状态,503,http://www.xiang5.com-3
骚秘书,天域战歌,异常状态,503,http://saoms.me
麦萌🅰,"搜索链接规则为空,天龙",异常状态,503,http://api-app.maimengjun.com
️ 爱小说啦,,异常状态,503,http://www.kk.la
🌸 书农小说,🌸常用,异常状态,503,http://m.qxswk.com
🌸 笔趣听书,🌸常用,异常状态,503,http://www.biquts.com
🌸 采墨阁,已检验,异常状态,503,http://www.kushu.co
🍁笔趣阁⑧①,²♨笔-趣-阁❆,异常状态,503,http://www.biqugexsw.info/
🍁笔趣阁⑰⑦,🍁 笔趣 🍁,异常状态,503,http://www.27biquge.com/
🍊17k小说网 #破冰,🍊山有木兮木有枝🍊,异常状态,503,https://www.17kxsw.com/#♤pb
🍍菠萝漫画,漫画,异常状态,503,http://m.boluodm.com
🍑 鯉魚鄉,神段【大乘级】（小说源）,异常状态,503,http://www.awubook.com
🍞阅读屋网,⁵♡ོ晨光雨露✺普通源,异常状态,503,http://m.yueduwu.com
🍺 630看书,🍺特优,其它错误,,http://www.630ksw.com-By Dark
🍺 六度小说,🍺特优,异常状态,503,http://www.6dxsw.com
🍺 思路客ⓑⓘⓩ,🍺特优,其它错误,,http://www.siluke.biz#up ul li!0
🍺 无弹窗530p,³۝天域整理,其它错误,,http://www.530p.com-By Dark
🍺 猫扑小说网,🍺特优,异常状态,503,http://www.mpxiaoshuo.com
🍺 镇魂小说网,🍺特优,异常状态,503,http://www.xsdha.com
🎃52书库🎃,,异常状态,500,https://www.52shukuw.cc#🎃
🎃歪歪书库🎃,,其它错误,,http://www.yysk.net#🎃
🎃纵横中文网🎃#2,,其它错误,,http://www.zongheng.com#🎃
🎃鬼吹灯🎃#7,,其它错误,,http://m.cxbz.org#🎃
🎉 14k小说网,🎉精品,异常状态,503,http://14k.ooo
🎉 4G小说网,"🎉 优质,搜索失效",异常状态,503,http://www.4gxsw.com
🎉 69中文②,🎉 精选 🎉,异常状态,503,http://m.shu69.com
🎉 中网文学,,异常状态,503,http://www.zwwx.com
🎉 书农,🎉精品,其它错误,,http://www.qxswk.com#listbox li
🎉 全本小说④,🎉 精选 🎉,异常状态,503,http://www.ybdu.co
🎉 启点,🎉 精选 🎉,其它错误,,http://www.qdzw.net#flex li
🎉 布壳阅读,🎉精品,异常状态,503,http://client.ywread.com
🎉 斗罗大陆网,🎉 优质,异常状态,503,http://www.553wx.com
🎉 梦远书城,需要登录,异常状态,520,https://www.mengyuanshucheng.com#pt-rank-detail
🎉 欻书网,👍 优质,异常状态,503,http://m.chuashu.com
🎉 狂沙文学,🎉 精选 🎉,异常状态,503,http://m.eqeq.net
🎉 看大书网,🎉精品,异常状态,503,http://www.kandshu.com
🎉 笔趣窝,🎉精品,异常状态,503,http://www.biquwowo.com
🎉 笔趣阁MM,🎉精品,异常状态,503,http://www.biquge.vip
🎉 酷文小说,,异常状态,503,http://m.kuwenxs.com
🎉 鲲鹏文学网,³۝天域整理,异常状态,503,http://www.kpwxw.com
🎉52小说②,🎉 精选 🎉,异常状态,503,http://m.5ixsw.net/
🎉E书吧,🎉 精选 🎉,异常状态,503,http://www.eshuba.org/
🎉大神吧小说,🎉 精选 🎉,异常状态,521,http://www.tingshuge.com/
🎉看大书网,🎉 精选 🎉,异常状态,503,http://www.kandashuw.com/
🎉蜂蜜文学网,"【❌❌】搜索失-效,搜索失效",异常状态,503,http://www.fmwxw.com/
🎉长江文学网,³۝天域整理,异常状态,503,http://www.cjwxw.com/
🎉飞速中文网②,🎉 精选 🎉,异常状态,502,http://www.fsleike.com/
🎨 733漫画,🎨漫画,异常状态,503,http://m.733mh.com
🎨 亲亲漫画,🎨漫画,异常状态,503,http://www.yato.cc
🎨 大角虫™,🎨漫画,异常状态,503,http://dajiaochong.517w.com
🎨 漫画客,🎨漫画,异常状态,503,http://www.mangake.com
🎨笔趣阁 biquger,"🏵️  小说,💒 笔趣",异常状态,503,m.biquger.me
🎶 歌曲大全-酷狗,,其它错误,,http://www.gequdaquan.net-kugou#芜恙
🎼 虾米,🎼音乐,异常状态,503,http://www.gequdaquan.net-xiami
🏀 趣读屋,,异常状态,521,http://www.quduwu.com/
🐶下书网,SSS,异常状态,521,https://www.xiashucom.com/
🐶血红小说①🍒,已检验,异常状态,503,http://www.xuehong.co/
👍 下书久久,"发现失效,﹅ ♜ 优质,搜索失效",异常状态,521,https://www.xiashu99.com#一程
👍 快搜小说网,👍优质,异常状态,503,http://www.le77.com
👍 梦远书城,需要登录,异常状态,520,https://www.mengyuanshucheng.com#pt-rank-detail#芜恙
👍 笔趣客,👍优质,异常状态,503,http://m.biquts.com
👍全本小说⑧,优质源👍,异常状态,503,http://m.shulou.la/
👑 乐文小说,,异常状态,503,http://m.lewen9.com
👾三月中文,搜索失效,可达,200,http://m.3yzw.com/
👾西施文学,,异常状态,503,http://m.xishiwx.com/
💠 格格党,🏵️  小说,异常状态,503,http://www.1ggd.com
💦新笔下文学①,,异常状态,503,http://www.newbixia.com/
💫就爱小说,"﹅ ♞ 普通,搜索失效",异常状态,503,http://www.xlwyrj.com
💯看书神器,💯 精品 💯,异常状态,503,http://ebook.dashuebook.com/
📖 永久阅读,📖 小说,异常状态,503,http://yonglitop.com:802/
📚 古典,"出版,搜索失效",其它错误,,http://www.cngdwx.com#ul_b_list li
📚 飘天文学,📚 出版,异常状态,503,http://www.piaotian5.com
📡 猪猪书屋,📡发现,异常状态,503,http://www.zhuzhunovel.com
📥 圣武书库,📥下载,异常状态,503,http://www.iswsk.com
📻 听书阁,📻有声电台,异常状态,503,http://www.itingshuge.com
📻幸福听书,听书 书源; 发现规则语法错误,超时,,http://m.xfflim8.com/
🔖知轩藏书,"【❌❌】搜索失-效,搜索失效",其它错误,,http://www.zxcs.me##2
🔥 小说族,优质源👍,异常状态,503,http://www.xiaoshuozu8.com
🔰 一流小站,🔰普通,异常状态,503,http://www.16xz.com
🔰 文鱼中文网,🏵️  小说,异常状态,503,http://www.typkey.com
🔰 杰众文学,已检,异常状态,503,http://m.jiezhong.org
🔰 泽天记[仅发现],,异常状态,503,http://zetianji.club
🔰 笔趣库™迷云,🔰普通,异常状态,521,https://m.biquku.com
🔰 笔趣阁123456,🔰 普通,异常状态,503,http://api.biquge123456.com
🔰 豆腐阅读,🔰 普通,异常状态,503,http://api.doufu.la
🔰 闪电小说[仅发现],🔰普通,异常状态,503,http://www.shandianxs.com
🔰八一中文⑲,"🔰 普通,🍀,搜索失效",异常状态,503,http://www.81zwx.com/
🔰血红小说网①,🏵️  小说,异常状态,503,http://www.xuehongxs.net/
🖤♛有兔阅读▪︎APP #一程,"发现失效,✔️,搜索失效",其它错误,,http://app.youzibank.com#yc1101
🚬 乐文中文,🚬刘备,异常状态,503,http://www.lewen55.com
🚬 书书屋小说,🚬刘备,异常状态,503,http://www.shushuwu520.com
🚬 易读,🚬刘备,异常状态,503,http://www.yidudu1.cc
🚬 辣文合集[仅发现],🚬刘备,异常状态,503,http://www.jfyxsh.com
🚬 逆流小说网,"测试组,测试1,神",异常状态,503,http://www.niliuxs.org
🥈多本小说,"🥈补充,失效",异常状态,521,http://www.duoben.net
🥛搜狗售卖,⁴☃晨光雨露᭄精品源,异常状态,503,http://yd.sogou.com
#就爱读小说~92dxs.com,已检,超时,,https://www.92dxs.com
13听书网,"发现规则为空,搜索链接规则为空,兔兔兔",可达,200,https://www.ting13.com
17模板网①,"♡ོ晨光雨露✺精品源,如月流光,搜索失效",可达,200,http://www.yqksb.com
234热门🎃,,其它错误,,http://m.234re.com#🎃
2K中文,常用,超时,,http://m.2kzw.cc/
31小说网,搜索失效,超时,,http://www.xx31xs.org
31小说网②,搜索失效,可达,200,http://www.31xsw.net
360文学网①,天域战歌整理,可达,200,http://www.360wxw.com
4020电子书,漫画,超时,,https://m.520txtba.com
5200小说网[quanxiaoshuo],"【❌❌】网站失-效,搜索失效",可达,200,https://quanxiaoshuo.com/
55中文网,天域战歌整理,超时,,http://www.55zw.com
60看书🎃,222最新校验成功,其它错误,,http://www.60ks.info#🎃
74文学网,"测试组,测试1,神",超时,,https://m.74wx.vip
80,,超时,,www.80txt.com
89文学网,,超时,,https://m.89wxw.com
96 #Thomas哟 #md,"专用,搜索链接规则为空",其它错误,,http://107.148.43.152:81#Thomas哟m
97小说/无限小说网,"自制,发现,源仓库,网页源",超时,,https://m.97xiaoshuo.net
FORUM GIRL//请大佬帮忙完善,"搜索链接规则为空,9123",超时,,www.superbeautygirlx.com
OmoFun动漫,"📺 影视聚合,搜索失效",有响应(拦截),429,https://omofun.tv/
[MUSIC]听中国🐱,有声,超时,,http://m.tingchina.com
b🌸147小说🅰💜💜💜w #芜恙 bak,"👍 优质,21.01芜恙,★,",其它错误,,http://www.147xs.org#grid tr!0#芜恙
https://qscxx.top/备用站  js不会,人间无敌☣负,可达,200,https://www.grhxs.xyz/
vip小说网②,默认,超时,,http://m.vipxs.cc
Ⓐ 530小说,⁴☃晨光雨露᭄精品源,其它错误,,http://m.530p.com#未月十八改
Ⓐ 小说书库,𐄛 Ⓐ级,超时,,https://www.xssk.net#未月十八改
Ⓐ 笔下文学③,,超时,,https://www.bxwxorg.com#未月十八净化
Ⓐ 笔趣阁⑤,²♨笔-趣-阁❆,超时,,https://www.bbiquge.cc#未月十八净化
Ⓐ 键盘小说网,¹▽置顶`ȏ´正版发现,其它错误,,http://www.janpn.com#未月十八改
Ⓑ 笔下中文网,⁴☃晨光雨露᭄精品源,超时,,https://www.bxzww.com#未月十八repair
Ⓒ 千千小说网,𐄝 Ⓒ级,超时,,https://wap.qqtxt.net#未月十八改
Ⓢ 爱书屋,搜索失效,超时,,https://www.ishuse.com/
★APP-5★,,超时,,http://47.56.207.234
☘️天籁小说☘️,,连接失败,,https://m.23sk.com##响海
☘️新51看图书☘️,,超时,,https://m.51nm.cc#响海
☘️笔趣阁☘️,,异常状态,522,http://www.bqxs520.com
♛ 独阅读▪︎APP #渊呀,已检验,超时,,https://app.duread8.com#♤yuan
♜-56小说① #破冰1130,"﹅ ♜ 优质,搜索失效",超时,,http://www.x56xs.com/#pb1101
♜168小说 #破冰1101,﹅ ♜ 优质,超时,,http://www.168xs.net/#pb1101
♜三五中文网 #破冰,天龙,超时,,https://www.xkushu.com/#♤pb
♜书荒啦 #破冰,"﹅ ♜ 优质,搜索失效",超时,,https://www.shuhuang.la/#♤pb
♜凤凰小说网 #破冰1101,"﹅ ♜ 优质,搜索失效",超时,,http://www.11txt.com/#pb1101
♜小说楼 #pb,"﹅ ♜ 优质,搜索失效",超时,,http://www.xs6.cc/#pb1101
♜星月书吧① #破冰,,可达,200,https://www.xyshu8.com/#♤pb
♜爱去小说网⑤ #破冰,¹▽置顶`ȏ´正版发现,超时,,https://www.iquxs.com/#♤pb
♜阴阳代理人 #破冰,¹▽置顶`ȏ´正版发现,其它错误,,http://www.yinyangdailiren.org/#♤pb
♠ 88读书④,♠ 优选 ♠,超时,,http://www.88dushu.la/
♠ 笔趣阁⑩,"♠ 精品 ♠,🎉 精选 🎉,💒 笔趣",有响应(拦截),429,https://www.qu.la/
⚡️171小说,搜索失效,其它错误,,http://m.171xs.cc#乃星
✐  九二文学,☃ 自用,超时,,http://www.92wx.la/
✾+玫瑰小说m,已检验,超时,,https://m.meiguixsw.com#kd11
✾.Ⓐ 89文学网 #未月十八1001,"﹅ ✾ 言耽,搜索失效",超时,,https://m.89wxw.com#wy18-1001
✾.Ⓐ 笔趣阁⑤ #未月十八1001,小说,其它错误,,https://www.bbiquge.cc#未月十八净化#wy18-1001
✾.Ⓐ 黑客小说 #未月十八1001,"﹅ ✾ 言耽,搜索失效",超时,,https://m.heikexs.com#wy18-1001
✾.Ⓢ 言情阁 #未月十八1001,"﹅ ✾ 言耽,搜索失效",其它错误,,http://m.yqingge.com#wy18-1001
✾♝卡夜阁,"﹅ ✾ 言耽,﹅ ♝ 优良,搜索失效",有响应(拦截),429,https://www.kayege.net/
⭐塔读文学,"⭐ 正版,✉️  网络文学",超时,,http://211.151.212.88:80
一曲书斋🎃,,超时,,https://www.cowxs.com#🎃
一纸阅读,,超时,,https://www.yizhiyc.com/search/
一纸阅读,小说 书源,超时,,https://www.yizhiyc.com#🎃
一读小说-夜明空,"搜索链接规则为空,全部来自论坛",超时,,https://m.121ds.cc
三九书屋（源网站失踪？）,"☣️精选senhora,天域战歌整理",连接失败,,https://www.999book.vip
三九小说🎃,,其它错误,,http://www.wxshuku.org#🎃
三味书屋,C级,连接失败,,https://www.3wsw.com
主机屋🎃,-------,超时,,https://www.zhujiwu.org#🎃
乐文小说①,已检,超时,,http://www.lwtxt.net
乐文小说🎃,,其它错误,,http://www.lwxstxt.com#🎃
九五小说🎃,,其它错误,,http://m.95shubao.cc#🎃
书 海 阁,搜索失效,有响应(拦截),429,https://www.xinshuhaige.net
书客吧,4、普通,超时,,https://m.shukeba.com
书荒啦①,已检,有响应(拦截),429,https://shuhuang.la
书虫中文网,🏵️  小说,超时,,www.shuchong.info
书趣阁,"【❌❌】搜索失-效,搜索失效",超时,,https://www.ishuquge.com
云轩阁🎈,优质源👍,异常状态,503,http://www.yxgxz.com
亲小说APP,💜未分组,可达,200,http://qinxiaoshuo.com
优·书书小说网🎃,🍜其他,其它错误,,http://www.shushun.cc#🎃
优·石头小说,﹅ ♜ 优质,超时,,http://www.dzstxs.net
优·阁笔趣,"﹅ ♜ 优质,搜索失效",超时,,http://m.gebiqu.com
传说阅读-枇杷小说网,传说阅读,超时,,https://www.djyru.com/
修真堂🎃,,其它错误,,http://www.xiuzhent.com#🎃
傲雪情缘,,有响应(拦截),429,http://www.axqy8.com
全本小说🎃#4,,超时,,https://www.quanbentxt.net#🎃
八零电子书,"﹅ 通用书源▪︎玄奇,搜索目录失效",超时,,https://m.80txt.com
加窜小说#南笙21.0101,搜索失效,其它错误,,http://m.jiacuan.com#南笙21.0101
千千小说,,超时,,https://www.qqxsw.la
博看,,超时,,https://www.bokon.net
合集由003收集，加群可不定期免费更新，398783369,已检,超时,,httP://AFA.CN
吾爱中文网™,"搜索链接规则为空,天龙",超时,,http://www.5zw.net
四库书屋(仅发现),微筛选,超时,,http://m.4ksw.com/
塔读文学,¹▽置顶`ȏ´正版发现,其它错误,,http://211.151.212.88:80##APP源
夏树资源（导入）,,连接失败,,https://www.xiashu.com
大帝小说库,静白240801,超时,,http://m.anshuge.com/
天籁小说,,超时,,https://m.23txt.com
好来喜小说,自己用,可达,200,https://m.eejw.cn
宁谧小说🎃,,其它错误,,http://joseph-sz.net#🎃
宜搜小说网,微筛选,超时,,https://www.yisouxsf.com
小刀阅读#💎 快眼看书,"💎 常用,搜索失效",超时,,https://www.yankanshu.cc
小说书库🎃,,其它错误,,http://m.xduqu.com#🎃
小说娃3.0,"源网站偶尔故障,卢客源,yellyoo,★",连接失败,,https://www.xiaoshuowawa.com
小说旗②,已检,超时,,https://www.xs7.la
就爱文学🎃,小说,其它错误,,http://m.92xs.info#🎃
巴士看书🎃,,可达,200,https://www.84kanshu.com#🎃
开心漫画,漫画ok,超时,,http://www.kxkmh.com/
必读小说,⁴☃晨光雨露᭄精品源,超时,,https://m.biquxs.la
思路客,👍 优质,超时,,http://siluke.tw/
悠久小说,,超时,,www.ujxs.com
懒人听书,天域战歌整理,超时,,https://www.lanren9.com
我爱读小说,永丶念,超时,,https://www.xintaixi.com/
手机看书,漫画,超时,,https://www.sjks8.com
搜书吧,默认,超时,,https://www.soshuba.net
文学馆~xwxguan.com,"普通,搜索失效",超时,,https://www.xwxguan.com
新书在线,已检,可达,200,http://www.xinshuxs.com
新爱看书吧手机版,💜未分组,超时,,https://m.aikanshuba.net
新笔趣阁,"发现失效,💯 常用,搜索失效",超时,,https://9x.com
无弹窗,⁵♡ོ晨光雨露✺普通源,超时,,https://www.530p.com
无限小说网🎃,,其它错误,,http://m.siluks.com#🎃
星月书吧🎃,,其它错误,,http://www.xyshu8.com#🎃
星际小说网,,可达,200,https://www.xjcyp.cc
未来小说网,,超时,,https://wap.7yun.org
杰瑞文学,已检,超时,,https://www.jieruiwx.com
次元猫,🎉 精选 🎉,其它错误,,https://www.ciymao.com😁
歪歪书屋,,超时,,https://m.yytxt.com
求小说网.qiuxiaoshuo,优质,超时,,http://www.qiuxiaoshuo.com
沸腾文学网[防盗字体],🏵️  小说,连接失败,,https://www.feitengxs.com
泼墨文学,微筛选,超时,,https://m.pomowxw.com/
源社区出品-河马短剧,"失效,收集出处：源论坛 4月29号,网站失效",超时,,http://api.dragonlongzhu.cn/
溜达小说🎃,,其它错误,,http://www.txtshuku.org#🎃
灯塔小说,,超时,,http://www.dengtaxs.com
炫动小说网(仅发现),综合,超时,,https://www.484web.com
爱 书 网,已检验,超时,,https://www.22ff.org#鸡排饭
爱书包🎃#2,,超时,,https://wap.ishubao.org#🎃
爱好中文网,已检验,超时,,https://m.ah123z.com
爱小说🎃,,其它错误,,http://www.ixs5200.com#🎃
爱豆看书,🌼晨光雨露🍒精品源💯,超时,,https://wap.a6ksw.com
牛牛小说,"现实debug,仅发现",超时,,https://xs.niuniuxs.cc
狸猫小说网,A级,超时,,https://m.limaoxs.com
玄幻阁🎃#4,小说,其它错误,,http://wap.xuanyge.org#🎃
百合小说#南笙21.0101,搜索失效,超时,,https://m.baihexs.com#南笙21.0101
盛世阅读网🎃,,其它错误,,http://m.s4yd.com#🎃
看言情[朝阳],漫画,超时,,http://www.kanyanqing.com
知轩藏书.su74,"优质,⚙️已检",超时,,https://www.su74.com
神藏小说,默认,超时,,https://www.swang8.com
私塾网🎃,,超时,,https://m.4shuwangba.com#🎃
笔下小说网,,连接失败,,https://m.bixiaxs.net
笔下文学org-搜索,搜索失效,超时,,https://www.bxwxorg.com/history.html
笔笔文学,83d,超时,,http://www.bibiwxw.com
笔趣阁,²♨笔-趣-阁❆,连接失败,,https://m.weilaitianwang.com
笔趣阁,,超时,,https://www.bodekang.com
笔趣阁.uubiqu,"⚙️已检,优质,21.0624玄奇,★,☀️搜书/换源 A▪精品",超时,,https://m.uubiqu.com
笔趣阁S,笔趣阁,超时,,https://www.biquges.com
笔趣阁bbiquge,"【❌❌】网站失-效,【】👾笔趣阁",连接失败,,https://www.bbiquge.com
笔趣阁t7yyw.com,A级,可达,200,http://www.t7yyw.com
笔趣阁③,"【❌❌】网站失-效,【】👾笔趣阁",异常状态,503,http://www.bbiquge.com
笔趣阁㉕,②一般,超时,,http://www.biquge.io
笔趣阁网🎃,,可达,200,https://m.bqg.fun#🎃
笔趣阁🎃#19,,超时,,https://www.bbiquge.cc#🎃
笔趣阁🎃#32,,异常状态,522,https://www.yuyouku.com#🎃
笔趣阁🎃#55,-------,超时,,https://www.xsbiquge.net#🎃
笔趣阁🎃#6,,其它错误,,http://www.gebiqu.com#🎃
笔趣阁🎃#86,,超时,,https://www.ibiquge.vip#🎃
第一版主🐲,搜索链接规则为空,超时,,http://www.diyibanzhu.top
第九中文网,漫画,超时,,http://m.dijiuzww.com
第二版主,🏵️  小说,超时,,http://www.banzhu22.com
经典小说🎃,,其它错误,,http://www.jdxs.cc#🎃
翾嘉染晚🎃,,超时,,https://m.xiaojiaren.com#🎃
苗疆小说,,超时,,https://m.miaojiang8.net
落秋,"普通书源,搜索失效",超时,,http://www.luoqiuxs.com
说说520,默认,超时,,http://m.shuoshuwx.com
读书阁🎃#3,,超时,,https://m.mobanjishi.com#🎃
谷歌小说🎃,,其它错误,,http://www.gugexs.com#🎃
趣阅网#南笙21.0101,搜索失效,超时,,https://www.qvyue.com#南笙21.0101
迷了吧,酷友,超时,,https://www.mile8.cc
"追书,zhuishu5","0930,无梦解书荒,🍉修复,0927,发现规则为空,999",超时,,https://www.zhuishu5.com
遗忘小说,A级,异常状态,503,http://120.79.163.243
酷笔记,网文,超时,,https://m.kubijixs.com
锦绣文波,-TinyZ,超时,,https://www.580bk.com/
阴阳代理人🎃,,其它错误,,http://www.yinyangdailiren.org#🎃
雁峰小说网,已检,超时,,https://www.yfxiaoshuoe.com
零点看书#玄奇21.0202,搜索失效,超时,,https://www.00ksw.com#玄奇21.0202
非常爱漫,🌟漫画,超时,,http://wap.veryim.com/
音乐-荔枝,音乐 书源,连接失败,,https://music.liuzhijin.cn#荔枝
顶点小说,小说 书源,超时,,https://www.qklady.com#🎃
顶点小说②,,超时,,https://www.230book.net/#pb1101
顶点小说🎃#8,,连接失败,,https://www.23ddw.net#🎃
饭团看书,搜索失效,可达,200,http://www.fantuankanshu.com/
香书小说,,超时,,https://www.xbiqugu.org
鬼吹灯🎃#5,,其它错误,,http://m.gdbzkz.com#🎃
麒麟小说网,已检,超时,,https://m.qilinchess.com
龙腾书网™🔥,失效,超时,,http://www.longtansw.com
🌈网易云音乐,静白,连接失败,,https://music.cpp-prog.com/
🌟 笔趣阁㉒,喵公子,超时,,http://m.biquge.info
🌠 韩漫画,🌠 漫画,有响应(拦截),429,https://www.mhdao.xyz
🌸 乐文小说网M,🌸常用,超时,,https://m.xlwxsw.com
🌸 奇快小说②,,超时,,https://wap.7kwx.com
🌸 笔趣阁bqg99.com,🌸常用,可达,200,http://www.bqg99.com
🌸 趣阅,"⛓️破防,🌸常用",超时,,https://www.qvyue.com#sitebox dl
🌸百合小说,已检验,超时,,https://m.baihexs.com#关耳
🍁塔读小说,☀晨光雨露🍒精俢源💯,其它错误,,http://211.151.212.88:80#发现
🍁笔趣阁⑪②,🍁 笔趣 🍁,超时,,https://www.biquge002.com/
🍁笔趣阁⑫⑦,²♨笔-趣-阁❆,超时,,http://www.gxlztc.net/
🍁笔趣阁㉘,🍁 笔趣 🍁,可达,200,https://www.bqg.lol/
🍊爱小说,"【❌❌】搜索失-效,搜索失效",超时,,https://www.ixs.cc#🇨🇳Namo
🍒 00有爱,"🚬刘备,🍒言情",超时,,http://www.00ui.cc
🍒 言情花园,🍒言情,有响应(拦截),429,https://www.yqhy.org
🍹 作客小说,好用,超时,,https://m.zuokexs.com/
🍺 360文学,"﹅ ♛ 精品,搜索失效",超时,,https://m.360wxw.com
🍺 89文学网,,超时,,https://www.89wxw.com
🍺 书屋楼,🍺特优,超时,,https://www.shuwulou.com
🍺 巴特尔,🌼晨光雨露🍒精品源💯,超时,,http://m.btebook.com
🍺 我看书斋,🍺特优,超时,,https://www.5ccc.tw
🍺 易看小说网,,连接失败,,https://m.yikanxiaoshuoa.com
🍺 爱书屋,🍺特优,超时,,http://m.ishuse.com
🍺 神书网™,🍺特优,超时,,http://www.skyzww.com
🍺 读一读 du1du,优质源👍,有响应(拦截),429,http://www.du1du.cc
🍺 长沙小说,,超时,,http://m.csxsrc.com
🍺 静爱书,🌼晨光雨露🍒精品源💯,可达,200,http://m.jingaishu.com
🎃三九小说🎃#2,,其它错误,,http://www.wxshuku.info#🎃
🎃冬天中文🎃,,超时,,https://www.xkushu.com#🎃
🎃完美小说🎃,,其它错误,,http://m.umixs.info#🎃
🎃思路客🎃,,其它错误,,http://www.shuqusk.info#🎃
🎃梦幻小说🎃#2,,超时,,https://www.pan.la#🎃
🎃爱读书网🎃,,其它错误,,http://www.changduba.com#🎃
🎃笔趣阁🎃#26,,其它错误,,http://wap.xbiqugu.la#🎃
🎃鸟书网吧🎃,,超时,,https://m.99mk.la#🎃
🎈石器「po文」,🎈  普通,有响应(拦截),429,https://www.shiqishuwu.com
🎉 63小说网,🎉精品,超时,,https://www.63xs.org
🎉 三千五中文网①,🎉精品,超时,,http://m.cn3k5.com
🎉 书阅屋,🎉精品,超时,,https://www.biqugewx.com
🎉 傲轩小说网②,³۝天域整理,超时,,https://m.axxsw.org
🎉 加窜小说②,"﹅ ♛ 精品,搜索失效",超时,,http://m.jiacuan.com
🎉 大海中文网②,🎉精品,超时,,https://m.dhzw8.com
🎉 妙书屋,,连接失败,,https://www.miaoshuwu.com
🎉 文桑,"﹅ ♛ 精品,搜索失效",连接失败,,https://www.wensang.com#sitebox dl
🎉 无弹窗小说网𖤓#一介20.0831,已检验,超时,,https://www.22ff.org#一介20.0831
🎉 格格党61,🎉 精选 🎉,超时,,http://www.ax61.com
🎉 热门小说网备用™,🎉 精选 🎉,超时,,https://m.remen88.com
🎉 笔下文学,"🎉精品,☣️senhora起点",超时,,http://www.bxwx.tw
🎉 笔趣阁,🎉精品,超时,,http://www.2baob.com
🎉 笔趣阁⑥⓪,,超时,,https://www.biquge.lu
🎉 笔趣阁看小说网,🎉精品,超时,,http://m.biqugek.cc
🎉 花香居,,超时,,https://www.huaxiangju.com
🎉 菠萝网,"测试组,测试1,神",可达,200,http://www.podlook.com
🎉 雅文吧,🎉精品,超时,,https://m.yawen8.org
🎉 顶点小说⑮,🎉精品,可达,200,https://www.dingdiann.com
🎉UC小说网,🎉 精选 🎉,超时,,http://www.ucxsw.org/
🎉三七中文①,"🎉 男频精选 🎉,®️ 搜书男频 ®️,⌛️ 全局搜书 ⌛️",可达,200,https://www.37zww.net/
🎉书阁小说,🎉 精选 🎉,异常状态,522,https://www.shuge.la/
🎉啃书小说网,🌼晨光雨露🍒精品源💯,超时,,https://www.kenshu.cc
🎉我爱小说①,🎉 精选 🎉,超时,,https://www.2wxs.net/
🎉桐树小说网,⁴☃晨光雨露᭄精品源,超时,,https://www.tongshu.net/
🎉白菜小说,🎉 精选 🎉,超时,,https://www.bcxsw.com/
🎉笔趣阁③,🎉精选,其它错误,,http://www.biquger.com#grid tr!0
🎉紫幽阁,🎉 精选 🎉,异常状态,503,http://www.ziyouge.org/
🎉飞卢文学,"🎉精选,失效",超时,,https://www.flwenxue.com
🎊 175文学,🎉 精选 🎉,超时,,https://www.175wx.com
🎋雨枫轩（横目录阅读）🎋🌿,,连接失败,,https://m.rain8.com/##响海（4）
🎧 听中国,🎧有声,超时,,http://app.tingchina.com
🎨 二次元动漫,🎨漫画,异常状态,522,http://www.2animx.com
🎨 漫画123,🎨漫画,超时,,https://m.manhua123.net
🎯我爱故事网[源注释],,超时,,https://www.5aigushi.com
🎶 听蛙,有声,可达,200,https://so.itingwa.com#芜恙
🏵️ 速阅阁,🏵️  小说,其它错误,,http://m.suyueg.com#sone
🐑星辰小说,"🐑 普通,✉️  网络文学",超时,,https://www.zhnxcw.com
🐶Ⓐ 166小说🍒,已检验,超时,,https://www.166xs.cc#未月十八净化
🐶猎文网,搜索失效,有响应(拦截),403,https://m.liewen.cc
🐾 挖沙『仅发现』,"搜索链接规则为空,七猫免费小说",可达,200,https://www.waasaa.com/
👍 9z书屋[仅发现],👍优质,超时,,http://www.bl9z.com
👍 三江阁,"优质源👍,🏵️  小说",超时,,https://www.sanjiangge.com
👍 书海阁,优质源👍,可达,200,http://www.xinshuhaige.net
👍 八一中文①,【🈵♥🈵💯】231123千组1,超时,,http://www.81zw.la
👍 四库书,"﹅ ♜ 优质,搜索失效",其它错误,,https://www.sikushu8.com#grid tr#芜恙
👍 御书阁,"﹅ ♜ 优质,搜索失效",其它错误,,https://www.yushuge.com#grid tr!0#芜恙
👍 断青丝小说网,👍 优质,可达,200,http://www.duanqingsi.com
👍 爱灵异,👍优质,超时,,https://www.ailingyi.com#list_item
👍 特特,②💫优选,其它错误,,http://www.tetewx.com#grid tr
👍 百书,"﹅ ♜ 优质,搜索失效",超时,,https://m.100ben.net
👍 笔趣阁⑦⑧,👍优质,超时,,http://www.biqutxt.com
👍 辣文小说,👍 优选,其它错误,,3g.lawenxs.com/#grid tr!0
👍 顶点①,"﹅ ♜ 优质,搜索失效",其它错误,,https://www.280xs.com#BookList li#芜恙
👍书林文学,优质源👍,超时,,http://m.shu008.com
👍福气小说,优质源👍,超时,,https://www.fqxs.cn/
👍笔趣阁⑧⑧,"优质源👍,💒 笔趣",超时,,https://www.biqulin.com/
👍零点书院,优质源👍,可达,200,http://www.00sy.net
💊 onlinereadfreebooks(ENG)(英文),💊无搜,有响应(拦截),429,https://www.onlinereadfreebooks.com/en
💦顶点小说㉖,🎉 精选 🎉,超时,,http://www.23wxx.com/
💯熊猫看书#温暖满怀,"3.精品,★c66,×××1,★",超时,,https://www.xmkanshu.com#温暖满怀
📑 书友社区,📑书评,超时,,https://andyt.cn
📓就爱故事网[仅发现],⁷̶̥̥̥ॱଳ͘图书۶出版,超时,,https://www.92gushi.com
📖 笔趣阁,📖 小说,超时,,https://www.xbookben.net/
📖 笔趣阁网,"🍍🍍🍍🍍🍍🍍,📖 324,搜索失效",连接失败,,https://www.o2000.com/
📚 小说天堂,"📚 出版,🥣 仅发现",可达,200,https://m.xstt5.com
📝三千五,"自,📖小说",超时,,https://m.cn3k5.com
📥 爱下书屋,📥下载,超时,,https://mip.aixdzs.com
📻 安卓听书,📻有声,超时,,http://120.25.207.193
🔆丹书铁券❸🌱⭐💢,,超时,,https://www.dstiejuan.com#□一介
🔓一书阁,"🧸  备用,失效",有响应(拦截),429,http://www.yishug.net
🔓言情中文网,"【❌❌】搜索失-效,搜索失效",超时,,https://m.bore.cc#乃星
🔖爱书网①,"【❌❌】网站失-效,搜索失效",超时,,https://m.22ff.org
🔖珍藏小说网,"测试组,测试1,神",超时,,https://m.zcxxc.com
🔖西丰中文,"【❌❌】搜索正文失-效,搜索失效",超时,,http://www.xf2z.net
🔥 奇书网,优质源👍,超时,,http://m.iqishu.la
🔰 123读书网,🔰普通,超时,,https://m.123du.cc
🔰 wurexs,🔰 普通,超时,,https://m.wurexs.com
🔰 乐文小说网6,🔰普通,超时,,http://www.lewen6.com
🔰 亿刊小说网,🔰 普通,超时,,https://m.yikanxs.com
🔰 四六中文,,超时,,https://www.46xs.com
🔰 小强,🔰 普通,超时,,http://www.xiaoqiang520.com
🔰 易读yidukf,🔰 普通,超时,,https://yidukf.com
🔰 爱看书吧②,🏵️  小说,超时,,http://ikshu8.com
🔰 看下小说网,🔰普通,超时,,http://www.kanxia.org
🔰 笔趣看小说,🔰普通,异常状态,522,http://www.biqukxs.com
🔰 第一版主,🔰 普通,超时,,https://www.diyibanzhu.in
🔰 菠萝小说,🔰普通,超时,,https://www.boluoxs.com
🔰 阅书阁,"🔰 普通,💡 发现",超时,,https://www.xyshuge.com
🔰 ️笔趣阁gxyh,🔰 普通,超时,,http://www.gxyh.org
🔰八点看小说,🔰 一般 🔰,超时,,https://www.bdkxs.com/
🔰安书阁,🏵️  小说,超时,,https://www.anshuge.com/
🔰血红小说网①,"﹅ ♞ 普通,搜索失效",超时,,https://www.xuehong.cc/
🚄有兔阅读（慢）,⁴☃晨光雨露᭄精品源,连接失败,,https://www.mituyuedu.com#edit
🚬 65TXT小说,！绝对领域,超时,,http://www.665txt.com
🚬 尤物小说[仅发现],🚬刘备,超时,,http://www.youwuxs.com
🚬 甜美文库,🚬刘备,超时,,https://www.tianmengwenku.org
🚬 米库小说,🚬刘备,超时,,http://m.mikuwx.com
🚬 龙腾小说,🚬刘备,超时,,http://www.6qwx.com
🥁-笔趣阁⁵⁹,"【❌❌】网站失-效,【】👾笔趣阁",超时,,https://www.xsbiquge.net#♤guaner1
🥈燃文小说,搜索失效,超时,,https://www.ranwen.la#乃星
🧐173K小说♨️,已检验,可达,200,https://www.173kxs.com/
123读,,连接失败,,https://www.https://m.123ds.org/
1kzm,,连接失败,,https://m.1kzm.com
256文学,1、优;6、特殊,连接失败,,https://www.256wx.com
37小说网,💯  精选,连接失败,,https://m.00xs.com
3ff小说网🎃,,连接失败,,https://www.3ff.cc#🎃
52∧V图片频道,,连接失败,,https://s52uli1l6ocq.xyz:52888
55小说网,"搜索链接规则为空,天龙",连接失败,,https://www.55duba.com
69SHUX,PROXY,连接失败,,https://book-4.dancying.cn
72文学网,已检,连接失败,,https://www.72wx.com
800小说网,已检,连接失败,,https://www.800xs.net-By Dark
83中文🎃#2,④🔖  备用,连接失败,,https://www.83zwz.com#🎃
90中文网,⚡️经典,连接失败,,https://www.90zhongwen.com/
BB书屋,¹▽置顶`ȏ´正版发现,连接失败,,https://m.xbbshuwu.com/
PIAOTIAN,PROXY,连接失败,,https://book-2.dancying.cn
R 小说之家🐶,R🐶,连接失败,,https://cn.xsj.tw/##RosiaPng
Webcomics™💡🇰🇷,"韩漫,英语",连接失败,,https://webcomics.co.id
https://www.supply-station.com/,【小说2书源】,连接失败,,https://www.supply-station.com/
o🌸 后花园,"﹅ ✾ 言耽,搜索失效",其它错误,,https://www.yanqbook.com#grid tr!0#芜恙
⋙无脑获取搜索规则V1⋘,规则,连接失败,,http://
Ⓐ 三八读书,⁴☃晨光雨露᭄精品源,连接失败,,https://www.38dushu.com#未月十八改
Ⓐ 凤鸣轩,"𐄛 Ⓐ级,搜索失效",连接失败,,https://www.hambzx.com
Ⓐ 极品小说,,连接失败,,https://www.jipinzw.cc#未月十八repair
Ⓐ 飞言情,"𐄛 Ⓐ级,搜索正文失效",连接失败,,https://www.fyq99.net#未月十八改
Ⓑ 新千千,𐄜 Ⓑ级,连接失败,,https://www.jxtemi.com
Ⓒ 书家园,,连接失败,,https://m.shujy.com#未月十八净化
Ⓢ 书本网,𐄚 Ⓢ级,超时,,https://www.bookben.net#未月十八edit
Ⓢ 有兔阅读②,¹▽置顶`ȏ´正版发现,连接失败,,"https://app.youzibank.com#一程edit,未月十八改"
Ⓢ 笔趣阁①,𐄚 Ⓢ级,连接失败,,https://www.biqugee.com#未月十八edit
☘️品书网☘️,,连接失败,,https://m.pinshu.cc#响海
☘️鲤鱼乡☘️,¹▽置顶`ȏ´正版发现,连接失败,,https://www.liyuxiangbl.com#响海
♜-笔趣阁▪原梧州中文 biquge5200,²♨笔-趣-阁❆,连接失败,,https://www.biquge5200.com#1
♜45小说网,,连接失败,,https://www.45txt.com/
♜文学屋 #破冰,¹▽置顶`ȏ´正版发现,连接失败,,https://www.wenxue5.net/#♤pb
♟百度文库 #关耳,"﹅ 通用书源▪︎玄奇,搜索目录失效",连接失败,,https://wk.baidu.com111#♤guaner
♻️笔下看书②⭐,,连接失败,,https://m.bxwxorg.com#onede
✐   快眼看书,☃ 自用,连接失败,,https://www.feisitesujiao.com#芜恙
✐   笔下看书,☃ 自用,连接失败,,https://www.jininggeyin.com/
✐ 飘天文学,☃ 自用,连接失败,,https://m.piaotian5.com
✾.Ⓐ 16号书库 #未月十八1001,"﹅ ✾ 言耽,搜索失效",其它错误,,https://m.as16.me#未月十八repair#wy18-1001
㊝ abc小说API ♛♛,,连接失败,,https://api.abcxiaoshuoapp.com#渊呀81
一起看书吧,漫画,连接失败,,https://yiqiba520.com
万书网-仅发现,,连接失败,,https://m.wsw2019.com
三秋书阁,"﹅ 通用书源▪︎玄奇,搜索失效",连接失败,,https://www.809803.com
丫电子书🎃,小说,连接失败,,https://www.xshuyaya.com#🎃
久久小说,,连接失败,,https://www.shu889.com
之之文学💯,小说,连接失败,,https://wx7b7dcde5ca6d5e2c.taoteq.cn
乐文文学网,🏵️  小说,连接失败,,https://m.lwwxw.com
乐阅读🎃,,连接失败,,https://www.22is.com#🎃
书海阁,S级,连接失败,,https://www.shuhaige.com-By Dark
书香阁,,连接失败,,https://wap.f96.com
亮亮文学,现实debug,连接失败,,https://www.liangxyz.com/
傲宇阁①,🏵️  小说,连接失败,,https://m.aoyuge.com
兔九三🎃#2,222最新校验成功,连接失败,,https://bd.tu93.biz#🎃
全本小说🎃#8,222最新校验成功,连接失败,,https://m.qb5.ac#🎃
八哥,微筛选,连接失败,,https://m.bageoo.com/
六零文学,,连接失败,,https://www.60355.org
凝香小说网,默认,连接失败,,https://m.shengxu3.com
千千小说网77kshu,A级,连接失败,,https://m.77kshu.win
卡提諾論壇,自制; 失效,连接失败,,https://ck101.com/novel/?tab=female
吉林小说网②,³۝天域整理,连接失败,,https://www.jilin567.com
咸鱼看书<搜索验证码>,搜索验证码,连接失败,,https://www.xianyukanshu.com/
哈哩漫画™⛅,失效,连接失败,,https://acm.halihali.tv
喜纯,11.7,连接失败,,https://www.xichubao.com##cysj小说
嘉馨小说🎃,,连接失败,,https://www.onsitemanagementllc.com#🎃
土豪小说,天域战歌整理,连接失败,,https://www.tuhaoxs.com
圣武书库,📥 下载,连接失败,,https://www.iswsk.com#📥
圣武小说,默认,可达,200,https://www.shengwuxingchen.com
夜色寒,2、普通,连接失败,,https://www.yesehan.com
大灰狼书源🎃,小说,连接失败,,https://api.doubi.tk#🎃
大雪天#南笙21.0101,"﹅ 通用书源▪︎玄奇,搜索失效",连接失败,,https://www.daxuetian.com#南笙21.0101
天籁,"API,访问超时",连接失败,,https://api.tianlaixsapp.com
天籁小说网,"1030,无梦解书荒,测试",连接失败,,https://m.tianlaixsw.com/
好好猫,1、优,连接失败,,https://www.haohaomao.com
好看漫画,"【❌❌】网站失-效,搜索失效",连接失败,,https://www.hkmh23.com/
安娜档案（下载）,小说 书源,连接失败,,https://zh.annas-archive.org
官术网,🏵️  小说,连接失败,,https://m.thxsw.com/
小书亭(xiaoshutingapp.com),"🍀,搜索失效",连接失败,,https://www.xiaoshutingapp.com
小猫咪,"搜索正文失效,【❌❌】搜索正文失-效",连接失败,,https://m.xmmi.xyz/
小说馆,,连接失败,,https://m.xsgplus.com
幼狮书盟,优质源👍,连接失败,,https://m.yssm.tv
御书房,,连接失败,,https://www.ysfwx.com
忽忽小说,Namo,连接失败,,https://api.255zw.com
总裁,,连接失败,,https://mobile.zongcai.com
愉阅小说#南笙21.0101,搜索失效,连接失败,,https://m.yuyuexs.com#南笙21.0101
指间小说,,连接失败,,https://api.hnquxing.com
放眼看书🎃,222最新校验成功,连接失败,,https://aifangyan.net#🎃
文学屋,³۝天域整理,连接失败,,https://m.wenxue5.net
新书包网,"﹅ 通用书源▪︎玄奇,搜索目录失效",连接失败,,https://www.xingshubao.net
新书包网diqiujie.com,A级,连接失败,,https://www.diqiujie.com
新看书,🏵️  小说,连接失败,,https://m.xinkanshu.com11
新笔趣阁 xbiquge6,"🏵️  小说,💒 笔趣",连接失败,,https://www.xbiquge6.com-By Dark
新笔趣阁🎃#2,,连接失败,,https://www.tnnd.lol#🎃
星星小说🎃#2,,超时,,https://www.zbcxw.cn#🎃
极速笔趣,✯,连接失败,,https://s.mandt.com.cn/
梧州中文,3.备用,连接失败,,https://m.ztv.la
武林中文网,🦋网络搜集（精品）,连接失败,,https://www.50zw.com-By Dark
比奇屋,默认,连接失败,,https://www.biqiwu.com
沛珊小说,,连接失败,,https://www.2797.info
涩文网（请大佬制作）,搜索链接规则为空,连接失败,,https://sewenwang.com/
灯笔小说 a,🎉️精选,连接失败,,https://wap.jzxtyun.net
爱书吧,搜索链接规则为空,连接失败,,https://www.2shu8.com-By Dark
爱尚小说🎃#2,,连接失败,,https://m.aslwx.com#🎃
爱看书吧.cc,,连接失败,,https://www.aikanshuba.cc/
特种兵小说,自己用,连接失败,,https://book.dunlve.com/
畅阅吧,天域战歌整理,连接失败,,https://m.changyueba.la
番茄小说m,优; Wave,连接失败,,https://m.fqxsw.cc
百度云小说,普通,连接失败,,https://m.16595.com
百度百科（搜索）,特殊 书源,连接失败,,https://baike.baidu
看书啦🎃,,连接失败,,https://wap.shuxinyi.net#🎃
看裤网,🏵️  小说,连接失败,,https://www.kankuzi.com
神藏小说网,,连接失败,,https://www.swang8.com-By Dark
稀饭影视,,连接失败,,https://app.4kwo.com#lyc
笔下文学,已检验,连接失败,,https://m.sipatoc.com/
笔趣阁,"笔趣,搜索失效",连接失败,,https://m.bqgx.cc
笔趣阁,CM普通,连接失败,,https://www.guibuyu.org
笔趣阁 biquge11,S级,连接失败,,https://www.biquge11.com-By Dark
笔趣阁 zanghaihuatxt,"🔰,搜索失效",连接失败,,https://www.zanghaihuatxt.com-By Dark
笔趣阁A21,🎉️精选,连接失败,,https://m.ibiquge.net-By Dark#
笔趣阁[lashenkaiguan],"搜索链接规则为空,小说",连接失败,,https://www.lashenkaiguan.com
笔趣阁biquge05.com,普通,连接失败,,https://www.biquge05.com
笔趣阁①,"搜索链接规则为空,小说",连接失败,,https://m.biquge.cm
笔趣阁⑦⑨,默认,连接失败,,https://wap.biquger.com
笔趣阁书屋（凡人修仙传）,笔趣阁,连接失败,,https://m.bqgsw.org/
笔趣阁🎃#36,,连接失败,,https://www.biqugege.cc#🎃
笔趣阁🎃#62,,连接失败,,https://m.biquger.com#🎃
笔阁,⁴☃晨光雨露᭄精品源,连接失败,,https://m.jzbigels.com/
第一版主san,发现; A级; 18,连接失败,,https://www.diyibanzhu3.pro
第三书包网,CM名著,连接失败,,https://www.shubaou.com
第九中文网,已检,连接失败,,https://m.9book.net
粉丝漫画,漫画,连接失败,,https://apifans.dushimh.com
绅士漫画看注释,,连接失败,,https://www.wnacg.top/
给力美,✯༇薅白魔人♪,连接失败,,https://www.geilimei.cc-
网络小说网🎃,,连接失败,,https://m.txtwl.com#🎃
老笔斋™九天之狼,1、优,连接失败,,https://www.laobizhai.net
草莓小说,极品净化🥇书源,连接失败,,https://www.xcmxsw.com
萝拉小说,"待删,鸡肋,希弥",连接失败,,https://m.luolaii.com
蓝色中文,已检,连接失败,,https://www.lansezw.com-By Dark
蚂蚁阅读·叁🎃,,连接失败,,https://m.mayics.com#🎃
言情书吧,已检验,连接失败,,https://wap.yqshuba.com/
读书迷②,天域战歌整理,连接失败,,http://www.dsm888.com
起点中文网,搜索失效,连接失败,,https://www.qidian.com-By Dark
趣小说,,连接失败,,https://m.quxsw.com/##十一
辣文鲜文网,,连接失败,,https://www.wh18.org
追书帮,🙈; 发现,连接失败,,https://wap.zhuishubang.com
醒读,微筛选,连接失败,,https://m.xingread.cn
闲书小说,✯,连接失败,,https://api.cym666.net
阅读网,无错误,连接失败,,https://read.luoxx.top
随笔小说,,连接失败,,https://www.sbbs.net
雨枫轩吧（发现）,"搜索链接规则为空,七猫免费小说",连接失败,,https://m.rain8.com
韩剧吧,已检,连接失败,,https://m.hanjuba2.com
音乐-QQ,-------,连接失败,,https://music.liuzhijin.cn-qq/
音乐-百度,音乐 书源,连接失败,,https://music.liuzhijin.cn-baidu
顶点中文,"【❌❌】搜索目录失-效,搜索目录失效",连接失败,,https://wap.dingdianku.com-By Dark
顶点小说 x23us,👍 优质,连接失败,,https://www.x23us.me-By Dark
顽石网,A级,连接失败,,https://k.wanshi.net
飞言情,"搜索链接规则为空,📖 小说",连接失败,,https://m.fyq99.net
齐齐读,,连接失败,,https://c.qiqidu.cc
🌟 ABC小说,🌟 ΑΡΙ,连接失败,,https://api.abcxiaoshuoapp.com
🌠 拷贝漫画,🌠 漫画,连接失败,,https://www.copymanga.tv
🌠 来漫画,🌠 漫画,连接失败,,https://www.laimanhua8.com
🌸 3A文学,,连接失败,,https://www.3awx.com
🌸 六毛阅读,🌸常用,连接失败,,https://wap.6mzw.com
🌸 明月中文,🌸常用,连接失败,,https://g58xsf.56bok.com
🌸 燃文993,🌸常用,连接失败,,https://m.993buy.cc
🌸九桃小说,🌸  常用,连接失败,,https://m.9txs.com
🌸桑舞,🏵️  小说,连接失败,,https://www.sztcys.com
🌸饭饭论坛,🌸  常用,连接失败,,https://bbs.fanfanc.com
🌼有兔阅读,"🐳精品【五星】,💸正版【发现】",连接失败,,https://app.youzibank.com#发现
🍁笔趣阁⑮⑧,🍁 笔趣 🍁,连接失败,,https://www.xxbequge.com/
🍑 睡前看小说,,连接失败,,https://www.minkfurlashes.com
🍒 言情书网,🍒言情,连接失败,,https://wap.yqshuwang.com
🍺 九桃,"防盗,九桃",连接失败,,https://www.9txs.com#library li
🍺 好中文吧,,连接失败,,https://m.haozw8.com
🍺 帝尊小说,,连接失败,,https://www.dizun.cc
🍺 悠悠笔趣,🍺特优,连接失败,,https://app.lbiqu.com
🍺 无弹窗小说网,🍺特优,连接失败,,https://www.22ff.com-By Dark
🍺 飞速中文网,,连接失败,,https://www.feisucn.com
🎃总裁🎃,,连接失败,,https://mobile.zongcai.com#🎃
🎃笔趣阁🎃#59,,连接失败,,https://www.22shuquge.net#🎃
🎉 17模板网②,🎉精品,连接失败,,https://m.kshu08.com
🎉 38看书𖤓,🎉精品,连接失败,,https://m.38kanshu.cc
🎉 5G小说[仅发现],🎉 精选 🎉,连接失败,,https://www.5gxs.net
🎉 82k小说,"检验,搜索链接规则为空",连接失败,,https://www.82k.org
🎉 一世书城,⁴☃晨光雨露᭄精品源,连接失败,,https://wap.1114txt.com
🎉 书海阁,🎉精品,连接失败,,https://m.xinshuhaige.com
🎉 八一中文网,🎉精品,连接失败,,https://www.zwdu.com-By Dark
🎉 可乐小说网,,连接失败,,https://www.xklxsw.com
🎉 墨雪文学,,连接失败,,https://www.moxue99.com
🎉 小说圈,,连接失败,,https://m.xsqapp.com
🎉 新顶点,🎉精品,连接失败,,https://www.xdingdian.com_Namo
🎉 来也小说,🎉精品,连接失败,,https://m.wogoupi.xyz
🎉 流星小说网,🎉精品,连接失败,,https://m.shupu.org
🎉 烟云,🎉精品,连接失败,,https://www.yyun.net#grid tr!0
🎉 爱豆看书wap,,连接失败,,https://wap.26ksw.com
🎉 百家网①,🎉 精选 🎉,连接失败,,https://www.xinbaijiaw.com
🎉 笔趣阁,,连接失败,,https://m.cqxscd.com
🎉 笔趣阁,🎉精品,连接失败,,https://www.wanwenhui.com-By Dark
🎉 笔趣阁 biquwu,"🎉 精选 🎉,💒 笔趣",连接失败,,https://www.biquwu.cc-By Dark
🎉 笔趣阁③,"🎉,搜索失效",连接失败,,https://www.xibige.com
🎉 骑士小说网③,,连接失败,,https://www.74xsw.org
🎉ABC小说②,🎉 精选 🎉,连接失败,,https://www.abcxsb.com/
🎉七八中文网,🎉精选,连接失败,,https://www.jxleiyuan.com
🎉小说楼,🎉 精选 🎉,连接失败,,https://www.xslou.com/
🎉悟空小说①,🎉 精选 🎉,连接失败,,https://www.wukongxiaoshuo.com/
🎉笔趣库③,🎉 精选 🎉,连接失败,,https://www.nbiquku.com/
🎉顶点小说㊱,🎉 精选 🎉,连接失败,,https://www.210book.com/
🎉魔眼看书,🎉 精选 🎉,连接失败,,https://www.moyankanshu.com/
🎊 思路客ⓣⓥ,防盗,连接失败,,https://www.siluke.tv#result-item
🎋七猫中文网🎋,响海,连接失败,,https://mbook.km.com/
🎋爱酷一号🎋,,连接失败,,https://www.ikuyh.com
🎨 一库Acg,"🆔登录,🎨漫画,🚬刘备,🚀VPN",连接失败,,https://yikuacg.com
🎨 绅士漫画,"🎨漫画,🚬刘备",其它错误,,🎨 绅士漫画
🎨奶牛漫画💞,"【漫画 书源】,搜索失效",连接失败,,https://www.nnmanhua.top
🎯笔趣阁qgblg,"🏵️  小说,💒 笔趣",连接失败,,https://m.qgblg.net
🎼 虾米,🎼音乐,连接失败,,https://music.liuzhijin.cn-xiami
🏀 言情中文网①,,连接失败,,https://www.yqzww.la/
🏷️有兔阅读🌱💦,,连接失败,,https://app.youzibank.com#一程edit
🐳小说柜,搜索失效,其它错误,,https://www.xiaoshuogui.com#sitebox dl#乃星
👍 114中文网,👍优质,连接失败,,https://www.114zw.la-By Dark
👍 万界小说网,"﹅ ♜ 优质,搜索失效",连接失败,,https://www.wanjiexianwang.com
👍 久久,🏵️  小说,连接失败,,https://www.txt909.com#searchTopic
👍 千千[防盗字体],🏵️  小说,连接失败,,https://www.jxtemi.com#book-ol li
👍 墨坛,👍优质,连接失败,,https://www.motanwx.com#search_text
👍 快眼[防盗字体],🏵️  小说,连接失败,,https://www.feisitesujiao.com#articlegeneral
👍 我爱小说,👍优质,超时,,https://www.2wxs.com
👍 笔屋小说网,👍优质,连接失败,,https://www.biwu.cc
👍 笔趣阁儿,,连接失败,,https://m.biquger.com
👍 趣阅阁™MaxKing,优质源👍,连接失败,,https://m.quyuege.com
👍630小说,优质源👍,连接失败,,https://www.v63xs.com/
👍笔趣阁,已检验,连接失败,,https://gfnormal05at.com/h5
👍顶点小说㉖,优质源👍,连接失败,,https://www.dditxt.com/
💎 全本小说网🅰️,5.26,连接失败,,https://www.qb5.tw-By Dark
💎 🎈天籁小说,C组,连接失败,,https://www.tianlaixsw.com
💦笔趣库,🎉 精选 🎉,连接失败,,https://www.biqiku8.com/
💨 小说柜,搜索失效,其它错误,,https://www.xiaoshuogui.com#sitebox dl#芜恙
💫秀小说网,☃晨光雨露🍒精品源💯,连接失败,,https://www.xiuxs.org
💯奇书网,搜书,连接失败,,https://www.qsw.la-By Dark
💯新热门小说,"﹅ ♛ 精品,搜索失效",连接失败,,https://www.xinremenxs.com-By Dark
💯老猫小说🅰APP💜💜💜 #ag2s,"★,🎉 精品,☀️搜书/换源 A▪精品",连接失败,,https://api.laomaoxs.net#ag2s
💯飘天中文,搜书,连接失败,,https://www.piaotianzw.com-By Dark
💵 热搜小说,💵正版,连接失败,,https://m.resouxs.com
📖 看书啦网,📖 小说,连接失败,,https://wap.shuxinyi.net/
📝明月中文,"📖小说,自",连接失败,,https://m.56bok.com
📥圣武书库,"📥 39,🍋🍋🍋🍋🍋🍋",连接失败,,https://www.iswsk.com#?
📻 5sing原创,📻 有声,连接失败,,https://music.liuzhijin.cn-5singyc
📻 酷狗,,连接失败,,https://music.liuzhijin.cn-kugou
📻酷我音乐,听书 书源,连接失败,,https://music.liuzhijin.cn-kuwo
🔖顶点中文,"其他,搜索目录失效",连接失败,,https://wap.dingdianku.com
🔥Chinese Beauties,搜索链接规则为空,连接失败,,https://sxchinesegirlz01.xyz/
🔰 92读书™,🔰普通,连接失败,,https://www.92dus.com
🔰 UPU小说网,🔰普通,连接失败,,https://www.upuxs8.com
🔰 女生小说网,🔰普通,连接失败,,https://m.52nsnovel.net
🔰 摘书网,🔰 普通,连接失败,,https://www.zhaishuw.com
🔰 歪歪小说[防盗字体],🏵️  小说,连接失败,,https://www.99xiyue.com/index.html
🔰 猫咪AV,🔰 普通,连接失败,,https://50maopp.com
🔰 笔趣阁,🔰 普通,连接失败,,https://www.xbiquge.cc-By Dark
🔰 笔趣阁⑧,🔰普通,连接失败,,https://www.biqugexsw8.com
🔰 青瓜,🔰 普通,连接失败,,https://look.66shuwu.com
🔰 顶点小说2,🔰普通,连接失败,,https://www.208xs.com-By Dark
🔰一文中文,🔰 一般 🔰,连接失败,,https://www.yiwenzw.com/
🔰之梦中文,🔰 一般 🔰,连接失败,,https://www.zhimengzw.com/
🔰八一中文⑱,🏵️  小说,连接失败,,https://www.218zw.com/
🔰去看看书院,🔰 一般 🔰,连接失败,,https://www.qkksy.com/
🔰塔读小说①,🔰 一般 🔰,连接失败,,https://www.taduxs.com/
🔰快书小说,🔰 一般 🔰,连接失败,,https://www.kuaishuxs.com/
🔰有木有中文,🔰 一般 🔰,连接失败,,https://www.ymyzw.com/
🔰灵飞小说,🔰 一般 🔰,连接失败,,https://www.lingfeixs.com/
🔰笔趣阁sc,🔰 一般 🔰,连接失败,,https://www.sckean.com/
🔰读看看小说,🔰 一般 🔰,连接失败,,https://www.dukankanxs.com/
🔰麦块小说,🔰 一般 🔰,连接失败,,https://www.maikuaixs.com/
🚬 学习材料◽️,"🚬刘备,💊无搜",连接失败,,https://bbs.188sex.com/forum.php?gid=77
🚬 我的书阁①,18,连接失败,,https://m.myshuge.org
🚬 第一版主cc,,连接失败,,https://www.diyibanzhu8.pro
🤶瑞  思  达,"﹅ 通用书源▪︎玄奇,搜索失效",可达,200,https://www.xarsd.com
🥈追读小说,🥈补充,连接失败,,https://service.nickbussok.com
