书源名,分组,状态,HTTP,地址
33言情,🍁多型,其它错误,,https://m.x33yq.org/
33言情,"☣️精选senhora,♑qd书",其它错误,,https://www.33yq.org
69书吧多接口@游客2580,"源仓库,优质,69,自制,网页源,js失效",其它错误,,69shuba:youke2580
6G小说网,,其它错误,,https://www.6gxs.net
BL腐书网,女频,其它错误,,http://m.rh-kids.com
UAA·小说,自添,其它错误,,UAA·小说
UAA·文学[正文],校验公众号：【omega推文】,其它错误,,UAA·文学
UAA•文学[大佬改],,其它错误,,这里可以写任何内容
UU小說,,其它错误,,去789
UU小說,,其它错误,,UU小說感觉挺好用的！
a💰纵横▪细分榜单▪完结/热门💜💜💜,¹▽置顶`ȏ´正版发现,其它错误,,❀.zongheng#□namo edit
comic[繁|修]️,,其它错误,,https://x.twocomic.com修
po文学,,其它错误,,https://wap.po.work/彩虹
®️爱丽丝书屋,"失效,js失效",其它错误,,爱丽丝书屋 by.夜泽川
▪︎♛爪机书屋 md #一程,"﹅ ♛ 精品,发现目录失效,搜索失效",其它错误,,https://www.zjsw.org#md-yc
☑宝来小说,"🔍校验组0218,📙大众书",其它错误,,https://m.baolaixsw.com
♛▪︎爪机书屋 #一程1201,"﹅ ♛ 精品,发现目录失效,搜索失效",其它错误,,https://www.zjsw.org#yc1101
♜ 恋上你看书 #一程,,其它错误,,https://www.630shu.net#yc1101
♜ 恋上你看书 #一程,,其它错误,,https://www.630shu.net#♤yc
♜+爱书包 破冰,,其它错误,,https://www.ishubao.org/♤pb
♨️ 青羽阅读,精选,其它错误,,【青羽/乐兔】阅读——遇知
♾️ 第一版主-夜明空,8月1日.静,其它错误,,♾️第一版主
⚖️ 宝来小说网📥,已检,其它错误,,https://www.baolaixsw.com/##@遇知
✐ 新漫画,,其它错误,,https://xapi.xinmanhua.net♤Haxc
✨雅谷中文🎉💻,已检验,其它错误,,雅谷中文
✾♛33言情w #一程,已检验,其它错误,,https://www.33yq.org#♤yc
❀ 33言情 ♛♛♛,已检验,其它错误,,https://www.33yq.org#一程
⭐同库(无搜索),,其它错误,,源注释网址
㊣ UC小说 一程,正版,其它错误,,http://xiaoshuo.uc.cn♤yc
㊣ 若初文学,,其它错误,,http://www.ruochu.com♤yc
㊣腾讯漫画,,其它错误,,https://m.ac.qq.com♤Haxc
㊣黑岩阅读 破冰,,其它错误,,https://www.heiyan.com♤pb
七七读书,,其它错误,,http://www.dushu.com已整理
七七读书,小说 书源,其它错误,,http://www.77dushu.com已整理
七七读书,,其它错误,,http://www.dushu.com未月十八repairwy-
三三言情,小说 书源,其它错误,,https://m.x33yq.org/##@鱼
三八小说,-------,其它错误,,https://www.38xs.com
三六小说（发现）,小说 书源,其它错误,,http://www.36xs.net/
三月天,全部来自论坛,其它错误,,https://m.3yt.org
临高启明,小说 书源,其它错误,,http://lgqm.huijiwiki.com/wiki/同人作品列表已整理
临高启明,🎈 轻文,其它错误,,http://lgqm.huijiwiki.com/wiki/同人作品列表/
临高启明🎃,,其它错误,,http://lgqm.huijiwiki.com/wiki/同人作品列表#🎃
久久漫画①,"【🈵♥🈵💯】231123千组1,【】⛺漫画",其它错误,,久久漫画
书仓网吧,小说 书源,其它错误,,https://www.shucang.cc
书仓网🥈,搜索失效,其它错误,,https://www.shucang.cc#🎃
书海阁,🍁多型,其它错误,,https://m.shuhaige.net/#pb1101
书海阁,小说,其它错误,,https://m.shuhaige.net#🎃
书海阁 m.shuhaige.net,综合,其它错误,,https://m.shuhaige.net
书海阁 shuhaige.net,校验,其它错误,,https://www.shuhaige.net
书海阁吧,小说 书源,其它错误,,https://m.shuhaige.net/#♤pb
书海阁子,小说 书源,其它错误,,https://m.shuhaige.net/#pb
书荒部落（下载）,小说 书源,其它错误,,http://noveless.com已整理
二宝小说,综合,其它错误,,https://www.20xs.org
二宝小说,小说 书源,其它错误,,https://www.20xs.org/#pb1101
二零小说,小说 书源,其它错误,,https://www.20xs.org/##@鱼
云书阁,🏖️免费+,其它错误,,https://www.kxdt.net/
五六中文,-------,其它错误,,https://www.56zw.com已整理
付梓漫画,🎨漫画,其它错误,,https://www.serial-online.net
全本小说网junth,🎉 精品,其它错误,,https://m.junjh.com
六味书屋,,其它错误,,六味书屋
农夫小说,"③🚫  禁验,⑸🔰  优质",其它错误,,https://m.nfxs.com
出处源-仓库👑西瓜免费小说,,其它错误,,西瓜免费小说App
刺书客吧,,其它错误,,http://m.shuke.dlbeauty.cn/喜静
博仕书屋,综合,其它错误,,https://m.boshishuwu.com
博仕书屋,"【🎃书源】,优选女频,【🌸自用女频源】",其它错误,,https://m.boshishuwu.com#🎃
原69主站,,其它错误,,.com域名
参与书库,,其它错误,,https://www.shukuw.com关耳
友声uaa,💚有声,其它错误,,UAA·有声
友爱学渣,﹅ 通用书源▪︎玄奇,其它错误,,学渣
吓死你通用书源(任意小说网站做成强制书源),"【】👾笔趣阁,搜索目录失效,【❌❌】搜索目录失-效",其它错误,,吓死你通用书源
喜马拉雅,,其它错误,,https://www.ximalaya.com/乃星
喜马拉雅,听书 书源,其它错误,,https://www.ximalaya.com已校验
四季书屋,,其它错误,,sjsw:youke
墨辰整理书源系列,,其它错误,,墨辰整理书源大全6.1版
墨辰整理书源系列,,其它错误,,墨辰整理书源大全6.0版
夜伴书屋,小说 书源,其它错误,,https://www.yeban360.com/分页
大众文学-夜明空,官方-7-17,其它错误,,https://www.gzhgxs.com/
天域小说,,其它错误,,https://www.zmccx.com/♤pb
天悦小说,小说 书源,其它错误,,https://m.xtyxsw.org
夸克搜书,"📑夸克搜书,通用",其它错误,,夸克搜书
妙阅小说,源仓库,其它错误,,妙阅小说app抓包
完美韩漫ζ,需要登录,其它错误,,完美韩漫
宝来小说,综合,其它错误,,https://m.baolaishiye.com
宝来小说,20250428,其它错误,,https://www.baolaixsw.com
宝来小说,小说 书源,其它错误,,https://www.baolaixsw.org/
宝来小说,小说 书源,其它错误,,https://m.baolaishiye.com##尐哖
宝来小说,小说 书源,其它错误,,https://www.baolaishiye.com/
宝来小说,小说 书源,其它错误,,https://www.baolaishiye.com/##@遇知
宝来小说网,,其它错误,,https://m.xinbaolaixsw.com
少年小说,综合,其它错误,,https://m.snxiaoshuo.com/
巴卡漫画,"js失效,全部来自论坛",其它错误,,巴卡漫画🎃
布拉书屋🎃#2,,其它错误,,https://m.bulasw.com#🎃
恋上你看书,1,其它错误,,https://m.630shu.net/
掌阅小说,综合,其它错误,,http://m.zhangyue.com，
搜书吧,,其它错误,,https://ssb81.com/
搜动漫②,"发现失效,【】⛺漫画,【❌❌】搜索失-效,搜索失效",其它错误,,http://m.soudongman.com已整理
文坊阁,全部来自论坛,其它错误,,https://wfg.la
文坊阁,,其它错误,,https://wfg.la##防同
新御书屋,全部来自论坛,其它错误,,https://whfrsl.com
新爱漫画,漫画,其它错误,,https://xapi.xinmanhua.net已整理
新笔趣阁,📃论坛,其它错误,,https://www.xbqg6.com/
新顶点小说,"发现失效,搜索失效",其它错误,,https://www.xddxs.co/
无名图书（下载）,特殊 书源,其它错误,,https://www.book123.info/
星海资源◽️,,其它错误,,星海采集
晋江,"🎀 晋江,🍊 女频",其它错误,,晋江纯爱/无cp标签
晋江,"💭💭💭💭💭💭,发现目录失效",其它错误,,https://m.jjwxc.net/♂♀
晋江[百合发现],"💭💭💭💭💭💭,发现失效,搜索正文失效",其它错误,,http://android.jjwxc.net百合
晋江小子,微筛选,其它错误,,晋江APP源，请看注释
晋江文学,正版小说 书源,其它错误,,绿色 和谐
晋江文学,"💭💭💭💭💭💭,发现失效",其它错误,,强迫症专用，记得看注释
晋江文学11,"搜索正文失效,发现正文失效,【❌❌】搜索正文失-效",其它错误,,http://www.jjwxc.net/纯爱最新更新
晋江文学13,"搜索正文失效,发现正文失效,【❌❌】搜索正文失-效",其它错误,,http://www.jjwxc.net。。。
晋江文学25,"发现失效,搜索正文失效,【❌❌】搜索正文失-效",其它错误,,http://android.jjwxc.net作者
晋江文学城,"5.26,搜索正文失效,发现正文失效",其它错误,,http://www.jjwxc.netï¼ï¼
晋江详榜,,其它错误,,https://m.jjwxc.net未月十八二次排版
晋江详榜（发现）,-------,其它错误,,https://www.jjwxc.net/细分
晋江详榜（发现）,,其它错误,,https://m.jjwxc.net未月十八小改
有爱音频🎧,📻 有声,其它错误,,有声
棉花糖网,小说 书源,其它错误,,https://www.mianhuatangxiaoshuo.com/
派派文学,111最新校验成功,其它错误,,https://m.paipaiwx.com
清河文学,小说 书源,其它错误,,飞絮飞花何处是，层冰积雪摧残，疏疏一树五更寒。
漫客栈,,其它错误,,http://comic.mkzhan.com♤Haxc
漫画台子,漫画 书源,其它错误,,https://m.manhuatai.com/api已校验
爪机书屋,,其它错误,,https://www.zjsw.org
爪机书屋,-------,其它错误,,https://www.zjsw.org/##@鱼
爪机书屋,小说 书源,其它错误,,https://m.zjsw.org/##@遇知
爪机书屋,-------,其它错误,,https://www.zjsw.org##@遇知
爪机书屋,"发现目录失效,搜索失效",其它错误,,https://www.zjsw.org/#pb1101
爱书仓网,小说 书源,其它错误,,https://www.shucangxsw.com
爱奇艺漫画,🖼️漫画,其它错误,,https://www.iqiyi.com/manhua已整理
爱看书吧,小说 书源,其它错误,,https://m.aidushu8.com/##喜静
爱看书吧,小说 书源,其它错误,,https://m.aidushu8.com/
爱看书网,,其它错误,,https://cxb-pro.cread.com已整理
爱看漫画,,其它错误,,https://m.kanman.com♤Haxc
爱看漫画iimh,漫画🎟️,其它错误,,https://www.iimh.net
独阅读网,,其它错误,,https://www.duread.com喜静
猫眼看书,,其它错误,,这个源有两个网站，一个是猫眼网站，另一个也是猫眼网站。-----鲁迅
猫耳,有声,其它错误,,https://www.missevan.com已校验
猫耳FM,,其它错误,,https://www.missevan.com乃星
猫耳听书,,其它错误,,https://www.missevan.com♤guaner
猫耳有声,,其它错误,,https://www.missevan.com关耳
玄幻楼_优化_by_厉飞雨,已检验,其它错误,,https://www.xuanhuanlou.com
瓜机书屋,小说,其它错误,,https://m.zjsw.org/
番茄✮免费小说,"【❌❌】搜索失-效,发现失效,搜索失效",其它错误,,超人
番茄【FQWeb自建】- 模板,番茄小说,其它错误,,在此填写你的服务器地址
番茄小说,柳树,其它错误,,https://fq-book.netsite.cc
番茄小说,小说 书源,其它错误,,https://novel.snssdk.com苏念
番茄小说,小说 书源,其它错误,,https://novel.snssdk.com破冰
番茄小说6#,"【❌❌】搜索失-效,发现失效,搜索失效",其它错误,,http://www.ah-edu.com.cn/锋
百度贴吧,-------,其它错误,,https://tieba.baidu.com已整理
盗墓笔记,小说 书源,其它错误,,http://www.daomubiji.org/?yuedu已整理
盗版uaa(全程免梯),,其它错误,,🤔这重要吗🤔
短篇小说[自写],自写1118,其它错误,,https://www.txt818.com
笔下文学,"发现失效,全部来自论坛",其它错误,,https://m.71bxwx.com/
笔下文学（优+）,小说 书源,其它错误,,https://www.17bxwx.com/
笔趣阁,小说 书源,其它错误,,https://www.tkxyk.cc/喜静
笔趣阁70,自写的,其它错误,,笔趣阁70
笔趣阁86,小说 书源,其它错误,,笔趣阁(杀鸡取卵版)-----鲁迅
笔趣阁tkxyk,"常用,搜索失效",其它错误,,https://www.tkxyk.com
笔趣阁tkxyk,"自制,源仓库,网页源",其它错误,,https://m.tkxyk.com
笔趣阁②🥉,®📖 202404,其它错误,,七夕长河烂，中秋明月光。
第九中文,,其它错误,,https://www.tengwen.cc/喜静
精华书阁,小说 书源,其它错误,,"读书无嗜好，就能尽其多。不先泛览群书，则会无所适从或失之偏好，广然后深，博然后专。                    
                                           ——鲁迅"
绅士漫画,涩漫图,其它错误,,https://绅士漫画.luoyacheng.ip-ddns.com
老幺小说网-夜明空,,其它错误,,https://www.laoyaoxs.org//防
肉鸽小说,小说 书源,其它错误,,http://www.fqxs.cc/锋
若初文学,,其它错误,,http://www.ruochu.com嘚嘚.
若初文学,,其它错误,,http://www.ruochu.com一程
茄子小说,微筛选,其它错误,,https://m.free-xsw.net
萝莉文学,女频,其它错误,,https://www.luoliwx.net一
虫虫书屋,涩文,其它错误,,http://www.51menu.com
虫虫书屋,综合,其它错误,,http://www.0794r.com
虫虫书屋,小说 书源,其它错误,,http://www.51menu.com##修正
虫虫书屋<0794r>,💭💭💭💭💭💭,其它错误,,http://www.0794r.com##尐哖
蛋蛋聚合,,其它错误,,蛋蛋聚合
西瓜小说,小说 书源,其它错误,,http://www.fanaoqi.com/锋
西瓜小说xigua,❤小说,其它错误,,西瓜小说
读书社科,小说 书源,其它错误,,https://www.dushu.com/sheke已整理
读书网包,,其它错误,,http://www.dushu.com关耳
读书网吧,小说 书源,其它错误,,https://www.dushu.com/xiaoshuo已整理
豆瓣·日记,⭐️ 收藏,其它错误,,https://www.douban.com/note/662056085/?type=rec已校验
资源采集19  #Thomas哟,涩视,其它错误,,资源采集19
资源采集21  #Thomas哟,涩视,其它错误,,资源采集21
资源采集6  #Thomas哟,涩视,其它错误,,资源采集6
起舞中文,小说 书源,其它错误,,https://www.75zwz.com
趣书网/76txt,"自制,女频,下载,源仓库,网页源",其它错误,,https://www.76txt.com/
辞鱼小说,"待删,鸡肋,希弥",其它错误,,https://m.ciyuxs.com
追书神器①,正版,其它错误,,http://www.zhuishushenqi.com停
追文小说,小说 书源,其它错误,,https://www.zhuiwenxsw.com
选书阁,"自制,源仓库,网页源",其它错误,,https://www.bookrbx.com
选书阁,"5.6,🌈🌈采书",其它错误,,https://www.bookrbx.com/search/
醉爱,"发现正文失效,【❌❌】网站失-效,搜索失效",其它错误,,https://m.zuiaixs.com/
长夜余火小说网,"发现失效,小说,搜索失效",其它错误,,https://www.changyeyuhuo.com
零点小说,小说 书源,其它错误,,https://www.lingdxsw.com#
霹雳书屋◎辞晨◎,写源,其它错误,,🔖霹雳🔖🤔
顶点小说网,"js失效,全部来自论坛",其它错误,,https://m.xddzw.com
飘天文学,综合,其它错误,,https://m.ptwxz.org
飞卢小说,,其它错误,,https://b.faloo.com温暖满怀
黑岩小说玄奇.,,其它错误,,https://www.heiyan.com玄奇.
️ 免费追书,,其它错误,,https://cxb-pro.cread.com@遇知
🌈pixiv小说,"🙈,pixiv",其它错误,,https://pixiv小说.luoyacheng.ip-ddns.com
🌈pixiv小说,🙈,其它错误,,https://洛娅橙.pixiv小说
🌈pixiv小说,🙈,其它错误,,洛娅橙-pixiv小说
🌈八叉书库,"🙈,八叉",其它错误,,https://八叉书库.luoyacheng.ip-ddns.com
🌈八叉书库,"🙈,八叉",其它错误,,https://洛娅橙.八叉书库
🌈八叉书库,🙈,其它错误,,洛娅橙-八叉书库
🌈绅士漫画,🙈🎨,其它错误,,洛娅橙-绅士漫画
🌈蓝海搜书🚀,收集方：源论坛 4月25号,其它错误,,搜书搜书搜书
🌈读漫屋,"🙈,🎨",其它错误,,https://读漫屋.luoyacheng.ip-ddns.com
🌈读漫屋,🙈🎨,其它错误,,洛娅橙-读漫屋
🌈起点助手,"起点,📓",其它错误,,https://起点助手.luoyacheng.ip-ddns.com
🌈起点助手,"起点,📓",其它错误,,https://起点助手2.luoyacheng.ip-ddns.com
🌐ACG漫画网,写源,其它错误,,网站被吃了没办法❗👻
🌐台湾小说◎辞晨◎,4月2号静白,其它错误,,🧾台湾小说🧾
🌐绅士漫画◎辞晨◎,写源,其它错误,,🌐绅士漫画
🌙 免费小说-HD,"。,2",其它错误,,番茄小说-hide
🌙 番茄HD,番茄小说〈自用〉,其它错误,,番茄小说-hide#HD
🌙 绿柠小说,-------,其它错误,,绿柠APP
🌞晴天融合4.7.10(完全版),柳树,其它错误,,晴天融合4.0
🌠 顶通漫画,"[1],[漫画]",其它错误,,顶通漫画
🌠六味书屋,【小说2书源】,其它错误,,六味书屋——遇知
🌸全随机,月月书源,其它错误,,这是一个书源哦……
🌸豆花,月月书源,其它错误,,祝大家天天开心啊
🌽晋江☻,,其它错误,,晋江言情标签
🍅大灰狼融合4.7.2(完全版),大灰狼,其它错误,,大灰狼融合VIP4.0
🍅大灰狼融合4.8.28(完全版),大灰狼聚合,其它错误,,大灰狼融合4.0
🍅番茄小说[在线阅读],"番茄小说,轻阅读,禁止下载,仅在线阅读",其它错误,,🍅番茄小说
🍅聚合书源有你喜欢的,番茄小说,其它错误,,"http://110.40.38.4:5008
https://api.langge.tk
https://api.doubi.tk
http://api.dahuilang.cf
提示：点击登录切换服务器按钮可进行切换(当前书源为融合版)"
🍉 疯情书库β,🍉 男频,其它错误,,歪歪斜斜的字眼里，满篇都是吃人二字-----鲁迅
🍊三九阅读,普通,其它错误,,https://www.39yd.com/@鱼
🍑七色小说🍑,﹅ ✾ 言耽,其它错误,,http://m.qisexs.com已整理
🍒六九[繁],全部,其它错误,,花间一壶酒，独酌无相亲。
🍒霹雳书屋,无屏蔽字（精校）,其它错误,,昨夜醉眠西浦月，今宵独钓南溪雪。
🍺 笔下文学 bxwx.co,🍺 特优,其它错误,,https://www.bxwx.co/
🍺 飞速中文.com,🍺 特优,其它错误,,https://飞速中文.com/
🎈 同人小说,"轻文,发现失效,搜索失效",其它错误,,https://www.tongrenquan.org已校验
🎉 吞噬小说①,"💊无搜,🎉精品",其它错误,,https://www.tsxsw.la
🎉 大灰狼融合(vip完全版),🎉 通用书源,其它错误,,大灰狼融合VIP5.0
🎉 手打书小说网,"【❌❌】搜索失-效,发现失效,搜索失效",其它错误,,https://m.shoudashu.com/
🎉 晴天聚合,🎉 通用书源,其它错误,,晴天融合VIP4.0
🎉33言情①①,,其它错误,,https://m.33yq.org/
🎧 UAA有声,8月1日.静,其它错误,,UAA有声xh
🎨 九妖漫画,"🎨漫画,🚬刘备",其它错误,,九妖漫画
🎨 快看漫画,-------,其它错误,,http://m.kuaikanmanhua.com🎃🪔️⚖️🏆🌟🌀🐤🍄🍬💯
🎨 无删韩漫,"🎨漫画,🚬刘备",其它错误,,无删韩漫
🎨 顶通漫画,漫画组,其它错误,,顶通漫画💞
🎨三四娱乐,-------,其它错误,,🎨三四娱乐
🎨咻咻漫画,漫画,其它错误,,咻咻漫画
🎬看片狂人,影视,其它错误,,🎬看片狂人
🎶 简单音乐,111最新校验成功,其它错误,,简单音乐
🐣爱看书吧,4月2号静白,其它错误,,https://m.aidushu8.com/##ʕ ᵔᴥᵔ ʔ喜静
👑奇书网,,其它错误,,https://m.xinqishuxs.com
👑笔趣小说阁,🎓自制源,其它错误,,红色笔趣阁App
👔 疯情阅读,🚀VPN,其它错误,,https://www.aaread.club-正则
💡晋江文学,"¹▽置顶`ȏ´正版发现,⁶❀耽女︎ºั轻言",其它错误,,http://www.jjwxc.net/细分
💦搜书网小说,,其它错误,,https://m.soshuwu.org/
💯恋上看书①,,其它错误,,https://www.630shu.net/
💰 起点中文网,💰 正版,其它错误,,http://www.qidian.com/起点中文
💰 起点标签♀,💰 正版,其它错误,,https://www.qidian.com/女频标签
💰 起点标签♂,💰 正版,其它错误,,https://www.qidian.com/男频标签
💰 起点男榜,💰 正版,其它错误,,https://m.qidian.com/男频排行
💵 夸克搜书,💵 正版,其它错误,,🔗夸克搜书
💵 晋江[分类],正版,其它错误,,https://m.jjwxc.net/分类
💵 晋江[百合标签],"﹅ ㊣ 正版,漫画,发现失效",其它错误,,http://m.jjwxc.net/百合标签
💵 晋江[言情标签],💰 正版,其它错误,,http://www.jjwxc.net/言情标签
💵 晋江文学城,正版,其它错误,,http://android.jjwxc.net/晋江
💵 晋江详榜,💵正版,其它错误,,http://www.jjwxc.net/详榜
💵 起点分类,"精选,精选15S",其它错误,,http://www.qidian.com/分类
💵 起点收藏,💵正版,其它错误,,https://www.qidian.com/收藏
💵 起点男频,¹▽置顶`ȏ´正版发现,其它错误,,https://www.qidian.com//男频标签
📑 夸克,📑通用,其它错误,,夸克
📚书山融合,"番茄小说,书山",其它错误,,"http://v3.shushan.xyz:50005
http://v3.shusan.xyz:50005
提示：点击登录切换服务器按钮可进行切换(当前书源为融合版)"
📡 256中文,"📡发现,🚀VPN",其它错误,,https://www.256zw.net
📰 虫虫书屋,"📰 成年（Tg敏感资源库
https://t.me/+Gk4E1u5cvaxhYTY1）",其它错误,,http://www.0794r.com##@尐哖
📺 资源采集,"📺 视频,番茄小说",其它错误,,资源采集
📺 资源采集20  #Thomas哟,影视,其它错误,,资源采集20
📺 资源采集22  #Thomas哟,影视,其它错误,,资源采集22
📺 资源采集30  #Thomas哟,【🈵♥🈵💯】231123千组1,其它错误,,资源采集30
📺 资源采集6  #Thomas哟,涩视,其它错误,,资源采集我
🔎晋江,⁶❀耽女︎ºั轻言,其它错误,,晋江APP
🔖八叉书屋,,其它错误,,❗❗❗你猜我是谁👻=>🤔❗❗
🔖八叉书屋🔖◎辞晨◎,收集出处：源论坛 4月29号,其它错误,,❗❗❗你猜我是谁👻=>❗🔐❗❗
🔖八叉书屋🔖◎辞晨◎,,其它错误,,❗❗❗你猜我是谁👻=>❗🧾❗❗
🔖八叉书屋🔖◎辞晨◎(手机),写源,其它错误,,❗❗❗你猜我是谁👻=>(手机)🔐🧾❗❗
🔖纵横排行榜,🔖正版,其它错误,,❀.zongheng
🔰 晋江文学,"搜索正文失效,发现正文失效,【❌❌】搜索正文失-效",其它错误,,http://www.jjwxc.net，，
🗒 歪漫画网,"【❌❌】搜索失-效,发现失效,搜索失效",其它错误,,歪漫画
🚖 米国度,8月1日.静,其它错误,,米国度
🚪修复1,﹅ 通用书源▪︎玄奇,其它错误,,目录1
🚪修复2,﹅ 通用书源▪︎玄奇,其它错误,,目录2
🚪修复3,﹅ 通用书源▪︎玄奇,其它错误,,目录3
🚪修复4,﹅ 通用书源▪︎玄奇,其它错误,,目录4
🚬 疯情阅读,"🚬刘备,🚀VPN",其它错误,,https://www.aaread.club-正则:🚬刘备入川
🛺 晋江[榜单]③,"🍊 女频,搜索正文失效,发现正文失效",其它错误,,http://www.jjwxc.net，
🥝六九书吧,第一分组,其它错误,,人间烟火气，最抚凡人心。
🧁轻文库小说,,其它错误,,轻文库小说
🧾新御书屋🧾,收集出处：源论坛 4月29号,其它错误,,🧾新御书屋🧾
🪔️ 33言情,微筛选,其它错误,,https://m.33yq.org/##@遇知
016小说手机免费阅读,综合,可达,200,https://m.016wx.com
06AK-1,小说,可达,200,http://www.06ak.com
0714🧞‍♂️发现🍄支持正版🍄qidian🍄起点中文网,07.🍈🍈🍈,可达,202,https://www.qidian.com/*
101言情,"💭💭💭💭💭💭,搜索失效",可达,200,http://www.txt101.com/
101言情③,"💭💭💭💭💭💭,搜索失效",可达,200,http://www.txt101.com#♤guaner
101言情④,"💭💭💭💭💭💭,搜索失效",可达,200,http://www.txt101.com#guaner
115文学,综合,可达,200,http://wap.115wx.org/
123言情,🍊 女频,可达,200,http://www.123xyq.com#
123言情🎃,,可达,200,http://www.123xyq.com#🎃
123读书网,"自制,备用,修复,源仓库,网页源",可达,200,https://www.123duw.com/
123读书网,"自制,备用,修复,源仓库,网页源",可达,200,https://m.123duw.com/
126小说网,,可达,200,https://www.tatays.com
126小说网🎃,,可达,200,https://www.tatays.com#🎃
1359漫画②,"发现失效,【】⛺漫画,【❌❌】搜索失-效,搜索失效",可达,200,https://www.bdido.com#♤Haxc
151电子书,【小说3书源】,可达,206,https://m.151txt.com
159TXT,综合,可达,206,https://m.159txt.com
171小说,"自制,发现,源仓库,网页源",可达,200,https://m.171xs.net
178小说,,可达,200,https://m.178xs.cc/
178漫画网-幕惜,,可达,200,https://www.patternrecognition.cn
17K小说,综合,可达,200,https://www.17k.com#yc1101
187小说(无搜索）,综合,可达,200,https://www.187xs.com
18jinshu✈️,📖小说,可达,200,https://www.18jinshu.com
18mh,,可达,206,https://baby.emztarlk.com/
18mh修复版,,可达,200,https://www.18mh.net
18笔趣阁/笔趣小说,🍁 笔趣,可达,200,https://wap.18biquge.com
19书院,涩文,可达,200,https://m.19shuyuan.com
2,综合,可达,200,https://yibaobang.com/
2023txt,综合,可达,206,https://m.2023txt.com/
23格格党（jj较快）,,可达,200,https://m.23ggd.com
256中文[分页],"☣️精选senhora,⛎JJ城",可达,200,https://www.256shuku.com
25中文,"﹅ 通用书源▪︎玄奇,搜索失效",可达,200,http://m.25zw.com
25中文网25zw,❤小说,可达,200,http://m.25zw.org
25中文网25zw.la,⌨📧网文,可达,200,https://m.25zw.la
2comic,💡【提示】; 🌐【翻墙】,可达,200,https://x.twocomic.com
2小说,全部,可达,200,http://www.2xiaoshuo.com/
301book,综合,可达,206,https://m.301book.com
35书屋,综合,可达,200,http://m.35sw.org
360听小说网,综合,可达,200,https://www.360tingshu.cc
360漫画-M,🎨漫画,可达,206,https://m.xd5s.com
360漫画-M #Haxc,漫画🎟️,可达,206,https://m.xd5s.com#Haxc1107
365小说网,,可达,200,http://www.shukuge.com/
369小说,,可达,200,http://www.369book.cc/search/
369小说网-自写🐜,免费,可达,200,https://www.369book.cc/
36漫画,🎨漫画,可达,200,https://m.36mh.com
38 小说网,,可达,200,http://www.38xs.net/
399小说-夜明空,"全部来自论坛,网站失效",可达,200,http://www.399xs.com/
3Q中文网,"⌨ 自制,📙大众书",可达,200,https://sk.3qxsw.com
51漫画,漫画,可达,200,https://www.51comics.com/
51阅读,3,可达,200,https://m.51read.org
520xs.la(无搜索),综合,可达,200,https://www.520xs.la
52书库,,可达,206,https://www.52shuku123.cc
52书库,E组,可达,200,https://www.52shuku.vip##
52书库123,,可达,206,https://www.52shuku123.org
52书库②,女频,可达,200,https://www.po5.net
52推书(看注释),书单,可达,200,https://www.52tuishu.com
55小说,,可达,200,http://www.55shuba.com/##@遇知
57漫画📱,漫画🎟️,可达,206,http://m.57mh.org
5，234,⌨📧网文,可达,206,https://www.5yydstxt234.com/
6,,可达,200,http://wap.shukuge.com
61看书,综合,可达,206,https://www.61ksw.com
63书吧,综合,可达,200,http://m.63shu.com
666漫画(仅发现),漫画,可达,200,http://www.qiman55.com
666漫画📱需登录,漫画🎟️,可达,200,http://m.1dyf.com
68读书,收集出处：源论坛 4月29号,可达,200,https://wap.68read.cc
69书吧 69shu.org,收集出处：源论坛 4月29号,可达,200,https://www.69shu.org
69书吧[晴天接口],,可达,206,http://69shuba.qingtian618.com
69书吧biz-幕惜,"全部来自论坛,网站失效",可达,200,https://www.69shuba.biz/
69书吧①,®📖 搜集整理™,可达,200,http://www.69shu.org
69听书网,,可达,200,https://www.ting69.com
69好书,"梯子,人机验证-全站",可达,200,https://69shu.ac
69書吧,小说,可达,200,https://69shuba.tw
69阅读69yd,🎉 精选,可达,206,https://www.69yd.top
69阅读【使用前先登录手动过人机验证】,,可达,200,https://www.69yuedu.net
6月小说🎃,,可达,200,http://www.6yxs.com#🎃
7k小说3,小说 书源,可达,200,https://www.17k.com#pb1101
7k小说4,小说 书源,可达,200,https://www.17k.com#♤pb
7wav,,可达,200,https://m.7wav.com
7wav🎃,③🚫  禁验,可达,200,https://m.7wav.com#🎃
800小说网(7.13),"1,发现失效,搜索失效",可达,206,https://m.800xiaoshuo.com
82k小说,综合,可达,200,https://www.82kan.cc/
83中文网,1,可达,206,https://www.83zws.com/
83看书-夜明空,"写源,搜索目录失效",可达,200,https://www.83kss.cc
86文学,综合,可达,200,https://m.860bo.com/
86读书,涩文,可达,200,http://www.86dushu.com
86读书🎃,,可达,200,http://www.86dushu.com#🎃
88中文🎃,,可达,200,https://www.babazw.com#🎃
88小说网,综合,可达,200,https://m.88xiaoshuo.net
88小说网🎃,常规,可达,200,https://m.88xiaoshuo.net#🎃
8文库轻小说（无榜单）,小说,可达,206,https://www.xbq03.com
919言情,女频,可达,206,https://www.919yq.net/
92K言情小说,"﹅ ✾ 言耽,搜索失效",可达,206,https://wap.92k.tw
92POPO,女频,可达,200,http://m.92popo.cc#一程
96笔趣阁,,可达,206,https://www.96biquge.com/##@遇知
998读书,涩文,可达,200,http://www.998ds.net
9k,"【❌❌】搜索失-效,发现失效,搜索失效",可达,206,https://www.kkkkkkkkk.com
A 笔趣阁②,笔趣阁,可达,206,https://m.myrrcar.com
BL书阁,女频,可达,200,https://www.blshuge.com
BL书阁🎃,,可达,200,https://www.blshuge.com#🎃
BL文库 #一程1101,"💭💭💭💭💭💭,搜索失效",可达,200,https://m.blwenku123.com#yc1101
BL文库tv,女频,可达,206,https://m.blwenku.tv/
BL文库②,"【❌❌】搜索失-效,搜索失效",可达,200,https://m.blwenku123.com#♤yc
Biu话（可搜索）,美女图片,可达,200,https://lbxjtjs.com/bh
Bookofp,涩视,可达,200,https://www.bookofp.com/zh/
Cosplaytele-幕惜,,可达,200,https://cosplaytele.com
ESJ Zone@zone,"搜索目录失效,good,发现目录失效,轻小说",可达,200,https://www.esjzone.cc/
ESJ轻小说.cc(科学),"日轻小说(2024-12-13)
GitHub@ZWolken",可达,200,http://www.esjzone.cc
ESJ轻小说.net,⁶❀耽女︎ºั轻言,可达,200,http://www.esjzone.net
G社漫画/包子漫画,漫画,可达,200,https://manhuafree.com
JIASTON[修],"言情,🎉️精选",可达,200,https://kuaiapi.jiaston.com
JIASTON[修],"言情,🎉️精选",可达,200,https://kuaiapi.jiaston.com#修复发现
LightNovelWorldOrg,,可达,200,https://lightnovelworld.org
MT小说网 xiemiav.com,综合,可达,200,https://xiemiav.com
NBA小说网,"📖  小说,验",可达,200,http://www.nbaxiaoshuo.com
Novel Buddy,全部来自论坛,可达,200,https://novelbuddy.io/
NovelFire,English,可达,200,https://novelfire.net/
PO全本,女频,可达,200,https://www.isex.work
PO全本🎃🌹,🌹,可达,200,https://www.isex.work#🎃
PO文屋,女频,可达,200,https://m.popofree.com/
QQ文学网,综合,可达,206,http://m.qqwx.win/
QQ浏览器柳树,起点柳树,可达,200,https://novel.html5.qq.com/#柳树
QQ阅读,正版,可达,200,https://book.qq.com#
QQ阅读_By-[曦灵],正版,可达,200,https://ubook.reader.qq.com/  ##-By[曦灵
QQ阅读（闫）,正版,可达,200,https://book.qq.com/##闫
QQ阅读🎃,正版,可达,200,https://book.qq.com#🎃
Qimage,,可达,206,https://www.qinimg.top/
R 新键盘小说网🐶,R🐶,可达,200,http://www.xinjianpan.com##RosiaPng
Royalroad,English,可达,200,https://www.royalroad.com/home
SF轻小说,0ina轻,可达,200,https://m.sfacg.com
SF轻小说,⌨📧网文,可达,200,https://book.sfacg.com#yc1101
SF轻小说 #一程,轻小说,可达,200,https://book.sfacg.com#yc
SF轻小说🎃,,可达,200,https://book.sfacg.com#🎃
SF轻小说🎃#3,,可达,206,https://minipapi.sfacg.com#🎃
SM小说,涩文,可达,200,https://www.smxiaoshuo.net
Shield,漫画🎟️,可达,200,https://shieldmanga.club
TIBIU漫画,🖼️漫画,可达,200,https://comic.tibiu.net/
TXT520小说 txt520.com,综合,可达,200,https://www.txt520.com
TXT图书,,可达,200,http://www.bookshuku.org
UC小说,全部来自论坛,可达,200,https://m.525uc.com
UC小说🎃,正版,可达,200,http://xiaoshuo.uc.cn#🎃
UU小说,精选,可达,200,http://www.uuxs.info/
VIP中文,,可达,200,http://m.xvipxs.net
WebToon📱🌐,🎨漫画,可达,206,https://m.webtoons.com
Xnxx,全部来自论坛,可达,200,https://www.xnxx.com/
YY漫画,漫画,可达,200,https://www.yymanhua.com
[🌷]爱去小说333@ffuu,"女频,优质",可达,206,https://www.aiqu333.com/
a💰晋江▪详榜#嘚嘚edit,"💰69,🍋🍋🍋🍋🍋🍋",可达,200,https://www.jjwxc.net#嘚嘚edit
b💰起点♂男频❤️总榜+细分榜单 bak,05.🍆🍆🍆,可达,202,https://www.qidian.com#□namo-b
cdemc🇨🇳,📃论坛,可达,200,https://www.cdemc.org##
kanshuv,轻小说,可达,200,https://kanshuv.com#qin
kanshuv(魔法),收集出处：源论坛 4月29号,可达,200,https://kanshuv.com
kuronavi漫画raw,"Raw,日漫,漫画",可达,200,https://kuronavi.blog
linpx小说furrynovel,❤小说,可达,200,https://www.furrynovel.xyz
lk轻之国度,"轻小说,需要登录",可达,200,https://www.lightnovel.fun/
ncode_syosetu(成为小说家吧),⁶❀耽女︎ºั轻言,可达,200,https://ncode.syosetu.com/
rezero,轻小说,可达,206,https://re0zero.top
sjks88,,可达,200,https://www.sjks88.com/erciyuan/
t9c,全部来自论坛,可达,206,https://wv9jl.t9c.xyz
txt520同人小说网,小说 书源,可达,200,https://www.txt520.com/erciyuan/index_2.html
uu看書,"-1,发现规则为空",可达,200,https://www.uuread.tw
uu看書,,可达,200,https://www.uukanshu.info
xx笔趣读,⌨📧网文,可达,200,https://m.xxbiqudu.com/##@遇知
xx笔趣阁,,可达,200,https://www.xxbiqu.com
˚*̥ BL 文库,"🚀 加速,🌸 免费",可达,200,https://m.blwenku123.com/
⁷⁷小说,,可达,200,http://www.77xiaoshuo.cc
⌨70吉林小说小说网,"【❌❌】搜索正文失-效,搜索失效",可达,206,https://75jl.com##旅途
⌨htmanga9,"5,。",可达,200,https://www.wn04.cc/
⌨•新键盘小说网(正文解密),,可达,200,http://www.xinjianpan.com/#解密
⌨南屯小说网,⌨自制,可达,200,https://www.112378.com
⌨女王小说,【🈵♥🈵💯】231123千组1,可达,200,https://www.npford.com
⌨笔趣阁(tvgua),⌨自制,可达,200,https://wapk.tvgua.com##旅途
⌨笔趣阁(tvgua),⌨自制,可达,200,https://wapk.tvgua.com
⌨第九中文网,⌨自制,可达,206,https://m.dijiuben.com##旅途
①天涯书库#书源.com,,可达,206,https://tianyashuku.net
①新56书库,👍 备用,可达,200,https://m.lyhdba.com
①米小说◍,AAAAA新,可达,200,http://m.yimixs.net/
Ⓢ 九桃小说,"𐄚 小说,𐄚𐄚 Ⓢ级,发现失效,搜索失效",可达,200,http://www.9taoxs.com
Ⓢ 九桃小说,"𐄚 小说,𐄚𐄚 Ⓢ级,发现失效,搜索失效",可达,200,"http://www.9taoxs.com#冷魅edit,未月十八改"
○♛-笔趣阁▪︎API-2,已检验,可达,200,https://sou.jiaston.com#md-yuan11
○♛翻书阁 md #一程,"﹅ ♛ 精品,发现失效,搜索失效",可达,200,http://www.fansg.com#md-yc12
○♛追哟文学m md #一程,"﹅ ♛ 精品,发现正文失效,搜索失效",可达,200,https://m.zhuiyo.com#md-yc1101
○♜ ✎笔趣阁⑩ md #pb m列表,"笔趣,发现目录失效,﹅ ♜ 优质,搜索失效",可达,200,http://www.b5200.net/#mdpb
○♜ 千千小说 md #一程,⁴☃晨光雨露᭄精品源,可达,200,https://www.qqxs.la#md-yc1101
○♜-下书网② md #破冰,⁴☃晨光雨露᭄精品源,可达,206,https://www.xiashuyun.com/#md-pb16
○♝+风雨小说 #一程,﹅ ♝ 优良,可达,200,https://www.fengyu.cc#一程m
○飛速.备用站,校验超时,可达,200,https://m.feixs.com/#md313
◎手机小说,◎筱,可达,200,https://m.shoujix.com#◎
●㊞ 超星图书 md #一程,⁷̶̥̥̥ॱଳ͘图书۶出版,可达,200,http://yz4.chaoxing.com#md-yc1101
●㊣飞卢小说 md #笨小孩,﹅ ㊣ 正版,可达,206,https://wap.faloo.com#1221md
●晋江作者排行 ⇄,,可达,206,https://m.jjwxc.net/#zz1
●松鶴庭沐,已检验,可达,200,https://so.html5.qq.com#yc
●💵起点 女频♥gl   ♀流♀   edit,,可达,202,https://www.qidian.com#□namo-gl
☀️六九书吧,人工选择,可达,200,https://www.69shu.cx/
☁笔趣阁⑬⑨,"☁️可用,☁修正",可达,200,http://www.chjhjx.com/
☁️云端聚合[优质源],🗂 聚合,可达,206,https://search.qingread.icu
☘️无限小说网☘️,,可达,200,https://a.8book.com
☘️明月中文☘️,,可达,206,https://www.56bok.com#响海
☘️笔趣阁1☘️,"发现失效,☘️41,🍋🍋🍋🍋🍋🍋",可达,200,http://m.ibiqu.net##响海
☘️笔趣阁3☘️,"笔趣,发现失效,﹅ ♞ 普通,搜索失效",可达,200,http://m.biqdd.com#响海
☘️笔趣阁3☘️,"笔趣,发现失效,﹅ ♞ 普通,搜索失效",可达,200,http://m.biqdd.com
☘️笔趣阁4☘️,,可达,200,http://m.kuaidu.org##响海
☘️笔趣阁4☘️,,可达,200,http://m.kuaidu.org
☘️等雨来文社☘️,"【❌❌】搜索失-效,发现失效,搜索失效",可达,200,https://www.dengyulai.org
☘️综艺文学☘️,"发现正文失效,搜索失效",可达,200,https://m.zongyiwx.com
☘️读书族小说网☘️,,可达,200,https://m.xiaoshuo77.net
♛ 69书吧 #渊呀1107,﹅ ♛ 精品,可达,200,https://www.69shu.org#yuan1107
♛ 笔趣阁 API-2 #渊呀1107,笔趣阁,可达,200,https://sou.jiaston.com#yuan1107
♛ 雅谷中文,"发现失效,👀小说,搜索失效",可达,200,http://eyagu.com#♤yc
♛-腐小说,"♛42,🍋🍋🍋🍋🍋🍋",可达,200,http://www.jiqinw.com#关耳
♛嗶哩輕小說,"发现目录失效,【❌❌】搜索正文失-效,搜索失效",可达,200,https://w.linovelib.com#1106b
♛奇书网① #一程,¹▽置顶`ȏ´正版发现,可达,200,https://www.kankezw.com#♤yc
♛西红柿小说② #一程 ▼列表书少,"﹅ ♛ 精品,发现失效,搜索失效",可达,200,http://m.fanqianxs.com#yc1101
♛趣書,需要登录,可达,200,https://www.qubook.cc#一程md43
♛酷匠网 #一程,"﹅ ♛ 精品,搜索目录失效",可达,200,http://m.kujiang.com#yc1101
♜ ✎笔趣阁,,可达,200,https://www.biqusa.com/#♤pb
♜ ✎笔趣阁,笔趣阁,可达,206,https://www.biquge.co/#pb1101
♜ ✎笔趣阁⑪,笔趣阁,可达,200,https://www.kbwang.org/#♤pb
♜ ✎笔趣阁⑯① #破冰,"笔趣,发现目录失效,﹅ ♜ 优质,搜索失效",可达,200,https://www.xxbqg5200.com/#♤pb
♜ ✎笔趣阁⑱ #破冰,"笔趣,发现失效,﹅ ♜ 优质,搜索失效",可达,206,http://www.wqge.net/#♤pb
♜ 果冻小说 #一程,¹▽置顶`ȏ´正版发现,可达,200,https://m.guodongxs.com#♤yc
♜ 沙漠小说 #一程1101,﹅ ♜ 优质,可达,200,http://www.shamoxs.com#yc1101
♜ 种田小说 #一程,"搜索正文失效,发现正文失效,1235467987",可达,200,https://m.zhongtianwen.cn#yc1101
♜ 种田小说 #一程,"【❌❌】搜索失-效,发现目录失效",可达,200,https://zhongtianwen.cn#♤yc
♜+思路客② #破冰1101,"﹅ ♜ 优质,搜索失效",可达,200,http://www.silukee.com/#pb1101
♜+翻书阁 #破冰1101,"发现失效,﹅ ♜ 优质,搜索失效",可达,200,http://www.fansg.com/#pb1101
♜+顶点小说118,已检验,可达,200,https://www.118book.com/#pb1101
♜-✎笔趣阁⑬② #破冰,笔趣阁,可达,200,https://www.biquge98.com/#♤pb
♜-思路客⑥,👀小说,可达,200,http://www.siluke.cc/#♤pb
♜-爱下电子书w #破冰,⁴☃晨光雨露᭄精品源,可达,200,https://www.aixdzs.com/#pb1101
♜-秒书屋 #破冰▼精准搜索,"【❌❌】搜索失-效,搜索失效",可达,200,https://www.miaoshu5.cc/#♤pb
♜-顶点小说118,已检验,可达,200,https://www.118book.com/#♤pb
♜99书吧 #破冰,"发现失效,﹅ ♛ 精品,﹅ ♜ 优质,搜索失效",可达,200,https://www.99shuba.com/#♤pb
♜99书吧 #破冰,"发现失效,﹅ ♛ 精品,﹅ ♜ 优质,搜索失效",可达,200,https://www.99shuba.com/#pb1101
♜▪︎33小说网 #一程,小说,可达,200,https://www.x33xs.com#♤yc
♜✎笔趣阁⑰① #pb,"笔趣,发现失效,﹅ ♜ 优质,搜索失效",可达,200,http://www.bquge7.com/#♤pb
♜一品小说网③ #破冰,"﹅ ♜ 优质,搜索失效",可达,200,http://www.epxs.cc/#pb1101
♜八八读书网 #破冰1101,"发现失效,﹅ ♜ 优质,搜索失效",可达,200,http://www.88dushuw.com/#pb1101
♜奇热小说③ #pb,"﹅ ♜ 优质,搜索失效",可达,200,http://www.qirexiaoshuo.cc/#♤pb
♜小说部落 #破冰,,可达,206,http://www.xiaoshuobuluo.com/#♤pb
♜小说部落 #破冰1101,,可达,206,http://www.xiaoshuobuluo.com/#pb1101
♜康贝小说网 #破冰,F组,可达,200,https://www.kbwang.com/#♤pb
♜微微云中文网✘ #破冰,已检验,可达,200,http://www.viviyzw.com/#♤pb
♜思路客⑨ #破冰1101,"﹅ ♜ 优质,搜索失效",可达,200,http://www.siluke.us/#pb1101
♜我的小说,已检验,可达,200,https://www.wodexs.com/#pb1101
♜梦岛小说 #破冰1101,"发现失效,﹅ ♜ 优质,搜索失效",可达,200,https://www.mdxs.com/#pb1101
♜爱下电子书,微筛选,可达,200,https://m.aixdzs.com#md-yc11
♜米读小说 #破冰,"5.26,搜索失效",可达,200,https://www.mdxs123.com/#pb1101
♜醋溜儿文学① #pb,⁴☃晨光雨露᭄精品源,可达,200,https://www.clewxx.com/#pb1101
♜飘雨轩 #破冰1101,需要登录,可达,200,https://www.piaoyuxuan.com/#pb1101
♝51书吧 #pb,"发现失效,﹅ ♝ 优良,搜索失效",可达,200,http://www.51vba.com/#pb1101
♝51书吧 #pb,"发现失效,﹅ ♝ 优良,搜索失效",可达,200,http://www.51vba.com/
♝灵异中文 #破冰,"发现失效,﹅ ♝ 优良",可达,200,https://www.01zw.com/#pb1101
♠ 2008小说,,可达,200,https://m.syt2008.com/
♠ 千千小说⑥,"男频,发现失效,搜索失效",可达,200,https://www.qqxsw.co/
♡推书君☆看书评【阅读需换源】,¹▽置顶`ȏ´正版发现,可达,200,"https://www.tuishujun.com##推书君
标签+同类书籍"
♨️ 笔趣阁[9x阅读器],搜索正文失效,可达,206,https://novel-api.xiaoppkk.com##
♨️江湖小说,"发现失效,【小说1书源】",可达,206,https://freeapp-api.zhangdu.com##
♨️腐竹免费小说,"[1],失效",可达,206,http://a.lc1001.com/##
♬ 56听书网③,"🌃有声,搜索失效",可达,200,https://www.ting56.cc/#♤pb
♬ i257听书网,"发现失效,有声,搜索失效",可达,200,http://www.i275.com/
♬ 听中国② #破冰1025,已检验,可达,200,https://www.tingxiaoshuo.cc/#pb1025
♬全民听书网 #pb,听书,可达,200,https://www.qmtsw.com/#pb1025
♬全民听书网 #pb,听书,可达,200,https://www.qmtsw.com/#♤pb
⚖️ 玫瑰小说①,⚖️,可达,200,http://m.meiguixsw.com//##@遇知
⚜️ 言情书库🔸♀,"【❌❌】搜索失-效,发现失效,搜索失效",可达,206,http://wap.yqshuku.com/##@遇知
⚠️ 五二书屋,2,可达,200,https://www.52shuwu.me
⚠️禁忌书屋,"发现失效,搜索失效",可达,200,https://www.42wgs.com
⚡ 伊伍中文,⚡ 优质,可达,200,http://www.15zw.net
⚡22中文网,💥优质,可达,200,https://www.999xs.com
⚡更多书源请关注,🪷普通,可达,202,https://www.qidian.com##标签
⚡笔趣阁c28,"💥优质,笔趣阁,🍁 笔趣 🍁,言情",可达,200,http://www.1biqug.com
⚫︎趣書㊦,,可达,200,https://www.qubook.cc#md2303
✈ SF轻小说,精品书源,可达,200,https://book.sfacg.com#
✈ 丁丁小说,精品书源,可达,200,http://api.xingliangglobal.com/##@遇知
✈ 起点中文,精品书源,可达,202,https://www.qidian.com
✈ 飘天文学网,🚀 加速,可达,200,https://www.ptwxz.com
✈拷贝漫画copy,💜漫画,可达,200,https://www.copymanga.site/h5
✈污污漫画55comic,💜漫画,可达,200,https://www.55comic.com/
✈烈火中文liehuozw,❤小说,可达,200,http://m.liehuozw.com
✈爱看漫画65dm,💜漫画,可达,200,http://m.65dm.com
✈阿吧漫画aabamh,💜漫画,可达,200,https://tu.aabamh.com
✈韩国漫画wzdhm,💜漫画,可达,200,http://wzdhm.cc
✈️台湾小说网-夜明空,全部来自论坛,可达,200,https://m.xsw.tw/
✈️言耽社-夜明空,"搜索正文失效,发现正文失效,全部来自论坛",可达,200,https://www.62yu.com/
✎ 笔趣阁,"笔趣阁,搜索失效",可达,200,https://www.bige7.com
✎ 笔趣阁,微筛选,可达,206,https://m.quge7.com
✎ 笔趣阁,微筛选,可达,206,https://m.quge7.com#♤yc
✎ 笔趣阁,"发现失效,【】👾笔趣阁,【❌❌】搜索失-效,搜索失效",可达,200,https://shuapi.jiaston.com
✐   旧时光,☃ 自用,可达,200,https://www.oldtimescc.cc
✐   笔下文学,☃ 自用,可达,200,https://www.bxwx.co/#渊呀
✐   笔下文学①,☃ 自用,可达,200,https://www.bxwx.io
✐   美文网,"漫画,发现失效,搜索失效",可达,200,http://m.fushuwang365.com/
✐ WebTOONS🌐 #Haxc,"发现失效,漫画,全局搜索,搜索失效",可达,206,https://www.webtoons.com#♤Haxc
✐ ㊣极速漫画 #Haxc,"﹅ ㊣ 正版,漫画",可达,206,http://www.1kkk.com#♤Haxc
✐ ㊣漫画人 #Haxc,"﹅ ㊣ 正版,漫画",可达,206,http://www.manhuaren.com#♤Haxc
✐ 七夕漫画 #Haxc,漫画🎟️,可达,200,http://qiximh1.com#♤Haxc
✐ 六漫画 #Haxc,漫画🎟️,可达,206,http://m.sixmh7.com#♤Haxc
✐ 古风漫画,⑹🎨  漫画,可达,200,https://m.gufengmh8.com#Haxc1107
✐ 大树漫画 #Haxc1107,漫画,可达,200,https://www.dashuhuwai.com#Haxc1107
✐ 有漫画 #Haxc,"漫画,发现目录失效,搜索失效",可达,200,https://www.udm123.com#♤Haxc
✐ 有漫画 #Haxc1107,"漫画,发现目录失效,搜索失效",可达,200,https://www.udm123.com#Haxc1107
✐ 神漫画,漫画,可达,206,https://m.taomanhua.com#♤Haxc
✐ 酷看漫画,,可达,200,https://www.kukk.net#Haxc1107
✐▪︎6漫画 #一程,漫画🎟️,可达,206,http://www.sixmh7.com#♤yc
✨ 言情小说（♥最快 好用缺字jj）,"﹅ ✾ 言耽,搜书,搜索失效",可达,200,http://m.cpxpsp.com.cn##@尐哖
✨ 阅文集团聚合,小说,可达,200,https://yuewen.com
✨一品侠,🎄🎄🎄🎄🎄🎄,可达,200,https://www.yipinxia.co##尐哖
✨书海阁🎉💻,-------,可达,200,http://www.shg.tw/
✨书荒居🎉💻,✨ 精品 ✨,可达,200,https://www.shuhaiju.com/
✨偶然中文,"发现正文失效,🎄🎄🎄🎄🎄🎄,搜索失效",可达,200,https://m.cnyxfs.com##尐哖
✨八戒中文🎉📱,✨ 精品 ✨,可达,200,http://m.biquka.com/
✨完本神站,®📖 202403,可达,206,https://m.wbsz.org##@尐哖
✨小说娃,🎄🎄🎄🎄🎄🎄,可达,200,https://xiaoshuow.cc##@尐哖
✨明月中文,【小说2书源】,可达,200,https://www.56kog.com##@
✨第一版主,"精选,搜索失效",可达,206,https://www.1yydstxt234.com
✨起舞中文,"【小说1书源】,搜索目录失效",可达,200,https://m.75zwcom.com##@尐哖
✨趣读小说,[1],可达,200,https://www.qqduw.com##@尐哖
✨顶点⁵²⁰,,可达,200,http://www.ddxs520.com##@尐哖
✨顶点⁵²⁰,,可达,200,http://www.ddxs520.com
✾♝心跳书城 #关耳,"发现失效,【❌❌】网站失-效,搜索失效",可达,200,http://www.gaohbook.net#guaner
✾♝心跳书城 #关耳,⁶❀耽女︎ºั轻言,可达,200,http://www.gaohbook.net#♤guaner
✾♝美文网 #关耳,"发现失效,﹅ ✾ 言耽,﹅ ♝ 优良,搜索失效",可达,200,http://m.fushuwang365.com/#♤guaner
✾♝美文网 #关耳,"发现失效,﹅ ✾ 言耽,﹅ ♝ 优良,搜索失效",可达,200,http://m.fushuwang365.com/#guaner
❄笔趣阁bohecha,笔趣阁,可达,200,https://m.bohecha.com/##@鱼
❄️  万  书  网,"发现目录失效,⑦❄️  常用,搜索目录失效",可达,200,http://www.xwsxs.com
❄️  笔下文学,"⑦❄️  常用,搜索失效",可达,200,https://www.99bxwx.com#md-yc1101
❤️‍🔥 ReadNovelFull,English,可达,200,https://readnovelfull.com
❤️开心看漫画,,可达,200,http://kxkmh4.vip
❤️起点中文网时间排序发现规则,自定义,可达,200,https://m.qidian.com#20230220
❤️起点男频时间排序发现规则,"-电信可用,-移动可用,-💰 正版,-❤️普通书源",可达,200,https://m.qidian.com##时间排序发现规则
⭐ 猫眼看书,⭐️ API,可达,200,http://api.lemiyigou.com
⭐256中文,✨极速,可达,200,https://www.256zw.us
⭐孤星小说,⭐自制,可达,200,http://www.gxhjcn.com
⭐曲奇动漫,⭐动漫搜索,可达,200,https://m.quqidm.net
⭐看读书,"测试组,测试1,神",可达,200,https://www.shkbs.cn
⭐第一版主,精选,可达,206,https://www.88yydstxt234.com/
⭐经典语录,-------,可达,200,https://m.jingdianyulu.org##@尐哖
⭐️九天中文•M,3,可达,200,https://m.9tzw.net
⭐️小说书网•M,3,可达,206,https://m.xiaoshuo530b.com
⭐️手机小说•M,3,可达,200,https://wap.shoujixs.net
⭐️爱你中文•M,3,可达,206,http://wap.20zw.com
⭐️笔趣le•M,3,可达,200,https://m.biqule.org
⭐️笔趣阁,3,可达,200,https://m.cc148.org
⭐️花香居,3,可达,200,https://m.huaxiangju.com
⭐️速速小说,3,可达,200,http://m.susuzw.com
【⚚⋆冷门书屋】,⁵♡ོ晨光雨露✺普通源,可达,200,https://www.lengmen168.com/
【⚚⋆听书网】,听书,可达,200,https://www.tingbook.cc/
【⚚⋆手机小说】,⁵♡ོ晨光雨露✺普通源,可达,200,https://m.shoujixs.net/
【⚚⋆飞天小说】,⁵♡ོ晨光雨露✺普通源,可达,200,http://www.etyyx.com/
〽️奇漫屋,微筛选,可达,206,http://qiman51.com##@尐哖
ノクターンノベルズ,"🚀 加速,🎈 轻小说",可达,206,https://noc.syosetu.com/top/top/
ムーンライトノベルズ,日本語Web小説,可达,206,https://mnlt.syosetu.com/top/top/
ラブノベ,日本語Web小説,可达,200,https://lovenove.syosetu.com/
㊕ 八叉书库 #一程,,可达,200,https://www.8xsk.com#♤yc
㊕ 红袖招 #一程,已检验,可达,200,https://hongxiua.com#yc1101
㊕红袖招 #一程,已检验,可达,200,https://hongxiua.com#♤yc
㊞ 下书网 #一程,⁷̶̥̥̥ॱଳ͘图书۶出版,可达,206,https://www.shutxt.com#♤yc
㊣ UC小说 #一程,正版,可达,200,http://xiaoshuo.uc.cn#♤yc
㊣ UC小说 #一程1101,综合,可达,200,http://xiaoshuo.uc.cn#yc1101
㊣ UC小说 一程,,可达,200,http://read.xiaoshuo1-sm.com/
㊣ 咪咕阅读 #一程1101,超时,可达,200,https://wap.cmread.com#yc1101
㊣ 晋江百合▪︎标签▪︎♀♀,"🍋🍋🍋🍋🍋🍋,㊣35",可达,206,https://m.jjwxc.net/#md101gl
㊣ 晋江言情♂♀▪︎标签 ♛♛♛♚,"🍋🍋🍋🍋🍋🍋,㊣35",可达,206,https://m.jjwxc.net/#md.101-bg
㊣ 百度小说 #一程1101,正版,可达,200,https://dushu.baidu.com#yc1101
㊣ 笔尚小说,,可达,200,https://www.bsxiaoshuo.com#♤yc
㊣ 豆瓣阅读 #一程,﹅ ㊣ 正版,可达,200,https://read.douban.com#一程
㊣梧桐中文,,可达,200,https://www.wtzw.com#♤yc
㊣梧桐中文 1201,,可达,200,https://www.wtzw.com#yc1101
㊣飞卢小说 #破冰,"㊣35,搜索目录失效,🍋🍋🍋🍋🍋🍋",可达,206,https://b.faloo.com#♤pb
㊣黑岩阅读 #破冰1101,正版,可达,200,https://www.heiyan.com#pb1101
一七小说,综合,可达,200,https://m.1qxs.com
一七小说,"全部来自论坛,校验超时",可达,200,https://www.1qxs.com
一个阅读,小说 书源,可达,200,http://m.wufazhuce.com#🎃
一品小说,小说 书源,可达,200,http://www.epshu.com/
一曲书屋-夜明空,综合,可达,200,https://m.yiqushuku.com
一版主_m.03banzhu.store,👍 备用,可达,200,https://m.03banzhu.store
一百零一,综合,可达,200,https://www.txtxs101.com
一米小说,"失效,搜索失效",可达,200,http://m.yimixs.cc##yolo
一米小说,小说 书源,可达,200,http://m.yimixs.cc/##@鱼
一米小说🎃,,可达,200,http://m.yimixs.cc#🎃
一起小说,,可达,200,http://m.yqkxs.com
一起看小说,🎃常规,可达,200,http://m.yqkxs.com##
一页书小说,综合,可达,200,https://www.yiyeshu.cc/
丁丁小说,综合,可达,200,http://api.xingliangglobal.com#
丁丁小说🥉,📃论坛,可达,200,http://api.xingliangglobal.com#🎃
丁斐🅰,漫画,可达,206,http://comic.321mh.com
七夕漫画,微筛选,可达,200,http://qiximh1.com
七猫小说,正版,可达,200,https://api-bc.wtzw.com#yc1101
七猫小说,-------,可达,200,https://api-bc.wtzw.com##
七猫小说,-------,可达,200,https://www.qimao.com
七猫小说[一程],,可达,200,https://api-bc.wtzw.com#yc1101b
七猫小说（优++）,小说 书源,可达,200,https://api-bc.wtzw.com#md
七猫小说（优+）,小说 书源,可达,200,https://api-bc.wtzw.com#♤ycb
七猫小说🎃,"⑷💝  精品,㊣🆖  ＡＰＩ",可达,200,https://api-bc.wtzw.com#🎃
七界小说,微筛选,可达,200,https://www.7jie.com
七百小说（优+）,小说 书源,可达,206,https://m.x700txt.com/
七色小说网,18,可达,200,http://m.qisexs.com/
万层中文,-------,可达,200,http://www.oneceng.com/##jjj
万层中文网 oneceng.com,综合,可达,200,http://www.oneceng.com
万相书城,,可达,206,https://www.wxsck.com
三七轻小说[Yolo],轻文,可达,200,https://www.37novel.com
三三小说,"☣️精选senhora,⛎JJ城",可达,200,https://m.x33xs.com
三九阅读39yd,❤小说,可达,200,http://www.39yd.com
三五中文,女频,可达,200,https://m.shuajipiao.com
三优书3ubook,❤小说,可达,206,https://www.3ubook.com
三优书🎃,,可达,206,https://www.3ubook.com#🎃
三优小说,小说 书源,可达,200,https://www.3uxiaoshuo.com/##@遇知
三优小说,小说 书源,可达,200,https://www.3uxiaoshuo.com#
三优小说网,已检测,可达,206,http://www.3ubook.com
三六小说,小说 书源,可达,200,http://www.36xs.net#🎃
三六小说,小说 书源,可达,200,http://m.36xs.net#🎃
三叠书阁-夜明空,全部来自论坛,可达,200,https://www.noveltri.com/
三叠书阁-简,,可达,200,https://www.noveltri.com/zh-cn/
三叶屋,"自制,备用,源仓库,网页源",可达,206,https://m.sywbook.com
三四娱乐,漫画,可达,200,https://www.san421.com
三四娱乐,,可达,200,https://www.3004ss.com
三本小说,小说 书源,可达,200,https://m.3bxs.com/
上书阁网,小说 书源,可达,200,http://www.zmwlcm.com/##@遇知
下书看①,"【❌❌】网站失-效,搜索失效",可达,200,http://m.xiashukan.com/
下书网,"自制,源仓库,网页源",可达,206,https://wap.xiashuyun.com
下拉式漫画,漫画🎟️,可达,200,https://m.xialashimanhua.com
下片小说,,可达,200,https://book.xiepp.cc
东流小说（繁体）,小说 书源,可达,200,https://www.dongliuxiaoshuo.com/
丫丫小说,综合,可达,200,http://www.shuyy8.cc
丫丫小说,小说 书源,可达,200,http://www.shuyy8.cc#🎃
丫丫小说网shuyaya,❤小说,可达,200,http://www.shuyaya.net
中华典藏（优+）,小说 书源,可达,206,https://www.diancang.xyz
中华武侠网,全部来自论坛,可达,200,https://www.zhwuxia.com
中华诗词（优+）,小说 书源,可达,200,https://m.zhonghuashici.com/
中文万维（优+）,小说 书源,可达,206,http://cread.com#
中文万维🎃,,可达,206,http://cread.com#🎃
中文书城,api·凡,可达,200,http://app-inter-bookstore.cread.com/
中文书城（魔法）,小说 书源,可达,200,http://shenma.cread.com/#pb1101
中文书城（魔法）,小说 书源,可达,200,http://shenma.cread.com
中文看,💠精选,可达,200,http://wap.zwkan.com#🎃
中文看书（优）,小说 书源,可达,200,http://wap.zwkan.com
丽图漫画,🎨 漫画,可达,200,https://litu100.xyz/
久久小说,,可达,200,https://m.jjjxsw.com
久久小说,小说 书源,可达,200,http://m.ijjjxsw.com
久久小说,小说 书源,可达,200,https://www.ijjjxs.com
久久小说,小说 书源,可达,200,https://www.ijjxs.com/
久久小说99,,可达,200,http://www.99xiaoshuo.net
久久小说②,"【❌❌】搜索失-效,搜索失效",可达,200,https://m.ijjjxs.com
久久小说③,"💭💭💭💭💭💭,搜索失效",可达,200,http://www.jjxsxzw.com
久久小说网,✨极速,可达,200,https://m.ijjjxsw.com
久久小说网,【小说2书源】,可达,200,https://m.99txs.com/
久久小说（下载源）,综合,可达,200,http://m.9191net.com/
乐嘉小说,小说 书源,可达,200,https://www.lejiaxianda.com
乐文天下,"☣️精选senhora,☣️。,☁️可用,☁修正",可达,200,http://www.lwtxt.cc
乐文小说,小说 书源,可达,200,https://m.lwxs.com
乐文小说,小说 书源,可达,200,https://m.lwxs.com##꧁♚无聊的我♚꧂
乐文小说,小说 书源,可达,200,http://www.lwxs.io/
乐文小说,小说 书源,可达,200,http://www.lwxs.io#🎃
乐文小说,2,可达,200,https://www.lwread.com
乐文小说 m.lwxiaoshuo.org,未测试,可达,200,https://m.lwxiaoshuo.org
乐文小说-幕惜,"失效,收集出处：源论坛 4月29号,搜索失效",可达,200,https://m.ilwxs.com/
九一版主,,可达,200,https://m.91banzhu.com
九一版主🎃,,可达,200,https://m.91banzhu.com#🎃
九七阅读,小说 书源,可达,200,https://www.97yd.com
九九藏书网,论坛：6月19号,可达,200,https://www.sangshixs.com
九书院吧,小说 书源,可达,200,https://www.9shuyuan.org
九书院吧,小说 书源,可达,200,https://www.9shuyuan.org##@遇知
九书院呐,小说 书源,可达,200,https://www.9shuyuan.org#🎃
九书院网,小说 书源,可达,200,https://m.9shuyuan.org
九四阅读,小说 书源,可达,200,https://m.94yd.com#
九四阅读,小说 书源,可达,200,https://m.94yd.com#🎃
九天小说网,综合,可达,200,http://www.jiutian1.cc
九妖漫画_RM,漫画-18,可达,206,https://9y02.xyz
九妖漫画实验版,静白,可达,200,https://jymh08.cc/
九妖漫画🌸◎辞晨◎,写源,可达,200,https://app.jymhapp.com
九怀文学,正版小说 书源,可达,200,https://www.jiuhuaiwenxue.com/
九桃小说,微筛选,可达,200,https://www.9txs.org
九桃小说,"百合花开,🌸 百合搜索",可达,200,https://www.9txs.org#发现
九爱文学,"自制,源仓库,网页源",可达,200,http://m.9iwx.com
乡土小说,小说 书源,可达,200,https://www.xiangtxsw.com#yc1101
乡土小说,,可达,200,https://www.xiangtxsw.com#♤yc
乡土小说,小说 书源,可达,200,https://www.xiangtxsw.com#一程
乡土小说网 xiangtxsw.com,未测试,可达,200,https://www.xiangtxsw.com
乡土小说🎃,,可达,200,https://www.xiangtxsw.com#🎃
乡村小说,🔥女频,可达,200,http://m.1bzw.org
书66,"【❌❌】网站失-效,搜索失效",可达,200,http://m.book66.org/
书书小说,综合,可达,200,https://m.1pwx.com
书仓网,综合,可达,200,http://www.shucw.cc#
书仙窝,综合,可达,200,http://m.shuxianwo.com/
书包小说,小说 书源,可达,200,http://m.xiaoshubao.net#
书包族小说网,,可达,200,https://m.ltxs520.net
书单推荐（优+）,特殊 书源,可达,200,https://www.yuque.com/yuqueyonghun8txcr/psb8yc
书友网[缺符号],,可达,200,https://www.shuyouw.com
书宝网完本,,可达,200,https://shubaowb.com
书客吧,,可达,206,http://m.shuke8.dlbeauty.cn
书客吧,综合,可达,200,https://www.shuke8.cc
书山楼阁,小说 书源,可达,200,https://m.0773lg.org
书山楼阁,小说 书源,可达,200,https://m.0773lg.org##@尐哖
书库网,"发现失效,搜索失效",可达,200,https://www.shukw.com/
书库网,校验超时,可达,206,http://m.sztjxx.com/
书库网（必应搜索）,,可达,200,https://www.menlx.com/
书斋阁,综合,可达,200,https://www.shuzhaige.com
书旗小说,正版小说 书源,可达,206,https://www.shuqi.com/
书旗小说,,可达,206,https://t.shuqi.com
书旗小说🎃#2,,可达,206,https://t.shuqi.com#🎃
书本网,"发现失效,3,5.26,搜索失效",可达,200,http://m.bookben.org/
书本网吧,小说 书源,可达,206,http://www.bookben99.cc
书本网站,小说 书源,可达,200,https://www.shubenw.com
书汇小说,综合,可达,200,https://m.shuhui8.cc
书汇小说,小说 书源,可达,200,https://m.shuhui8.cc##
书法小说（优+）,小说 书源,可达,200,http://www.sfwx.com/
书法轻说,小说 书源,可达,200,https://book.sfacg.com#♤yc
书海阁小说,小说,可达,200,https://m.shuhaige.tw
书满屋网,女频,可达,200,https://m.shumanwu.net
书满屋网,小说 书源,可达,200,https://m.shumw.com
书籍阁,0905校验,可达,200,http://www.shujige.cc/
书荒部落（下载）,📥下载,可达,200,https://noveless.com/
书荒部落（下载）,小说 书源,可达,200,http://noveless.com
书荒部落（下载）,小说 书源,可达,200,https://noveless.com#🎃
书趣阁小说,,可达,200,https://m.suquge.com/
书迷村子（发现）,小说 书源,可达,200,https://www.shumicun.com/
书迷楼说,小说 书源,可达,200,http://www.shumilouxs.com
书阅屋,"自制,发现,源仓库,网页源",可达,206,https://wap2.shuyuewu.co
书阅屋子（发现）,小说 书源,可达,206,https://m.sywtxt.com/
书馆中文,小说 书源,可达,200,http://www.sgwaa.com/
书馆中文,小说 书源,可达,200,http://www.sgwaa.com#🎃
书香小说,小说 书源,可达,206,https://www.sanxingcable.com/
二八看书（优++）,小说 书源,可达,206,https://www.28lu.net/
二四二网,小说 书源,可达,200,https://www.242xs.biz
二四二网,小说 书源,可达,200,https://www.242xsw.com
二四二网🎃,,可达,200,https://www.242xsw.com#🎃
二四二网🎃#2,,可达,200,https://www.242xs.biz#🎃
二小说网,小说 书源,可达,200,http://www.uuxs.tw/#♤pb
二次元小说(无法搜索),"国轻小说,轻小说(2022-3-15)
酷安@Wolken",可达,206,http://www.2cyxsw.com
二次元小说网,cfyyzl,可达,206,https://www.rcyxsw.com
二次元小说网patch,源社区,可达,206,https://www.erciyan.com/
二次元网,小说,可达,206,https://www.rcyxs.com/
二次小说,小说 书源,可达,206,https://www.rcyxsw.com#🎃
云云小说,涩文,可达,200,http://www.yunyunxs.com
云图有声(需登录),有声小说,可达,206,https://library.yuntuys.com/
云图有声（登录）,听书 书源,可达,206,https://library.yuntuys.com/#天天的鸟蛋蛋
云轩阁小说网,,可达,200,http://www.yunxuange.cc
云集漫画colamanhua,💜漫画,可达,200,https://www.colamanhua.com
五丁音乐（优+）,音乐 书源,可达,206,http://5sing.kugou.com
五六中万,-------,可达,200,https://www.56zw.com/#♤pb
五六中文,,可达,200,https://m.56zw.com/#喜静
五六中文,小说 书源,可达,200,https://www.56zw.com#🎃
五六中文 破冰,,可达,200,https://www.56zw.com
五六中文#2,综合,可达,200,https://m.56zw.com
五六二,综合,可达,200,http://m.wu62.org
五本书吧,小说 书源,可达,200,https://www.wubenshu.com/#♤pb
五本书吧,小说 书源,可达,200,https://www.wubenshu.com/
亦凡小说yifan,搜索目录失效,可达,200,http://www.yifan.net
人人小说,小说 书源,可达,200,http://m.ppxs.net/
什看书屋,小说 书源,可达,200,https://www.smkan.top#
仙女书吧,🏖️免费,可达,200,http://m.dshu8.cc/shuji.aspx
企鹅阅读,正版小说 书源,可达,200,https://bookshelf.html5.qq.com
企鹅阅读,正版小说 书源,可达,200,https://ubook.reader.qq.com/?g_f=4000001
企鹅阅读,正版小说 书源,可达,200,https://ubook.reader.qq.com/
伍九文学,女频,可达,200,https://wap.59wt.com
休闲文学吧,,可达,200,https://www.xxwx.com/
优·三二看书网,﹅ ♜ 优质,可达,206,http://www.32kan.com
优·笔下文学²,"﹅ ♜ 优质,搜索目录失效",可达,200,https://www.94bxwx.com
优·笔趣阁³³,"笔趣,﹅ ♜ 优质,校验超时",可达,200,http://m.bggee.com
优品小说,综合,可达,206,https://www.youpinbook.com
优品小说网rm,收集方：源论坛 4月25号,可达,206,https://www.youpinbook.com#历飞羽
优特小说,❤️涩涩,可达,200,http://m.utexs.com
优酷漫画📱,漫画,可达,200,http://wap.ykmh.com
传奇中文网 cqzww.com,未测试,可达,200,http://www.cqzww.com
伪番茄小说,小说,可达,206,https://www.fanqxsw.com/
你我中文,小说 书源,可达,200,https://www.niwozw.com/
你的地址,女频,可达,200,https://www.nidedizhi.com
值得阅读2,"💥优质,言情",可达,200,https://zdyd.info
值得阅读3,"普通,言情",可达,200,https://s.xcfcch.com#
傲轩小说,⛱️免费,可达,200,https://www.axxsw.net/
傲风文学,【小说2书源】,可达,200,https://m.aofce.com/
傲风文学网🎃,,可达,200,https://m.aofce.com#🎃
元网小说（发现）,小说 书源,可达,200,https://metanetnovel.com
免费h小说,"全部来自论坛,搜索失效",可达,200,https://www.langrenxiaoshuo.com/
免费小说,📃论坛（Tg敏感资源库:https://t.me/+Gk4E1u5cvaxhYTY1）,可达,200,https://www.quanwenyuedu.io
免费小说,📃论坛,可达,200,https://www.quanwenyuedu.io#77
免费小说,未分,可达,200,https://www.b483.com/
免费小说◎GEd520◎,写源,可达,200,https://www.s3wx.com/
免费小说阅读网 mianfeixiaoshuoyueduwang.com,未测试,可达,200,https://www.mianfeixiaoshuoyueduwang.com
免费小说阅读网🎃,,可达,200,https://www.mianfeixiaoshuoyueduwang.com#🎃
免费小说（仅下载）,下载,可达,206,http://www.freexiaoshuo.com
免费追书_RM,﹅ 通用书源▪︎玄奇,可达,200,http://m.mianfeizhuishu.com
兔九三,,可达,200,https://www.tu93.org
兔九三吧,小说 书源,可达,200,https://www.tu93.org#🎃
兔九三网,小说,可达,200,https://www.tu93.net
兔九三网,小说 书源,可达,200,https://www.tu93.net#🎃
全免小说,综合,可达,200,http://qmbook.taoyuewenhua.net/##@遇知
全免小说,精选,可达,200,http://qmbook.taoyuewenhua.net/
全免小说（优++）,小说 书源,可达,200,http://qmbook.taoyuewenhua.net/#@遇知
全免小说🎃,,可达,200,http://qmbook.taoyuewenhua.net#🎃
全免漫画（优）,漫画 书源,可达,206,https://api-cdn.kaimanhua.com/
全免漫画（优）,漫画 书源,可达,206,https://api-cdn.kaimanhua.com/##@遇知
全本免费小说,▫️情qing💓,可达,200,https://m.qbmfxs.com
全本同人,轻小说,可达,200,https://www.qbtr.cc
全本同人,小说 书源,可达,200,http://www.qbtr.cc
全本同人,小说 书源,可达,200,https://www.qbtr.me#🎃
全本同人,小说 书源,可达,200,https://qbtr.me
全本同人小说,,可达,200,https://www.qbtr.cc#🎃
全本同人（优）,小说 书源,可达,200,https://www.qbtr.me/
全本小说,综合,可达,200,https://www.quanben.io
全本小说,小说 书源,可达,200,http://m.heenee.com
全本小说,小说 书源,可达,200,http://m.heenee.com/##@遇知
全本小说,﹅ ♞ 普通,可达,200,https://m.heenee.com/##@遇知
全本小说[自写],,可达,200,https://www.bond-y.com
全本小说网,,可达,200,http://www.iqb8.cc/
全本小说网,"【❌❌】搜索目录失-效,发现目录失效,搜索目录失效",可达,200,http://m.quanben.info
全本小说网⑤,"网络,自制",可达,200,https://www.quanben5.com
全本小说（优）,小说 书源,可达,200,https://www.qb5.io
全本小说🉑,,可达,200,http://www.apap.net
全本小说🎃#2,,可达,200,http://m.heenee.com#🎃
全本小说🎃#2,,可达,200,https://www.qb5.io#🎃
全本居,,可达,200,https://www.quanbenju.com/
全本文学(去验证版),,可达,200,https://www.quanbenks.com/
全本窝,【🈵♥🈵💯】231123千组1,可达,200,https://m.quanbenwo.com/
全民小说,小说 书源,可达,200,https://m.qmbook.cc
全民小说 由静白校验，如果搬运其他渠道可自行去除防伪,小说 书源,可达,200,https://m.1q1m.com
全自动多接口,鲸落,可达,206,http://api.jingluo.love
八一中文,小说 书源,可达,200,https://www.81xs.cc/
八叉书库,精选,可达,200,https://bcshuku.com/
八叉书库,by:云雨,可达,200,https://8xsk.com/
八宝文学,"自制,源仓库,网页源",可达,200,http://m.bbzfk.com
八零小说,,可达,200,http://wap.80zw.la
八零小说,小说 书源,可达,200,http://www.80wx.info
八零小说,,可达,200,https://www.80wx.org/
八零小说,👍优质,可达,200,https://www.80xs.la
六三文学,"源仓库,整理检验,自制,网页源",可达,200,http://m.63qk.com
六六中文,"自制,源仓库,网页源",可达,200,https://www.66zw.cc/
六六文学,综合,可达,200,https://www.66wx.org/
六月中文,小说 书源,可达,200,http://www.6yzw.com/
六月文学,小说,可达,206,http://wap.lychewang.com/
六漫画,🎨漫画,可达,206,http://m.sixmh7.com
六漫画 #Haxc,漫画🎟️,可达,206,http://m.sixmh7.com#Haxc1107
内裤奇缘,涩文,可达,200,https://3zww2.101016.xyz/
冰氪漫画,🎨 𐄙𐄛漫画,可达,200,http://icekr.ejujiu.com/##柚屿
冷冷文学,星辰,可达,200,https://www7.lenglengbb.com/
凤凰书城,🏖️免费+,可达,200,http://www.youfh.com/
凤凰网书,女频,可达,206,http://androidapi4.yc.ifeng.com##@
凤凰网书城,,可达,206,http://androidapi4.yc.ifeng.com
凤凰网书城api,"API1128,自写1128",可达,200,https://www.yc.ifeng.com/
出处源-仓库海豚小说,20250428,可达,200,https://www.htxsw.com
出处源-仓库齐鲁文学,,可达,200,https://www.qiluwx.com
出处源-仓库🌙月色书房,,可达,200,https://www.yuesekanshu.com/##
出处源-仓库🌸 探探书屋,20250428,可达,200,https://www.tantanread.com
出处源-仓库🐚贝壳读书,📜读书,可达,206,https://www.shellbook.cc/
出处源-仓库💌飞言情,,可达,200,https://www.ifeiyanqing.com
出处源-仓库📖废纸文学,20250428,可达,206,https://www.sosadlook.com
出处源-仓库🚩小说旗,1,可达,200,https://www.xs7.com
创世中文#玄奇21.0202,"发现失效,💰 正版,搜索失效",可达,200,http://chuangshi.qq.com
创世中文#玄奇21.0202,"发现失效,💰 正版,搜索失效",可达,200,http://chuangshi.qq.com#玄奇21.0202
创世中文网,,可达,200,https://chuangshi.qq.com
创世中文网,,可达,200,https://chuangshi.qq.com#🎃
创国漫吧（魔法）,漫画 书源,可达,200,http://www.guoman8.cc#Haxc1107
刺书客吧,-------,可达,206,http://m.shuke8.dlbeauty.cn/#喜静
刺猬猫,正版小说 书源,可达,200,https://www.ciweimao.com#🎃
刺猬猫[正版],轻文,可达,200,https://app.hbooker.com
刺猬猫网,正版小说 书源,可达,200,https://www.ciweimao.com/
剧白白A,"发现失效,﹅ 通用书源▪︎玄奇,搜索失效",可达,200,https://www.jubaibaia.com
动漫屋子（优）,漫画 书源,可达,206,http://m.dm5.com
努努书坊,小说,可达,200,https://www.nunubook.com
努努书坊,小说 书源,可达,200,http://www.kanunu8.com
努努书坊,小说 书源,可达,200,https://www.kanunu8.com/
包七小说,小说 书源,可达,200,https://m.1qxs.com#🎃
包子漫画,🖼️漫画,可达,200,https://cn.webmota.com
包子漫画3,漫画🎟️,可达,200,https://www.baozimanhua.net
包子漫画（优+）,漫画 书源,可达,200,https://cn.bzmanga.com
包子漫画（优）,漫画 书源,可达,200,https://cn.baozimh.org/
包子漫画（魔法）,0227⭐,可达,200,https://www.baozimh.net/
千千小说,小说 书源,可达,200,https://www.qqxs.tw/
半夏,⁵♡ོ晨光雨露✺普通源,可达,206,https://www.banxia.co/
半夏小说,js失效,可达,200,https://www.banxia.la/
华龙文学,综合,可达,200,https://www.hltxt.com#
华龙文学（优）,-------,可达,200,https://www.hltxt.com##@遇知
华龙文学🎃,小说,可达,200,https://m.hltxt.com#🎃
单本阅读,女频,可达,200,http://m.wufazhuce.com/
博趣中文,"修复,搜索正文失效,发现正文失效",可达,200,https://www.1bqg.net
博趣中文,小说 书源,可达,200,https://m.bq0.net
卧龍小说,综合,可达,200,http://www.paper027.com/
卧龙小说,小说 书源,可达,200,http://www.paper027.com#🎃
卧龙小说（优）,小说 书源,可达,200,http://www.wolongxs.com#🎃
原神小说网,"全部来自论坛,搜索目录失效",可达,200,https://www.ysxsw86.cc
去看看,,可达,200,http://www.qkkan.com#一程
去读书,,可达,200,http://www.qudushu.com
去读书 #破冰,,可达,200,http://www.qudushu.com/#♤pb
去读书🎃,,可达,200,http://www.qudushu.com#🎃
去读书🎃#2,一,可达,200,http://www.qudushu.org#🎃
去读读,,可达,200,http://www.51qidu.com
友友小说/,综合,可达,200,https://youyouxs.com/
友漫画,,可达,200,https://www.seyoumanhua.top
发的看书,小说 书源,可达,200,http://www.16kbook.net#🎃
发表-源仓库🎉 多多书院,,可达,200,https://m.txtduo.org
发表-源仓库🔰 万象书城吧,,可达,206,https://www.wxscs.com
发表源仓库-可可文学,,可达,200,http://m.kekewx.com
古诗文网（优+）,小说 书源,可达,206,https://m.gushiwen.cn
古风漫画,漫画 书源,可达,200,https://www.gufengmh9.com/
古风漫画,漫画 书源,可达,200,https://m.gufengmh8.com
古风漫画,漫画 书源,可达,200,https://m.gufengmh9.com#♤yc
古风漫画（优）,漫画 书源,可达,200,https://m.gufengmh9.com#
古风漫画（优）,漫画 书源,可达,200,https://m.gufengmh8.com#♤Haxc
古风漫画（优）,漫画 书源,可达,200,https://m.gufengmh9.com#🎃
古风漫画（优）,漫画 书源,可达,200,https://m.gufengmh9.com#yc1101
可乐小说klxsw,❤小说,可达,200,http://www.klxsw.org
可以小说,女频,可达,200,https://www.shongshu.com/
可以小说,"可用,特殊",可达,200,https://m.keyiba.work/
可可小说,小说 书源,可达,200,https://5g.cocostory.net/
可可文学,1,可达,200,http://www.kekewx.com
可可诗词,"💭💭💭💭💭💭,搜索失效",可达,200,https://www.baidu.com/s?q1=%E7%B4%A0%E8%8A%AD&q2=&q3=&q4=&gpc=stf&ft=&q5=1&q6=kekeshici.com&tn=baiduadv
可能世界,-------,可达,200,http://www.8kana.com
可阅文学◎辞晨◎,写源共存,可达,200,https://m.kepub.net/index.html
合泓书院（发现）,小说 书源,可达,200,https://m.hehongyuanlin.com/
吉星小说网,"测试组,测试1,神",可达,200,https://www.jxgxlc.com/
吉林小说,,可达,206,http://www.jilin567.com
吉林小说网,"2,搜索失效",可达,206,https://75jl.com
吉米小说,小说 书源,可达,206,http://www.jimixs.com
同人圈,,可达,206,http://199.33.126.51
同人圈（最新）,"byZhiCheng,搜索目录失效,修复,发现目录失效",可达,200,https://www.tongrenquan.me/
同人圈🎃,Tg:@sousuo234,可达,206,http://199.33.126.51#🎃
同人小说,,可达,200,http://www.trxs.cc
同人小说,4月2号静白,可达,206,https://209.74.105.61
同人小说,小说 书源,可达,200,http://www.trxs.cc/##@鱼
同人小说网,,可达,200,http://www.trxs.cc##响海
同人小说网,,可达,206,https://www.tongrenxsw.com
同人文学,小说 书源,可达,200,https://www.gxtongren.com
同人社,全部来自论坛,可达,200,http://www.trxs.me/
名著阅读,小说 书源,可达,200,https://www.tanmenba.com
名著阅读[仅发现，加载较慢],"💭💭💭💭💭💭,搜索失效",可达,200,https://m.mzhu8.com
名著阅读（发现）,小说 书源,可达,200,https://mzhu8.com
吧电子书,小说 书源,可达,206,https://m.159txt.com#🎃
吾爱文学,综合,可达,200,http://m.x2552.com/
吾爱文学,轩1,可达,200,http://m.x2552.com#🎃
吾爱破解,其他,可达,200,https://www.52pojie.cn
呗唔小说,小说 书源,可达,200,http://txt520.com/
和图书,"自制,源仓库",可达,200,https://www.hetushu.com/
和图书,人机验证-全站,可达,200,https://hetushu.com
和圖書,"源社区,飞机",可达,200,https://www.hetubook.com
咕咕,影视短剧,可达,200,https://cooingc.cc/
咚漫,漫画,可达,200,https://m.dongmanmanhua.cn
咪咕-音乐,音乐,可达,206,https://m.music.migu.cn
咪咕动漫,-------,可达,206,http://m.migudm.cn#
咪咕动漫,"-------,0206⭐",可达,206,https://m.migudm.cn/
咪咕动漫$🎃,念心 || 动漫,可达,206,http://m.migudm.cn#🎃
咪咕动漫📱,🎨漫画,可达,206,https://m.migudm.cn
咪咕阅读 #一程,⭐️ 收藏,可达,200,https://wap.cmread.com#♤yc
品书楼小说网,,可达,200,http://www.pinshulou.com
哎爱巴士,正版小说 书源,可达,200,https://www.ibus233.com/
哔哩哔哩,正版漫画 书源,可达,200,https://manga.bilibili.com#♤Haxc
哔哩哔哩,正版漫画 书源,可达,200,https://manga.bilibili.com#♤yc
哔哩哔哩,🎃 通用,可达,200,https://manga.bilibili.com#
哔哩哔哩漫画,正版漫画 书源,可达,200,https://manga.bilibili.com#Haxc1107
哔哩漫画,正版漫画 书源,可达,200,https://manga.bilibili.com#yc1101
哔哩漫画（优+++）,正版漫画 书源,可达,200,https://manga.bilibili.com
哔哩轻小说(www),"日轻小说(2024-12-13)
GitHub@ZWolken",可达,200,https://www.linovelib.com/
哔哩轻小说•台,轻小说,可达,200,https://tw.linovelib.com
哔哩轻小说（优）,小说 书源,可达,200,https://w.linovelib.com
哔哩轻小说🏷,轻小说,可达,200,https://www.bilinovel.com
哪读吧,漫画🎟️,可达,200,https://www.nadu8.com
唐门看书,小说 书源,可达,200,https://zbwq.wmg.weimeigu.net/
唔宜小说,念心 || 小说,可达,200,http://www.wtjcj.com/
啃书网,小说,可达,200,http://m.kenshuzw.info
啃书网1,"普通,言情",可达,200,http://www.kenshuzw.com/
啃书阁,🎉 精品,可达,200,http://www.kenshuwx.com
啃文书库,"自制,源仓库,网页源",可达,200,http://www.kenwen.com
商店小说（优）,小说 书源,可达,200,http://www.16kbook.net
啤酒小说（优）,小说 书源,可达,200,http://www.uuxs.tw
啦啦书屋,,可达,200,https://www.lalashuwu.com/
啦啦小说网,全部来自论坛,可达,200,http://www.txt55.net
喜马拉雅,,可达,206,https://www.ximalaya.com
喜马拉雅,-------,可达,206,https://www.ximalaya.com/#乃星
嗒嗒中文,🏖️免费+,可达,200,https://www.dadazw8.com/
四三看书（优）,小说 书源,可达,206,http://m.43kanshu.com
四五小说,,可达,200,http://www.45xsxs.com/
四四小文（魔法）,小说 书源,可达,200,https://44xw.com/
四四小文（魔法）,小说 书源,可达,200,https://44xw.com/#喜静
四月天,女频,可达,200,https://www.4yt.net/
国学经典,名著出版,可达,200,https://guoxue.wunpu.com/
国漫吧,漫画,可达,200,http://www.guoman8.cc
图书世界,,可达,200,http://rr8eky99bf.nb6jxxxwgv.soyn3h8krfk78itbu2xzm.xyz
图书爱读,小说 书源,可达,200,http://wap.bookdown.info
图书迷子,综合,可达,200,https://www.tushumi.cc
图书迷文（发现）,小说 书源,可达,200,https://www.tushumi.org
图宅网-夜明空,全部来自论坛,可达,200,https://www.tuzac.com/
土豪小说,"发现失效,搜索失效",可达,200,https://www.yeziwx.com
圣墟小说,,可达,200,http://www.shengxuxu.net
圣武书库,Yolo,可达,206,https://www.swskw.com
坏蛋小说网,⁴☃晨光雨露᭄精品源,可达,200,https://www.huaidan1.com
坤喜小说,小说 书源,可达,200,https://www.187xs.com/#pb1101
坤马小说,小说 书源,可达,200,http://www.25zw.com
城堡小说（优+）,小说 书源,可达,206,https://www.96cbtxt.com/
基友书屋,无屏蔽字（精校）,可达,200,https://www.gaysay.com#成功
基友书屋,"搜索正文失效,发现正文失效,【❌❌】搜索正文失-效",可达,200,https://www.gaysay.com#♤yc
基友书屋1,"搜索正文失效,发现正文失效",可达,200,https://www.gaysay.com#yc1101
塔多漫画📱,漫画🎟️,可达,200,http://m.taduo.net
塔读小说,综合,可达,200,https://www.tadu.com/
塔读小说,api·凡,可达,200,http://androidapi22.tadu.com/
塔读文学,📆 塔读,可达,200,https://www.tadu.com##发现
塔读文学 1201,,可达,200,https://www.tadu.com#yc1101
塔读文学①,"搜索正文失效,发现正文失效,【❌❌】搜索正文失-效",可达,200,https://www.tadu.com##正版
墨坛文学(感谢),综合,可达,200,https://www.22mt.com
壁落小说,,可达,200,https://wap.biquluo.info
多多书院,,可达,200,https://www.txtduo.net#🎃
多多书院,综合,可达,200,https://www.txtduo.net/##Rosiapng
多多书院,"男频,搜索失效",可达,200,http://m.txtduo.com
多看阅读 duokan.com,综合,可达,206,https://www.duokan.com
多看阅读🎃,,可达,200,https://www.dkmi.com#🎃
多看阅读🎃#2,,可达,206,https://www.duokan.com#🎃
夜书吧,"【❌❌】搜索失-效,发现失效,搜索失效",可达,200,https://www.lisewu.com##
夜书库,全部来自论坛,可达,200,https://m.yeshuku.com
夜书文苑,,可达,200,https://www.yeshuyuan.com
夜伴书屋,综合,可达,200,https://www.ybsw8.com
夜伴书屋,小说 书源,可达,206,https://www.yeban360.com#001
夜伴书屋,小说 书源,可达,206,https://www.yeban360.com#♤yc
夜伴书屋,小说 书源,可达,206,https://www.yeban360.com#yc1101
夜伴书屋,小说 书源,可达,200,https://www.ybswu.com
夜伴书屋,小说 书源,可达,200,https://www.ybswu.com#🎃
夜伴书屋（发现）,小说 书源,可达,206,https://www.yeban360.com#kd11
夜伴书屋（魔法）,,可达,200,https://www.ybsws.com
大唐小说（优+）,小说 书源,可达,200,https://www.dtxsw.com
大帝书阁,综合,可达,200,http://www.ddsk.org
大悟读书网,出版,可达,206,https://5165.org
大树漫画,,可达,200,https://www.dashuhuwai.com#♤Haxc
大树漫画,漫画,可达,200,https://www.dashuhuwai.com
大海中文,小说 书源,可达,200,http://m.dhzw.cc/
大王小说网,全部来自论坛,可达,200,https://www.daxsw.com
大米小说,综合,可达,200,http://www.damixs.com
大米小说,-------,可达,200,https://www.damixs.info
大米小说,已检验,可达,200,https://www.damixs.net
大魔兔,🎃 通用,可达,200,http://m.damotu.com#
大魔兔🎃,,可达,200,http://m.damotu.com#🎃
大魔兔📱 #Haxc1107,🖼️漫画,可达,200,http://m.damotu.com#Haxc1107
天下书盟,小说 书源,可达,200,http://m.fbook.net  ##-[曦灵]
天下书盟 m.fbook.net,综合,可达,200,http://m.fbook.net
天下书盟🎃,,可达,200,http://www.fbook.net#🎃
天下书音,有声,可达,200,https://m.shuyinfm.com
天地中文,正版小说 书源,可达,206,http://www.tiandizw.com
天天书吧,小说 书源,可达,200,https://m.ttshu8.com
天天看,漫画,可达,200,https://www.ttkmh.com/
天天看书,综合,可达,206,https://103.194.184.5/##@遇知
天涯书库,小说 书源,可达,200,https://www.tianyabooks.com
天涯书库,小说 书源,可达,200,https://www.tianyabooks.com#南笙21.0101
天涯书库（繁体）,小说 书源,可达,200,https://www.tysk.cc
天然小说🧊,👍 备用,可达,200,http://www.vinylcuttingplotter.com
天美小说,综合,可达,200,https://m.tianmeixs.com/
太极书吧,小说 书源,可达,200,https://69shu.net
太极书吧,小说 书源,可达,200,https://69shu.net#♤yc
太极书吧,小说 书源,可达,200,https://www.69shu.org#🎃
太极小说,小说 书源,可达,200,https://69shu.net#yc1101
头文字,自写，练习，完,可达,200,https://m.touwz.com/
头文字吧,4月2号静白,可达,200,https://m.touwz.org
奇·阅读（无需登录，看部分飞卢，刺猬猫）,飞卢，刺猬猫,可达,200,https://novel.qiyuedu8.top
奇书宝塔,小说 书源,可达,200,https://m.qishuta.org#🎃
奇书小说,小说 书源,可达,200,https://m.qishuta.org/
奇书网,,可达,200,http://www.xqishuta.com/
奇书网吧,小说 书源,可达,200,http://www.uidzhx.com#一程
奇书网吧,小说 书源,可达,200,http://www.uidzhx.com/
奇书网吧,小说 书源,可达,200,https://www.kankezw.com
奇书网络,小说 书源,可达,200,https://www.qishuta.cc/
奇妙漫画,漫画🎟️,可达,200,https://www.qimiaomh.com
奇幻小说,💭💭💭💭💭💭,可达,200,https://www.7huan.com##ll
奇异收容（优）,特殊 书源,可达,200,http://scp-wiki-cn.wikidot.com
奇异网-夜明空,全部来自论坛,可达,200,http://www.qsyz.net/
奇快中文,小说 书源,可达,200,http://www.qkzw.cc
奇怪小说,小说 书源,可达,206,https://m.301book.com#🎃
奇米动漫,视频,可达,200,http://www.qimiqimi.net
奇阿优声,"源仓库,整理校验,自制,网页源,网站失效",可达,200,http://www.7ays.com
奈奈,涩漫图,可达,200,https://www.nncos.com/
女生文学🎃#2,,可达,200,https://www.dmx5.cc#🎃
女钱小说,小说 书源,可达,200,https://www.exs99.com/
如漫画网（优+）,漫画 书源,可达,200,http://m.rumanhua1.com/
妙书斋子,综合,可达,200,https://wap.miaoshuzhai.net
妙笔文学,小说 书源,可达,200,https://www.mbtxtt.com
妙笔读文,【小说2书源】,可达,200,http://www.mbidu.com
妙笔阁,111最新校验成功,可达,200,http://m.miaobige.cc
妙笔阁8,"自制,源仓库,网页源",可达,200,https://www.mbg8.com
妙笔阁吧,小说 书源,可达,200,http://m.miaobige.cc#🎃
媚图,"🧚🏻‍♀️ 图片,发现失效,搜索失效",可达,206,https://9907686.xyz/
孔夫子网,🎃 通用,可达,200,http://www.kongfz.com#
孔网出版物🎃,,可达,200,http://www.kongfz.com#🎃
孤星小说,,可达,200,https://www.gxhjcn.com
安之原创,正版小说 书源,可达,200,http://www.azycjd.com
安之原创,正版小说 书源,可达,200,http://www.azycjd.com#yc1101
安之原创🎃,,可达,200,http://www.azycjd.com#🎃
安和图书,小说 书源,可达,200,https://www.hetushu.com##@遇知
安夜读库,小说 书源,可达,200,https://m.yeduku.com
安趣又来,小说 书源,可达,200,https://m.quyoulai.com##@尐哖
安轻小说,正版小说 书源,可达,206,https://minipapi.sfacg.com
安镜文学（繁体）,正版小说 书源,可达,200,https://mirrorfiction.com
完本书库,小说 书源,可达,200,https://www.wanbenshuku.cc/
完本小说网,"网络,自制",可达,200,https://www.finalbooks.work
完本神站,综合,可达,206,https://m.wanbengo.com
完本神站,Yolo,可达,206,https://www.wanbengo.com/
完本神站,"💠 综合,精品",可达,206,https://m.wbsz.org
完本神站,"自制,修复优化,网页源",可达,206,https://www.wbsz.org
完本阁,涩文,可达,200,https://www.jizai22.com
完本阁子,小说 书源,可达,200,https://www.ghost580.com
宜搜 book.eayue.com,综合,可达,200,https://book.eayue.com
宜搜小说,"💰 正版,希弥",可达,200,http://api.easou.com
宜搜小说（优）,-------,可达,200,https://api.ieasou.com
宜搜小说🎃,,可达,200,http://api.ieasou.com#🎃
对小说-夜明空,全部来自论坛,可达,200,http://www.duixs.com/
小书屋_LFY,"测试组,测试1,神",可达,200,http://wap.xiaoshuwu.net
小小书亭,小说 书源,可达,200,http://www.xiaoshuting.org/
小强书库ˢˢʳ,【🈶🉐能用】js失-效,可达,200,https://m.xiaoqiangshuku.com
小火车文学,女频,可达,200,https://www.bangtan007.com/
小米书城（优+）,小说 书源,可达,200,https://reader.browser.miui.com
小米阅读（优+）,小说 书源,可达,206,https://reader.browser.miui.com/v2#
小米阅读🎃,正版,可达,206,https://reader.browser.miui.com/v2#🎃
小红书,女频,可达,200,https://www.litehongshu.com
小説家になろう,轻小说,可达,200,https://syosetu.com/
小说-🥝企鹅读书🍒,,可达,200,https://h5.reader.qq.com
小说123456789,,可达,200,https://xiaoshuo123456789.com/
小说ABC,综合,可达,200,http://www.xsabc.com
小说三千,综合,可达,200,http://www.xs3000.com
小说之家,全部来自论坛,可达,200,https://xszj.org
小说之家,小说 书源,可达,200,https://m.xs3.cc
小说书亭,搜索失效,可达,200,https://www.xiaoshuting.org/
小说书网,全部来自论坛,可达,200,https://m.xiaxs.com
小说屋子,小说 书源,可达,200,https://xiaoshuow.cc
小说旗子,小说 书源,可达,200,https://www.xs7.com/#pb1101
小说旗子（发现）,小说 书源,可达,200,https://www.xs7.com/#♤pb
小说破冰,小说 书源,可达,200,https://www.xs177.com/#pb1101
小说网,源社区,可达,200,https://blog.xbookcn.net
小说虎,,可达,206,https://m.xshbook.com
小说路上,小说 书源,可达,200,https://m.xs639.com
小说路上,小说 书源,可达,200,https://m.xs633.com/
小说路上,小说 书源,可达,200,https://m.xs63.me
小说路上,小说 书源,可达,200,https://www.xs63.me
小说路上,小说 书源,可达,200,https://www.xs639.com
小说路上,小说 书源,可达,200,https://www.xs63.club
小说部落,小说 书源,可达,206,http://www.xiaoshuobuluo.com
小说铺,"失效,收集出处：源论坛 4月29号,搜索失效",可达,200,http://www.xiaoshuopu.net/
小说阅吧,小说 书源,可达,200,https://www.xsyueduw.com/##@遇知
小说阅读,综合,可达,200,https://www.xsyueduw.com
小说阅读,,可达,206,http://m1.qqdu.cc/
小说阅读网,,可达,200,https://www.readnovel.com
小说阅读网_m.chxs.xyz,👍 备用,可达,200,http://m.chxs.xyz/
小说阅读（优）,小说 书源,可达,200,https://www.xsyueduw.com#🎃
小说馆,new,可达,206,https://www.guanxs.com/
少数派吧,小说 书源,可达,206,https://sspwk.me
少数派文库,"【❌❌】搜索失-效,搜索失效",可达,206,https://sspwk.me#yc1101
就爱读小说网,涩文,可达,200,https://m.92dxs.org
布丁文学,API,可达,206,http://m.webkxs.com/
布奇小说,小说 书源,可达,200,https://www.xs177.com/#♤pb
帅逼中文,小说 书源,可达,200,https://www.899zw.com/
希望中文,"自制,备用,源仓库,网页源",可达,200,https://www.5xw.net
希望中文5xw,0511,可达,200,https://m.hanbosy.com/
平板电子书◎GEd520◎,写源,可达,200,http://wap.qiqixs.net/
年代小说,,可达,200,http://www.4xiaoshuo.info
年小说网,小说 书源,可达,200,https://m.60xiaoshuo.org/
幸福读书,小说 书源,可达,200,http://sk.3qdu.com
幻听网,有声,可达,206,https://www.huanting.cc/
幻想姬,"发现失效,魔法,同人,搜索失效",可达,206,http://www.huanxiangji.net/
幻想姬,同人,可达,206,https://www.huanxiangji.net/
幻想姬,二次元,可达,206,http://www.huanxiangji.com/
幽幽,综合,可达,200,https://www.xiaoshuouu.com
庙街小说,小说 书源,可达,200,https://www.miaojieshuo.com
废纸文学,,可达,200,https://www7.mysadhappy.com/
康贝小说（发现）,小说 书源,可达,200,https://www.kbwang.com
开心文学网,,可达,200,https://m.kaixindu.net
开心漫画（优+）,漫画 书源,可达,200,https://www.kaixinman.com
开心看mh✈️,,可达,200,http://www.kxkmh2.vip/##详细分类
开心看漫画(自编发现),漫画,可达,200,http://www.kxkmh2.vip/
开源书源,小说 书源,可达,200,https://m.haiyue8.com/
异族,,可达,200,http://m.ezuxs.com/
异族🎃,,可达,200,http://m.ezuxs.com#🎃
引力圈【只能搜索作者】,,可达,206,https://app.unifans.io/feed
当书网cc,,可达,200,http://www.dangshu.cc
当阅读网,女频,可达,206,https://www.dangyuedu.com
影书,综合,可达,200,https://wap.yingsx.com
得奇小说（优+++）,小说 书源,可达,200,https://www.deqixs.co
得间·出版,📒 得间,可达,200,https://m.idejian.com/chuban
得间·女生,"🍊 女频,📒 得间",可达,200,https://m.idejian.com/nvsheng
得间·男生,📒 得间,可达,200,https://m.idejian.com/nansheng
得间小说,正版,可达,200,https://www.idejian.com
得间小说,👍🏻 普通,可达,200,https://www.idejian.com/#md-haxc-b
得间小说,小说 书源,可达,200,https://qq.idejian.com/
得间小说,小说 书源,可达,200,https://qq.idejian.com#hff
得间小说🎃#3,,可达,200,https://qq.idejian.com#🎃
御书屋,女频,可达,200,https://m.yushuwu.uk
御书屋,小说 书源,可达,200,http://m.yushuwu.asia
御书屋 3322t,综合,可达,200,https://m.3322t.com
御书屋⑤,,可达,200,https://m.yushuwum.com/#🚀
御书屋⑥,,可达,200,https://m.yushuwu.cloud/#🚀
御书屋⑥,,可达,200,https://m.yushuwu.cloud/
御书屋网🎃,,可达,200,https://m.yushuwu.uk#🎃
御书网,🎉精选,可达,200,https://m.yushugu.com
御书网(优化）,⁶❀耽女︎ºั轻言,可达,200,https://m.yushubo.net/
御宅文屋,,可达,200,https://www.yuzhaiwen.com#一程
御宅文🎃🌹,🌹,可达,200,https://www.yuzhaiwen.com#🎃
微博博主,漫画,可达,200,https://m.weibo.cn
微博评论（优+）,特殊 书源,可达,200,https://m.weibo.cn#
微趣小说,"自制,备用,验证码,源仓库,网页源",可达,206,http://www.weiquxs.net
微风小说,yvonne,可达,206,https://m.wfxs.tw
心情小说,"【❌❌】搜索失-效,搜索失效",可达,200,https://m.xinqingxsw.com
必读居,,可达,200,http://www.biduju.net
必读居🎃,,可达,200,http://www.biduju.net#🎃
快书网,,可达,200,https://www.kuaishu5.com
快看漫画,正版漫画 书源,可达,200,http://m.kuaikanmanhua.com#未月十八发现
快看漫画,正版漫画 书源,可达,200,http://m.kuaikanmanhua.com#♤Haxc
快看漫画,-------,可达,200,http://m.kuaikanmanhua.com
快看漫画,正版漫画 书源,可达,200,https://m.kuaikanmanhua.com/
快看漫画,正版漫画 书源,可达,200,http://m.kuaikanmanhua.com#Haxc1107
快看漫画,🎨 漫画,可达,200,http://m.kuaikanmanhua.com#
快看漫画2,优选书源by沐云风,可达,200,http://m.kuaikanmanhua.com#未月十八发现#wy18-1001
快看漫画🎃,,可达,200,http://m.kuaikanmanhua.com#🎃
快眼看书,综合,可达,200,http://www.botaodz.com/
快眼看书,小说 书源,可达,200,http://m.xbotaodz.com
快读中文,综合,可达,200,https://www.kdzw.cc//
快读中文,小说 书源,可达,200,https://www.kdzw.net
快读中文,小说 书源,可达,200,https://www.kdzw.net/#001
快读小说,微筛选,可达,200,https://api.jiaston.com
思路客,,可达,200,http://www.siluke.cc/
思路客,综合,可达,200,http://www.siluke.cc#程
思路客,,可达,200,http://m.isiluke.org
思路客,,可达,200,http://www.isiluke.net/
思路客isiluke,❤小说,可达,200,http://m.isiluke.net
思路客② #一程,⭐️ 收藏,可达,200,http://www.siluke.cc#♤yc
思路客子,小说 书源,可达,200,http://www.siluke.cc#yc1101
思路客🎃#2,,可达,200,http://www.siluke.cc#🎃
思路客🎃#4,,可达,200,http://www.isiluke.net#🎃
总裁小说,,可达,206,https://www.zongcaixiaoshuow.com
恋听网吧,有声,可达,200,https://ting55.com/
恋听网吧,听书 书源,可达,200,https://ting55.com/#pb1025
息壤中文（发现）,正版小说 书源,可达,200,https://pre-api.xrzww.com
恶魔小说,-------,可达,200,http://www.txt520.com/
悠悠小说,小说 书源,可达,200,http://www.uu234w.com
悠悠小说uuxs,❤小说,可达,200,http://m.uuxs.info
悠悠文学,综合,可达,200,http://m.uuwx.la
悦读女频,小说 书源,可达,200,https://69shu.net#喜静
悦读小说,涩文,可达,200,https://hareading.com
悦读小说🎃,,可达,200,https://hareading.com#🎃
情人游戏,,可达,200,https://m.qingrenyouxi.com/
情幻文学网,论坛：6月19号,可达,200,https://www.pdok.org
情豆书坊,"-------,0206⭐",可达,206,https://www.qdsf.net/
愚猫看书,"【❌❌】搜索失-效,发现失效,搜索失效",可达,200,http://www.01kanshu.com
憩心阁网,小说 书源,可达,200,https://wap.vcudu.com
懒人听书[web_api],有声,可达,200,https://m.lrts.me/
懒人听书lrts,💚有声,可达,200,http://www.lrts.me
我123读书网,"自制,备用,修复,源仓库,网页源",可达,200,https://m.123dua.com/
我是盐神（优+）,小说 书源,可达,206,https://onehu.xyz
我来读,小说 书源,可达,200,https://m.wolaidu1.com/
我来读,"自制,备用,修复,源仓库,网页源",可达,200,https://www.wolaido.com/
我来读,"自制,备用,修复,源仓库,网页源",可达,200,https://m.wolaido.com/
我的书城,小说 书源,可达,206,https://www.wodescw.com
我的书城,"💭💭💭💭💭💭,搜索失效",可达,206,https://www.xwdsc.com/##@遇知
我的书城,"@jwk,搜索失效",可达,206,https://m.xwdsc.com##尐哖
我的书城 （必应搜索）,"源仓库,笔趣阁",可达,206,https://www.qushucheng.com
我的书城网,全部来自论坛,可达,206,https://www.3wwd.com
我的书城网,🎃常规,可达,206,https://www.5scw.com
我的小说,小说 书源,可达,200,https://www.wodexs.com/#♤pb
我读书,﹅ 通用书源▪︎玄奇,可达,200,http://www.5dushu.net
手机小说,综合,可达,200,https://www.shoujix.com
手机小说,,可达,200,https://www.shoujixs.com
手机小说,20250428,可达,200,https://www.shoujixs.net
手机版平板电子书网,综合,可达,200,http://wap.qiqixs.info
手机看书（优）,小说 书源,可达,200,https://www.sjks88.com
找故事网,综合,可达,200,https://www.zhaogushi.cn
抖音小说,综合,可达,200,https://m.douxsw.com/#xsw8093
抖音小说,,可达,200,https://m.douxsw.com
抖音小说,小说 书源,可达,200,https://www.douyinxs.com#🎃
抖音小说,小说 书源,可达,200,https://www.douyinxs.com/##@鱼
抖音小说(一件书屋),综合,可达,200,https://www.douyinxs.com
折趣书屋,静白240801,可达,200,https://m.zhe97.com/
拉看书-夜明空,全部来自论坛,可达,200,https://www.laiksw.cc/
拉米阅读,🎃 通用,可达,200,https://read.lmeee.com#
拉米阅读（出版）,小说 书源,可达,200,https://read.lmeee.com#yc1101
拉钱书屋,小说 书源,可达,200,http://m.76sw.com
招财库,全部来自论坛,可达,200,https://zhaock.org
择日小说,小说 书源,可达,200,https://www.zrfsxs.com#🎃
择日飞升🎃,,可达,200,https://zerifeisheng.com#🎃
挑一小说🎃,,可达,206,https://www.tiao1.cc#🎃
挥笔书屋,涩文,可达,200,http://m.hbpas.org
换源小说网◎GEd520◎,写源,可达,200,https://www.huanyuan.app/
掌阅书城,综合,可达,202,http://www.ireader.com
掌阅书城,📃论坛,可达,200,https://m.zhangyue.com
掌阅书城,"💭💭💭💭💭💭,校验超时",可达,200,http://m.zhangyue.com##2
掌阅小说🎃,,可达,200,http://m.zhangyue.com#🎃
搜书网吧,小说 书源,可达,200,https://m.soshuw.net
搜书网站,小说 书源,可达,200,https://m.soushuwang.cc#🎃
搜小说,,可达,200,https://www.sou78.com/
搜小说 wap.sou78.com,女频,可达,200,https://wap.sou78.com
搜搜小说,综合,可达,206,http://www.soeo.net
摘书网吧（发现）,小说 书源,可达,200,http://www.zhaishulou.org/
整挺好👍第一版主,全部来自论坛,可达,206,https://www.6yydstxt426.com/
文化首发网,正版; Wave; 简体,可达,206,https://bookcover.yuewen.com/qdbimg/1
文化首发网M,正版; Wave; 简体,可达,206,https://bookcover.yuewen.com/qdbimg/3
文学作品,小说 书源,可达,200,https://www.wxzpyd.com/
文学阅读网,"【❌❌】搜索失-效,发现失效,搜索失效",可达,200,https://www.wenxueyuedu.com
文趣小说,精选,可达,200,http://m.nshkedu.com
文趣阁1,"API,校验超时",可达,200,http://m.nshkedu.com/#1
新乐小说,小说 书源,可达,200,https://www.xlewen2.com
新书本网,综合,可达,200,http://www.kdxx.net/
新人小说,小说 书源,可达,200,https://m.newxxs.cc/
新人漫画,正版漫画 书源,可达,200,https://xapi.xinmanhua.net
新人漫画,漫画,可达,200,https://xapi.xinmanhua.net#Haxc1107
新人漫画,漫画,可达,200,https://xapi.xinmanhua.net#🎃
新八一中文网,"精选,精选15S",可达,200,https://m.81new.cc
新八中文,小说 书源,可达,200,https://www.x81zw.com/
新天小说,综合,可达,206,https://www.xtxxs.com
新天小说,小说 书源,可达,206,https://www.xtxxs.com#🎃
新奇书网,小说 书源,可达,200,http://qishula.com
新奇书网,小说 书源,可达,200,http://m.qishula.com/
新小书亭,综合,可达,200,http://app.1001p.com
新御书屋,女频,可达,200,https://www.cangyuantu.in
新御书屋,涩文,可达,200,https://m.xyushuwu7.com#
新御书屋,女频,可达,200,https://m.xyushuwu.one/#防
新御书屋,18,可达,200,https://wap.xyushuwu11.com
新御书屋 (m.yy228.com),@,可达,200,https://m.yy228.com
新御书屋④,,可达,200,https://www.eyushuwu.com/#🚀
新御书屋🎃,🎄常用,可达,200,https://m.yy228.com#🎃
新搜读,3,可达,200,https://www.newsodu.org
新暖才文学网,自添,可达,200,https://m.xncwxw.net
新爱漫画（优+）,漫画 书源,可达,200,https://xapi.xinmanhua.net#♤Haxc
新百强小说◎辞晨◎,"5,。",可达,200,http://m.xinbqg.la/
新笔趣阁,"💭💭💭💭💭💭,发现失效,搜索失效",可达,200,http://m.xbiqugeo.com/##@鱼
新笔趣阁,笔趣阁0905,可达,200,http://www.xbiqugeo.com/
新笔趣阁#3,🍁 笔趣,可达,200,http://m.xinbqg.com#
新花生小说网,jjj,可达,200,http://www.hs313.info/
新锋文学[仅发现],综合,可达,200,http://www.xapcn.com
新龙小说,,可达,200,https://www3.longtimebook.com/
新龙小说,js失效,可达,200,https://www.longtimebook.com/
方圆书院,任尚仁,可达,200,https://m.fysy1.com/
无图小说网,精品,可达,200,http://www.wutuxs.com/
无奈小说[yolo],综合,可达,200,https://m.wnxsw.cc
无忧小说,小说 书源,可达,200,https://www.51eshu.com/
无毒小说,"自制,源仓库,网页源",可达,200,https://www.wudubook.com
无遮韩漫,漫画,可达,200,http://www.wxzhm.top/
无错小说,小说 书源,可达,200,https://m.wcxsw.com
无错小说3,小说 书源,可达,200,https://www.xread8.com/
无错小说5,小说 书源,可达,200,https://www.wcxsw.com#🎃
无错小说9,小说 书源,可达,200,https://www.wcxsw.com/
无限小说,搜索失效,可达,200,http://www.txt97.org
无限小说网,,可达,200,https://m.guihutech.com
无限小说网,已检,可达,200,https://www.555x.org
无限小说网rm,👍 备用,可达,200,http://www.greenislandpreserve.com#历飞羽
日漫之家,涩漫图,可达,200,https://rimanzhijia.com/
旧时光吧,"240123,网站失效",可达,200,https://www.lanrenyuhai.com/
旧钢笔,自写的,可达,206,https://p.jiugangbi.com
时间小说,小说 书源,可达,200,https://www.xs177.com
明图小说,小说 书源,可达,200,https://www.avic-sh.com.cn/
明图小说,小说 书源,可达,200,https://www.avic-sh.com.cn/##细雨尘寰
明智屋吧,小说 书源,可达,200,https://www.mingzw.net
明月中文,,可达,206,https://www.56bok.com
明清小说网//壬二酸,AAAAA新,可达,200,https://www.manualforcars.com/
明溪谷雨,女频,可达,200,http://www.tjsyjjzs.com#
易生原文学,"自制,备用,修复,源仓库,网页源",可达,200,https://www.cnyxfs.com/
星星小说（发现）,小说 书源,可达,200,https://www.242xs.info##旅途
星月文学（发现）,小说 书源,可达,200,https://www.xingyueboke.com/
星火漫画（优）,漫画 书源,可达,200,http://www.vomicmh.com
星空小说,1,可达,200,https://api-bc.zonghengxiaoshuo.com
星空视频,柳树👁️视频,可达,200,https://flower.ymxk525.lol
星门网,精品,可达,200,https://www.xingmen.cc/
星际漫画（优）,漫画 书源,可达,200,http://www.xmanhua.com#♤Haxc
晋江APP端,小说,可达,200,https://android.jjwxc.net/
晋江[apps],正版,可达,200,https://apps.jjwxc.net
晋江文学,正版小说 书源,可达,200,https://m.jjwxc.net/free
晋江文学,正版小说 书源,可达,200,https://app.jjwxc.org/
晋江文学#南笙21.0101,"💭💭💭💭💭💭,搜索正文失效,发现正文失效",可达,200,https://www.jjwxc.net#南笙21.0101
晋江文学20,,可达,200,https://www.jjwxc.net##
晋江文学33,"搜索正文失效,发现正文失效,【❌❌】搜索正文失-效",可达,200,http://www.jjwxc.net#myself
晋江文学①,"💭💭💭💭💭💭,发现失效",可达,200,http://www.jjwxc.net##（搜索）（标签）
晋江文学②,💭💭💭💭💭💭,可达,206,https://m.jjwxc.net/##标签
晋江文学🎃,,可达,200,http://android.jjwxc.net#🎃
晋江无cp,"💭💭💭💭💭💭,发现失效",可达,206,https://m.jjwxc.net##无cp
晋江百合,-------,可达,200,https://m.jjwxc.net/#迷迭edit-gl
晋江百合0,正版小说 书源,可达,206,https://m.jjwxc.net##百合
晋江言情,正版小说 书源,可达,200,https://m.jjwxc.net/#迷迭edit-bg
晋江详榜,-------,可达,206,https://m.jjwxc.net/##分类标签#未月十八二次排版
晋江详榜（发现）,-------,可达,206,https://m.jjwxc.net#未月十八小改
晋江详榜（发现）,,可达,200,https://www.jjwxc.net/
晋江🎃#2,,可达,200,http://www.jjwxc.net#🎃
晋江🎃#4,,可达,200,https://wap.jjwxc.net#🎃
晨雨中文,全部来自论坛,可达,200,https://m.80y.net
暧昧电子,小说 书源,可达,200,http://www.amtxt.net
曜金坊,,可达,200,https://www.yaojinfang.net/
曜金坊,【小说2书源】,可达,200,https://www.yaojinfang.net/##
更中文网,小说 书源,可达,200,http://www.zw34.cc/
書库（国学经典）,名著出版,可达,206,https://book.mywebos.cn
曼哈漫画（优+）,漫画 书源,可达,200,https://www.mangabz.com/
曼哈漫画（优+）,漫画 书源,可达,206,https://mangadex.org/
月色书屋◎辞晨◎,写源解密,可达,200,https://www.yuesekanshu.com/
月色书房🎗,特殊,可达,200,https://www.hetang123.com#🎃
有声听书吧,"听书,发现失效,搜索失效",可达,200,https://m.ysts8.net
有度中文,正版小说 书源,可达,200,https://www.yodu.org
有度中文,-------,可达,200,https://www.yodu.org#md1
有度中文,小说 书源,可达,200,https://www.yodu.org##出版
有度中文,小说 书源,可达,200,https://www.yodu.org##分卷
有度中文,小说 书源,可达,200,https://www.yodu.org#🎃
有度中文,🎃 通用,可达,200,https://www.yoduzw.com#
有度中文网,"General,Cloudflare",可达,200,https://www.youduzw.com/
有度中文网,﹅ ♛ 精品,可达,200,https://www.yodu.org/#pb1101
有度中文（优+）,小说 书源,可达,200,https://www.yodu.org##破冰
有漫画,漫画🎟️,可达,200,https://www.udm123.com
有趣书网,小说 书源,可达,200,https://www.iqushuwang.com/
朗朗书库,"js失效,全部来自论坛",可达,206,https://www.llshuku.com
期刊杂志,小说 书源,可达,200,http://new-qk.lifves.com#m♤千仞云b
期刊杂志（优）,小说 书源,可达,200,http://new-qk.lifves.com/
未来天王,小说 书源,可达,200,http://www.weilaitianwang.info
本趣阁/笔趣阁,"自制,源仓库,网页源",可达,200,https://m.beqege.com
机枪小说（繁体）,小说 书源,可达,200,https://www.06ak.com
来看-来看小说_m.laikan9.com,人机验证-搜索,可达,200,https://m.laikan9.com
来说小说,小说 书源,可达,200,http://m.36xs.net
松鹤庭沐,"1-📖 小说[常用],0-📖 文本",可达,200,https://so.html5.qq.com#1
板栗文库,小说 书源,可达,200,https://www.blwenku123.org
果冻小子,微筛选,可达,200,https://m.guodongxs.com
果文学网,更新,可达,200,https://www.guowx.com
果露小说,综合,可达,200,https://www.xguolu88.com#
果露小说,综合,可达,200,https://www.guolu78.com
果露小说,小说 书源,可达,200,https://www.xguolu88.com##@鱼
果露小说,小说 书源,可达,200,https://www.guolu88.cc#
柚子小说,小说 书源,可达,200,https://www.shuijingzj.com
柚子小说,"【❌❌】搜索正文失-效,搜索失效",可达,206,https://www.qzaxsh.com
查菜谱,"﹅ 通用书源▪︎玄奇,搜索失效",可达,200,http://wap.chacaipu.com
栀子欢子,正版小说 书源,可达,206,http://m.zhizihuan.com
栀子欢波,正版小说 书源,可达,206,http://m.zhizihuan.com#♤yc
栀子欢网🎃,,可达,206,http://m.zhizihuan.com#🎃
格格党,,可达,200,https://www.haogushi88.cc
格格党fly,,可达,206,http://www.flydoing.com#🎃
格格党huilingtian,,可达,200,http://www.huilingtian.com
格格党rdq,,可达,200,https://www.rdqsdy.net/##@遇知
格格党①🥈,®📖 搜集整理™,可达,200,https://www.ggdowns.cc
格格党吧,综合,可达,200,http://www.qodown.com
格格党吧（魔法）,小说 书源,可达,200,http://www.qufuyx.com/
格格党文学,111最新校验成功,可达,200,http://m.ggdwx.net
格格党网[自写],自写修复0909,可达,200,https://www.52ggdxs.com/m/
桃桃书,涩文,可达,200,https://m.ttshu12.com/
梅语中文,,可达,206,https://m.53xiaoshuo.com/
梦寻书院,小说 书源,可达,200,https://www.xinruipai.cn
梦岛小说,搜索失效,可达,200,https://m.mdxs.com/
梦游漫画  #一程,漫画,可达,206,https://www.mumumh.com#♤yc
梦阮读书,名著出版,可达,206,https://www.mengruan.com#♤yc
梦阮读书,小说 书源,可达,206,https://www.mengruan.com#yc1101
梧桐中文,⑵💯  典藏,可达,200,https://www.wtzw.com#🎃
棉爱书楼,小说 书源,可达,200,https://www.ishulou.com
棋子小说,小说 书源,可达,206,https://wap.qizi01.com
槐故曲落,,可达,200,https://www.hgq26.com/
橘子文学,综合,可达,200,http://wap.115wx.cc##@尐哖
欧巴小说,"-------,0206⭐",可达,206,http://m.uuxs8.cc
欻书网,小说,可达,200,https://m.beifanghongrui.com
歪片星球,影视 书源,可达,200,https://waipian14.com
歪瑞古德漫画,,可达,206,https://www.veryim.com#t
歪瑞古德漫画,"失效,搜索失效",可达,206,https://www.veryim.com
水沉华庭,【🈵♥🈵💯】231123千组1,可达,200,https://hetushu.com##分卷
永久小说网🎃,,可达,200,http://www.yjxsw.com#🎃
永恒中文网,"自制,源仓库,网页源",可达,200,https://www.yhzww.com
永远的神小说,综合,可达,206,http://www.yydsxs.com
永远的神小说🎃,,可达,206,http://www.yydsxs.com#🎃
求书帮,综合,可达,206,https://www.xqiushubang.com
求书网包,小说 书源,可达,200,http://www.booksos.net
求书网吧,小说 书源,可达,200,http://www.qiushu.info#喜静
求书网吧,小说 书源,可达,200,http://www.booksos.net#🎃
求补齐正文规则-7mm漫画,,可达,200,https://7mmtv.sx/zh/hcomic_list/all.html
求补齐正文规则-7mm漫画,,可达,200,https://7mmtv.sx/
汉典古籍（发现）,小说 书源,可达,206,http://gj.zdic.net
汐落轩,📖  小说,可达,200,http://www.xiluoxuan.com
污漫天堂,全部来自论坛,可达,206,https://wumtt.com/
沙漠,综合,可达,200,http://m.shamoxs.com
沙漠小说,综合,可达,200,http://www.shamoxs.com/
沧元图小说,小说,可达,200,https://www.09read.com/
河豚小说,综合,可达,200,http://m.hetunxs.com
油污小说网,刘备,可达,206,http://m.uwuxs.com/
泡书小吧（发现）,小说 书源,可达,200,https://m.paoshuba.com/##@鱼
泡书爱吧,小说 书源,可达,200,https://m.paoshuba.com
泡泡中文 m.paozww.com,综合,可达,200,https://m.paozww.com
泡泡中文网[0],"源仓库,自制,网页源,",可达,200,https://m.paozww.net#◎
泡泡中文网[0],"源仓库,自制,网页源,",可达,200,https://m.paozww.net
泼墨小说,"发现失效,收集出处：源论坛 4月29号,失效,搜索失效",可达,200,https://m.pomoxs.cc
洪都中文,小说 书源,可达,200,https://m.hongduzw.com
洪都中文,"自制,备用,源仓库,网页源",可达,200,https://www.nchdzx.com
海洋听书[m],有声,可达,200,http://m.ychy.org##yz
海洋听书[w],有声,可达,200,http://www.ychy.org##yz
海洋听书（优）,听书 书源,可达,200,http://www.ychy.org
海洋听书（发现）,听书 书源,可达,206,http://www.ychy.com
海洋听书（发现）,听书 书源,可达,206,http://www.ychy.com##天天的鸟蛋蛋
海阅小说,小说 书源,可达,200,https://www.haiyue8.com
海阅小说（发现）,小说 书源,可达,200,https://m.bqg332.com
涩文,18,可达,200,https://book.sewen6.club/
淘书网络,小说 书源,可达,206,https://www.tiao1.cc/
淡水书院,全部来自论坛,可达,200,http://www.jxsc1.cn
深基金会,小说 书源,可达,200,http://scp-wiki-cn.wikidot.com#22
深情读书,微筛选,可达,200,http://www.3qdu.com
深鹅小说,小说 书源,可达,206,https://m.700txt.com
清风lgzyjw,cf验证,可达,200,https://m.lgzyjw.com
渣女小说,女频,可达,200,https://zhanvxs.net
源社区出品-R 半夏小说🐶,收集方：源论坛 4月25号,可达,200,https://www.xbanxia.com/##RosiaPng
源社区出品-中文看,,可达,200,http://wap.zwkan.cc
源社区出品-九九读小说,,可达,200,https://www.99duxiaoshuo.com
源社区出品-仿茄小说（优）,🌷最爱书源🌷,可达,206,https://www.fanqxsw.com/##
源社区出品-少年小说网,,可达,200,https://www.snxsw.com
源社区出品-思兔小说,收集方：源论坛 4月25号,可达,200,https://www.stoo.pro
源社区出品-欧巴小说,收集方：源论坛 4月25号,可达,206,http://m.baode.cc/
源社区出品-🐣草榴小说,收集方：源论坛 4月25号,可达,200,http://www.caoliuxs.cc/##ʕ ᵔᴥᵔ ʔ喜静
滋味小说,,可达,200,https://www.zwxiaoshuo.com
滋滋读书,,可达,200,http://www.zzdushu.com
滴答漫画（优）,漫画 书源,可达,206,https://ddmanhua.com
漫城小说,🎃常规,可达,200,https://www.ieat.cc/
漫客栈,,可达,206,http://comic.mkzhan.com#♤Haxc
漫客栈,漫画,可达,206,https://www.mkzhan.com#♤Haxc
漫客栈,需要登录,可达,206,https://www.mkzhan.com#♤yc
漫客栈,,可达,206,http://comic.mkzhan.com
漫客栈,,可达,206,https://comic.mkzhan.com
漫客栈,"🖼️🖼️🖼️🖼️🖼️🖼️,搜索正文失效,发现正文失效",可达,206,https://www.mkzhan.com###
漫客栈◎辞晨◎,,可达,206,https://m.mkzhan.com
漫客栈吧,漫画,可达,206,https://www.mkzhan.com#
漫客栈🎃,,可达,206,http://comic.mkzhan.com#🎃
漫客栈🎃#2,,可达,206,https://www.mkzhan.com#🎃
漫小肆20251217,测试,可达,200,https://www.jjmh.top/
漫小肆②,"-------,0206⭐",可达,200,https://www.wxzhm.top
漫库,漫画,可达,200,http://www.sumanku.com##速漫库
漫漫书屋,"发现失效,【】⛺漫画,【❌❌】搜索失-效,搜索失效",可达,200,https://www.lanzouf.com/iIBPX0txk8yf
漫漫漫画,正版漫画 书源,可达,206,https://www.manmanapp.com
漫漫漫画,,可达,206,https://www.manmanapp.com#♤Haxc
漫漫漫画,-------,可达,206,https://www.manmanapp.com#一程
漫漫漫画,-------,可达,206,https://www.manmanapp.com#♤yc
漫漫漫画,-------,可达,206,https://www.manmanapp.com#Haxc1107
漫漫漫画,-------,可达,206,https://www.manmanapp.com#
漫漫漫画,正版漫画 书源,可达,206,https://www.manmanapp.com#yc1101
漫画100,全部来自论坛,可达,206,https://m.manhua100.com/
漫画人,漫画,可达,206,http://www.manhuaren.com
漫画吧,"全部来自论坛,搜索失效",可达,200,https://www.manhuaba.com/
漫画吧,漫画🎟️,可达,200,http://www.manhuaba.cc
漫画哥,漫画 书源,可达,200,https://m.manhuag.com
漫画天堂tt,漫画🎟️,可达,200,http://www.manhuatt.com
漫画网,写源,可达,200,https://www.manhua3.com/
漫画芯📱,漫画🎟️,可达,200,https://m.mhxin.com
漫畫狗网,漫画,可达,200,https://dogemanga.com
漫神,漫画🎟️,可达,200,https://mhkami.com
漫蛙,"全部来自论坛,搜索失效",可达,200,https://manwa.wang
漫蛙涩吧（优）,漫画 书源,可达,206,https://mwcomic9.online/
潇湘书院,女频,可达,200,https://m.xxsy.net
潇湘书院_By-[曦灵],"💎曦灵,网站失效",可达,200,https://m.xxsy.net  ##-[曦灵]
火星小说 mobile.iceread.com,未测试,可达,200,https://mobile.iceread.com
灯读文学,综合,可达,200,https://s30007.zhongyue001.com#
灯读文学,小说 书源,可达,200,https://s30001.zhongyue001.com
灵猫小说（发现）,小说 书源,可达,200,https://quickapi.biduwenxue.com/
炫心书吧,小说 书源,可达,200,http://www.xuanshu8.cc
点完结屋,小说 书源,可达,200,https://www.wanjiewu.com/
点完结屋,小说 书源,可达,200,https://www.wanjiewu.com/#喜静
烟锁重楼,女频,可达,200,https://www.eyushuwu.com/
烟锁重楼🎃,,可达,200,https://www.eyushuwu.com#🎃
热门小说,🏖️免费+,可达,200,https://www.rmxs8.net/
燃文,自写0510,可达,200,https://m.773buy.cc/
燃文小说,小说 书源,可达,200,https://www.ranwen.com
燃文小说,【❌❌】搜索正文失-效,可达,200,https://m.ranwen.com/
燃文小说网com,"自制,源仓库,网页源",可达,200,http://www.ranwencom.com
燕,"18,校验超时",可达,200,http://www.diyibanzhu.buzz
燕琛中文,小说 书源,可达,200,http://www.gentuibook.xyz/#喜静
燕琛中文,小说 书源,可达,200,http://www.gentuibook.xyz/
爱上读,综合,可达,200,https://www.asdu5.com
爱下书吧,小说 书源,可达,200,https://www.aixiawx.com/#pb1101
爱下书吧,小说 书源,可达,200,http://www.aixiashu.net
爱下书嘚,小说 书源,可达,200,http://www.aixiawx.com/#嘚嘚21.0201
爱下书小说,⑤🛍︎  小说,可达,200,https://www.aixiaxsw.com
爱下书小说,⑤🛍︎  小说,可达,200,https://www.aixiawx.com/
爱下书小说网🎃,,可达,200,http://www.aixiashu.net#🎃
爱下书小说网🎃#2,,可达,200,https://www.aixiaxsw.com#🎃
爱下书看,小说 书源,可达,200,http://www.xiashukan.com
爱下书网,破冰&一程0902,可达,200,http://www.aixiashu.org
爱下书网,"自制,修复,源仓库,网页源",可达,200,https://wap.aixiaxs.info/
爱下书网,🏖️免费+,可达,200,https://www.aixiaxs.info/
爱下书网🎃,,可达,200,http://www.aixiashu.info#🎃
爱下文学,小说 书源,可达,200,http://www.aixiawx.com/#玄奇
爱下文学🎃,,可达,200,http://www.aixiawx.com#🎃
爱下电子,小说 书源,可达,200,https://www.aixdzs.com
爱丽丝书屋,,可达,200,https://xn--vcsx64d.alicesw2.sbs
爱久久网,综合,可达,200,https://www.ijjjxsw.com
爱久久网,小说 书源,可达,200,http://www.jjjjxs.com#
爱久久网（优+）,小说 书源,可达,200,http://www.jjjxsw.com
爱久小说,,可达,200,https://www.jjjjxsw.com
爱久小说,综合,可达,200,https://m.aijjxs.com
爱乐文学,小说 书源,可达,200,https://www.ailewx.com/#pb1101
爱书楼,原仓库,可达,200,http://www.astxt.org
爱书趣阁,小说 书源,可达,200,http://www.shuquge.co
爱优漫,🎨 漫画,可达,206,https://m.iyouman.com#
爱优漫,漫画,可达,206,https://m.kanman.com/##收集
爱优漫吧（优+）,漫画 书源,可达,206,https://m.iyouman.com/
爱优漫🎃,,可达,206,https://m.iyouman.com#🎃
爱去小说,写源,可达,200,https://m.aqtxt.net/#
爱去小说,小说 书源,可达,206,https://www.aiqu789.com
爱去小说,小说 书源,可达,206,https://www.627txt.com
爱去小说,小说 书源,可达,200,https://m.aiquxs.com
爱去小说网,"。,5,搜索失效",可达,200,http://m.21zw.net
爱去小说（导入）,小说 书源,可达,206,https://www.aiqu2727.com
爱去小说（导）,小说 书源,可达,206,https://www.279txt.com/
爱发电网（优）,特殊 书源,可达,206,https://afdian.com#
爱因小说,小说 书源,可达,200,http://www.aiyinbei.com#🎃
爱因小说(仅发现),综合,可达,200,http://www.aiyinbei.com
爱夜读屋,小说 书源,可达,200,https://m.yeduku.com##旅途
爱奇艺,,可达,200,https://m.iqiyi.com
爱奇艺漫,正版漫画 书源,可达,200,https://www.iqiyi.com/manhua#♤Haxc
爱奇艺漫画,漫画,可达,200,https://www.iqiyi.com/manhua
爱奇艺漫画$,,可达,200,https://www.iqiyi.com
爱奇艺漫画🎃,轩1,可达,200,https://www.iqiyi.com/manhua#🎃
爱奇艺网,正版小说 书源,可达,200,http://wenxue.iqiyi.com/
爱宝贝小说,同人,可达,200,https://www.ibabyxs8.com
爱家文学,女频,可达,200,https://m.bj5i5j.com/
爱寻书,搜索失效,可达,200,https://ixunshu.net
爱小书亭,小说 书源,可达,200,http://www.xiaoshuting.org/#♤pb
爱巴士,综合,可达,200,https://www.ibusrm.com
爱巴士书房◎辞晨◎,网站失效,可达,200,https://ibusroom.com/
爱巴士书房◎辞晨◎,收集出处：源论坛 4月29号,可达,200,https://www.ibusxs.com/
爱推书君（优）,特殊 书源,可达,200,https://pre-api.tuishujun.com
爱搬文屋,-------,可达,200,https://www.banwenwu.com#
爱曲小说,全部来自论坛,可达,200,https://m.biqusa.com
爱求书网,小说 书源,可达,200,http://www.qiushu.info##喜静
爱泡书吧,小说 书源,可达,200,http://www.xpaoshuba.com/#pb1101
爱泡书吧,小说 书源,可达,200,http://www.xpaoshuba.com/#♤pb
爱泡书吧,小说 书源,可达,200,http://www.xpaoshuba.com/
爱泡书吧（发现）,小说 书源,可达,200,http://www.paoshubaxs.com
爱淘小说（优++）,小说 书源,可达,200,https://tybook.taoyuewenhua.net
爱漫客栈,正版漫画 书源,可达,206,https://www.mkzhan.com#yc1101
爱漫客栈,正版漫画 书源,可达,206,https://www.mkzhan.com
爱漫画,"漫画,发现失效",可达,200,https://m.bjzf.org/##网站链接
爱看书吧,"自制,源仓库,网页源",可达,200,https://m.akbook8.com
爱看书吧[海阔搜索],综合,可达,200,https://www.ikxsw.org
爱看书吧③,"发现失效,【🈵♥🈵💯】231123千组1,搜索失效",可达,200,http://www.ikanshuba.com#Namo
爱看刊宝,小说 书源,可达,200,https://api2.fx361.com
爱看小说,综合,可达,200,http://m.2kk.la
爱看小说,小说 书源,可达,200,http://m.ixsw.info
爱看小说,小说 书源,可达,200,http://m.ixsw.cc
爱看小说,"一测通过,18",可达,200,https://m.ai9w.com/
爱看漫画,漫画,可达,206,https://m.kanman.com#
爱看漫画,漫画 书源,可达,200,http://wap.65dm.com
爱看漫画（优+）,漫画 书源,可达,206,https://m.kanman.com#♤Haxc
爱看漫画（优）,漫画 书源,可达,206,https://m.kanman.com
爱看韩国漫画wzdhm,💜漫画,可达,200,https://wzdhm.cc
爱腐小说,小说 书源,可达,200,http://www.fxshu.cc/🐤
爱追书看,小说 书源,可达,200,https://m.zhuishukan.com##@遇知
爱阅吧网,小说 书源,可达,200,https://iyueba.net
版主111bz,涩文,可达,200,http://m.111bz.cc
特·101016,【小说1书源】,可达,200,https://101016.xyz
特·六欲小说,"发现失效,搜索失效",可达,206,http://m.6yu6.com
特·启皓网,"发现失效,﹅ 通用书源▪︎玄奇,搜索失效",可达,200,http://www.qihaoqihao.net
特·第一版主⁷,"发现失效,﹅ ㊕ 特殊,搜索失效",可达,200,http://www.01bz4444.xyz
特·龙腾小说吧,"发现失效,搜索失效",可达,200,http://m.ltxsba.xyz
狂风听书,听书 书源,可达,200,https://m.ting13.com/
狂风听书,听书 书源,可达,200,https://m.ting13.com/##@遇知
狗狗(求书网）,综合,可达,200,http://www.qiushu.info
狠人小说,综合,可达,200,http://m.41nr.com/
独步小说,,可达,206,https://www.dbxsn.com
独步小说,,可达,206,https://www.dbxsd.com
独步小说,小说 书源,可达,200,https://www.dbxsc.com#
独步小说,小说 书源,可达,200,https://www.dbxs123.com
独步小说🎃,,可达,200,https://www.dbxs123.com#🎃
独行小说,小说,可达,200,http://www.dxtxt.com
独阅读网,正版小说 书源,可达,200,https://www.duread8.com##喜静
狸猫故事（优+）,小说 书源,可达,206,https://www.limaogushi.com/
猕猴桃漫画,漫画,可达,200,https://www.mhtmh.com
猪猪漫画,漫画,可达,200,https://www.zhuzhumh.com/
猫九小说,正版小说 书源,可达,200,http://www.maojiuxs.com/
猫九小说,正版小说 书源,可达,200,http://www.maojiuxs.com#♤yc
猫眼看书,,可达,200,http://api.jxgtzxc.com
猫眼看书,正版,可达,200,http://api.jmlldsc.com/
猫眼看书,小说 书源,可达,200,http://api.jxgtzxc.com#🎃
猫眼看书,小说 书源,可达,200,http://api.lfdapengu.com#🎃
猫眼看书,"发现目录失效,﹅ 通用书源▪︎玄奇,搜索目录失效",可达,200,http://api.beiniai.com/
猫眼看书（优++）,小说 书源,可达,200,http://api.lfdapengu.com
猫眼看书（优++）,小说 书源,可达,200,http://api.jmlldsc.com##@曦灵
猫耳听书,听书 书源,可达,200,https://www.missevan.com#guaner
猫耳听书,听书 书源,可达,200,https://www.missevan.com#♤guaner
猫耳听书（优+）,听书 书源,可达,200,https://www.missevan.com#乃星
猫耳听书（优）,听书 书源,可达,200,https://www.missevan.com
猫耳听书（优）,听书 书源,可达,200,https://m.missevan.com/
猫耳有声,小说 书源,可达,200,https://www.missevan.com#关耳
猴子阅读api[修复],"精品书源1128,API1128",可达,200,https://api.leeyegy.com/
猴子阅读②笔趣阁,"笔趣阁,2023.7.20效验",可达,200,https://souxs.leeyegy.com/
玄幻小说,涩文,可达,200,http://m.emuxs.com/
玄幻文学,,可达,200,https://www.xhwx6.com/
玄幻文学,小说 书源,可达,200,https://m.xhwx6.com#🎃
玉米小说,【小说1书源】,可达,200,https://m.niaozhui.com
王牌小说,小说 书源,可达,200,https://m.wpxs.cc#
玩文学小说网,综合,可达,200,https://www.wanwx.com/##Rosiapng
玫瑰言情,女频,可达,200,http://www.mgyqw.com##喜静
环安小说,,可达,200,https://www.haxs.me/##
珀包文学,小说 书源,可达,200,https://m.3322t.com#🎃
琵琶小说,小说 书源,可达,200,http://www.ppxs.net/
瑞雪漫画（魔法）,漫画 书源,可达,200,https://www.yydsmh.com/
生活琐碎,小说 书源,可达,200,https://www.ibusread.com/
电子中文,小说 书源,可达,200,https://www.dzzzw.com/#pb1101
电子中文,小说 书源,可达,200,https://www.dzzzw.com/#♤pb
电子中文,小说 书源,可达,200,https://www.dzzzw.com/
男友书屋,,可达,200,https://www.nanyou15.com
番茄123,"💭💭💭💭💭💭,发现目录失效,搜索失效",可达,200,https://m.fqxs123.com/##@鱼
番茄mtl,"发现失效,全部来自论坛,搜索失效",可达,206,https://tomatomtl.com
番茄书源,番茄小说,可达,206,https://api.cloudepay.cc
番茄四合一,,可达,206,https://123.ycoo.xyz
番茄小说,4月2号静白,可达,200,https://m.fqxs123.cc
番茄小说,【小说1书源】,可达,200,https://m.fqxs123.com#001
番茄小说,微筛选,可达,200,https://fanqienovel.com##
番茄小说123🎃,,可达,200,https://m.fqxs123.com#🎃
番茄小说2,,可达,200,https://fqapi.komr.cn
番茄小说<晴天>,𐄚📖 小说常用,可达,206,http://api.qingtian618.site
番茄小说[自写]🐜,番茄小说,可达,200,https://www.fanqienovel.com
番茄网怀旧,✨极速,可达,200,https://fanqienovel.com/#圣灵2
疯情书库,涩文,可达,200,http://aabook.cyou
疯情书库,"发现失效,🗃️ 综合,搜索失效",可达,200,https://aastory.space
疯情书库🎃,18,可达,200,https://www.aabook.cyou#🎃
疯读小说（优++）,小说 书源,可达,206,https://fiction.fengduxiaoshuo.com
白中文网（发现）,小说 书源,可达,200,https://m.25zhongwen.com/
白浅小说（优）,小说 书源,可达,200,https://m.178yhr.com
白白中文,小说 书源,可达,200,https://www.babazw.com
白茶漫画（魔法）,漫画 书源,可达,206,https://www.webtoons.com/zh-hant/
白马楼baimashuwu,❤小说,可达,200,https://www.baimashuwu.com
百合会华（发现）,小说 书源,可达,200,https://www.yamibo.com/
百合爱会（优+）,小说 书源,可达,200,https://www.yamibo.com/site/novel
百年小说,new,可达,206,https://www.bnshuo.com/
百度小说,正版,可达,200,https://dushu.baidu.com/
百度小说🎃,,可达,200,https://dushu.baidu.com#🎃
百度网盘（优++）,特殊 书源,可达,200,https://pan.baidu.com
百花网,,可达,206,https://www.bh848.top
皮皮漫画,微筛选,可达,206,http://www.ppmh.cc
益友书盟（发现）,小说 书源,可达,200,https://m.eyou3.com/
盐选文库,女频,可达,200,https://www.yanxuanwk.com/
盗墓笔记,小说 书源,可达,200,http://www.daomubiji.org
盗墓笔记,小说 书源,可达,200,http://www.daomubiji.org#🎃
盗墓笔记,小说 书源,可达,200,http://www.daomubiji.org/?yuedu#
盗墓笔记全集🎃,,可达,200,http://www.daomubiji.org/?yuedu#🎃
盗墓笔记（优+）,小说 书源,可达,200,http://www.daomubiji.com
看书小说,小说 书源,可达,200,https://kanshuv.com#🎃
看书神,API,可达,206,http://apitt.kanshushenapp.com/
看书神app,20240629,可达,206,https://apitt.kanshushenapp.com
看书神🎃,,可达,206,http://apitt.kanshushenapp.com#🎃
看书网,,可达,200,https://www.kanshuw.com
看漫画,漫画,可达,206,https://m.kanman.com#Haxc1107
看漫画kanmanhua,💜漫画,可达,200,https://kanmanhuala.cc
看看阅读,正版小说 书源,可达,206,http://kkcc.top/
知乎榜单（发现）,小说 书源,可达,200,https://www.360xs.com#未月十八repair
知乎阅读,小说 书源,可达,200,https://www.360xs.com#未月十八
知乎阅读,小说 书源,可达,200,https://www.360xs.com
知音漫客,漫画,可达,206,https://m.zymk.cn/
石榴书屋,女频,可达,200,https://www.shiliushuwu.com/
破万卷,,可达,200,http://www.powanjuan.cc
破万卷,,可达,200,https://powanjuan.cc/tongren/
碧凡小说网,"失效,js失效,收集出处：源论坛 4月29号",可达,200,https://m.yhrdss.com
磨铁小说,,可达,200,http://www.motiexs.com
神书网,"自制,一般,源仓库,网页源",可达,200,http://www.biquds.com
神凑小说,小说 书源,可达,200,http://www.shencou.com#line#芜恙
神凑轻小说,,可达,200,http://m.shencou.com
神凑轻说（优）,小说 书源,可达,200,http://www.shencou.com#line
神凑轻说（发现）,小说 书源,可达,200,http://www.shencou.com
神漫画,漫画,可达,206,https://m.taomanhua.com/
神漫画,漫画,可达,206,https://m.taomanhua.com#Haxc1107
神漫画,🎨 漫画,可达,206,https://m.taomanhua.com#
神漫画🎃,,可达,206,https://m.taomanhua.com#🎃
神话之后,,可达,200,https://www.shenhuazhihou.com
禁忌书屋,涩文,可达,200,https://www.cool18.com/bbs4/
福书网,,可达,206,http://m.fushutxt.cc
福书网 #一程1101,女频,可达,206,https://www.fushucun.com#yc1101
福书网[abyssesml],女频,可达,206,https://www.fushucun.com##修复
福书网吧,小说 书源,可达,206,https://www.fushucun.com/#去重复
福书网吧,小说 书源,可达,206,https://www.fushucun.com#改进
福书网吧,小说 书源,可达,206,https://www.fushucun.com#♤yc
福书网🎃,,可达,206,http://m.fushutxt.cc#🎃
离谱小说,小说 书源,可达,200,http://www.siluwx.org
秀人美女网,🧚🏻‍♀️ 图片,可达,200,http://xrmnw.com/
秀人集,涩漫图,可达,200,https://www.quanjixiu.com
秋叶楼/平板电子书网,"自制,源仓库,网页源",可达,200,http://wap.qiuyelou.net/
秋日蝉,,可达,200,https://www.ztgauntong.com#md-ji
秋茂书院,任尚仁,可达,200,https://m.czqiumao.com/
秋风书屋,综合,可达,206,https://www.qiufengshuwu.com#
秋风书屋,小说 书源,可达,206,https://www.qiufengshuwu.com#🎃
种田小说,,可达,200,https://zhongtianwen.cn
秒书屋子（发现）,小说 书源,可达,200,https://www.miaoshu5.cc/
稻草人书屋,,可达,206,https://www.dcrbk.com
稻草人书屋🎃,,可达,206,https://www.dcrbk.com#🎃
穿越小说,小说 书源,可达,200,http://www.kk169.net/
穿越小说,,可达,200,http://m.kk169.net#
穿越小说,小说 书源,可达,200,http://m.kk169.net#🎃
穿越小说,小说 书源,可达,200,http://www.kk169.org#🎃
穿越小说,小说 书源,可达,200,http://www.kk169.net#🎃
笔下文学,小说 书源,可达,200,http://www.chinabxwx.com
笔下文学,"发现失效,【❌❌】网站失-效,搜索失效",可达,200,http://www.bixia.org
笔下文学,"发现失效,【❌❌】网站失-效,搜索失效",可达,200,http://www.bixia.org##自己
笔下文学,"💝 优质,希弥",可达,200,https://m.99bxwx.com
笔下生花,小说 书源,可达,200,https://m.bixiashenghua.com
笔下生花🎃,,可达,200,https://m.bixiashenghua.com#🎃
笔书阁1,,可达,200,http://m.damaoli.com/
笔书阁子,小说 书源,可达,206,http://bishuge.cn
笔仙阁子,综合,可达,206,https://209.74.107.162
笔仙阁子,-------,可达,206,http://www.bixiange.top
笔仙阁子,小说 书源,可达,206,http://www.bixiange.top#🎃
笔尖中文,,可达,200,http://m.badaoge.org
笔尖小说,综合,可达,200,http://www.bjcan8.com/
笔尖小说,小说 书源,可达,200,http://www.bjcan8.com#🎃
笔尚小说,正版小说 书源,可达,200,https://www.bsxiaoshuo.com
笔尚小说,,可达,200,https://m.bsxiaoshuo.com
笔尚小说,女频,可达,200,https://www.bsxiaoshuo.com#yc1101
笔尚小说🎃,,可达,200,https://m.bsxiaoshuo.com#🎃
笔尚小说🎃#2,,可达,200,https://www.bsxiaoshuo.com#🎃
笔库小说,,可达,200,http://m.bikuxs.com
笔搜屋吧,小说 书源,可达,206,https://m.bisowu.net
笔翠小说,小说 书源,可达,200,https://www.bicuix.com#
笔趣六七,,可达,200,https://m.bqg67.com
笔趣塔/炫书网,⑸🔰  优质,可达,200,https://m.ibiquta.info
笔趣安保（发现）,小说 书源,可达,200,https://www.biqukan.cc/#pb1101
笔趣小说,"🍁 笔趣,🍅 番茄",可达,200,https://m.fqxs123.com##@
笔趣小说网97,"5,。,网站失效",可达,200,http://m.wj97.com
笔趣小说（优）,小说 书源,可达,200,https://m.bqgcn.net
笔趣库吧,小说 书源,可达,200,http://m.beqiku.com
笔趣文学,"自制,源仓库,网页源",可达,200,https://www.sxslyt.cn
笔趣派吧,小说 书源,可达,206,https://m.biqupai1.com
笔趣涩吧,小说 书源,可达,200,https://m.bqg221.com
笔趣漫画,漫画,可达,200,https://www.biqumh.com
笔趣看程（发现）,小说 书源,可达,200,https://www.biqukan.cc#yc1101
笔趣看网,,可达,200,https://m.qibuge.com/
笔趣读,综合,可达,200,http://m.bbiqudu.com
笔趣读🎃#2,,可达,200,https://m.xxbiqudu.com#🎃
笔趣趣,💭💭💭💭💭💭,可达,200,https://m.biququ.la/
笔趣趣,"自制,源仓库,网页源",可达,200,https://m.biququ.info
笔趣阁,,可达,206,http://m.maifeizx.com
笔趣阁,,可达,200,http://8biquge.com#🎃
笔趣阁,,可达,200,https://www.biquge.casa
笔趣阁,,可达,200,https://m.soushuwang.cc
笔趣阁,白哥,可达,200,http://www.biquge5200.net#
笔趣阁,全部来自论坛,可达,200,https://m.biquge321.com
笔趣阁,全部来自论坛,可达,200,https://www.conglianhao.com/
笔趣阁,"发现失效,全部来自论坛,搜索失效",可达,200,https://www.chiuhagi.com
笔趣阁,1,可达,200,http://8biquge.com##九梦
笔趣阁,全部来自论坛,可达,200,https://m.bqg128.com
笔趣阁,,可达,200,https://m.biquge2345.com
笔趣阁,写源,可达,206,https://m.wduec.com/#
笔趣阁,,可达,200,http://www.xinbqg.com/
笔趣阁,收集出处：源论坛 4月29号,可达,206,https://f.fosxs.cc
笔趣阁,小说,可达,200,https://m.bq09.cc/
笔趣阁,🎃常规,可达,200,https://www.biqusa.com/#♤
笔趣阁,小说 书源,可达,200,https://m.bqg225.com
笔趣阁,小说 书源,可达,200,https://www.zkblg.com
笔趣阁,小说 书源,可达,200,https://m.quge9.cc#
笔趣阁,小说 书源,可达,200,https://m.bq7.cc/#001
笔趣阁,小说 书源,可达,200,https://m.bq7.cc/
笔趣阁,小说 书源,可达,200,http://www.ibiqu.net
笔趣阁,小说 书源,可达,200,http://www.ibiqu.net/#♤pb
笔趣阁,🎃常规,可达,200,http://www.xgbqiuge.com
笔趣阁,小说 书源,可达,200,https://www.bqg223.com
笔趣阁,小说 书源,可达,206,http://www.biqugewu.net
笔趣阁,小说 书源,可达,206,http://www.biqugewu.net/#md-pb
笔趣阁,小说 书源,可达,206,http://www.biqugewu.net/#pb1101
笔趣阁,小说 书源,可达,206,http://wap.biquzw789.info/
笔趣阁,小说 书源,可达,200,https://m.bqg223.com#
笔趣阁,小说 书源,可达,200,https://m.bige3.cc
笔趣阁,-------,可达,206,https://www.96biquge.com#
笔趣阁,小说 书源,可达,200,http://www.bqgxsw.com/
笔趣阁,小说 书源,可达,200,http://www.4qo.net
笔趣阁,小说 书源,可达,200,https://m.bqg119.com
笔趣阁,小说 书源,可达,200,https://m.bqg335.com
笔趣阁,小说 书源,可达,200,https://m.bqg113.com
笔趣阁,小说 书源,可达,200,https://m.bqg227.com
笔趣阁,小说 书源,可达,200,https://www.zkblg.com/##@遇知
笔趣阁,小说 书源,可达,200,https://www.yuanzunxs.cc/#pb1101
笔趣阁,小说 书源,可达,200,https://www.biquge7.xyz/##@遗憾
笔趣阁,小说 书源,可达,200,https://www.biquge7.xyz/##@遇知
笔趣阁,小说 书源,可达,200,https://m.qbiqus.com#🎃
笔趣阁,小说 书源,可达,200,https://m.biquge365.net#🎃
笔趣阁,小说 书源,可达,200,https://m.bigee.cc#🎃
笔趣阁,小说 书源,可达,200,https://m.qbiqus.com
笔趣阁,小说 书源,可达,200,https://www.bequgew.net#🎃
笔趣阁,小说 书源,可达,200,https://www.sypvm.com
笔趣阁,小说 书源,可达,200,http://www.biqu5200.net
笔趣阁,小说 书源,可达,200,http://www.biquge5200.net#🎃
笔趣阁,小说 书源,可达,206,https://www.96biquge.com#🎃
笔趣阁,小说 书源,可达,206,https://www.96biquge.com/#pb1101
笔趣阁,小说 书源,可达,206,https://www.96biquge.com/#♤pb
笔趣阁,小说 书源,可达,200,https://m.bqg14.cc
笔趣阁,小说 书源,可达,200,https://www.muxtoo.com#🎃
笔趣阁,小说 书源,可达,200,https://www.muxtoo.com
笔趣阁,小说 书源,可达,200,https://m.quge9.cc#🎃
笔趣阁,小说 书源,可达,200,https://www.sypvm.com#🎃
笔趣阁,小说 书源,可达,200,http://www.xinbqg.com/##
笔趣阁,,可达,200,https://m.biquge.one
笔趣阁,"发现失效,【】👾笔趣阁,【❌❌】搜索失-效,搜索失效",可达,200,https://m.xbiquge.tw/
笔趣阁 8biquge.com,综合,可达,200,http://8biquge.com
笔趣阁 API-2,笔趣阁,可达,200,https://sou.jiaston.com#渊呀81
笔趣阁 m.bqgcn.com,未测试,可达,200,http://m.bqgcn.com
笔趣阁#68,🍁 笔趣,可达,200,https://m.seyours.com#
笔趣阁(免费小说),小说,可达,200,http://www.langrenxiaoshuo.com
笔趣阁(看注释),²♨笔-趣-阁❆,可达,206,http://m.aishu5.com/
笔趣阁-夜明空,官方-7-17,可达,200,https://m.xbiqige.cc/
笔趣阁.,🍁多型,可达,200,https://m.bqgp.cc
笔趣阁122(套娃),"【】👾笔趣阁,【🈵♥🈵💯】231123千组1,搜索失效",可达,200,https://m.bqg122.com#001
笔趣阁126,小说 书源,可达,200,https://www.xgshu8.com
笔趣阁132,笔趣,可达,200,https://www.biquge98.com/
笔趣阁225🎃,,可达,200,https://m.bqg225.com#🎃
笔趣阁227.cc,-----01,可达,200,https://m.bq227.cc##@
笔趣阁228🎃,,可达,200,https://m.bqg228.com#🎃
笔趣阁2345-夜明空,写源,可达,200,https://www.biquge2345.com
笔趣阁330,笔趣阁,可达,200,https://m.bqg330.com
笔趣阁332🎃,,可达,200,https://m.bqg332.com#🎃
笔趣阁337,"自制,源仓库,网页源",可达,200,https://m.bqg337.com
笔趣阁345,综合,可达,200,http://m.biquge345.com
笔趣阁36,🍁多型,可达,200,https://m.bqgam.com
笔趣阁365,,可达,200,https://www.biquge365.net#🎃
笔趣阁38,小说 书源,可达,200,https://m.bqg228.com
笔趣阁51,Tg:@sousuo234,可达,206,https://www.51tljy.com
笔趣阁5a,"网络,自制",可达,200,https://m.31ec1.lol
笔趣阁6,"【】👾笔趣阁,【❌❌】搜索失-效,搜索失效",可达,200,https://www.6mulu.com
笔趣阁8,"自制,源仓库,网页源",可达,206,https://m.biqiuge8.cc
笔趣阁90,非常重要 勿刪,可达,200,https://m.bqg90.com
笔趣阁H-夜明空,"全部来自论坛,网站失效",可达,200,http://www.biqugehxs.com/
笔趣阁JS,✨极速,可达,200,https://m.bqg227.com##
笔趣阁[kbwang],🏖️免费+,可达,200,https://www.kbwang.org/
笔趣阁_书友,,可达,200,https://m.suimeng.la
笔趣阁biqg,"源仓库,游客自用,整理校验,自制,网页源",可达,200,https://m.biqg.cc
笔趣阁bohecha,3,可达,200,https://m.bohecha.com
笔趣阁bqgege,自写0510,可达,200,http://www.bqgege.com
笔趣阁bqgege,🙈 新增,可达,200,http://www.bqgege.com##必应搜索
笔趣阁bqgege（必应搜索）,,可达,200,http://m.bqgege.com##笔趣阁bqgege 必应搜索
笔趣阁bvquge,综合,可达,206,https://www.bvquge.com/
笔趣阁de,笔趣阁,可达,200,https://m.bqgde.com
笔趣阁ga,"③🚫  禁验,⑸🔰  优质",可达,200,https://m.bqgga.com
笔趣阁ll,"自制,源仓库,网页源",可达,200,https://m.bqgll.com
笔趣阁mu8,"自制,源仓库,网页源",可达,200,http://m.mu8.net
笔趣阁us[电脑版],收集出处：源论坛 4月29号,可达,206,http://www.biqugeus.com
笔趣阁us手机版http://m.biqugeus.com,小说,可达,206,http://m.biqugeus.com
笔趣阁wduec,111最新校验成功,可达,206,https://www.wduec.com
笔趣阁wduec🎃,,可达,206,https://www.wduec.com#🎃
笔趣阁ᵗᵘ,,可达,200,https://m.bqgtu.com
笔趣阁⁵,,可达,206,https://www.bixiange.top
笔趣阁①,笔趣阁,可达,200,https://www.bg60.cc/
笔趣阁③,💭💭💭💭💭💭,可达,200,https://www.ibiqiuge.com/
笔趣阁⑤③ #破冰,🍁 笔趣,可达,200,http://www.xinbqg.com/#♤pb
笔趣阁⑭,【小说1书源】,可达,200,https://biquge42.com
笔趣阁▪︎API,校验可用,可达,200,https://souxs.leeyegy.com#md-yuan11
笔趣阁◎辞晨◎,小说,可达,200,https://m.bqg220.cc/
笔趣阁㉖ #破冰1101,🍁 笔趣,可达,200,http://www.biquge5200.net/#pb1101
笔趣阁七,,可达,200,https://www.biquge7.xyz
笔趣阁小说网,,可达,200,https://www.biqu5200.com
笔趣阁新站,,可达,200,https://www.hqrgjtcw.com/##@遇知
笔趣阁极速,"笔趣阁,🍁 笔趣 🍁,言情,💦精品",可达,200,https://s.sdxray.cn/
笔趣阁江,"1,。",可达,200,http://m.bqgcn.net/
笔趣阁沧元图,"失效,收集出处：源论坛 4月29号,网站失效",可达,200,https://m.biquguaxs.com
笔趣阁漫画³,微筛选,可达,200,https://soumh.leeyegy.com##收集
笔趣阁漫画🅰,微筛选,可达,200,https://soumh.leeyegy.com
笔趣阁网,"9月,搜索失效",可达,200,https://www.bqgx.cc/
笔趣阁（发现）,小说 书源,可达,200,https://www.biqukan.cc/
笔趣阁（闫）,"【】👾笔趣阁,【❌❌】搜索失-效,搜索失效",可达,200,https://m.bqg113.com/##闫
笔趣阁🎃#15,,可达,200,http://www.xinbqg.com#🎃
笔趣阁🎃#35,,可达,200,https://www.biquge7.xyz#🎃
笔趣阁🎃#39,,可达,200,https://m.bq7.cc#🎃
笔迷读,,可达,200,https://www.bimidu.com
笨笨中文,小说 书源,可达,200,http://www.babazw.com/
第一六九,,可达,200,https://www.diyi69.com/##@鱼
第一六九🥉,三等,可达,200,https://www.diyi69.com/
第一小说diyitxt,❤小说,可达,200,https://www.diyitxt.com
第一文学成全,,可达,200,https://447.97s8.com
第一版,,可达,200,https://www.44yydstxt234.com/shuku/0-postdate-0-7.html
第一版主,"精选,搜索失效",可达,206,https://www.3yydstxt234.com/
第一版主,"超时,发现失效,﹅ ♛ 精品,搜索失效",可达,206,https://www.3yydstxt426.com/
第一版主,💠其他,可达,200,http://www.01bz1111.xyz
第一版主,,可达,200,http://yydstxt.cc
第一版主,🍄18,可达,206,http://www.6diyibanzhu.xyz/
第一版主,"🔱 绅士淑女 🔱,第一版主",可达,200,http://www.maizixueyuan.com/
第一版主12bz,涩文,可达,200,http://i.12bz.net/#🚀
第一版主434,涩文,可达,206,https://www.5yydstxt434.com/
第一版主77(๑>؂,"发现失效,﹅ ㊕ 特殊,搜索失效",可达,206,https://www.7yydstxt426.com
第一版主77(๑>؂<๑）,💍,可达,206,https://7778877.com/
第一版主77234,涩文,可达,206,https://www.77yydstxt234.com/
第一版主①,﹅ ㊕ 特殊,可达,206,https://diyibanzhu.github.io/fabu/
第一版主③,,可达,200,http://m.diyibanzhu.quest/#🚀
第一版主③,,可达,200,http://m.diyibanzhu.quest/
第一版主④,,可达,200,https://m.xdybz.com/#🚀
第一版主⑤,,可达,200,http://m.diyibanzhu.buzz/#🚀
第一版主⑦🌹,🌹,可达,200,http://m.xiaobanzhu.com/#🚀
第一版主⑧,,可达,200,http://m.xinbanzhu.net/#🚀
第一版主网麦子🌸,⁶❀耽女︎ºั轻言,可达,200,http://www.maizixueyuan.com/s.php
第一版主（正文第二页规则未修复）,,可达,206,http://www.2diyibanzhu.xyz
第一版主（正文第二页规则未修复）,,可达,200,http://www.diyibanzhu666.xyz
第一版主🎃#4,18,可达,200,http://i.12bz.net
第九中文,综合,可达,200,https://www.tengwen.cc/
第九中文,小说 书源,可达,200,https://www.tengwen.cc/##喜静
第二书包网,"【❌❌】搜索失-效,搜索失效",可达,206,http://www.shubao1.cc
第二书包🐲,"【❌❌】搜索失-效,发现失效,搜索失效",可达,200,http://m.shubao203.com
第四小说网,综合,可达,200,https://www.04xiaoshuo.com/
简搜,综合,可达,206,https://m.jianshou.net
米可小说,小说 书源,可达,200,https://mfirst.e0505.com
米国度👿,,可达,200,https://www.scirym.club/
米特小说,小说 书源,可达,200,https://m.mite1.com/##@尐哖
米特小说,小说 书源,可达,200,https://m.mite1.com/
米读,,可达,200,http://m.miduwx.com
米读小说,综合,可达,200,https://api.midureader.com/##@遇知
米读小说,小说 书源,可达,200,https://m.miduxs.com
米读小说123,小说,可达,200,https://m.mdxs123.com
米读小说123,【小说 书源】,可达,200,https://m.mdxs123.cc
米读小说（优+）,小说 书源,可达,200,https://api.midureader.com/#@遇知
精华书阁,综合,可达,200,https://wap.jhssd.com/
精华书阁,综合,可达,200,https://m.jhsssd.com/
精华书阁,小说 书源,可达,200,https://m.jhssd.com/
精华书阁,,可达,200,https://www.jhssd.com
精华书阁,小说 书源,可达,200,https://m.richvv.com
精华书阁,小说 书源,可达,200,https://www.richvv.com/##@鱼
精华书阁,小说 书源,可达,200,https://m.richvv.com#🎃
精品小说,,可达,200,http://www.jpxs123.cc
精品小说,综合,可达,200,https://jpxs123.cc
精品小说,小说 书源,可达,200,http://jpxs123.cc#
精品小说,小说 书源,可达,200,http://jpxs123.com
精品小说,小说 书源,可达,200,http://jpxs123.cc#🎃
精品小说,小说 书源,可达,200,http://www.jpxs123.cc#🎃
精品小说,小说 书源,可达,200,https://jpxs123.cc#001
精品小说网,静白校对(2023年3月31号),可达,200,http://www.jpxs123.cc/##@遇知
精品小说网🎃,,可达,200,https://jpxs123.cc#🎃
精品小说（优）,小说 书源,可达,200,https://jpxs123.com
精品小说（优）,小说 书源,可达,200,http://www.jpxs123.com/
精彩东方文学,综合,可达,200,https://m.jcdf99.com
精武小说,综合,可达,206,https://www.jingwuxs.com
系统小说,小说 书源,可达,200,https://xitongliu.cn#
系统流说（差）,小说 书源,可达,200,https://m.xitongliu.cn/##@遇知
系统流说（差）,小说 书源,可达,200,https://m.xitongliu.cn/
系统维护中_api.ibreader.com,👍 备用,可达,206,https://api.ibreader.com
繁星四月,小说 书源,可达,200,http://www.fuxsb.com/#Toshiko
繁星小说,综合,可达,200,https://fapi.fanxxs.com/
繁體小說網,全部来自论坛,可达,200,https://www.xiaoshuo.com.tw
红人小说,涩文,可达,200,https://www.hongrenxs.com/
红叶书斋,念心 || 小说,可达,200,https://m.shufahouse.com
红尘黑岩,💠 备用,可达,200,http://m.heiyan8.com
红果短剧,网站失效,可达,200,https://www.hongguo123.com
红牛资源,视频,可达,200,https://hongniuziyuan.com
红茶漫画,漫画 书源,可达,206,https://www.webtoons.com
红薯阅读,综合,可达,200,https://androidv2.hongshu.com/
红袖添香④,发现失效,可达,200,https://www.hongxiu.com#♤yc
红袖添香⑥,"发现失效,【🈵♥🈵💯】231123千组1",可达,200,https://www.hongxiu.com#南笙21.0101
红袖添香⑦,"发现失效,【🈵♥🈵💯】231123千组1",可达,200,https://www.hongxiu.com#鸡排饭
红豆文学,🎃常规,可达,206,https://www.hdwx.net
纯果（天天书源）,天天,可达,200,http://www.gchun.com
绅士漫画,0ina漫画,可达,200,https://wnlink.ru/
经典书库 jingdianbook.com,名著出版,可达,200,https://www.jingdianbook.com
绿江小说,女频,可达,200,http://android.jjwxc.net
绿茶小说,小说 书源,可达,200,http://www.92popo.cc
网易小说,正版小说 书源,可达,200,https://m.yuedu.163.com/
网易音乐（优）,音乐 书源,可达,206,http://music.163.com#芜恙
网络漫画（优）,漫画 书源,可达,200,https://mm.sfacg.com
美嗑中文网,收集出处：源论坛 4月29号,可达,200,http://www.i7k.xyz
美图网（可搜索）,涩漫图,可达,200,https://meitulu.me/
美女漫画mama,💜漫画,可达,200,http://mmm.mamamh.com
美目书屋,全部来自论坛,可达,200,https://m.aimeimu.com
群小说,一,可达,200,https://www.qunxs.com
群小说网,小说 书源,可达,200,http://www.qunxs.com#🎃
翻书阁,🎉精选,可达,200,https://m.fansg.cc
翻书阁,精品,可达,200,https://www.fansg.cc/
耳坠小说网,搜索失效,可达,200,https://www.ez333.net
耳边漫画,漫画 书源,可达,206,https://www.webtoons.com#Haxc1107
聚小说吧,小说 书源,可达,200,https://www.juxiaoshuo.net#🎃
肉书屋 #一程,💭💭💭💭💭💭,可达,200,https://m.roushuwu.com#♤yc
肉书屋 #一程,💭💭💭💭💭💭,可达,200,https://m.roushuwu7.com#♤yc
肉书屋②,,可达,200,https://m.roushuwu2.com/#🚀
肉书屋网🌹,,可达,200,https://www.popo.city
肉书屋🎃,,可达,200,https://www.roushuwu.com
肉肉屋③,,可达,200,https://m.rouwenwu3.com/
肉肉屋③,,可达,200,https://m.rouwenwu3.com/#🚀
肉肉阅读,"全部来自论坛,网站失效",可达,200,https://xxread.net
肉色屋①,,可达,200,https://m.rousewu.in/#🚀
肉色屋②,,可达,200,https://wap.rousewu.net/#🚀
肉色屋②,,可达,200,https://wap.rousewu.net/
脾会说网,小说 书源,可达,200,http://www.77xs.org
腐万小说,,可达,200,http://www.fxshu.top
腐书宅,"④🔖  备用,③🚫  禁验",可达,200,http://m.fushuzhai.net
腐书网,女频,可达,206,http://www.fushubook.com
腐小说,女频,可达,200,http://www.fuxiaoshu.com/
腐小说,🌸,可达,200,http://www.fuxs2.com/
腐小说 fuxs.top,未测试,可达,206,http://www.fuxs.top
腐小说 fuxsb.cc,未测试,可达,206,http://www.fuxsb.cc
腐小说 关耳,女频,可达,200,http://www.jiqinw.com#guaner
腐小说2(作者abyssesml),女频,可达,200,http://www.fuxs3.cc
腐小说网,女频,可达,200,http://www.fxshu.cc/
腐小说网🎃#2,,可达,200,http://www.jiqinw.com#🎃
腐小说🎃,,可达,206,http://www.fuxsb.cc#🎃
腐小说🎃#2,,可达,200,http://www.fxshu.top#🎃
腐小说🎃#3,,可达,200,http://www.fuxsb.com#🎃
腾讯漫画,正版漫画 书源,可达,200,https://m.ac.qq.com#一程
腾讯漫画,正版漫画 书源,可达,200,https://m.ac.qq.com#♤Haxc
腾讯漫画,正版漫画 书源,可达,200,https://m.ac.qq.com#♤yc
腾讯漫画,漫画,可达,200,https://m.ac.qq.com#Haxc1107
腾讯漫画,-------,可达,200,https://m.ac.qq.com#yc1101
腾讯漫画,正版漫画 书源,可达,200,https://ac.qq.com#♤Haxc
舒阅(可下载)-夜明空,"全部来自论坛,搜索失效",可达,200,https://shuyuecom.com/
舞文小说,小说 书源,可达,200,http://m.wushuzw.org
色书屋,女频,可达,200,http://seshuwu.com
色文网sewen,❤小说,可达,206,https://sewen.life
色腐小说,女频,可达,200,http://m.sfacg.com
芋头小说,小说 书源,可达,200,https://www.62xs.com
芒果书坊,"失效,js失效,收集出处：源论坛 4月29号",可达,200,https://www.mangguoshufang.com/
芒果书坊,-------,可达,200,https://mangguoshufang.com/
花子,全部来自论坛,可达,200,https://www.huazidm.com/
花生小说（优）,小说 书源,可达,200,https://api.wan123x.com
花生小说（优）,小说 书源,可达,200,https://api.wan123x.com#🎃
苏明小说,苏明小说,可达,200,https://www.sumingxs.com
苏明小说,小说 书源,可达,200,https://www.sumingxs.com##@
若初文学,正版小说 书源,可达,200,http://www.ruochu.com/
若初文学,-------,可达,200,http://www.ruochu.com#嘚嘚21.0201
若初文学,🌸 常用,可达,200,http://www.ruochu.com#一程
若初文学 #一程,综合,可达,200,http://www.ruochu.com#♤yc
若初文学🎃,,可达,200,http://www.ruochu.com#🎃
英文书源（英文）,小说 书源,可达,200,https://novelonlinefull.com/
英文小说,其他,可达,200,http://novel.tingroom.com/wap/index.php
英文小说（英）,小说 书源,可达,200,http://novel.tingroom.com/wap
英文阅读网,test,可达,206,http://enread.com
茶杯狐,💽 茶杯狐,可达,200,http://cupfox.app/
草屋小说,小说 书源,可达,200,http://www.caowuxs.com
草榴小说,网站失效,可达,200,http://www.caoliuxs.cyou/##ʕ ᵔᴥᵔ ʔ喜静
草榴小说,网站失效,可达,200,http://www.caoliuxs.cyou/
荔芳文学,综合,可达,200,http://www.lfwx1.cc
荔芳文学,"自制,源仓库,网页源",可达,200,http://www.lfwxw.com
药丸文学,小说 书源,可达,200,http://m.115wx.cc
荷花居,"★网页源,[24.12.05已修]",可达,200,https://m.hehuaju123.com/
菜小说网,,可达,200,https://www.tatays.com/allbook
菠萝包,📃论坛,可达,200,https://book.sfacg.com##发现
菠萝小说（优）,小说 书源,可达,200,https://www.bhgrt.com
萌图社团（优++）,漫画 书源,可达,200,https://moetu.club
萌新动漫,影视 书源,可达,200,http://www.mxdm.fans
落尘小说,小说 书源,可达,200,https://m.xdawujiasu.com
落秋中文5,"自制,源仓库,网页源",可达,200,http://m.luoqiu5.cc
落秋中文luoqiu,❤小说,可达,200,https://www.luoqiu.me
落霞小说,,可达,206,https://www.luoxia123.com
落霞小说,名著出版,可达,206,https://www.luoxia.com
落霞小说,小说 书源,可达,206,https://www.luoxia.com#一程
著名阅读,小说 书源,可达,200,https://b.wunpu.com
蒽小说网,小说 书源,可达,200,https://www.14xsw.com
蓝天阁/读书族小说,小说,可达,200,https://kwap.lantingge.com
蓝海搜书,🍀特,可达,200,https://wap5g.everjump.cc/
蓝色小说,小说 书源,可达,200,http://m.36xs.net/##@遇知
虾米小说网,综合,可达,200,https://m.xmitxt.com
蚂蚁小说,111最新校验成功,可达,206,https://www.tqcyjy.com/
蚂蚁小说,小说 书源,可达,206,https://www.tqcyjy.com#🎃
蚂蚁文学,小说 书源,可达,200,https://m.myxzm.com/
蛙漫◎辞晨◎,,可达,200,https://manwasi.cc/
蛙漫漫画,源社区,可达,200,https://www.manwamh.com/
蛮歌漫画（优）,漫画 书源,可达,200,http://www.mangabz.com
蜜桃视频-夜明空,20250428,可达,200,https://gxamitaotunh.cfd
衍墨轩,【小说2书源】,可达,200,http://www.ymxxs.com/
西宸翡翠,已检验,可达,200,https://s.xcfcch.com#发现
西瓜书屋,-------,可达,200,https://www.xiguasuwu.com/##喜静
西瓜书屋,小说 书源,可达,200,https://www.xiguasuwu.com/##
西瓜书屋,小说 书源,可达,200,https://www.xiguasuwu.com/#喜静
西瓜小说,小说 书源,可达,200,http://www.fanaoqi.com/
言情888,全部来自论坛,可达,200,https://5g.yanqing-888.com
言情888小说网,"﹅ ✾ 言耽,搜索失效",可达,200,https://m.xs386.com#电脑
言情888小说网,"﹅ ✾ 言耽,搜索失效",可达,200,https://m.xs386.com
言情书吧,女频,可达,200,http://m.bgnovel.com
言情小说,,可达,200,http://m.xianqihaotianmi.org
言情小说,女频,可达,200,https://www.xs8.cn
言情小说,0227⭐,可达,200,https://m.bgnovel.com
言情小说,小说 书源,可达,200,http://www.yqk.net#♤yc
言情小说,小说 书源,可达,200,http://m.xianqihaotianmi.info/
言情小说,小说 书源,可达,200,http://m.xianqihaotianmi.info/##@遇知
言情小说,小说 书源,可达,200,http://www.yqk.net#yc1101
言情小说,,可达,200,https://www.kanshuhai.cc/
言情小说,念心 || 小说,可达,200,https://www.kanshuhai.cc/##@鱼
言情小说吧,"💰 正版,⌨ 自制",可达,200,https://www.xs8.cn#简直不像话
言情小说网/工整,"自制,特殊,源仓库,网页源",可达,206,http://www.gozheng.com
言情小说🎃,,可达,200,http://www.yqk.net#🎃
言情文吧,🍊 女频,可达,206,https://wap.yqwenba.com
言情港吧（优）,小说 书源,可达,200,https://www.yanqinggang.com#
言情港🎃,,可达,200,https://www.yanqinggang.com#🎃
话本小说,-------,可达,200,http://www.ihuaben.com
话本小说,小说 书源,可达,200,https://www.ihuaben.com#♤yc
话本小说,小说 书源,可达,200,http://www.ihuaben.com#🎃
话本小说,小说 书源,可达,200,https://www.ihuaben.com#🎃
话本小说_By-[曦灵],"💎曦灵,网站失效",可达,200,https://so.ihuaben.com  ##-[曦灵]
话本小说（优++）,小说 书源,可达,200,https://www.ihuaben.com/
话本阁,综合,可达,200,https://www.huabenge.com
语录书院,【小说2书源】,可达,200,https://m.jingdianyulu.org
读书,综合,可达,200,https://readbook.men/
读书国学（发现）,小说 书源,可达,200,https://www.dushu.com/guoxue
读书族小说网,"全部来自论坛,搜索失效",可达,200,https://m.99dushuzu.com
读书网,综合,可达,200,https://m.123du.vip#
读书网@游客,👍 备用,可达,200,http://www.xdizhu.net
读书网吧 m.dushu.com,未测试,可达,206,https://m.dushu.com
读书阁子,-------,可达,206,http://www.lianjianxsw.com/download.html
读漫屋,"失效,网站失效",可达,200,https://dumanwu.com/
读漫屋[Yolo],"失效,网站失效",可达,200,https://m.dumanwu.com/
读知阁,全部来自论坛,可达,200,http://m.duzhige.com
读者吧,"自制,备用,源仓库,网页源",可达,200,https://m.dzb8.com/
读读小说,小说 书源,可达,200,http://www.dudukan.net
谷点吧/零点看书,"自制,源仓库,网页源",可达,200,http://m.gudianba.com
豆瓣阅读,正版小说 书源,可达,200,https://read.douban.com#♤guaner
豆瓣阅读,正版小说 书源,可达,200,https://read.douban.com#乃星
豆花文学,女频,可达,200,https://www.douhuawenxue.com
豆花文学,👍🏻 普通,可达,200,https://m.douhuawenxue.com#🎃
豆豆小说网,综合,可达,200,https://www.wangming.org/
贰叁书吧,小说 书源,可达,200,https://www.2shu8.net/
贼吧小说（下载）,,可达,206,https://www.zei8.vip
贼吧小说（导入）,小说 书源,可达,206,https://www.zei8.vip##ycmd
贼吧小说🎃,,可达,206,https://www.zei8.vip#🎃
起点,4月2号静白,可达,200,https://m.qidian.com##抓包
起点(部分可看),,可达,200,https://m.qidian.com##限免部分书
起点中文,正版小说 书源,可达,202,https://www.qidian.com#md0131b
起点中文,正版小说 书源,可达,202,https://www.qidian.com##发现
起点中文,正版小说 书源,可达,202,https://www.qidian.com#起点
起点中文网,,可达,200,https://m.qidian.com
起点中文网,gone,可达,200,https://m.qidian.com#20220630
起点中文网[搜书专用],,可达,202,https://www.qidian.com##zhbyjm7783
起点中文网❶,小说,可达,202,https://www.qidian.com##男频发现
起点中文（优+）,正版小说 书源,可达,200,https://m.qidian.com#按钮筛选
起点中文（总榜）,正版小说 书源,可达,202,https://www.qidian.com#namo6.10#未月十八二次排版
起点中文（男频）,正版小说 书源,可达,202,https://www.qidian.com##男生
起点书评,特殊 书源,可达,206,https://www.qidiantu.com/##洛娅橙
起点图🎃,,可达,206,https://www.qidiantu.com#🎃
起点女生网,💰 正版,可达,202,https://www.qdmm.com
起点女频流,起点,可达,202,https://www.qidian.com#namo-gl
起点排行,"💭💭💭💭💭💭,发现失效,搜索失效",可达,202,https://www.qidian.com##排行
起点排行榜,,可达,202,https://www.qidian.com#🇨🇳Namo
起点笔下,小说 书源,可达,200,http://www.qdbxwx.com/
起点🎃  淘书加看免费章节,4月2号静白,可达,200,https://m.qidian.com#🎃
起舞中文,,可达,206,https://www.zhongwen.com
起舞中文,小说 书源,可达,200,https://www.75zworg.com/
起舞中文[修复],【小说2书源】,可达,200,https://www.75zwcom.com
起舞中文网,常用,可达,200,https://m.75zwz.com
超凡小说,精品,可达,200,https://www.chaofanxs.com/
超凡小说网,,可达,200,https://www.chaofks.com
超星图书馆,,可达,200,http://yz4.chaoxing.com/#11
超星网站,,可达,200,http://yz4.chaoxing.com
超级小说,小说 书源,可达,200,https://www.242xs.info/
趣书吧(搜索不了),综合,可达,200,https://wap.39shuwu.com
趣书网,,可达,200,https://www.qubook.org
趣书网,,可达,200,https://qubook.org##@遇知
趣书网吧,小说 书源,可达,200,http://www.ohxs.cc#🎃
趣书网吧,小说 书源,可达,200,http://www.ohxs.cc##@遇知
趣书网吧 遇知,,可达,200,https://qubook.org
趣书网手机版[分页],⛎JJ城,可达,200,https://sj.qubook.cc
趣书网站,小说 书源,可达,200,http://www.97mv.cn
趣书网说,轩1,可达,200,https://www.qubook.org#🎃
趣又来吧,小说 书源,可达,200,https://m.quyoulai.com
趣读小说,Yolo,可达,200,https://www.qqduw.com
趣读小说,小说 书源,可达,200,https://www.quduxsw.com
趣读小说,"发现失效,搜索失效",可达,200,https://www.qqduw.com#001
趣读小说7d,综合,可达,206,https://m.7dnovel.com
趣读小说（优）,-------,可达,200,https://www.qqduw.com/##@鱼
趣读网,,可达,200,https://m.qqduw.com/
趣集,📚 出版,可达,200,https://ifun.cool
輕之文庫,小说 书源,可达,200,https://www.linovel.net#♤yc
车群小说（优）,小说 书源,可达,200,http://www.qunxs.com/
轩墨书屋,小说 书源,可达,200,http://www.xmsw.cc
轩墨书屋,D组,可达,200,https://www.xmsw.cc
轩宇阅读(仅发现),名著出版,可达,206,https://www.xyyuedu.com
轻之国度(APPapi测试),"日轻小说(2024-12-13)
GitHub@ZWolken",可达,200,https://www.lightnovel.us##APP
轻之文库,-------,可达,200,https://www.linovel.net#yc1101
轻之文库,小说 书源,可达,200,https://www.linovel.net#mitm
轻之文库（优++）,小说 书源,可达,200,https://www.linovel.net
轻小说机翻机器人,轻小说,可达,206,https://books.fishhawk.top
轻小说机翻机器人,小说 书源,可达,206,https://books.fishhawk.top#🎃
轻小说机翻🤖,轻小说,可达,206,https://n.novelia.cc/
轻小说百科,轻文,可达,200,https://lnovel.org
轻小说百科（繁）,小说 书源,可达,200,https://lnovel.tw#🎃
轻文学,"发现规则为空,失效,轻文,搜索失效",可达,200,https://www.qwxw.cc
轻次元姬,正版小说 书源,可达,206,https://www.ciyuanji.com/
轻说百科（优++）,小说 书源,可达,200,https://lnovel.tw
辣书库,"5,。,校验超时",可达,200,http://m.lashuku.me
辣妹小说,涩文,可达,200,https://m.lamei2.com/
过期杂志（优+）,小说 书源,可达,200,https://www.52dzxy.com
连城读书,小说 书源,可达,206,http://www.lcread.com
连尚读书,综合,可达,200,http://www.lsds.cn/
连尚读书,💯 满分,可达,200,http://www.lsds.cn#一程
连尚读书,小说 书源,可达,200,http://www.lsds.cn#♤yc
连尚读书,小说 书源,可达,200,http://www.lsds.cn#yc1101
追书书单（推荐）,特殊 书源,可达,206,http://www.zhuishushenqi.com/shudan
追书看zhuishukan,❤小说,可达,200,https://m.zhuishukan.com
追书看吧,小说 书源,可达,200,https://www.zhuishukan.com/
追书看网,小说 书源,可达,200,https://www.zhuishukan.com/##@遇知
追书神器,,可达,206,http://www.zhuishushenqi.com
追书神器,,可达,206,http://www.zhuishushenqi.com/nansheng
追书神器🎃,,可达,206,http://www.zhuishushenqi.com#🎃
追书网◎辞晨◎,验证,可达,200,http://m.zhuishu.la/
追书网吧,小说 书源,可达,200,https://m.fsrxzs.com/
追哟文学,"💭💭💭💭💭💭,搜索失效",可达,200,https://www.zhuiyo.com##mm
追哟文学,"💭💭💭💭💭💭,搜索失效",可达,200,https://www.zhuiyo.com#aaa
追文小说,小说 书源,可达,200,https://www.zhuiwen.org/
追更人,,可达,206,https://www.zhuigengren.com
逆天邪神,小说 书源,可达,200,https://www.93xscc.com/book
逆鳞小说 fu44.pw,涩文,可达,200,https://fu44.pw
途阅文学,验证,可达,200,https://m.1ty.net##@尐哖
途阅文学,小说 书源,可达,200,https://m.1ty.net
速漫库,"修复优化,发现失效,整理校验,源仓库,自制,漫画源,搜索失效",可达,200,http://m.sumanku.com
速漫库,"发现失效,🖼️🖼️🖼️🖼️🖼️🖼️,搜索失效",可达,200,http://m.sumanku.com##@尐哖
速读谷,,可达,200,https://www.sudugu.co
速读谷,,可达,200,https://www.sudugu.com
速读谷吧（优）,小说 书源,可达,200,https://www.sudugu.org
速赢文学,小说 书源,可达,200,https://www.tenghuxs.com
速速中文,综合,可达,200,http://www.susuzw.com/
酷书阁子,小说 书源,可达,200,http://m.kushuge.com/
酷书阁子,小说 书源,可达,200,http://m.kushuge.com/##@遇知
酷书阁小说网,,可达,200,https://www.kushuge.com
酷书阁网,小说 书源,可达,200,http://www.kushuge.com/
酷匠网吧,小说 书源,可达,206,https://app.kujiang.com#🎃
酷匠网站,综合,可达,200,https://m.kujiang.com
酷安应用（评论）,特殊 书源,可达,200,https://api.coolapk.com
酷我听书,有声,可达,200,http://tingshu.kuwo.cn
酷我小说,小说 书源,可达,200,http://appi.kuwo.cn#🎃
酷我音乐,音乐,可达,200,https://www.kuwo.cn
酷漫屋,"源仓库,发现失效,整理校验,自制,漫画源,搜索失效",可达,200,http://m.kumwu2.com
酷漫屋,"自制,源仓库,漫画源",可达,200,http://m.kumwu1.com
酷漫屋📱,漫画,可达,200,http://m.kuman55.com
酷看漫画,漫画,可达,200,https://www.kukk.net
酷看漫画②,漫画,可达,200,https://www.kukk.net#♤Haxc
酷酷看书网,综合,可达,200,https://www.kuku3.com
酷鱼小说,综合,可达,200,http://m.kuyuxs.com
醋溜儿文学[cl],🏖️免费,可达,200,https://www.clewxx.com##自用
野蛮漫画,漫画,可达,200,https://yemancomic.com
野蛮漫画（优）,漫画 书源,可达,200,https://mhbao.colacomic.com
金庸小说,📚其他,可达,200,https://www.jinyongwang.net#yc1101
金庸小说,小说 书源,可达,200,http://www.jinyongwang.net
金庸小说（优）,出版,可达,200,https://www.jinyongwang.net#♤yc
铁血读书,正版小说 书源,可达,200,http://book.tiexue.net
铅笔小说,综合,可达,200,https://www.23qb.com/
铅笔小说,,可达,200,https://www.23qb.com#77
铅笔小说,,可达,200,https://m.178yhr.com#🎃
铅笔小说,"精品,7月份,👍🏻",可达,200,https://www.x23qb.com
铅笔漫画（优）,漫画 书源,可达,200,http://www.xmanhua.com#Haxc1107
铅笔轻小说,轻小说,可达,200,https://www.qxsw.cc
锦绣文学,小说 书源,可达,200,http://m.qb5.co
镇魂小说网（搜作者）,女频,可达,200,https://www.zhenhunxiaoshuo.com/chaxun.html
闪爵小说网,综合,可达,200,https://www.pokemon-card.net/
闪爵小说网,"﹅ ♞ 普通,发现失效,搜索失效",可达,200,https://wap.fszhusuji.com##旅途
闪爵小说网,0905校验,可达,200,https://wap.fszhusuji.com
闪舞小说,4月2号静白,可达,200,https://www.35xss.com/
闲看,,可达,206,http://nav.jijia-co.com#🎃
闲看小说,,可达,206,http://nav.jijia-co.com##
闲看小说,综合,可达,206,http://nav.jijia-co.com
阅友小说,,可达,200,https://sma.yueyouxs.com
阅友小说,,可达,200,http://m.suixkan.com#♤yc
阅友小说,,可达,200,https://sma.yueyouxs.com#♤yc
阅友小说,,可达,200,https://sma.yueyouxs.com/#pb1101
阅友小说,轩1,可达,200,http://m.suixkan.com#🎃
阅友小说 m.yueyouxs.com,未测试,可达,200,http://m.yueyouxs.com
阅友小说（优+）,小说 书源,可达,200,https://sma.yueyouxs.com/#♤pb
阅友小说（优+）,小说 书源,可达,200,http://m.suixkan.com
阅读,,可达,200,http://www.yuedu.info
阅读书屋,小说 书源,可达,200,https://m.hongyujixie.net/
阅读书屋,小说 书源,可达,200,https://m.hongyujixie.net/##@尐哖
阅读助手（优+++）,小说 书源,可达,200,https://api-bc.wtzw.com
阳光中文网,,可达,200,http://www.ygzww.com
阿书客吧,-------,可达,206,http://m.shuke8.dlbeauty.cn/##喜静
阿巴小说（优+）,小说 书源,可达,200,http://xiaoshuo.uc.cn
阿漫画📱,漫画🎟️,可达,200,http://m.alimanhua.com
阿皮小说,小说 书源,可达,200,https://www.pixiaoshuo.com
阿迪夫,¹▽置顶`ȏ´正版发现,可达,200,https://www.adf.cc
阿酷小说,,可达,200,https://www.owllook.top
陶越文华（优++）,小说 书源,可达,200,https://qcbook.taoyuewenhua.net
随缘居,女频论坛,可达,206,http://www.mtslash.xyz/
雅书文库（下载）,小说 书源,可达,200,https://yabook.org/
雅书阁,"自制,源仓库,网页源",可达,206,https://m.yasuge.cc
雅文小说（发现）,小说 书源,可达,200,https://www.yawenba.net/
雅楠文藏,综合,可达,200,https://www.hycmds.com
雪花小说（发现）,小说 书源,可达,200,https://www.xcmfu.com
零九破吧,小说 书源,可达,200,https://www.09po.com/
零点小说,小说 书源,可达,200,https://www.aiks87.com#
零点小说,小说 书源,可达,200,https://www.aiks68.com
零点看书,,可达,200,http://23.225.143.232
零点砍树,,可达,200,http://www.hujuge.com
露露书,,可达,200,https://m.lulushu123.net
露露书 lulushu18.com,涩文,可达,200,https://m.lulushu18.com
露露书屋,,可达,200,http://m.lulushuwu.com
霹雳书坊 pilisf.com,综合,可达,206,https://www.pilisf.com
青困小说1,小说 书源,可达,200,https://www.17k.com#♤yc
青果阅读,api·凡,可达,200,https://read.beijzc.com/
青柠言情,,可达,200,https://www.qnyqw.com/chs/
青紫蝉/格格党,"源仓库,游客自用,整理校验,自制,网页源",可达,200,https://www.qingzichan.net
青花鱼吧,小说 书源,可达,200,https://allcp.net#♤guaner
青花鱼鲜,特殊 书源,可达,200,https://allcp.net#乃星
青豆小说,已检,可达,200,https://www.800xs.tv
青豆小说,📖小说,可达,200,https://www.800xs.tv/#🎃
靠谱小说,,可达,200,http://www.kptxt.com/
韩国漫画,涩漫图,可达,200,http://www.mxshm.top#yc1101
韩国漫画②,"【🈵♥🈵💯】231123千组1,【】⛺漫画",可达,200,http://www.mxshm.top#♤yc
韩国漫画：河,,可达,200,https://hanmm.org/#防
韩漫之家,涩漫图,可达,200,https://www.hdmanhua.com
韩漫画网,"发现失效,🖼️🖼️🖼️🖼️🖼️🖼️,搜索失效",可达,200,http://www.mxshm.site
韩漫连连看-幕惜,漫画,可达,200,https://www.hmkll.com/
页书小说,综合,可达,200,https://www.shacg.com
页书小说,小说 书源,可达,200,https://www.yiyeshu.cc#🎃
顶漫漫画toptoon03,💜漫画,可达,200,https://toptoon03.xyz
顶漫画,漫画,可达,200,https://www.dingmanhua.com/
顶点中文,💠精选,可达,200,http://wap.ddsk.la#
顶点中文,小说 书源,可达,200,http://www.dingdianzw.com
顶点中文,小说 书源,可达,200,http://wap.ddsk.la#🎃
顶点小说,"发现失效,收集出处：源论坛 4月29号,失效,搜索失效",可达,206,http://www.xddxs.info
顶点小说,小说,可达,200,https://www.dingdian365.com/
顶点小说,小说 书源,可达,200,https://www.dingdian-xiaoshuo.com
顶点小说,小说 书源,可达,200,http://api.basusan.com#🎃
顶点小说,小说 书源,可达,200,https://m.ytryx.com
顶点小说,非常重要 勿刪,可达,200,https://m.ddxsss.com
顶点小说[20xsla],🏖️免费+,可达,200,https://www.20xs.la/
顶点小说[bookb],"测试组,@念丶无 残留,🏖️免费",可达,200,https://www.bookb.net
顶点小说[m280xs],顶点小说,可达,200,https://m.280xs.com
顶点小说⑦,"发现失效,搜索失效",可达,200,http://www.23wxxx.com/
顶点小说网,"发现目录失效,全部来自论坛",可达,200,https://www.ftzw.org
顶点文学,20250428,可达,206,https://www.wanglisong.com
顶点笔趣阁◎辞晨◎,写源,可达,200,https://m.ddbiquge.tw/#
風月文學網,全部来自论坛,可达,200,http://www.h528.com
风行.MU,✦优,可达,200,https://fxxs3.com
风行小说,写源,可达,200,https://fxxs2.com/#
风车漫画,漫画,可达,200,https://www.fengchemh.com
风雨小说(搜索隔60秒),综合,可达,200,https://www.43xs.com
飘天文学,小说 书源,可达,200,https://www.piaotian.org
飘天文学,小说 书源,可达,200,https://www.piaotian.org/#pb1101
飘天文学,小说 书源,可达,200,https://www.piaotian.org#md1117
飘雨轩子（繁体）,小说 书源,可达,200,https://www.piaoyuxuan.com/
飞书小说,女频,可达,200,https://www7.myfeishu.com/
飞卢小说 #破冰1101,🦉 飞卢,可达,206,https://b.faloo.com#pb1101
飞卢小说⑨,"【❌❌】搜索目录失-效,发现目录失效",可达,206,https://b.faloo.com#🍅🍆🍉
飞卢小说🎃#2,,可达,206,https://wap.faloo.com#🎃
飞卢男生▪标签,,可达,206,https://b.faloo.com##男生标签
飞翔书城,"整理校验,自制,网页源,一般",可达,200,https://www.fxsc6.net
飞言情🎃,🎀女频,可达,200,https://www.ifeiyanqing.com#🎃
飞速中文,综合,可达,200,http://wap.feisuwx.org
飞速中文,综合,可达,200,https://www.feibzw.com
飞速中文,小说 书源,可达,200,https://m.feibzw.com
飞速中文,小说 书源,可达,200,https://www.feibzw.com#🎃
飞速中文,🏔️免费-,可达,200,https://www.feiazw.com/
飞速中文m,"📓 小说,发现失效,搜索失效",可达,200,https://m.feiszw.com
飞速中文（优）,小说 书源,可达,200,https://www.feibzw.com##尐哖
飞速中文🎃,,可达,200,https://m.feibzw.com#🎃
飞速小说网 feisuwx.org,校验,可达,200,http://www.feisuwx.org
飞雪漫画,微筛选,可达,200,https://www.feixuemh.com
飞魔幻,涩文,可达,200,https://m.fmh99.com
饭圈小说,小说 书源,可达,200,https://www.fqxsw.cc/
饭饭小说,,可达,200,http://www.ffxs8.com
饭饭小说,小说 书源,可达,200,https://ffxs8.com/trxs/
饭饭小说[挂梯],,可达,200,https://www.ffxs8.com
香网一程,正版小说 书源,可达,200,http://www.xiang5.com#♤yc
香网女频,【小说2书源】,可达,200,http://www.xiang5.com#🍅🍆🍉
香网女频2,小说 书源,可达,200,http://www.xiang5.com#yc1101
香网小说,小说 书源,可达,200,http://www.xiang5.com#一程
香蕉视频,涩视,可达,200,https://ios.bxguwen.com
骑士小说,,可达,200,https://www.txts.com/
骑鹿文学_qiluwx.top,👍 备用,可达,200,http://www.qiluwx.top
鬼书集子,小说 书源,可达,200,https://www.guishuji.com
鬼大爷网（发现）,小说 书源,可达,200,https://b.guidaye.com
魔都资源网,,可达,200,https://moduzy.cc
鱼丸小说,小说 书源,可达,200,https://www.txt520.com##@尐哖
鲤鱼乡,,可达,206,https://www.liyuxiangall.com
鲤鱼乡①,,可达,200,https://www.liyuxiangku.com/
鲤鱼乡①,,可达,200,https://www.liyuxiangku.com/#🚀
鲤鱼乡②,,可达,206,https://www.liyuxiangall.com/#🚀
鲲弩小说,综合,可达,206,https://www.kunnu.com
鲲弩小说,小说 书源,可达,206,https://www.kunnu.com#♤yc
鲲弩小说,小说 书源,可达,206,https://www.kunnu.com#yc1101
鲲弩小说 mengruan.com,未测试,可达,206,https://www.mengruan.com
鲸云小说,-------,可达,206,https://jyapi.jyacg.com#yuan1107
鲸云轻说,-------,可达,206,https://jyapi.jyacg.com#yc1101
鲸云轻说（优++）,小说 书源,可达,206,https://jyapi.jyacg.com
鲸云轻说（优+）,小说 书源,可达,206,https://jyapi.jyacg.com#yc11
鲸云轻说🎃,轻小说,可达,206,https://jyapi.jyacg.com#🎃
鸟鸟韩漫,源仓库250619,可达,206,https://nnhanman9.com
鸟鸟韩漫◎辞晨◎,,可达,206,https://nnhm7.xyz
鹅小说网,小说 书源,可达,200,http://www.uuxs.tw/#pb1101
麻瓜小子,微筛选,可达,200,https://www.fmgmh2.com
黄桃书屋,"自制,特殊,源仓库,网页源",可达,200,https://wap.1gtxt.com
黄金书屋,综合,可达,200,https://m.hjbook.com
黑岩,﹅ ♛ 精品,可达,200,https://www.heiyan.com#芜恙
黑岩小说,,可达,200,http://www.heiyan.com#🎃
黑岩小说,"正版,0206⭐",可达,200,http://www.heiyan.com/
黑岩小说#玄奇21.0202,,可达,200,https://www.heiyan.com#玄奇21.0202
黑岩阅读,正版小说 书源,可达,200,https://www.heiyan.com#♤pb
黑岩阅读 #一程1101,综合,可达,200,https://www.heiyan.com#yc1101
齐盛小说,"全部来自论坛,搜索失效,网站失效",可达,206,https://www.qishenxs.com
齐鲁文学,综合,可达,200,https://www.qiluwx.com##测试
齐齐读-中文小说站,,可达,200,https://m.qiqidu.net/
龙渊书屋,"网络,自制",可达,200,https://www.lysw1.com
龙源期刊,出版,可达,206,http://qikan.lifves.com#🎃
龙源期刊,小说 书源,可达,206,http://qikan.lifves.com##@尐哖
龙源期刊（优）,小说 书源,可达,206,http://qikan.lifves.com
龙腾,"【❌❌】搜索失-效,发现失效,搜索失效",可达,200,http://m.ltxsw.in/
龙腾小说城,一,可达,200,https://m.longtengxiaoshuo.org
️爱看小说,"常用A,希弥",可达,200,https://m.aikantxt.co
️顶点小说,,可达,206,https://www.uswx.com/
？？列表待改m ♜✎笔趣阁⑧⑦ #破冰▼w列表书少,"发现目录失效,✔️,搜索失效",可达,206,http://www.b520.cc/#pb1101
Ｖ笔趣阁,🏖️免费+,可达,200,http://www.vbiquge.org/
🅾💰起点▪总榜▪#namo,06.🍇🍇🍇,可达,202,https://www.qidian.com#namo
🆗飞速中文m #md,"📓 小说,发现失效,搜索失效",可达,200,https://m.feiszw.com/#md
🈲第一版主,"发现失效,【❌❌】搜索正文失-效,搜索失效",可达,206,https://7yydstxt426.com/
🌈土豆小说网,,可达,200,https://spudnovel.com
🌈污污漫画,全部来自论坛,可达,206,https://www.55comics.com/
🌈蓝海书屋🚀⊙情无羁⊙,收集方：源论坛 4月25号,可达,200,https://www.everjump.cc/
🌈起点中文·发现（无搜索）,☣️精选senhora,可达,200,https://m.qidian.com#正版发现
🌊漫神◎辞晨◎,漫画,可达,200,https://m.mhkami.com
🌐 半夏小说@寿衡📱代理,收集方：源论坛 4月25号,可达,200,https://www.banxia.cc
🌐 就去看网,"📥 综合（Tg敏感资源库
https://t.me/+Gk4E1u5cvaxhYTY1）",可达,200,https://www.97k.cc
🌐 读小说吧,💠 综合,可达,200,https://yomou.syosetu.com/
🌐 趣书网站,"1,搜索失效",可达,200,http://www.97mv.cn/##@遇知
🌐28看书网,写源,可达,206,https://www.28lu.net##
🌐乐安小说,,可达,200,https://m.leanclo.com
🌐仙漫漫画,,可达,200,https://www.xianman123.com
🌐半夏小说◎辞晨◎,写源,可达,200,http://www.xbanxia.com/
🌐古风漫画,,可达,200,https://m.gufengmh9.com
🌐快看漫画,,可达,200,http://m.kuaikanmanhua.com#yc1101
🌐聚小说网◎辞晨◎,小说,可达,200,https://www.juxiaoshuo.net/##
🌕晋江文学,"☣️精选senhora,⛎JJ城",可达,206,https://m.jjwxc.net##app
🌕起点女生,,可达,202,https://www.qidian.com##女生
🌙 息壤,"失效,收集出处：源论坛 4月29号,网站失效",可达,200,https://android-api.xrzww.com
🌙 猪猪小说,,可达,200,https://gg.zzxsa.com
🌙 番茄小说[api],番茄,可达,206,http://81.70.63.5
🌙掌阅书城,正版,可达,200,http://m.zhangyue.com##1
🌟 值得阅读,🌟 抓包,可达,200,https://s.xcfcch.com#md-ji1201b
🌟去看小说网,,可达,200,http://www.7kbook.com
🌟天书小说网,,可达,200,http://www.tshu8.com
🌟快读中文,-------,可达,200,https://www.kdzw.cc//##@
🌟快读网,,可达,200,http://www.kuuai.com
🌟起点女生,🌟常用,可达,202,https://www.qidian.com#namo-gl0
🌠 七夕漫画,🌠 漫画,可达,200,http://m.qiximh4.com
🌠 咪咕动漫,🌠 漫画,可达,206,http://m.migudm.cn
🌠 奇葩漫画,🌠图源,可达,200,http://www.qipamh.com/
🌠 布丁漫画,🌠 漫画,可达,200,https://www.pjmac1.com
🌠 笔趣漫画,🌠 漫画,可达,200,http://www.biqug.org
🌠 韩国漫画,🌠 漫画,可达,200,https://www.magayuan.com
🌠 韩国漫画,"🌠 漫画,校验超时",可达,200,http://www.mxshm.top
🌠 ️大魔兔网,🌠 漫画,可达,200,http://m.damotu.com
🌠无畏书库,🌠,可达,200,https://www.wvsk.com/##@遇知
🌠笔趣阁789,"发现正文失效,【】👾笔趣阁,搜索正文失效,【🈵♥🈵💯】231123千组2",可达,206,https://m.biquzw789.org##@遇知
🌠笔趣阁[bqgnovels],🌠,可达,200,https://www.bqgnovels.com
🌠笔趣阁[bqgnovels],"搜索正文失效,发现正文失效,🌠特选",可达,200,https://www.bqgnovels.com##@遇知
🌠笔趣阁[woaisaicheshou],"【】👾笔趣阁,【🈵♥🈵💯】231123千组2,搜索失效",可达,200,http://m.woaisaicheshou.com/##@遇知
🌠笔趣阁[woaisaicheshou],"【】👾笔趣阁,【🈵♥🈵💯】231123千组2,搜索失效",可达,200,http://m.woaisaicheshou.com/
🌵漫画星球🌵,"漫画,发现失效,搜索失效",可达,200,http://m.mhxqiu1.com
🌷红月🌷,"已校验,@小说,常规模式",可达,200,http://www.hongyue.org
🌸 就爱谈,🌸常用,可达,206,https://m.x9itan.com/
🌸 断秋风,♾️备选,可达,200,http://www.duanqiufeng.com#kd11
🌸 格格党网,"【女频源】,优选女频",可达,200,https://www.rdqsdy.net
🌸 樱花动漫,🧩特殊源,可达,206,http://www.yinghuadm.org
🌸 衍墨轩②,已检验,可达,200,http://m.ymoxuan.org
🌸一米小说,②🌸  常用,可达,200,http://m.yimixs.org
🌸夜伴书屋,②🌸  常用,可达,206,https://www.yeban360.com
🌸思兔✈️,"②🌸  常用,㊣✈️ 挂梯",可达,200,https://www.sto.cx
🌸爱丽丝书屋(免翻),"🌸小说,小说",可达,200,https://xn--vcsx64d.alicesw12.xyz/
🌸猫眼看书,☃ 自用☃️,可达,200,http://api.myweipin.com
🌸笔迷读,,可达,200,https://www.bimidu.com/##@遇知
🌸花溪小说,﹅ ✾ 言耽,可达,200,https://w.huaxi.net
🌸衍墨轩,,可达,200,https://m.ymxshuwu.com
🌸话本小说#温暖满怀,"🌸197,🍍🍍🍍🍍🍍🍍,搜索目录失效",可达,200,http://www.ihuaben.com#温暖满怀
🌹新.涩文,18,可达,200,https://www.sewenwang.top/
🌺女生文学,👍 备用,可达,200,https://m.danmei999.cc
🌼绅士漫画[18翻],💮漫画,可达,200,http://www.hentaicomic.ru/
🌾九桃小说,"🌾 男频,✉️  网络文学",可达,200,https://www.9taoxs.com#发现
🌾松鹤庭沐,¹▽置顶`ȏ´正版发现,可达,200,https://so.html5.qq.com##7day
🌾色彩夏书,2023.7.20效验,可达,200,https://souxs.leeyegy.com##目录分卷
🌾青云霓裳,"☣️精选senhora,⛎JJ城",可达,200,https://wap.danmei.la
🌾风华枕居,¹▽置顶`ȏ´正版发现,可达,200,http://www.fenghuaju.com
🌾饭饭论坛,"🌾 女频,✉️  网络文学",可达,200,https://bbs.fanfanq.com##发现
🌿起点中文（发现）,微筛选,可达,202,https://www.qidian.com##类别
🍁 xx笔趣读,222最新校验成功,可达,200,https://m.xxbiqudu.com/##
🍁 全本小说🔹heenee,遇知,可达,200,https://m.heenee.com/
🍁 格格党🔸ggdang,𐄞📖 𐄙𐄙遇知,可达,200,https://m.ggdang.org/##@遇知
🍁 格格党🔸ggdang,𐄞📖 𐄙𐄙遇知,可达,200,https://m.ggdang.org/
🍁 玄幻文学,全部,可达,200,https://m.xhwx6.com##@
🍁 笔趣阁789,"笔趣,发现正文失效,﹅ ♞ 普通,搜索失效",可达,200,https://m.biqu789.com/##@遇知
🍁 笔趣阁789,"笔趣,发现正文失效,﹅ ♞ 普通,搜索失效",可达,200,https://m.biqu789.com/
🍁 笔趣阁🔸mu8,"🍁,笔趣阁",可达,200,http://m.mu8.net/##@遇知
🍁 第一小说② #破冰1101,效验可用,可达,200,https://www.diyitxt.com/#pb1101
🍁 读读看,"发现失效,遇知,搜索目录失效",可达,200,http://www.dudukan.net/##@遇知
🍁 雅谷中文 #一程1101,"💯 精品,📖 一程",可达,200,http://eyagu.com
🍁 雅谷中文 #一程1101,"💯 精品,📖 一程",可达,200,http://eyagu.com#yc1101
🍁 黑岩小说,𐄞📖 𐄙𐄙遇知,可达,200,http://m.heiyan8.com/##@遇知
🍁偶然中文🔸验证码,"【🇰🇷🇬🇧🇯🇵🇺🇸】讨厌的广告组,【❌❌】搜索目录失-效,发现目录失效,搜索失效",可达,200,https://m.or7.net##尐哖
🍁笔下文学,"☣️精选senhora,✨🌙台",可达,200,https://www.bxwx.in
🍁笔趣阁⑦③,🍁 笔趣 🍁,可达,200,https://www.biqiudu.com/
🍁笔趣阁⑧③,²♨笔-趣-阁❆,可达,200,http://www.q1xs.com/
🍁笔趣阁⑩①,,可达,200,http://www.b5200.net/
🍁笔趣阁⑩⑤,²♨笔-趣-阁❆,可达,200,http://www.xbiquke.net/
🍁笔趣阁⑫⑥,"🍁 笔趣 🍁,修复",可达,200,http://www.cnhxfilm.com/
🍁笔趣阁⑮⑤,²♨笔-趣-阁❆,可达,200,http://www.newbiquge.com/
🍁笔趣阁⑰①,🍁 笔趣 🍁,可达,200,http://www.bquge7.com/
🍁笔趣阁⑱①,,可达,206,http://www.wqge.net/
🍁笔趣阁⑳①,,可达,200,http://www.biqugu.com/
🍁笔趣阁❶,【小说1书源】,可达,200,https://m.bqg220.com##@尐哖
🍁笔趣阁㊸①,,可达,206,https://www.bqg99.cc/
🍂NB韩国漫画,,可达,200,https://www.nbhanman.com/
🍂三页书屋,,可达,200,https://www.sanyeshuwu.com
🍄 择日飞升,📃论坛,可达,200,https://zerifeisheng.com/
🍉 第一版主（书多）,"已校验10.21,发现失效,🚬 刘备,🍉 男频,搜索失效",可达,206,https://www.1yydstxt226.com/shuku/0-postdate-0-7.html
🍊 101言情,👍 备用,可达,200,http://www.txt101.com#乃星1
🍊 二品阁,"🍊女频,💊无搜",可达,206,http://m.erpingge.com
🍊 企鹅小说,,可达,200,http://www.qiexs.com
🍊 妙书斋,🍊女频,可达,200,https://m.miaoshuzhai.net
🍊 漫延文创,🍊 女频,可达,206,https://www.emanyan.com
🍊 红豆文学,🍊 女频,可达,206,https://www.hdwx.net/s.php
🍊 腐小说,🌸言情（Tg敏感资源库:https://t.me/+Gk4E1u5cvaxhYTY1）,可达,200,https://www.jiqinw.com
🍊 腐小说关耳,🌸女频,可达,200,https://www.jiqinw.com#md-guaner
🍊 随梦小说,🍊女频,可达,200,http://www.suimeng.cc
🍎盐神阁0,22,可达,200,https://www.ysg0.com
🍑 256中文,,可达,200,https://www.256zw.com
🍑 乐文小说,⭐️小说,可达,200,https://www.lwread.com#修复
🍑 腐小说,❤️涩涩,可达,200,http://www.jiqinw.com/🐤
🍑 腐小说,﹅ ✾ 言耽,可达,206,http://www.fuxsb.cc/🐤
🍑 腐小说,"测试组,测试1,神",可达,200,http://www.fxshu.org/🐤
🍑 腐小说,⁶❀耽女︎ºั轻言,可达,200,http://www.fxsw.org/🐤
🍑diyitxt.com,效验可用,可达,200,https://www.diyitxt.com/#♤pb
🍑秋日蝉鸣🍑,"第三队,校验超时",可达,200,https://www.ztgauntong.com
🍑腐小说2🍑(作者abyssesml),【🈵♥🈵💯】231123千组1,可达,200,http://www.fuxs2.cc/
🍒69书吧,,可达,200,https://www.69shuba.cc
🍒小说虎,月月书源,可达,206,https://www.xshbook.com/
🍒我的书城,"🍒30,🍋🍋🍋🍋🍋🍋,搜索失效",可达,206,https://m.xwdsc.com/##@鱼网站关闭搜索
🍒我的书城,"﹅ ♞ 普通,搜索失效",可达,206,https://m.xwdsc.com/##@鱼
🍒新书本网,22,可达,206,http://www.xbookben.org
🍙 NovelsEmperor,English,可达,206,https://novelsemperor.net
🍙PO52（新）,js失效,可达,200,https://www7.52mypost.com/
🍩丝路小说网[自写/码],,可达,200,https://www.siluxs.org/
🍩免费小说[自写],,可达,206,https://www.cxysb.com/
🍩娓雅评书网[自写],,可达,200,http://www.wpingshu.com
🍩娓雅评书网[自写],,可达,200,http://www.wpingshu.com##xsw8093
🍹五本书,4月2号静白,可达,200,https://m.wubenshu.com
🍺  追哟文学,🍺 特优,可达,200,https://www.zhuiyoxs.com
🍺 QQ浏览器,🍺 特优,可达,200,https://so.html5.qq.com/
🍺 一品侠3.0,🍺 特优,可达,200,https://www.yipinxia.co
🍺 中文书城,🍺 特优,可达,200,https://shenma.cread.com/
🍺 全本小说 quanben-xiaoshuo.com,🍺 特优,可达,200,https://quanben-xiaoshuo.com
🍺 八一中文8zwdu.com,🍺特优,可达,200,https://www.8zwdu.com
🍺 八八读书网,🍺特优,可达,200,http://www.88dushuw.com
🍺 八零小说,🍺 特优,可达,200,http://www.80zw.la
🍺 原创阅读,"【❌❌】搜索失-效,搜索失效",可达,200,https://www.ycydu.com
🍺 哔哩轻小说,🍺 特优,可达,200,https://bilinovel.com
🍺 夜读阁,🍺 特优,可达,200,https://www.yeduge.com
🍺 天天,🍺特优,可达,200,https://www.ttxs789.com
🍺 完本神站,🍺 特优,可达,206,https://m.xiaoshuowanben.com
🍺 宝书网,已检,可达,200,https://m.baoshuu.com
🍺 小书亭,🍺 特优,可达,200,http://m.xiaoshuting.org/
🍺 手机小说,🍺 特优,可达,200,https://m.shoujixs.com/
🍺 格格党 alshuan.com,🍺 特优,可达,200,https://www.alshuan.com/
🍺 燃文小说,🍺 特优,可达,200,https://m.774buy.cc/
🍺 燃文小说 ranwena.com,🍺 特优,可达,200,https://m.ranwena.com
🍺 爱下电子书,🍺 特优,可达,200,https://ixdzs8.com
🍺 爱久久小说,🍺 特优,可达,200,https://www.ijjjjxsw.com
🍺 爱书吧,🍺 特优,可达,200,https://2shu8.net
🍺 爱去小说,🍺 特优,可达,206,https://www.aiqu121.com
🍺 番茄小说 fqxs123.com,🍺 特优,可达,200,https://m.fqxs123.com
🍺 知轩藏书 zxcs.info,🍺 特优,可达,200,https://www.zxcs.info
🍺 石头阅读,🍺 特优,可达,200,https://www.stoneread.com
🍺 种田文小说,🍺 特优,可达,200,https://m.zhongtianwen.cn
🍺 笔下文学 m.116xs.com,🍺 特优,可达,200,https://m.116xs.com
🍺 笔趣谷,🍺特优,可达,200,http://biqugu.net
🍺 笔趣阁 22biqu.com,🍺 特优,可达,206,https://www.22biqu.com
🍺 笔趣阁 biquge8.xyz,🍺 特优,可达,200,https://www.biquge8.xyz
🍺 话本小说 qxbbt.com,🍺 特优,可达,200,https://m.qxbbt.com/
🍺 读一读,🍺特优,可达,200,http://m.duyidu.net
🍺 零点砍树,🍺 特优,可达,200,https://www.hujuge.com
🍺 顶点小说 terry-haass.com,🍺 特优,可达,200,https://m.terry-haass.com
🍺 飘天文学 piaotian.net,🍺 特优,可达,200,https://www.piaotian.net/
🎃猫眼看书,,可达,200,http://api.lemiyigou.com#🎃
🎃猫眼看书,123,可达,200,http://api.jmlldsc.com#🎃
🎃第一版主🎃#10,,可达,200,http://i.12bz.net#🎃
🎇 WTR-LAB,English,可达,200,https://wtr-lab.com
🎈 斗破小说[仅发现],🎈轻文,可达,200,https://www.doupobook.com
🎈旧时光 搜索有问题,,可达,200,http://www.lanrenyuhai.com/#kd11
🎈笔趣阁⑪⑥,笔趣阁,可达,200,https://www.kbwang.org/#pb1101
🎉 一乐阅读网,🎉 精选,可达,200,https://m.kfqwx.com
🎉 一乐阅读网,🎉 精选,可达,200,http://m.kfqwx.com
🎉 下书九九,"🎉 精选,搜索失效",可达,200,http://www.xiashu99.net
🎉 下书云网,🎉 精选,可达,206,https://m.xiashuyun.com
🎉 乐文小说网,"💊无搜,🎉精品",可达,200,https://www.xlwxsw.com
🎉 九库文学,,可达,200,https://m.9kus.com
🎉 九色书籍,🎉精品,可达,206,http://www.9sbook.com
🎉 书仓网,"﹅ ♛ 精品,发现正文失效,搜索失效",可达,200,https://m.shucang.cc
🎉 书仓网,"﹅ ♛ 精品,发现正文失效,搜索失效",可达,200,https://m.shucangxsw.com
🎉 优书网,"﹅ ♛ 精品,发现失效,搜索失效",可达,200,http://www.lysghj.com.cn
🎉 八零小说,🎉 精选,可达,200,http://www.80zw.info
🎉 八零小说,🎉 精选,可达,200,https://www.80xs.info
🎉 博看小说,🎉 精选,可达,200,https://m.kchao.net
🎉 博看小说[码],【小说 书源】,可达,200,https://m.bokanx.com
🎉 古古小说,🎉 精选,可达,200,http://www.gugu5.cc
🎉 吉星小说,🎉 精选,可达,200,https://m.jxgxlc.com
🎉 品书小说,🎉 精选,可达,200,https://m.vodtw.xyz
🎉 品书小说,🎉 精选,可达,200,https://www.vodtw.com
🎉 多多书院,,可达,200,https://www.txtduo.org
🎉 多多书院,"🎉 精选,搜索失效",可达,200,http://m.txtduo.net
🎉 夜读侠,🎉精品,可达,200,http://www.ydx8.com
🎉 奇书小说,🎉精品,可达,200,http://www.qibookw.com
🎉 奇书小说,🎉精品,可达,200,http://m.qibookw.com
🎉 小说大全②,🎉精品,可达,200,https://m.xiaoshuodaquan.com
🎉 就爱谈[仅发现],🎉精品,可达,206,https://www.9itan.com
🎉 幻想姬网,直连,可达,206,https://www.huanxiangji.com/
🎉 思路客,🎉 精选,可达,200,http://www.siluke.us
🎉 断秋风,🎉 精选,可达,200,http://www.duanqiufeng.com
🎉 无图小说网,"🎉精品,发现失效,搜索失效",可达,200,https://www.wutuxs.com
🎉 无弹窗1,,可达,200,http://www.5tcxs.com
🎉 无影小说网,🎉精品,可达,200,https://www.seying.cc
🎉 晋江言情,"🎉1039,发现失效",可达,206,https://m.jjwxc.net##言情
🎉 望书阁网,,可达,200,http://wap.wangshugu.info
🎉 火灭小说,"🎉精品,发现失效,搜索失效",可达,200,https://www.huomiexsw.com
🎉 炫动小说,"🎉 精选,js失效",可达,200,https://www.tomcan.com
🎉 爱看书吧,"﹅ ♛ 精品,发现失效,搜索失效",可达,200,http://www.ikanshuba.com
🎉 百合小说,🎉 精选,可达,206,http://m.baihexsw.com
🎉 章鱼小说,3,可达,200,http://www.wlcbyuying.com
🎉 笔趣阁,🎉 精选,可达,200,https://m.muxtoo.com/
🎉 笔趣阁99,🎉 精选,可达,200,https://m.bq99.cc
🎉 笔趣阁Ｗ,🎉 精选,可达,200,http://www.biquge.website
🎉 第三中文网,"﹅ ♛ 精品,发现失效,搜索失效",可达,200,http://www.d3zww.com
🎉 红甘泉网,"YiOVE书源,🎉 精选",可达,200,http://www.hgq26.org
🎉 红甘泉网,🎉 精选,可达,206,http://m.hgqxs.com
🎉 红甘泉网,🎉 精选,可达,200,https://m.hgq26.com
🎉 耐看吧,"﹅ ♛ 精品,发现目录失效,搜索目录失效",可达,200,http://m.twotxt.com
🎉 茶仓中文,🎉精品,可达,200,http://m.chacangcn.com
🎉 菜皮小说,🎉 精选,可达,200,http://www.shukuai123.com
🎉 蜂毒小说,⁴☃晨光雨露᭄精品源,可达,200,http://api.sz456.com.cn
🎉 衍墨轩②,已检验,可达,200,http://www.ymoxuan.org#一介20.0831
🎉 起点小说,🎉 精选,可达,200,http://www.qdsunde.net
🎉 锦绣文学 #一程,"已校验,搜索失效",可达,200,http://m.qb5.co#yc1101
🎉 龙渊书屋,🎉 精选,可达,200,http://www.lysw1.com/
🎉58看书网①,🎉 精选 🎉,可达,200,https://www.kanshu58.cc/
🎉79中文网①,,可达,200,http://www.79zw.org/
🎉QQ阅读_By-[曦灵],正版,可达,200,https://ubook.reader.qq.com/  ##_By-[曦灵]
🎉一品小说网,,可达,200,http://www.yipinzongshi.com/
🎉三九中文网,🎉 精选 🎉,可达,200,https://www.999zw.net/
🎉九九书吧①,,可达,200,https://www.99shuba.com/
🎉书趣阁②,🎉 精选 🎉,可达,200,https://www.suquge.com/
🎉书迷楼⑤①,,可达,206,https://www.shumil.com/
🎉二九书屋①,,可达,200,https://www.29shuwu.com/
🎉千一小说①,,可达,200,http://www.qianyixs.com/
🎉咪咕阅读~a,"发现正文失效,﹅ ✾ 言耽,﹅ ♛ 精品,搜索正文失效",可达,200,http://wap.cmread.com
🎉品小说网③,,可达,200,http://www.epxs.cc/
🎉嘀嗒小说①,,可达,200,http://www.mt1988.com/
🎉图书迷小说,,可达,200,http://www.tushumi.com/
🎉大神吧小说,,可达,200,http://www.dashen88.com/
🎉大米小说,已检验,可达,200,https://www.damixs.com
🎉御书阁①①,,可达,200,http://www.yushuge.cc/
🎉恋上你看书,,可达,200,https://www.630shu.com/
🎉我的小说①,,可达,200,https://www.wodexs.com/
🎉无五小说①,,可达,200,http://www.55shuba.com/
🎉无限小说④,,可达,200,https://www.61xsww.com/
🎉易读小说①,,可达,200,https://www.350book.com/
🎉梦岛小说①,,可达,200,https://www.mdxs.com/
🎉求书阁小说,,可达,200,http://www.qiushuge.net/
🎉灵异中文网,,可达,200,https://www.01zw.com/
🎉番茄免费小说☃️💮,🍅番茄免费小说☃️,可达,200,https://fanqienovel.com
🎉碧云将暮①,,可达,200,http://www.biyunjiangmu.com/
"🎉神马小说api▼多源接口,自动换源","🎉1039,发现目录失效,搜索目录失效",可达,200,https://xiaoshuo.sm.cn
"🎉神马小说api▼多源接口,自动换源","🎉1039,发现目录失效,搜索目录失效",可达,200,https://xiaoshuo.sm.cn#温暖满怀
🎉秦墟小说①,,可达,206,https://www.qinxu.org/
🎉笔趣看②①,,可达,200,http://www.biqikan.com/
🎉第一中文网,,可达,200,http://www.dyzww.com/
🎉米读小说①,,可达,200,https://www.mdxs123.com/
🎉红莲相依①,,可达,200,https://www.hlxyxs.com/
🎉蓝海搜书,,可达,200,https://www.letsboox.com
🎉西西文学①,,可达,200,https://www.vv44.net/
🎉言情中文网,,可达,206,https://www.17zw.com/
🎉读趣阁小说,,可达,206,http://www.duquge.com/
🎉起源小说①,,可达,200,https://www.qiyuanxs.com/
🎋Lucifer🎋,,可达,206,http://slash.lucifer-club.com/
🎋W🎋,,可达,200,https://voidlord.com/
🎋云溪小说🎋,,可达,200,https://www.yunxibook.com/
🎋免费小说网🎋,校验超时,可达,200,https://www.mnv6.com/
🎋天翼文学🎋,,可达,200,https://m.tywxw.la/
🎋宝鼎小说网🎋,老司机,可达,200,http://m.bdhengchao.com/
🎋笔趣阁🎋,老司机,可达,200,https://www.biqugehxs.com/
🎋第一版主🎋,老司机,可达,200,http://www.kanhshu.com/
🎋腐小说🎋,,可达,200,http://m.fxshu.org/
🎋饭饭论坛🎋,,可达,200,https://bbs.fanfanq.com/##响海
🎒 夜伴书屋,,可达,206,https://www.ybswa.com
🎓白鹤看书(娱乐向),abysses,可达,206,http://www.ksbaihe.com
🎗️ 笔下看书,"1,3,5.26,js失效",可达,200,http://www.xbixia66.com/##尐哖
🎗️ 笔下看书,"1,3,5.26,js失效",可达,200,http://www.xbixia66.com/
🎟️久久漫画,"🎟️ 韩漫,✉️  漫画文学",可达,200,https://91mh.xyz
🎟️啵乐漫画,漫画,可达,200,https://mybl.xyz/
🎟️喵丰乐园,"🎟️ 免费,✉️  漫画文学",可达,200,https://www.maofly.com
🎟️好好漫画,漫画🎟️,可达,200,https://www.haohao25.com
🎟️橄榄树石,"🎟️ 免费,✉️  漫画文学",可达,200,https://www.g-lens.com/
🎟️香香腐宅,"🎨漫画,🚬刘备",可达,200,https://fuhouse.club/bl
🎧 有声听书,"发现目录失效,有声,搜索目录失效",可达,200,https://m.ysts8.net#一程
🎨 1359漫画 #Haxc1107,"漫画,发现失效,搜索失效",可达,200,https://www.bdido.com#Haxc1107
🎨 1359漫画 #Haxc1107,"漫画,发现失效,搜索失效",可达,200,https://www.bdido.com
🎨 2comic[繁|修],🗒 漫画,可达,200,https://x.twocomic.com#修
🎨 90漫画,🎨漫画,可达,200,http://m.90mh.com
🎨 ZERO搬运网,🎨 漫画,可达,200,http://www.zerobyw4090.com
🎨 一漫漫画,"🎨 C漫画,0-🏜️ 图片",可达,200,http://m.bx117.com
🎨 六漫画,"7.13,漫画",可达,206,http://www.sixmh7.com
🎨 卡推漫画📱,🎨漫画,可达,200,http://m.700mh.com
🎨 古风漫画,🎨漫画,可达,200,http://www.gufengmh9.com
🎨 咚漫 #Haxc,漫画,可达,200,https://m.dongmanmanhua.cn#♤Haxc
🎨 咚漫 #一程,漫画,可达,200,https://m.dongmanmanhua.cn#♤yc
🎨 咚漫📱,-------,可达,200,https://m.dongmanmanhua.cn#无效
🎨 大魔兔,🌟 漫画正经,可达,200,http://m.damotu.com#♤Haxc
🎨 开心茶馆漫画[仅发现],-------,可达,200,http://wuman.org#仅发现
🎨 武芊漫画,🎨 漫画,可达,206,https://comic.mkzcdn.com
🎨 漫客栈🅰,,可达,206,http://comic.mkzhan.com#Haxc1107
🎨 漫画戏说[修|仅发现],优选书源by沐云风,可达,200,https://comic.acgn.cc#仅发现
🎨 漫蛙,"全部来自论坛,网站失效",可达,200,https://manwass.cc/
🎨 漫蛙,🎨 漫画,可达,200,https://manwa.space
🎨 爱优漫,,可达,206,https://m.iyouman.com#Haxc1107
🎨 皮皮漫画,🎨 漫画,可达,206,https://www.ppmh.cc
🎨 知音漫客,🎨 漫画,可达,206,https://getcomicinfo-globalapi.zymk.cn
🎨 知音漫客🅰 #Haxc,漫画,可达,206,https://getcomicinfo-globalapi.zymk.cn#♤Haxc
🎨 绅士漫画,"🚀 VPN,🎨 漫画",可达,200,https://www.wnacg.com
🎨 腾讯漫画,🎨 漫画,可达,200,https://m.ac.qq.com
🎨 腾讯漫画,,可达,200,https://ac.qq.com#Haxc1107
🎨 韩漫吧,漫画,可达,200,https://m.hmba.vip
🎨 鬼罗丽,🎨漫画,可达,200,http://www.gll8.com
🎨 鬼萝莉漫画,🎨 漫画,可达,200,http://www.gllmh.com
🎨118漫画™📱,漫画,可达,200,http://m.ccshwy.com
🎨G站漫画,漫画,可达,200,https://cn.godamanga.com
🎨It's漫画,"全部来自论坛,网站失效",可达,200,https://itsacg.com
🎨Komiic漫画💓,"🍿 日常,🎊 常用,🎨 漫画",可达,200,https://komiic.com
🎨MOMIC,漫画,可达,200,https://momicacg.com
🎨ZERO搬运网💓,"🍿 日常,🎊 常用,🎨 漫画",可达,200,https://www.zerobyw.com
🎨✐ 咚漫 #Haxc1107,漫画,可达,200,https://m.dongmanmanhua.cn#Haxc1107
🎨久久漫画,🎨漫画,可达,206,http://99hanman.top/
🎨乐成漫画,全部来自论坛,可达,200,https://www.lcmhx.cc
🎨仙漫网,🎨漫画,可达,200,https://www.gaonaojin.com
🎨六漫画,漫画,可达,206,http://m.6mh66.com
🎨再漫画💓,"🍿 日常,🎊 常用,🎨 漫画",可达,206,https://www.zaimanhua.com
🎨动漫狂,,可达,200,https://www.cartoonmad.com
🎨古风漫画💓,"🍿 日常,🎊 常用,🎨 漫画",可达,200,https://www.gf618.com
🎨如漫画💓,"🍿 日常,🎊 常用,🎨 漫画",可达,200,https://www.rumanhua.com
🎨开心看漫画💞,"🔭 其他,🎊 常用,🎨 漫画",可达,200,http://kxkmh.top
🎨拷贝漫画💞,🎨漫画,可达,200,https://www.copymanga.site
🎨新新漫画-nl,🎨 漫画,可达,206,https://m.77mh.nl
🎨日韩漫画✈️,k,可达,206,https://www.rihanmh.cc
🎨梦游漫画,🎨 漫画,可达,206,https://www.mumumh.com
🎨梦游漫画💞,"🔭 其他,🎊 常用,🎨 漫画",可达,200,https://www.muahm.com
🎨漫客栈 #Haxc1107,🍉漫画,可达,206,https://www.mkzhan.com#Haxc1107
🎨漫画台💓,"🍿 日常,🎊 常用,🎨 漫画",可达,206,https://m.manhuatai.com
🎨漫画屋💞,"xh,校验超时",可达,200,https://www.mhua5.com
🎨漫画柜💞✈️,"🍿 日常,🎊 常用,🎨 漫画",可达,200,https://www.manhuagui.com
🎨漫蛙吧,,可达,200,https://www.manwaba.com
🎨漫蛙💞,漫画,可达,200,https://manwadd.cc
🎨热辣漫画💞,"🍿 日常,🎊 常用,🎨 漫画",可达,200,https://mapi.hotmangasd.com
🎨爱看漫画,🎨 漫画,可达,200,http://www.ikanmh.xyz/
🎨皮皮漫画💞,"🍿 日常,🎊 常用,🎨 漫画",可达,200,http://www.pipimanhua.net
🎨知音漫客🅰 #Haxc,漫画,可达,206,https://getcomicinfo-globalapi.zymk.cn#Haxc1107
🎨第一漫画网,"全部来自论坛,网站失效",可达,200,https://dmmtu.com
🎨第一韩漫💞,"🔭 其他,🎊 常用,🎨 漫画",可达,200,https://hm8.me
🎨绅士漫画,🎨 漫画,可达,200,https://www.hentaicomic.ru/##旅途
🎨肉漫屋💞,"🔭 其他,🎊 常用,🎨 漫画",可达,200,https://rouman5.com
🎨肉肉漫画,公众号：优源汇,可达,206,https://18rouman.org/
🎨腾讯漫画💰,"正版,漫画",可达,200,https://ac.qq.com
🎨读漫屋💓,🎨漫画,可达,200,https://www.dumanwu.com
🎨阿吧漫画💞,涩漫图,可达,200,https://www.abamh.com
🎨阿吧漫画💞,🎨 漫画,可达,200,https://www.p5mh.com
🎨韩国漫画,🎨 漫画,可达,206,https://www.hanguomanhua.me
🎨韩漫库K,🎨 漫画,可达,200,https://se8.us##killer
🎨香香腐宅💞,"🔭 其他,🎊 常用,🎨 漫画",可达,200,https://boylove.cc
🎨💯奇漫屋②,"🎨 普通,🎨 精选",可达,206,http://qiman51.com
🎫微白雪诗,¹▽置顶`ȏ´正版发现,可达,200,http://www.yueshuapp.com/app/app.html
🎬 影视大全,"影视,发现失效,搜索失效",可达,200,http://www.laibaike.com
🎶网易云音乐,音乐,可达,206,https://music.163.com
🎻轻菠萝包,轻小说,可达,200,https://book.sfacg.com##目录
🎼 5婶™,"发现失效,搜索正文失效,🎄🎄🎄🎄🎄🎄",可达,200,http://search.5sing.kugou.com
🏀 格格党②,"发现失效,搜索失效",可达,200,https://www.ggdownxs.co/
🏅 起点男频,精选,可达,200,https://m.qidian.com##男频
🏖️八五中文,E组,可达,200,https://www.85novel.com##@㏯
🏖️笔趣阁789,"发现正文失效,【】👾笔趣阁,【🈵♥🈵💯】231123千组1,搜索正文失效",可达,206,https://m.biquzw789.org##旅途
🏤ARCHIVE💓✈️,"🍿 日常,🏤 档案,🎊 常用",可达,200,https://archive.org
🏵豌豆小说,已检,可达,206,https://www.wandoou.info/
🏵顶点小说,📃论坛,可达,200,https://www.ysjsxcs.com/
🏵️爱丽丝书屋『移动屏蔽』,"【女频源】,优选女频,#已校验",可达,200,https://xn--qbvcde.alicesw8.icu/
🏷晋江文学[自定义发现],,可达,200,https://m.jjwxc.net/channel/#自定义
🏷晋江文学（个人自用）,2025,可达,200,https://m.jjwxc.net/channel/#修改版
🏷️ 随缘曦居,"🏷️论坛,🍊女频,🆔登录",可达,200,http://www.mtslash.me
🏷️ 露西弗城,"🏷️论坛,🍊女频,🆔登录",可达,200,https://www.lucifer-club.com
🏷️ 青花辞鱼,C组,可达,200,https://allcp.net
🏹怜见小说（已失联）,我的后宫,可达,206,http://www.lianjianxsw.com/
🐏趣书网.qubook.org,✨极速,可达,200,https://www.qubook.org/##Toshiko
🐑唐旋律心,"🐑 下载,✉️  网络文学",可达,206,https://m.tianxilang.com
🐑宝书小说,"🐑 分页,✉️  网络文学",可达,200,https://www.baoshuu.com
🐑山海雾歌,"🐑 普通,✉️  网络文学",可达,200,https://m.shg.tw
🐑风月浅酒,¹▽置顶`ȏ´正版发现,可达,200,https://www.fyq123.org/
🐣晋江标签,"¹▽置顶`ȏ´正版发现,⁶❀耽女︎ºั轻言",可达,200,http://www.jjwxc.net##标签
🐣爱丽丝书屋,r,可达,200,https://www.alicesw.com
🐣爱看漫画,-------,可达,200,https://hanguomanhua.xyz/##ʕ ᵔᴥᵔ ʔ喜静
🐣爱看漫画,"-------,0206⭐",可达,200,https://hanguomanhua.xyz/
🐣独阅读网,Tg:@sousuo234,可达,200,https://www.duread8.com##ʕ ᵔᴥᵔ ʔ喜静
🐣猫猫看书,"🐣 备用,✉️  网络文学",可达,200,https://www.maokanshu.com
🐣玫瑰言情,Tg:@sousuo234,可达,200,http://www.mgyqw.com##ʕ ᵔᴥᵔ ʔ喜静
🐣西瓜书屋,-------,可达,200,https://www.xiguasuwu.com/##ʕ ᵔᴥᵔ ʔ喜静
🐣起点男频,[1],可达,202,https://www.qidian.com##男频标签
🐣速读谷,-------,可达,200,https://www.sudugu.com/##ʕ ᵔᴥᵔ ʔ喜静
🐣零点小说,-------,可达,200,https://www.aiks87.com/##ʕ ᵔᴥᵔ ʔ喜静
🐬开源书源,🪷普通,可达,200,http://www.kenshuzw.net
🐳56听书网①,🐳 有声 🐳,可达,200,http://www.ting56.net/
🐾小说路上,"已校验10.21,搜索失效",可达,200,https://bd.xs63.vip
👌 123读书[尐哖],👌 常用,可达,200,https://m.123du.vip##@尐哖
👌 一米小说,👌 常用,可达,200,http://m.yimixs.cc
👌 爱去小说,👌 常用,可达,206,https://www.627txt.com##@尐哖
👌 笔趣阁#,👌 常用,可达,200,https://m.quge.cc##
👍 567中文,👍 优质,可达,206,http://www.xntk.org
👍 700笔趣,"-------,0206⭐",可达,200,https://m.biquge700.com
👍 九点小说,👍 优质,可达,206,http://m.jiudianxs.com
👍 吞噬小说,👍 优质,可达,200,https://m.tsxsw.net
👍 天籁小说①,⁴☃晨光雨露᭄精品源,可达,200,http://www.tlxs.com
👍 新搜读,👍 优质,可达,200,https://m.52sodu.com
👍 无图小说,👍 优质,可达,200,https://m.wutuxs.net
👍 明月中文[仅发现],"👍优质,发现失效,搜索目录失效",可达,200,http://m.cyuedu.org
👍 欧巴小说,👍 优质,可达,200,https://m.58160.com
👍 武林中文①,"﹅ ♜ 优质,搜索失效",可达,200,https://www.50zw.com
👍 燃文小说①[仅发现],👍优质,可达,200,http://www.778buy.com
👍 西红柿小说,⁴☃晨光雨露᭄精品源,可达,200,http://m.fanqianxs.com
👍 言情中文,"发现失效,﹅ ✾ 言耽,﹅ ♜ 优质,搜索失效",可达,206,https://m.17zw.com
👍御书文学,"发现正文失效,【❌❌】搜索正文失-效,搜索失效",可达,202,https://www.ysfwxc.com
👍我的书城,"【❌❌】搜索正文失-效,搜索失效",可达,206,https://www.xwdsc.com
👍第一版主,已检验,可达,206,http://www.01bzvip3.cc
👑 话本小说,官方-7-17,可达,200,https://so.ihuaben.com
👑笔趣阁5200,"一般,发现正文失效",可达,200,http://m.biquge5200.cc/
👑第九中文网,🎓自制源,可达,206,m.dijiuben.com
👔 九七阅读,"【❌❌】搜索失-效,发现失效,搜索失效",可达,200,http://m.bokcms.com
👔 棉花糖网,👔 绅士,可达,200,https://www.baigujing001.com/
👔 疯情书库,👔 绅士,可达,200,https://www.aabook.xyz/
👔 疯情阅读,👔 绅士,可达,200,https://www.aaread.club/
👔 疯情阅读,🚀VPN,可达,200,https://aaread.club/
👔 醋溜儿网,👻 隐藏,可达,200,https://www.clewxx.com/
👔 静芮小说 由静白校验，如果搬运其他渠道可自行去除防伪,,可达,200,http://www.766665.com/
👙 九妖mh✈️,,可达,200,https://9y01.xyz/##详细分类
👙 九妖mh✈️,,可达,200,https://9y01.xyz/
💊 7017k小说,💊无搜,可达,200,https://m.7017k.com
💊 御书网,💊无搜,可达,200,https://www.yushubo.net
💊 御书网,💊无搜,可达,200,https://www.yushubo.cc
💊 红甘泉小说网,💊无搜,可达,200,http://www.hgq26.com
💊 翻书阁,💊无搜,可达,200,https://m.didi6.com
💊 翻书阁,💊无搜,可达,200,https://www.didi6.com
💊 花语女生网,💊无搜,可达,206,http://huayu.zongheng.com
💐 言情小说,👍 备用,可达,200,http://www.yqk.net
💐 言情小说,💐 女频,可达,200,https://www.yqk.net
💖妙味书屋,💖CandyMuj,可达,200,https://www.tangsanbooks.com
💗 101言情,💗 女频,可达,200,https://m.txt101.com
💗 玫瑰小说,💗 女频,可达,200,http://m.meiguixsw.com
💗 童话村,💗 女频,可达,200,http://www.babytoyhome.com
💗趣书网,精选,可达,200,https://www.iqushuwang.com/##@鱼
💠 格格党网,💠 综合,可达,200,https://m.51ggd.com
💠 爱奇小说,【小说1书源】,可达,200,http://www.ark-stock.com
💠 疯情书库,,可达,200,https://www.aabook.cyou
💠 白马楼网,🥵  特殊,可达,200,https://www.baimabook.com
💠 第一版主,"💠 其他,💠💠💠,版主",可达,206,https://www.7yydstxt226.com/
💠 第一版主,"💠 其他,💠💠💠",可达,206,https://6yydstxt178.com/
💠 第一版主,💠 其他,可达,200,http://www.tz659.com
💡 起点总榜,07.🍈🍈🍈,可达,202,https://www.qidian.com#未月十八小改
💥 飞速中文,"🚀 加速,🌸 免费",可达,200,https://m.feiazw.com
💦七一小说网,,可达,200,https://www.71du.com/
💦乐文小说⑤,💦 精品 💦,可达,206,https://www.lewen.cc/
💦五二小说网,,可达,200,https://www.yousheng8.com/
💦妙书斋小说,,可达,200,https://www.miaoshuzhai.net/
💦思路客文学,,可达,200,https://www.silukew.com/
💦无忧书库①,,可达,206,https://www.5usk.com/
💦无限小说网,,可达,200,https://www.97xiaoshuo.net/
💦欧巴小说网,💦 精品 💦,可达,200,https://www.58160.com/
💦爱看书①,💦 精品 💦,可达,206,https://www.aaaks.cc/
💦科源小说①,,可达,200,http://m.kybook.com/
💦笔趣说①①,,可达,200,https://www.biqushuo.com/
💦笔趣说②①,,可达,200,https://www.xsxs520.com/
💦笔迷楼小说,,可达,200,https://www.bimilou.com/
💦言情八小说,,可达,200,https://m.yanqing888.org/
💦追书网文学,,可达,200,https://www.zhuishu.com/
💫 超星图书#乃星714,⁷̶̥̥̥ॱଳ͘图书۶出版,可达,200,http://yz4.chaoxing.com#乃星714
💫偶然[尐哖],常用,可达,200,https://m.5xw.net##@尐哖
💫偶然[尐哖],🎄🎄🎄🎄🎄🎄,可达,200,https://m.bq0.net##@尐哖
💫偶然[尐哖],"🎄🎄🎄🎄🎄🎄,搜索失效",可达,200,https://m.or7.net##@尐哖
💫偶然中文[尐哖],"失效,💌验证码,搜索失效",可达,200,https://m.or77.net
💫偶然中文[尐哖],💌验证码,可达,200,https://m.or77.net##@尐哖
💫蓝海中文网[尐哖],💌验证码,可达,200,https://m.lanhaizw.com##@尐哖
💫蓝海中文网[尐哖],💌验证码,可达,200,https://m.lanhaizw.com
💫飞鸟中文[尐哖],"发现目录失效,【🈚🉐🈚】校验超-时,搜索失效",可达,200,https://m.fn9.net##@尐哖
💫飞鸟中文[尐哖],"发现目录失效,【🈚🉐🈚】校验超-时,搜索失效",可达,200,https://m.fn9.net
💬SoBook,"💬 下载,✉️  出版文学",可达,200,https://sobooks.cc/
💬Zlibrary,⁷̶̥̥̥ॱଳ͘图书۶出版,可达,202,https://zh.usa1lib.org/
💬书行天下,已检验,可达,200,https://www.sxpdf.com
💬超星图书,⁷̶̥̥̥ॱଳ͘图书۶出版,可达,200,http://yz4.chaoxing.com##发现
💮漫画屋,💮漫画,可达,200,https://www.manhw.com
💯一小说文学,,可达,200,https://www.exiaoshuo.com/
💯三三小说网,,可达,200,https://www.x33xs.com/
💯九桃小说②,💯 精品 💯,可达,206,https://www.9txs.cc/
💯书本网①①,,可达,200,http://www.bookben8.com/
💯书海阁小说,,可达,200,http://m.shg.tw/
💯云轩阁①①,,可达,200,https://www.yunxuange.com/
💯八戒中文网,,可达,200,http://www.biquka.com/
💯千千小说③,💯 精品 💯,可达,200,https://www.xqqxs8.com/
💯小说笔记②,,可达,200,http://m.kubij.cc/
💯小说酷笔记②,💯 精品 💯,可达,206,http://m.kubij.com/
💯御书网小说,,可达,200,https://www.yushubo.com/
💯微微中文网,,可达,200,http://www.viviyzw.com/
💯思路客文学,,可达,200,http://www.silukee.com/
💯手打吧小说,,可达,200,https://m.shouda88.com/
💯搜小说小说,,可达,200,https://m.soxs.cc/
💯文学迷小说,,可达,200,https://www.123wenxue.com/
💯斋书苑小说,,可达,200,https://www.xzhaishuyuan.com/
💯新八一中文,,可达,200,http://www.x81xzw.com/
💯新笔下文学,,可达,200,http://www.xbxwx.co/
💯翻书阁小说,,可达,200,http://www.fansg.com/
💯落秋中文②,💯 精品 💯,可达,200,https://m.luoqiu.cc/
💯衍墨轩小说,,可达,200,http://www.ymoxuan.org/
💯读一读小说,,可达,200,http://duyidu.net/
💰 初若文学,💰 正版,可达,200,https://m.ruochu.com
💰 安之原创,﹅ ㊣ 正版,可达,200,http://www.azycjd.com#一程
💰 寒武纪年2,﹅ ㊣ 正版,可达,200,https://www.hanwujinian.com##备用
💰 晋江app,"💰 正版,🍊 女频",可达,200,https://www.jjwxc.net#一程
💰 晋江文学[百合发现],"💰 正版,🍊 女频",可达,200,https://m.jjwxc.net/channel/#bh
💰 晋江文学[自定义发现],"💰 正版,🍊 女频",可达,200,https://m.jjwxc.net/channel/#token
💰 晋江文学app,"发现失效,💰 正版",可达,200,http://www.jjwxc.net#一程
💰 晋江详榜,✨极速,可达,206,https://m.jjwxc.net#未月十八二次排版
💰 次元姬,💰 正版,可达,206,https://api.hwnovel.com
💰 火文小说,💰 正版,可达,206,https://api.hwzww.com
💰 爱奇艺,"﹅ ㊣ 正版,搜索失效",可达,200,http://wenxue.iqiyi.com#一程
💰 起点中文 男榜,"﹅ ㊣ 正版,发现失效,搜索失效",可达,202,https://www.qidian.com#boy
💰 起点总榜,正版,可达,202,http://www.qidian.com#一程edit
💰 起点总榜,"正版,0206⭐",可达,202,http://www.qidian.com
💰 起点🔸阅读,💰 正版,可达,202,https://www.qidian.com#未月十八改
💰 连城读书,"失效,js失效,收集出处：源论坛 4月29号",可达,206,https://lcread.com
💰 酷匠,,可达,206,https://app.kujiang.com
💰 黑岩阅读,﹅ ㊣ 正版,可达,200,https://www.heiyan.com#一程
💰TOPTOON顶通漫画-国际中文精选版🌵,⑹🎨  漫画,可达,200,https://18toptoon.org/
💰塔读网站,"🔍校验组0619,💰 正版",可达,200,https://www.tadu.com/##正版-最新破解
💰宜搜,-------,可达,200,https://api.ieasou.com##@
💰寒武纪年,𐄚📖 小说常用,可达,200,https://www.hanwujinian.com##@
💰恋小说,💸正版,可达,200,http://www.lianxiaoshuo.com/
💰爱奇艺漫画,,可达,200,https://www.iqiyi.com/manhua#Haxc1107
💰起点·发现,"发现失效,搜索失效",可达,202,https://www.qidian.com#6
💰起点·发现,01.🌯🌯🌯,可达,202,https://www.qidian.com#3
💰起点中文,¹▽置顶`ȏ´正版发现,可达,202,https://www.qidian.com#5
💳起点🔹❹🔖🌱,-------,可达,202,https://www.qidian.com#namo-bl
💳起点🔻❷📊⁺📑⁺🔖〽️🌱,01.🌯🌯🌯,可达,202,https://www.qidian.com#□namo-g
💳飞卢小说,,可达,206,https://b.faloo.com#温暖满怀
💵 6月小说,💵 正版,可达,200,https://www.6yxs.com
💵 POPO,"💵正版,🍊女频,🆔登录,🚬刘备,🚀VPN",可达,200,https://www.popo.tw##
💵 书香云集,"💵正版,发现失效,搜索失效",可达,200,http://www.sxyj.net
💵 咪咕阅读,💵 正版,可达,200,https://wap.cmread.com
💵 寒武纪年,💵 正版,可达,200,https://www.hanwujinian.com
💵 晋江文学城Android,💵 正版,可达,200,https://m.jjwxc.net/channel/
💵 有毒小说,💵 正版,可达,200,https://www.youdubook.com
💵 起点中文,"【❌❌】搜索失-效,发现失效,搜索失效",可达,202,https://www.qidian.com/##
💵 起点中文网,05.🍆🍆🍆,可达,202,https://www.qidian.com##time
💵 起点总榜,"﹅ ㊣ 正版,发现失效,搜索失效",可达,202,https://www.qidian.com#总榜
💵 起点榜单,¹▽置顶`ȏ´正版发现,可达,202,http://www.qidian.com 🎈
💵 超星图书·出版,💵 正版,可达,200,https://yz4.chaoxing.com
📀平板小说网,,可达,200,http://wap.qiuyelou.com##旅途
📃69中文网②,,可达,200,https://m.69zw.com
📃999书吧,1,可达,200,http://www.999shuba.com
📃嘉善潼南,"发现失效,[小说源],搜索失效",可达,200,https://kuaiapi.jiaston.com/##发现
📃悠悠书盟,,可达,206,https://www.uutxt.com
📃海盗听书,,可达,200,https://www.tingxiaoshuo.cc/
📃笔下乐,"[小说源],搜索失效",可达,200,https://m.bixiale.com
📃起点中文,07.🍈🍈🍈,可达,202,https://www.qidian.com##自用
📄 推书君▪书评▪标签A💙➖➖➖,"发现失效,﹅ 通用书源▪︎玄奇,搜索失效",可达,200,https://www.tuishujun.com/#A
📄 推书君▪书评▪标签A💙➖➖➖,"发现失效,﹅ 通用书源▪︎玄奇,搜索失效",可达,200,https://www.tuishujun.com/
📄 推书君▪书评▪标签B💙➖➖➖,"发现失效,﹅ 通用书源▪︎玄奇,搜索失效",可达,200,https://www.tuishujun.com/#B
📄 推书君▪书评▪标签D💙➖➖➖,"发现失效,﹅ 通用书源▪︎玄奇,搜索失效",可达,200,https://www.tuishujun.com/#D
📄 推书君▪书评▪标签E💙➖➖➖,"发现失效,﹅ 通用书源▪︎玄奇,搜索失效",可达,200,https://www.tuishujun.com/#E
📄若初文学,,可达,200,http://www.ruochu.com#yc1101
📓腐小说,⁶❀耽女︎ºั轻言,可达,200,http://www.fxsw.org/
📖 123文学,📖 小说,可达,206,http://m.123wgk.com/
📖 书66网,📖 小说,可达,200,https://m.book66.org/
📖 书书屋网,📖 小说,可达,200,http://www.shushuwu123.net/
📖 仙女库网,📖 小说,可达,200,http://m.xiannvku.cc/
📖 头文字网,📖 小说,可达,200,https://www.touwz.com/
📖 小说天堂,"测试组,📖 小说,第二次精校遗留",可达,200,http://www.xsgod.com
📖 小说路上,📖 小说,可达,200,https://www.xs63.biz/
📖 林书屋网,"测试组,📖 小说,@念丶无 残留,第二次精校遗留",可达,206,http://www.linshuwu.com
📖 爱奇书屋,📖 小说,可达,200,https://www.a745.xyz/
📖 珍藏小说,📖 小说,可达,206,https://www.zcxxc.com/
📖 盐选书阁,📖 小说,可达,200,https://yx.cbge.top/
📖 笔趣阁,📖 小说,可达,200,https://www.bq7.cc/
📖 笔趣阁,📖 小说,可达,200,https://www.bqg42.cc/
📖 笔趣阁网,🤖 验证,可达,200,https://www.xxbqg5200.com/
📖 笔趣阁网,📖 小说,可达,206,https://www.1biqug.net/
📖 笔趣阁网,📖 小说,可达,200,https://www.1biquge.com/
📖 言情小说,📖 小说,可达,200,https://m.fmias.com/
📖 趣书小说,🚀 加速,可达,200,https://www.qubook.cc/
📖 零点看书,📖 小说,可达,200,http://www.xxdcjt.com
📖 顶点小说,🤖 验证,可达,200,https://www.118book.com/
📖 顶点小说,"【❌❌】网站失-效,搜索失效",可达,200,https://www.xindingdianxsw.com/
📖 马虎小说,📖 小说,可达,200,http://www.mahuxs.com/
📖POPO✈️,"③📖  论坛,㊣✈️ 挂梯",可达,200,https://www.popo.tw
📖乐文小说,⑸🔰  优质,可达,200,http://m.gugu123.com/
📖六六文学,免费,可达,200,http://www.66wx.org/
📖哔哩轻小说,轻文,可达,200,https://www.bilinovel.com#yolo
📖夜读库@任尚仁,⑤🛍︎  小说,可达,200,https://m.yedukuxs.net/
📖小红书,,可达,200,https://www.xxxhongshu.com/
📖御书屋③,,可达,200,https://m.yushuwu.uk/💝
📖御书屋④,,可达,200,https://m.3322t.com/💝
📖掌阅小说,龙珠API,可达,206,https://ah2.zhangyue.com
📖搜书网@任尚仁,-------,可达,200,https://www.soshuw.net
📖新御书屋①,,可达,200,https://m.yy228.com/💝
📖新龙小说,,可达,200,https://www.niuloong.com
📖版主123,,可达,200,http://m.dybz123.com
📖百合会（漫画）,③📖  论坛,可达,200,https://www.yamibo.com
📖第一版主⑥,,可达,200,https://m.xdybz.com/💝
📖米国度,③📖  论坛,可达,200,https://www.myrics.com
📚 17K小说,"正版,0206⭐",可达,200,https://www.17k.com/
📚 一品猫🔖,🗂 聚合,可达,200,http://www.ypmao.com
📚 中文书城,📚 正版,可达,200,http://m.cread.com
📚 六九书吧,👍 备用,可达,200,https://m.69shu.net
📚 古诗文网🔖,🗂 聚合,可达,200,https://m.gushiwen.org
📚 塔读细分,📚 正版,可达,206,http://123.56.101.109/
📚 天涯书库,📚 出版,可达,200,https://www.tianyashuku.com
📚 文学馆,"📚出版,发现失效,搜索失效",可达,206,https://m.wxgbiqu.com
📚 文章阅读,📚出版,可达,200,http://m.duwenzhang.com
📚 有度中文,📚出版,可达,200,http://www.yodu.org
📚 有毒小说,"📚 正版,网站失效",可达,200,https://pre-api.youdubook.com/
📚 欢乐书客,"js失效,📚 正版",可达,200,https://sk.hbooker.com/
📚 红叶书斋,👍 备用,可达,200,https://m.hongyebookzhai.com
📚 肉色屋网,-------,可达,200,https://www.rousewu.in
📚 菁华茗书,📚 出版,可达,200,https://www.jhmsg.cn
📚 西方奇幻,"📚 正版（Tg敏感资源库
https://t.me/+Gk4E1u5cvaxhYTY1）",可达,200,https://www.westnovel.com
📚 言情书库,校验可用,可达,206,https://wap.yqshuku.com
📚 逐浪小说,"【❌❌】搜索目录失-效,搜索目录失效",可达,200,http://www.zhulang.com
📚 雅谷中文,"校验可用,校验超时",可达,200,http://www.eyagu.com/
📚豆瓣阅读,⑦📚  出版,可达,200,https://read.douban.com
📚起点中文·书架➕起点加入书架-阅读登录-全部加入书架-起点书架前100本书移动到其他分组-重复就可以全部加入书架-换源QQ浏览器>换其他源,柳树,可达,200,https://m.qidian.com#我的书架
📚起点中文·书荒➕一个月内更新完本,柳树,可达,202,https://www.qidian.com#柳树
📚鬼书集,🪐出版,可达,200,https://www.guishuji.cc
📜 晋江,"shidahuilang书源 🔥,0206⭐",可达,200,http://app.jjwxc.org
📜五六文学网,[1],可达,200,https://www.56ms.cc
📜博看小说[abyssesml],"﹅ ♞ 普通,发现失效,搜索失效",可达,200,https://www.kchao.net
📜来也小说🔸⚧,"1,发现失效,5.24,搜索失效",可达,200,https://m.xs880.xyz/##@遇知
📜爱奇书屋🔸⚧,📜,可达,200,https://www.a745.xyz/##@遇知
📝铅笔小说[自写],,可达,200,https://www.23qb.com/#📝
📡 35小说网,"📡,搜索失效",可达,200,http://m.iswwx.com
📡 No.1版主,"📡发现,发现失效,🚬刘备,搜索失效",可达,206,http://www.diyibanzhuvip7.xyz
📡 关枫晚池,发现,可达,200,http://gaofuwu.com
📥 南瓜电影,👍 备用,可达,200,https://www.nanguady.cc
📥 古龙武侠,📥 综合,可达,206,http://m.gulongbbs.com
📥 知乎日报,,可达,200,https://daily.zhihu.com
📥书香门第,⑥📥  下载,可达,200,http://www.txtnovel.vip
📦 书本网站,📦 综合,可达,200,https://m.shubenw.com
📦 千千小说,📦 综合,可达,200,https://www.qqxs.la
📰 鄱阳镇庭,"📰 成年（Tg敏感资源库
https://t.me/+Gk4E1u5cvaxhYTY1）",可达,200,https://www.pyzht.com#🎃
📺第一动漫网,收集方：源论坛 4月25号,可达,206,https://www.1dm5.cc/
📻 5SING2,📻有声电台,可达,206,http://5sing.kugou.com#芜恙
📻 五六听书,💠 综合,可达,200,https://www.ting56.cc
📻 全民听书,有声,可达,200,https://www.qmtsw.com
📻 听书阅读,有声,可达,200,https://www.tingshuw.com
📻 听神马,有声,可达,200,https://m.tingsm.com/
📻 唯爱听书,📻 听书,可达,200,http://www.ting299.com/
📻 悦听吧,全部来自论坛,可达,200,http://www.yuetingba.cn/##yz
📻 悦听吧,"1,。",可达,200,http://www.yuetingba.cn/##
📻 懒人听书,📻 有声,可达,200,https://www.lrts.me
📻 易听书网,"发现失效,【❌❌】搜索正文失-效,【】👂有声,搜索失效",可达,200,https://www.etingshu.com/
📻 海盗听书,📻 有声,可达,206,http://www.tings8.com
📻 网易音乐,📻 有声,可达,206,http://music.163.com
📻 酷我听书,"1,。",可达,200,http://tingshu.kuwo.cn##
📻 麒麟听书,📻有声,可达,200,https://www.70ts.cc
🔎 推书君▪书评▪标签C💙➖➖➖,"发现失效,搜索失效",可达,200,https://www.tuishujun.com/#C
🔒 阅读书屋,AAAAA新,可达,200,https://m.zhequ7.com/##@尐哖
🔖101小说网,"发现失效,其他,搜索失效",可达,200,https://www.gq101.com/
🔖下书网,微筛选,可达,206,https://www.shutxt.com
🔖全本小说②,"5.26,发现失效,搜索失效",可达,200,https://m.qb5.tw
🔖心跳书城,"测试组,测试1,神",可达,200,http://gaohbook.net
🔖爱下文学,④🔖  备用,可达,200,http://www.aixiawx.com
🔖红袖添香 ①,女频,可达,200,https://m.hongxiu.com
🔖🔖🔖E小说,已检,可达,200,http://s.wnxsw.com/
🔥 福书网,小说,可达,206,https://www.fushucun.com
🔥 肉书屋🈲,🈲自己,可达,200,https://www.roushuwu7.com
🔥4KUP⚠️看注释,"🧜‍♀️,自制",可达,200,https://www.4kup.net/
🔥All Asian Girls-图库,③🚫  禁验,可达,200,https://allasiangirls.net/
🔥HotAsiaGirl⚠️看注释,涩漫图,可达,200,https://hotgirl.asia/
🔥XIUREN,"发现失效,111最新校验成功,搜索失效",可达,200,https://xiuren.biz/
🔥秀人美女网｜精品,"🧜‍♀️,自制",可达,200,https://www.jpmnb.net/
🔥脚フェチGallery-目录化⚠️看注释,"🧜‍♀️,自制",可达,200,https://legs.a-hadaka.jp/
🔥🚀Everia.Club⚠️看注释,"🧜‍♀️,自制",可达,200,https://everia.club/
🔥🚀Hotgirl,"🧜‍♀️,自制",可达,200,https://hotgirl.biz/
🔰 69书吧,🔰 普通,可达,200,https://m.69sb.cc
🔰 7wav,🔰 普通,可达,200,https://www.7wav.com
🔰 91版主,👍 备用,可达,200,http://m.91banzhu.store/book/index.html
🔰 PO文学,🔰 普通,可达,200,https://m.powenxue15.com
🔰 PO文学,🔰 普通,可达,200,https://m.powenxue2.com
🔰 上书阁网,🔰 普通,可达,200,http://www.zmwlcm.com/
🔰 乐乐小说,🔰 普通,可达,200,https://www.360lele.cc
🔰 八零电子书,🔰 普通,可达,200,https://www.80637.com/
🔰 六三文学,【小说2书源】,可达,200,https://www.hyrhjs.com
🔰 博趣中文,🔰 普通,可达,200,https://m.etao1.com/
🔰 古诗词网,"已校验,0206⭐",可达,206,https://m.gushici.net
🔰 吾爱文学,"🔍校验组0619,📙大众书",可达,200,https://wap.6s6s.net
🔰 塔读榜单,👀小说,可达,200,https://www.tadu.com##榜单
🔰 夜读小说/小说77,"③🚫  禁验,⑺📚  普通",可达,200,https://mfirst.yeduxiaoshuoo.com
🔰 太子爷,,可达,200,http://www.tzy2.com
🔰 御书屋,🔰 普通,可达,200,https://m.wmp8.com/💝
🔰 御书屋,🔰 普通,可达,200,https://m.eyushuwu.com/💝
🔰 御书屋,🔰 普通,可达,200,https://www.eyushuwu.com/💝
🔰 放肆文学,🔰普通,可达,200,https://funs.me
🔰 新ak小说网,小说,可达,200,https://xakxsw.com
🔰 新优书网,🔰 普通,可达,200,https://www.youshu.me
🔰 新御书屋,🔰 普通,可达,200,https://www.xyushuwu7.com
🔰 晋江文学②,👀小说,可达,200,https://www.jjwxc.net/##web端发现
🔰 烈火中文🈲,🈲自己,可达,200,https://m.liehuozw.com
🔰 爱下书,搜索失效,可达,200,https://www.aixiaxs.net
🔰 爱去下载,🔰 普通,可达,206,https://www.aiqu321.com/
🔰 爱好中文,🔰 普通,可达,200,https://m.ahzwx.com
🔰 爱微阅读,🔰 普通,可达,200,https://m.2vdu.com/
🔰 白马楼小说,🔰 普通,可达,200,https://www.baimabook.net
🔰 百草堂文学,🔰 普通,可达,200,https://www.bctshu.com
🔰 看书小说网,【小说2书源】,可达,200,http://wap.kanshull.com
🔰 看的书,🔰 普通,可达,200,https://www.rourouwu18.com
🔰 笔趣阁,"4,。",可达,200,https://m.bqg42.cc
🔰 笔趣阁,🔰 普通,可达,200,https://m.bqg122.com
🔰 笔趣阁220,"js失效,【小说1书源】",可达,200,https://m.bqg220.com##
🔰 笔趣阁220##class-com,【小说 书源】,可达,200,https://m.bqg220.com
🔰 笔趣阁³,✨,可达,200,https://www.biquge365.net
🔰 第一版主,🔰 普通,可达,200,https://www.22yydstxt178.com/
🔰 米读小说,🔰 普通,可达,200,https://api.midureader.com/
🔰 腰果树,🔰 普通,可达,200,https://www.yaoguoshu.com
🔰 豆花文学,👀小说,可达,200,https://m.douhuawenxue.com
🔰 起点分类,👀小说,可达,202,https://www.qidian.com##分类
🔰 跑车小说网,🔰 普通,可达,200,http://www.pc7043.com
🔰 铅笔小说,🔰 普通,可达,200,https://m.x23qb.com
🔰 顶点小说,,可达,200,http://api.anwaben.com
🔰 飞速中文,,可达,200,https://www.feixs.com#一程
🔰19文学网,🔰 一般 🔰,可达,200,http://www.19wxw.com/
🔰息壤中文,正版,可达,206,https://www.xrzww.com
🔰雨露书屋,🔰 一般 🔰,可达,200,https://www.yulusw.com/
🔰零点小说,🔰 一般 🔰,可达,200,https://www.lingdixs.com/
🔱笔趣阁Ⓐ.评分,已检验,可达,200,https://kuaiapi.jiaston.com/#🌱
🔷 笔趣阁,✨极速,可达,200,https://www.biquge.city
🔹 言情小说,"﹅ ✾ 言耽,搜书,搜索失效",可达,200,http://m.cpxpsp.com.cn
🖤♂㊣ 起点男生,📖 小说,可达,202,https://www.qidian.com#namo-bl0
🖤♛追哟文学w md #破冰,"﹅ ㊦ 下载,﹅ ♛ 精品,搜索失效",可达,200,https://www.zhuiyo.com/#md-pb1101
🖤♜值得阅读▪︎女生▪︎API✘  by.机,已检验,可达,200,https://s.xcfcch.com#md-ji1201bg
🖤♜值得阅读▪︎男生▪︎API✘  by.机,¹▽置顶`ȏ´正版发现,可达,200,https://s.xcfcch.com#md-ji1201bb
🗂🎨全韩漫🚩,🎨 漫画,可达,200,http://freexcomic.com
🗂🙈九妖漫画🚩,🎨 漫画,可达,206,https://91mh01.xyz/
🗂🙈韩国漫画🚩,"发现失效,【】⛺漫画,【❌❌】搜索失-效,搜索失效",可达,200,https://www.migumh.com/
🗒 多漫吧网,漫画,可达,206,http://js.gushicibar.cn
🗒 速漫库网,漫画,可达,200,http://www.sumanku.com/
🗒️ 品如漫画,"🗒 漫画（Tg敏感资源库
https://t.me/+Gk4E1u5cvaxhYTY1）",可达,200,https://m.rumanhua.com
🗨️哔哩轻文,📖轻小说,可达,200,https://w.linovelib.com##发现排版及目录分卷
🗨️欢乐书客,"🗨️ 轻文,✉️  日轻文学",可达,200,https://app.hbooker.com##轻
🗨️群星水辞,"🗨️ 轻文,✉️  日轻文学",可达,200,http://www.qinxiaoshuo.com
🙈紫云宫ᵃ,🙈刘备,可达,200,https://www.ziyungong.cc
🙈蓝海搜书ᵃ,🙈刘备,可达,200,https://www.lanlanbo.com
🙈要福利,🙈刘备,可达,200,https://1fuli.one
🙏🙏🙏少发现🙏🙏笔趣阁ai🙏,🈲自己,可达,200,https://m.biquai.cc
🚀 一起色,🚀 VPN,可达,206,http://www.s5217.net
🚀 小说家,🚀 VPN,可达,200,http://syosetu.com
🚀 武侠世界,🚀 VPN,可达,200,https://wuxiaworld.site
🚩 松泰书院[尐哖][码],"发现目录失效,🚩 弹窗,搜索失效",可达,200,https://m.hnsongtai.com##@尐哖
🚩 松泰书院[尐哖][码],"发现目录失效,🚩 弹窗,搜索失效",可达,200,https://m.hnsongtai.com
🚬 18书库,🚬 特殊,可达,200,https://www.18shuku.com
🚬 18小说,🚬刘备,可达,200,https://www.kyankanshu.com
🚬 592书库,"🚬刘备,💊无搜",可达,200,http://m.592shuku.com
🚬 AK小说,🚬刘备,可达,206,http://m.akjujia.com
🚬 NOoneBZ,"🚬刘备,💊无搜",可达,200,http://www.01bz9999.xyz
🚬 No.1bz,"🚬刘备,💊无搜",可达,206,http://www.diyibanzhu55.com
🚬 POPO原创,🚬 绅士,可达,200,http://popobl.com
🚬 久书网,"🚬刘备,💊无搜",可达,200,https://www.9shu.cc
🚬 乡村阅读-δ,BAD,可达,200,http://www.xcxs4.com
🚬 屌丝小说网,"🍊女频,🚬刘备,💊无搜,🚀VPN",可达,200,http://m.diaosixs.net
🚬 情豆书坊,"🚬刘备,🚀VPN",可达,206,https://m.qd9.net
🚬 我的书架,🚬 绅士,可达,200,http://www.wodeshujia.net/
🚬 挺好的,"🚬刘备,发现失效,搜索失效",可达,200,https://fegdad.com
🚬 新御书屋,"🍊女频,🚬刘备,🚀VPN",可达,200,https://m.xyushu5.com
🚬 易下书库,🚬刘备,可达,200,https://aabook.cc
🚬 月亮小说,"发现失效,🚬 刘备,搜索失效",可达,200,https://yueliang25.buzz
🚬 疯情书库,"🚬刘备,🎉精品",可达,200,https://www.aabook.cc
🚬 疯情书库,"🚬刘备,🚀VPN",可达,200,https://aabook.xyz
🚬 第3,"🚬刘备,💊无搜",可达,206,http://www.3diyibanzhu.xyz
🚬 第一版主,"🚬刘备,💊无搜",可达,200,http://www.01bz3333.xyz
🚬 第一版主,"🚬刘备,💊无搜",可达,200,http://www.bz3333.xyz
🚬 第一版主,"🚬刘备,发现失效,搜索失效",可达,206,http://www.banzhu555.xyz
🚬 第一版主77(๑>؂<๑）,"🚬刘备,💊无搜",可达,200,https://bz6666.xyz
🚬 第一版主us,"🚬刘备,💊无搜",可达,200,http://www.01bzw.us
🚬 第一版主①,"🚬刘备,💊无搜",可达,206,http://www.01bz8888.xyz
🚬 第一版主（书多）,"发现失效,🚬 刘备,搜索失效",可达,206,https://www.99yydstxt226.com/shuku/0-postdate-0-7.html
🚬 第一版主（移动网也可）,BAD,可达,206,http://www.dybz.fans
🚬 红袖招,"🍊女频,🚬刘备,🚀VPN",可达,200,https://hongxiuzhao.me
🚬 肉宅屋,"测试组,🚬 绅士,测试",可达,200,https://www.rouzhaiwu.com
🚬 肉肉书,"【❌❌】搜索失-效,发现失效,搜索失效",可达,200,https://wap.rouroushu.com
🚬 肉色屋,🚬 特殊,可达,200,https://m.rousewu.in
🚬 色小说,"🚬刘备,💊无搜",可达,200,https://www.sexiaoshuo8.com
🚬 闻香书吧,🚬刘备,可达,200,http://www.wxzhe.com
🚬 鲤鱼乡,"🚬刘备,🚀VPN",可达,200,http://m.bimo123.com
🚬肉肉屋,,可达,200,https://m.rourouwu10.com/
🚭 800小说🈲,🈲自己,可达,200,https://www.texasreadyblog.net
🚭 懒人小说,,可达,206,https://m.lrxs.org
🛍︎起点中文网,【正版小说 书源】,可达,202,https://www.qidian.com#namo6.10
🛍︎追书神器,,可达,206,https://www.zhuishushenqi.com
🛍︎香网小说,"【正版小说 书源】,发现失效,搜索失效",可达,206,http://m.xiang5.com
🛸追哟文学🌱⭐💢🔇,"☀晨光雨露💫精俢源💯,♻️️置顶🍹破防书源,网站,搜索失效",可达,200,https://www.zhuiyo.com#渊呀
🤽🏼‍♂️92k小说（图）（已失联）,我的后宫,可达,206,https://m.92k.tw/
🥝猕猴桃漫画,"自制,漫画",可达,200,https://www.mwwz.cc
🥥起点中文网,,可达,202,https://www.qidian.com/##电脑端
🥥起点标签,⌨💰正版,可达,202,https://www.qidian.com/##网页标签
🥥起点男频,⌨💰正版,可达,200,https://m.qidian.com##API
🧐QQ阅读api #机♨️,"发现目录失效,搜索目录失效",可达,200,https://h5.reader.qq.com#机42
🧐QQ阅读api▪︎女生▪︎by.机♨️,"发现目录失效,搜索目录失效",可达,200,https://h5.reader.qq.com#ji-mdg
🧐QQ阅读api▪︎男频 标签▪︎by.机♨️,"发现失效,搜索目录失效",可达,200,https://h5.reader.qq.com#ji1211a
🧐QQ阅读api▪︎男频 榜单▪︎by.机♨️,"发现目录失效,搜索目录失效",可达,200,https://h5.reader.qq.com#ji-a0
🧐QQ阅读api▪︎男频all▪︎by.机♨️,"发现目录失效,搜索目录失效",可达,200,https://h5.reader.qq.com#ji1211b
🧐♀㊣ 起点女生▪标签▪♨️,"﹅ ㊣ 正版,发现失效,搜索失效",可达,202,https://www.qidian.com#md0131tag2b
🧐♂㊣ 起点男生▪标签▪︎♨️,"﹅ ㊣ 正版,发现失效,搜索失效",可达,202,https://www.qidian.com#md0131tag1b
🧐九库书院♨️,"发现失效,搜索失效",可达,200,https://www.jiukusy.com
🧐免费小说◾️♨️,"发现失效,﹅ ♝ 优良,搜索失效",可达,200,https://api.wnreader.com/
🧐六月中文网💯,"﹅ ♛ 精品,搜索失效",可达,200,https://www.6yzw.com/
🧐好读小说♨️,﹅ ♝ 优良,可达,200,https://www.haoduxs.com/
🧐无限小说网① #破冰♨️,"发现失效,﹅ ♝ 优良,搜索失效",可达,200,https://www.97xiaoshuo.net/#♤pb
🧐武林中文① md #一程♨️,"﹅ ♝ 优良,搜索失效",可达,200,https://www.50zw.com#md-yc16
🧐武林小说,"﹅ ♝ 优良,搜索失效",可达,200,http://www.50xs.cc/
🧐灵异中文♨️,发现失效,可达,200,https://www.01zw.com/#♤pb
🧐蛋疼小说网♨️,"发现失效,﹅ ♝ 优良,搜索失效",可达,200,https://www.danteng123.com/
🧐超凡小说♨️,"发现失效,﹅ ♝ 优良,搜索失效",可达,200,https://www.chaofxs.com/
🧐飘天文学①♨️,"发现失效,﹅ ♝ 优良,搜索失效",可达,200,https://www.piaotian5.net/
🧐🐑饭饭论坛♨️,"发现失效,搜索失效",可达,200,https://bbs.fanfanq.com/
🧾E小说.PC,"☣️精选senhora,☣️。,☁️可用",可达,200,http://www.exiaoshuo.com
🪐禁书之家,🪐绅士,可达,206,https://www.jinshu8.top
🪔️ 书籍阁,[9.1双网校对],可达,200,http://www.shujige.cc/##@遇知
🪔️ 全本小说🔹xqb5,"𐄞📖 𐄙𐄙遇知,笔趣阁",可达,206,http://www.xqb5.org/##@遇知
🪔️ 搜书网,"1,3,5.26,搜索失效",可达,200,https://m.soshuw.net/##@遇知
🪔️ 格格党🔸nxjjs,【小说3书源】,可达,200,https://m.nxjjs.com/
🪔️ 格格党🔸nxjjs,,可达,200,https://m.nxjjs.com/##@遇知
🪔️菁华茗书阁,⚖️ 遇知,可达,200,https://www.jhmsg.cn/##@遇知
🪵 美亿言情,,可达,200,http://www.meiyi.org
QB男生,👍🏻 普通,域名解析失败,,DragonQuestQBall
●QB  qq总榜,📶 榜单 (自行启用）,域名解析失败,,DragonQuestQBqqzong
●QB.qd男生标签,已检验,域名解析失败,,DragonQuestQBqdbq1
●QB.qq女生标签,正版,域名解析失败,,DragonQuestQBqq2
●QB出版<qd♛,,域名解析失败,,DragonQuestQBall3
●QB女生<kd♛,,域名解析失败,,DragonQuestQBkd1
三书网,"修复优化,整理校验,自制,网页源",域名解析失败,,3sw
书山融合2.1(完全版),柳树,域名解析失败,,📚https://s1.shushan.xyz
有爱小说,小说 书源,域名解析失败,,UAA
松鹤阅读,-------,域名解析失败,,DQuestQBall#001
海湾/蓝海搜书,网站失效,域名解析失败,,hw/lhss
源社区出品-笔趣阁5200,,域名解析失败,,bqxs520
硬币女宝,小说 书源,域名解析失败,,DragonQuestQBqqnv
笔趣阁,2023.7.20效验,域名解析失败,,API-1#kd11
笔趣阁 API-2,已检验,域名解析失败,,API-2#kd11
笔趣阁-精,"自制,源仓库,网页源",域名解析失败,,https://http://m.niliuxs.net/
笔趣阁A27,"🎉️精选,笔趣阁,🍁 笔趣 🍁",域名解析失败,,API-2#
笔趣阁API,笔趣阁0905,域名解析失败,,API-1#渊呀edit
笔趣阁API,微筛选,域名解析失败,,API-1
起步新榜（优）,小说 书源,域名解析失败,,DragonQuestQBqqnb
锦绣文学,new,域名解析失败,,http://http://www.qb5.co//
🆗♛Quest QB qd女榜🌸♀,¹▽置顶`ȏ´正版发现,域名解析失败,,DQuestQBqd2
🆗♛Quest QB qd男榜💠♂,¹▽置顶`ȏ´正版发现,域名解析失败,,DQuestQBqd1
🌕松鹤阅读,,域名解析失败,,DQuestQBall
🎶QQ音乐,音乐,域名解析失败,,qq_music_tlyanyu
💵 起点完结,💵正版,域名解析失败,,DQuestQBqd
🔖UAA🔖融合,uaa,域名解析失败,,🔖UAA🔖
🔖UAA🔖融合,"js失效,全部来自论坛",域名解析失败,,🔖UAA🔖🔐
126书盟,"自制,源仓库,网页源",异常状态,503,http://www.126book.net
126文学网,"5.26,发现失效,搜索失效",异常状态,503,http://www.2itcn.com/
156中文网,综合,异常状态,503,http://m.156zw.net
2K小说,"💭💭💭💭💭💭,搜索失效",异常状态,503,http://www.2kxs.la/
2大熊猫文学🎃,,异常状态,301,https://www.dxmwx.org#🎃
4020,综合,异常状态,503,http://www.xwurexs.com
45中文v,源仓库,异常状态,503,http://v1.45zw.com/
517漫画517mh,💜漫画,异常状态,503,http://m.517mh.net
5200小说,综合,异常状态,521,https://www.5200.net
520漫画网,漫画🎟️,异常状态,503,http://m.kokomh.com
58小说,"💝 优质,希弥",异常状态,503,http://m.wbxsw.com/
7766小说,综合,异常状态,503,http://wap.qiliuwx.org
83小说网,,异常状态,521,http://www.83xs.com
86小说,,异常状态,503,http://www.txt86w.com
8文库,🏖️免费+,异常状态,521,https://www.8wenku.com/
9格格党,"整理校验,女频,源仓库,游客自用,自制,网页源",异常状态,503,http://m.9ggd.com/
A 99阅读,🗃️ 综合,异常状态,503,http://www.9920102.com/
ACGZC,轻小说,异常状态,503,http://www.acgzc.com
ESJ轻小说.cc(科学),📖轻文,异常状态,503,http://www.esjzone.cc1
E小说,,异常状态,503,http://www.eshu.cc
E绅士,4月2号静白,异常状态,302,https://exhentai.org
H 88读书网,,异常状态,521,https://www.x88dushu.com##Hz
H 88读书网,H,异常状态,521,https://www.x88dushu.com
IOS源阅读，千阅，读不舍手,融合,异常状态,503,http://vip.langge.cf:45800
L联盟小说,"发现失效,搜索失效",异常状态,503,http://www.llianmen.com##L联盟
QB男生readerqq,❤小说,异常状态,502,https://newopensearch.reader.qq.com
SHF笔趣阁,,异常状态,503,http://m.shfljx.com
TXT小说,综合,异常状态,503,http://www.ixiatxt.com
UAA·文学,学习资料,异常状态,503,wwwwww.uuuuuaaaaaaa.ccoomm
UC小说 一程,正版,异常状态,503,http://xiaoshuo.uc.cnyc
i尚漫,漫画🎟️,异常状态,503,http://3g.ishangman.com
k小说,,异常状态,503,http://api.k.com
md♛+新笔趣阁 ♜♜✘cookie,,异常状态,503,http://www.xbiquge.lacookie
yy小说网,"自制,源仓库,网页源",异常状态,503,http://www.yyyyab.com
Ⓜ️MX动漫,【影视 书源】,异常状态,503,http://www.mxdm9.com
○♛¹读一读c #一程  =duyidu.net,⁴☃晨光雨露᭄精品源,异常状态,503,http://du11du.com#♤yc
★大灰狼融合,✔,异常状态,503,http://20.langge.tk
"♕番茄小说(需要注册密钥QAQ,免费的)",番茄小说,异常状态,503,"http://api.fq.yesui.me:7748/
http://45.207.206.182:7748/
http://yesui.me:10005/
http://45.207.214.102:10005/"
♛¹NB'中文✘ #破冰,⁴☃晨光雨露᭄精品源,异常状态,503,http://www.nbw.la/#♤pb
♜ ✎笔趣阁③ #破冰 97ub.org跳转本站,"笔趣,﹅ ♜ 优质",异常状态,504,http://www.boquku.com/#pb1101
♜-七星阁 #破冰▼列表书少,"﹅ ♜ 优质,搜索失效",异常状态,521,https://www.qixinge.com/#pb1101
♜✎笔趣阁⑨,已检验,异常状态,503,http://www.bqgwu.com/#♤pb
♜✎笔趣阁⑨,已检验,异常状态,503,http://www.bqgwu.com/#pb1101
♜天天书吧,,异常状态,503,http://www.ttshuba.net/#pb1101
♝绿竹小说 #关耳,"发现失效,﹅ ♝ 优良,搜索失效",异常状态,503,http://www.lvzhuxs.com/#guaner
⚠️以歌小说,第四队,异常状态,503,http://xs.xiyige.cn
✐ 笔下文学漫画 #Haxc,"漫画,发现失效,搜索失效",异常状态,503,http://open.bxzwapp.com#♤Haxc
✐ 笔下文学漫画 #Haxc1107,"漫画,发现失效,搜索失效",异常状态,503,http://open.bxzwapp.com#Haxc1107
✐ 笔下文学漫画 #Haxc1107,"漫画,发现失效,搜索失效",异常状态,503,http://open.bxzwapp.com
✨思路客🎉📱,✨ 精品 ✨,异常状态,503,http://m.siluke.us/
✨无奈小说,1005个,异常状态,502,https://m.wnisr.com##@
✨衍墨轩🎉📱,已检验,异常状态,503,http://m.yanmoxuan.net/
✨读一读🎉📱,⁶❀耽女︎ºั轻言,异常状态,503,http://m.du11du.com/
⭐番茄小说,常用,异常状态,503,http://api.api-fanqienovel.sunianyun.live
⭐番茄小说(苏念番茄Web共享API),"番茄,番茄小说",异常状态,503,http://reading.api-fanqienovel.sunianyun.live
⭐️书馆,3,异常状态,503,http://m.shuzwa.com
⭐️悟空,3,异常状态,503,http://m.548xs.com
⭐️暖才小说,3,异常状态,503,http://wap.ncwxst.cc
⭐️笔趣阁,3,异常状态,503,http://m.zzzcn.org
⭐️翠微居,3,异常状态,503,http://wap.cuiweishuba.cc
⭐️顶点小说•M,发现规则为空,异常状态,503,http://m.kmwx.net
【⚚⋆名著大全】,⁷̶̥̥̥ॱଳ͘图书۶出版,异常状态,503,http://www.fushouse.com/
〽️OC轻小说,⁶❀耽女︎ºั轻言,异常状态,503,http://m.ocacg.com/
㊕ 看客网 #一程,"发现失效,🍀,搜索失效",异常状态,503,http://www.kankeo.cc#♤yc
㊕✾♝绿竹小说 md #关耳,"发现失效,﹅ ㊕ 特殊,﹅ ✾ 言耽,﹅ ♝ 优良,搜索失效",异常状态,503,http://www.lvzhuxs.com/
㊕✾♝绿竹小说 md #关耳,"发现失效,﹅ ㊕ 特殊,﹅ ✾ 言耽,﹅ ♝ 优良,搜索失效",异常状态,503,http://www.lvzhuxs.com/#md-guaner
㊣ 阅听小说,"免费,搜索失效",异常状态,503,http://api.cdyt.com#♤yc
㊣ 阅听小说,"免费,搜索失效",异常状态,503,http://api.cdyt.com#yc1101
丁斐,,异常状态,503,http://comic.mh.com
七七读书,,异常状态,503,http://www.dushu.comguaner
七星阁小说网,,异常状态,503,http://www.qixinge.net
七星阁网,小说 书源,异常状态,503,http://m.qixinge.net
七真书院,小说 书源,异常状态,503,http://www.7zzw.com/##@遇知
万相书城,🚀VPN,异常状态,503,http://www.wxsc8.com/
三叠书阁,"发现失效,全部来自论坛,搜索失效",异常状态,503,http://www.8kubook.com
下书久久,小说 书源,异常状态,521,https://www.xiashu99.com#yc1101
下书久久,小说 书源,异常状态,521,https://www.xiashu99.com
下书小说,小说 书源,异常状态,503,http://www.frxsw.com/
乐文小说网,,异常状态,521,http://www.lwxs.net
书旗小说_By-曦灵,💎曦灵,异常状态,521,http://m.shuqi.cc/
书旗小说网,,异常状态,521,http://www.shuqi.cc
书趣阁爱,小说 书源,异常状态,503,http://www.sizhicn.com
二月居,"𐄚 小说,发现失效,𐄚𐄛 Ⓐ级,搜索失效",异常状态,503,http://www.eryueju.com/
云海电子（下载）,小说 书源,异常状态,503,http://www.pdfbook.cn
人生小说,☁️可用,异常状态,503,http://m.renshengxs.com
亿软小说,,异常状态,503,http://www.yiruan.info
优·经典小说¹,"发现目录失效,﹅ ♜ 优质,搜索目录失效",异常状态,503,http://m.jdxs.cc
优点小说,综合,异常状态,444,https://m.youdian5.com
修笔小说,小说 书源,异常状态,521,https://www.xiubi.net
免费小说🎃,,异常状态,503,http://api.motie.com#🎃
全新聚合库书源,,异常状态,503,http://v2.dahuilang.cf
全本小说,小说 书源,异常状态,503,http://www.xs5200.com/#pb1101
全本小说[qbxs520],🏖️免费+,异常状态,530,https://www.qbxs520.com/
全本小说¹,,异常状态,503,http://www.kanquanben.org
全本小说网,,异常状态,520,https://m.qbxsw.com/
全本小说网,"💭💭💭💭💭💭,发现失效,搜索失效",异常状态,520,https://m.qbxsw.com/##@鱼
八一w中文⑤,"☁️可用,☁修正",异常状态,503,http://www.w81zw.com/
八中文网,小说 书源,异常状态,503,http://www.bb520.org
八叉,全部来自论坛,异常状态,400,https://427777.xyz/
八啦小说,,异常状态,503,http://www.txt86w.com/##@遇知
六漫画📱hbdsfj.com,🎨漫画,异常状态,503,http://m.hbdsfj.com
凌虚阁,,异常状态,530,https://www.lingxuge.com
千千小说①,精品,异常状态,530,https://www.qqxsnew.com/
千漫谷,🎨漫画,异常状态,523,https://www.wuforcongress.com
单刃小说（天天）,,异常状态,301,http://www.drygmt.com
博仕书屋,优选书源by沐云风,异常状态,503,http://m.boshisw.com
博仕书屋,念心 || 小说,异常状态,503,http://m.boshisw.com/s.php
去读读,,异常状态,503,http://m.qudvdu.com
去读读小说网,,异常状态,521,http://www.qududu.com
友绘漫画网-需登录,🎨漫画,异常状态,503,http://m.xzcstjx.com
发小说网,小说 书源,异常状态,521,https://www.txtnovels.com
同人圈(vpn),轻小说,异常状态,503,http://tongrenquan.org
同人圈子（魔法）,小说 书源,异常状态,503,http://www.tongrenquan.org/
名著小说网,自制,异常状态,503,http://www.mingzhuxiaoshuo
哇叽文学,小说 书源,异常状态,503,http://q.yfwaji.com
唐门看书,小说 书源,异常状态,502,https://zbwq.wmg.weimeigu.net/app/index.php?i=16414&c=entry&do=index&m=iweite_xiaoshuo
嗨小说,API,异常状态,503,http://m.yixiantian.live/
四库书屋,[1],异常状态,521,http://m.sikushu.com
圣瞳小说,小说 书源,异常状态,503,http://books.hblmjs.com
墨坛文学,小说 书源,异常状态,503,http://www.motanwx.com
夜伴书屋,综合,异常状态,503,http://www.ybsws.com/
天域小说,小说 书源,异常状态,503,http://m.tycqzw.net/
天域小说,小说 书源,异常状态,503,http://www.zmccx.com#🎃
天天书吧[ttsh],小说,异常状态,503,http://www.ttshuba.net/
天涯知识（优）,特殊 书源,异常状态,502,http://book.sbkk8.com
天籁小说,小说 书源,异常状态,521,http://wap.hsjsby.com
天籁小说（发现）,小说 书源,异常状态,521,https://wap.hsjsby.com
奇书网,综合,异常状态,503,http://m.xqishuta.net
奇快中文,小说 书源,异常状态,503,http://www.x7kzw.com
奇快中文,小说 书源,异常状态,530,http://www.qikuaizw.com#🎃
妖气漫画,漫画🎟️,异常状态,503,http://api.uyaoqi.com
妙笔阁,"自制,源仓库,网页源",异常状态,503,http://m.miaobiger.com
姐的电影（仅发现）,视频,异常状态,503,http://www.jiededy.com/
安全小说,小说 书源,异常状态,503,http://www.acgzc.com#一程
安卓小说,"☣️senhora起点,☣️发现大精选,☁️可用",异常状态,503,http://m.anzhuoxs.com
宝来小说,小说 书源,异常状态,503,http://m.baolaixsw.com
小说呀丫,综合,异常状态,503,http://www.xshuyaya.cc
小说居,,异常状态,503,http://m.xiaoshuoju.com
小说屋组,小说 书源,异常状态,503,http://www.xs5.la
小说旗子,小说 书源,异常状态,503,http://www.xs7.cc/
小说格子,小说 书源,异常状态,521,http://m.qunshu.net
布咕阅读 app.api.bgwxc.com,女频,异常状态,503,http://app.api.bgwxc.com
广安中文,小说 书源,异常状态,503,http://www.gazww.com
当书网,,异常状态,530,https://www.downbook.cc//
御龙小说,已检测,异常状态,502,https://m.dmxso.com##旅途
微风小说,小说,异常状态,502,https://www.weifengxs.com
必应搜索,小说 书源,异常状态,502,https://www.lygyoule.com/
必读beduu,"📚 出版,🚀 加速",异常状态,503,http://www.beduu.com
快看漫画①,,异常状态,503,http://m.kuaikanmanhua.comHaxc
快眼看书（优+）,小说 书源,异常状态,503,http://www.xbotaodz.com
思秋小说网,综合,异常状态,503,http://m.mekohome.net
悅書閣（悦书阁）,小说,异常状态,503,http://tenaciouskny.net
悟空小说③,💭💭💭💭💭💭,异常状态,503,http://www.548xs.com/#♤pb
悟空小说③,【❌❌】网站失-效,异常状态,503,http://www.548xs.com/#pb1101
悟空小说🎃,,异常状态,503,http://www.548xs.com#🎃
悟空影院(搜索+发现),"发现目录失效,﹅ 通用书源▪︎玄奇,搜索目录失效",异常状态,503,http://www.91artedu.com
悠久小说,小说 书源,异常状态,503,http://www.ujxs.com#♤yc
懒人小说,,异常状态,503,http://m.lazytxt.shop:8081
手机电子书,"常用A,希弥",异常状态,503,http://m.waptxt.com
拉米阅读（文学）,小说 书源,异常状态,502,https://read.lmeee.com#♤yc
拉米阅读🎃,,异常状态,502,https://read.lmeee.com#🎃
搜书网17pao8,"自制,源仓库,网页源",异常状态,503,http://m.17pao8.com
搜动漫①,"【】⛺漫画,搜索目录失效,【❌❌】搜索目录失-效,发现目录失效",异常状态,503,http://m.soudongman.com#Haxc1107
新笔趣阁lt,"比,发现失效,搜索失效",异常状态,503,http://m.ltoooo.com
无敌小说,综合,异常状态,503,http://wap.ibashu.org
无线电子,,异常状态,301,https://www.wxdzs.net
无限小说,小说 书源,异常状态,503,http://www.phj.cc
旧钢笔文学,4月2号静白,异常状态,503,http://m.jiugangbi.com
时代音乐网,音乐,异常状态,503,http://www.78497.com/
时阅文学,正版小说 书源,异常状态,503,http://m.timeread.com
晋江榜单,,异常状态,503,http://android.jjwxc.netmyself
晚安小说网15guang,综合,异常状态,503,http://www.15guang.com
晴天听书<晴天>,"❤️番茄,❤️常用,搜索失效",异常状态,503,"http://audio.cloudepays.cn
http://api618.qingtian618.site
https://api.gyks.cf"
晴天小说<晴天>,"❤️番茄,❤️常用",异常状态,503,"http://novel.cloudepays.cn
http://api618.qingtian618.site
https://api.gyks.cf"
晴天漫画<晴天>,"❤️漫画,❤️番茄,搜索失效",异常状态,503,"http://caricature.cloudepays.cn
http://api618.qingtian618.site
https://api.gyks.cf"
晴天融合<晴天>,🔅晴天🔅,异常状态,503,"http://api.cloudepays.cn
http://api618.qingtian618.site
https://api.gyks.cf"
有声小说吧vip,有声,异常状态,503,http://m.ysxs8.top##yz
有妖气💰,"🎨漫画,💰正版,JSON",异常状态,503,http://app.u17.com
未来天王,小说 书源,异常状态,503,http://www.weilaitianwang.com
机翻机器人,轻小说,异常状态,502,https://book.xkvi.top
杜佩小说,【小说2书源】,异常状态,503,http://www.dupay.cc/
极致小说,【小说1书源】,异常状态,503,http://www.acgzc.com#yc1101
果冻小说,小说 书源,异常状态,503,http://m.guodongxsw.com/
柚子小说,"自制,备用",异常状态,503,http://m.18ij.com
格格党吧,小说 书源,异常状态,503,http://www.qingzichan.net
梦远书城[wap],🏔️免费-,异常状态,520,https://wap.mengyuanshucheng.com/
棋子小说,小说 书源,异常状态,503,http://www.acgzc.com#♤yc
歌书网吧,-------,异常状态,503,http://m.gashuw.com/##@遇知
武侠小说[5],"【❌❌】搜索失-效,发现失效,搜索失效",异常状态,503,http://www.5xxs.net/
歪歪书库（发现）,小说 书源,异常状态,521,http://www.yysk.net/##@遇知
波月小说,小说 书源,异常状态,503,http://www.txt5200.cc
海盗听书,"希弥,有声",异常状态,503,http://app.yn21.cn/
清风DJ,"💭💭💭💭💭💭,搜索正文失效,发现正文失效",异常状态,503,http://www.vvvdj.com
源社区出品-新笔趣阁（绿）3y3,,异常状态,503,http://www.3y3.org
溜达小说,综合,异常状态,503,http://www.liudatxt.com#一程
溜达小说,小说 书源,异常状态,503,http://m.liudatxt.net#🎃
漫客栈,,异常状态,503,http://comic.mkzhan.comHaxc
热门小说,api·凡,异常状态,503,http://novel.mediaxds.com/
熊猫文学（优+）,小说 书源,异常状态,301,https://www.dxmwx.org
爪机书屋,小说 书源,异常状态,444,https://zjsw.org
爱上小说（发现）,小说 书源,异常状态,521,http://m.23xo.com
爱上阅读,api·凡,异常状态,503,http://yuenov.com:15555/
爱下书网,小说 书源,异常状态,503,http://www.aixiashu.info
爱优喵iumew,❤小说,异常状态,503,http://www.iumew.com
爱家文学,✨极速,异常状态,400,https://m.bj5i5j.com/***
爱尚小说,小说 书源,异常状态,503,http://www.aslwx.com/
爱说旗吧（优）,小说 书源,异常状态,503,http://www.xs7.cc/#pb1101
猫猫小说,小说 书源,异常状态,502,https://m.mmxsw.cc
猫猫小说,"自制,源仓库,网页源",异常状态,503,http://novel.atcat.cn
猫眼看书③,正版,异常状态,503,http://download.yichnmedia.com
猴子小说网,-------,异常状态,521,http://m.hzxsw.com
猴子阅读,"💭💭💭💭💭💭,搜索失效",异常状态,521,http://www.hzxsw.com/
玄幻阁网,20250428,异常状态,503,http://www.xuanhuange.net
玉米小说,小说,异常状态,521,https://m.telexh.com/
玖玖番茄fqapi,❤小说,异常状态,503,http://list.fqapi.sfacg.link
琵琶曲,"【❌❌】搜索失-效,发现失效,搜索失效",异常状态,503,http://www.hdyp.net
画影锦绣,小说 书源,异常状态,530,http://www.huayingjx.com
番茄溜梅,小说 书源,异常状态,503,http://m.fqxsw.cc
百书阁小说网,07.🍈🍈🍈,异常状态,503,http://baitxt.com
百分影院◽️,已检验,异常状态,503,http://www.100fyy.net/
看脸🈲啊,🈲自己,异常状态,500,https://dwkm.xyz/
神仙书阁,小说 书源,异常状态,503,http://www.shenxianfaka.top
神仙书阁,"[1],失效",异常状态,503,http://m.shenxianfaka.top/
秀人集,秀人,异常状态,503,http://98.987328.xyz/
秀秀漫画,💜漫画,异常状态,503,http://sinaappxx6.q236.cn
章鱼小说,,异常状态,503,http://www.z1xs.com/#pb1101
章鱼小说,"💭💭💭💭💭💭,校验超时",异常状态,503,http://www.juters.com/#
章鱼小说,[小说源],异常状态,503,http://www.z1xs.com/#♤pb
章鱼小说jodingnme[自写],"精品书源1119,自写1118",异常状态,444,http://www.jodingnme.com/
笔下文学,"自制,源仓库,网页源",异常状态,503,http://www.bxtxt.cc
笔下文学,小说 书源,异常状态,503,http://www.bixia99.co
笔书阁,,异常状态,503,http://m.damaoli.com66
笔仙阁236316,综合,异常状态,503,http://www.236316.com
笔仙阁吧,小说 书源,异常状态,503,http://m.bixiange.me#🎃
笔仙阁子,小说 书源,异常状态,503,http://m.bixiange.me
笔趣屋,微筛选,异常状态,502,https://api.ywpxg.com
笔趣屋,💯 常用,异常状态,503,http://statics.rungean.com
笔趣网吧,小说 书源,异常状态,503,http://www.biquw.com/#pb1101
笔趣阁,小说 书源,异常状态,503,http://www.ibiquw.com#
笔趣阁,小说 书源,异常状态,504,http://www.boquku.com/#♤pb
笔趣阁,小说 书源,异常状态,503,http://www.downcg.cc
笔趣阁,小说 书源,异常状态,503,http://www.xinbqg.org/
笔趣阁,小说 书源,异常状态,521,http://www.xxbiquge.cc/#♤pb
笔趣阁,小说 书源,异常状态,503,https://www.biqupa.com/
笔趣阁,小说 书源,异常状态,503,http://www.ybiquge.com/
笔趣阁,小说 书源,异常状态,503,http://www.bqgwu.com
笔趣阁,2023.7.20效验,异常状态,503,https://souxs.leeyegy.com#渊呀81
笔趣阁1,1,异常状态,503,http://www.limkokwingchina.com/##jjj
笔趣阁5688w,综合,异常状态,444,http://www.5688w.com/
笔趣阁789,"修复优化,发现失效,整理校验,自制,网页源,笔趣阁,搜索失效",异常状态,503,http://m.biquzw789.net
笔趣阁[boquku.com,,异常状态,504,http://m.boquku.com
笔趣阁tkxyk,自写0510,异常状态,503,http://www.tkxyk.com
笔趣阁youbiquge,,异常状态,500,https://www.yourbiquge.com
笔趣阁❶,API,异常状态,503,http://app.xiaoshuoapp.cn/
笔趣阁顶点biqugedd,❤小说,异常状态,503,http://m.biqugedd.com
第一版主,"GOOD,BAD",异常状态,503,http://www.bz4444.xyz/
第九中文,小说 书源,异常状态,530,https://m.d9shu.com/
第九中文,小说 书源,异常状态,530,https://m.d9shu.com/##@遇知
精·必读文学 API,"﹅ ♛ 精品,发现失效",异常状态,503,http://api.biduwenxue.com
精品书屋_jingpinshuwu.top,👍 备用,异常状态,525,https://www.jingpinshuwu.top
精品小说,💠精选,异常状态,416,http://m.jingp.com#
糖心漫画tangxin,💜漫画,异常状态,502,http://tangxin666.com
红尘小说网◎GEd520◎,写源,异常状态,503,http://www.hcxsw3.com#
纵横·女频💯,³۝天域整理,异常状态,500,http://www.zongheng.com/nvpin
纵横排行榜,¹▽置顶`ȏ´正版发现,异常状态,500,http://zongheng.com
经典笔趣,,异常状态,530,https://m.xingmingzhi.com#🎃
经典笔趣阁,cfyyzl,异常状态,530,https://m.xingmingzhi.com
群格格党（发现）,小说 书源,异常状态,503,http://www.ggdwx.com/##@鱼
翠微居,校验可用,异常状态,503,http://www.cwj18.org
聚合书源,"番茄,失效,发现目录失效,搜索失效",异常状态,503,http://fqphp.yesui.me
腐书网络,小说 书源,异常状态,503,http://www.fushuw.co
腐小说,,异常状态,503,http://www.fxsw.top
苏念番茄番茄小说,,异常状态,503,http://list.api-fanqienovel.sunianyun.live/
若初文学,,异常状态,503,http://www.ruochu.comyc
藏海阁小说网,"全部来自论坛,搜索失效",异常状态,521,https://www.canghaige.com/
衍墨轩吧,小说 书源,异常状态,503,http://www.yanmoxuan.net/#♤pb
衍墨轩吧,小说 书源,异常状态,503,http://www.yanmoxuan.net/#pb1101
言情中文,🍊 女频,异常状态,530,https://m.nsxs5.net#
言情中文,微筛选,异常状态,530,https://m.nsxs5.net/##@遇知
说说520,🎃常规,异常状态,503,http://m.shuquta.com/
请看小说(天天修复),微筛选,异常状态,521,http://m.qingkanshu.net
读书阁dushuge,❤小说,异常状态,521,http://m.dushuge.com
读零零小说网 du00.co,综合,异常状态,444,http://www.du00.co
谜题小说网👿,,异常状态,503,http://www.mitixs.com/
豆腐阅读,"发现失效,搜索正文失效,豆腐",异常状态,503,http://m.doufu.me
豌豆文学,,异常状态,503,http://www.wandouwx.com
豪橫文学,自做,异常状态,503,http://m.haohengwx.net
趣读屋,,异常状态,521,https://m.quduwu.com
轩辕书社,🏖️免费,异常状态,503,http://amp.xyshushe.com
选书小说,综合,异常状态,503,http://www.xuanshu.org
逼事阁,,异常状态,444,http://m.youdian5.com/
采墨阁①,精品,异常状态,503,http://m.kushu.co/
阅听小说（发现）,小说 书源,异常状态,503,http://api.cdyt.com
零点小书,-------,异常状态,444,http://www.ldxsw.co
霸气书库(精),源仓库,异常状态,503,http://www.8shuku.net
青羽阅读,网络小说,异常状态,503,http://api.kuduwxw.com/
韩漫网_by_历飞雨,已检验,异常状态,521,https://www.hancomic.com
顶点小说,小说 书源,异常状态,503,http://www.idingdian.com
顶点小说,小说 书源,异常状态,503,http://www.jianlai.cc
马甲小说,写源,异常状态,503,http://www.mjlsh.org/
鬼吹灯包,-------,异常状态,503,http://www.cxbz958.info#
鬼吹灯🎃#2,,异常状态,503,http://www.cxbz958.info#🎃
魔蝎小说,🎃常规,异常状态,503,http://m.moxiexs.com/
️天域小说️天域小说🎃,🎃 竹坞风,异常状态,503,http://m.tycqzw.net#🎃
️无敌小说,小说 书源,异常状态,503,http://wap.ibashu.org#🎃
🈲 No.1版主,"发现失效,【❌❌】搜索正文失-效,搜索失效",异常状态,503,http://hdyp.net/
🌈笔趣Y,源社区,异常状态,502,http://www.biquy.com
🌞晴天听书4.0(vip),,异常状态,503,http://v1.gyks.cf/#听书
🌞晴天小说,"❤️视频,❤️番茄",异常状态,503,"http://api.cloudepays.cn
http://api618.qingtian618.site
https://api.gyks.cf
提示：点击登录切换服务器按钮可进行切换(当前书源为纯小说阅读)"
🌞晴天小说4.0,,异常状态,503,http://v1.gyks.cf/#小说
🌞晴天漫画,"❤️视频,❤️漫画,❤️番茄,搜索失效",异常状态,503,"http://api.cloudepays.cn
http://api618.qingtian618.site
https://api.gyks.cf
提示：点击登录切换服务器按钮可进行切换(当前书源为纯漫画)"
🌞晴天融合小说2.1(vip独立版),"📖小说,2505181,🗂 聚合",异常状态,502,https://v1.qingtian618.com/#小说/
🌟38文学网,,异常状态,521,http://www.38wx.net
🌟83小说网,,异常状态,503,http://www.83xsw.com
🌟全本小说网,,异常状态,503,http://www.quanbenbook.com
🌸 147小说网④,🌸常用,异常状态,503,http://m.147xsw.com
🌸 全本小说网qb5.io,"🌸常用,🚀VPN",异常状态,503,http://www.qb5.io
🌸 新起点小说,🌸常用,异常状态,503,http://www.xqdhk.net
🌸 秒书屋,🌸常用,异常状态,525,https://m.miaoshu5.cc
🌸哇叽,🌸 免费,异常状态,503,http://k.yfwaji.com##尐哖
🌸樱花动漫(作者abyssesml),"影视,发现失效,﹅ ✾ 言耽,搜索失效",异常状态,503,http://m.yinghuacd.com/
🌾旷山远雪,"🌾 男频,✉️  网络文学",异常状态,503,http://api.newkyxs.com
🍁 精品小说🔸zjwyzyy,🌸 免费,异常状态,503,http://wap.zjwyzyy.com/##@遇知
🍁 精品小说🔸zjwyzyy,🌸 免费,异常状态,503,http://wap.zjwyzyy.com/
🍁笔趣阁⑥①,,异常状态,503,http://www.mabook.cn/
🍁笔趣阁⑭①,🍁 笔趣 🍁,异常状态,503,http://www.1kzw.com/
🍁笔趣阁㉑①,,异常状态,521,https://www.dbiquge.com/
🍁笔趣阁㉞①,,异常状态,521,https://www.biquge.top/
🍁笔趣阁㉟①,,异常状态,521,https://www.zpxsw.com/
🍁笔趣阁㊲①,,异常状态,503,http://www.ghxsw.com/
🍁笔趣阁㊳①,,异常状态,521,http://www.bqg.tw/
🍊 读一读,🍊女频,异常状态,503,http://www.du11du.com
🍊91小说,✨极速,异常状态,503,http://www.9138xs.com##@尐哖
🍊91小说,✨极速,异常状态,503,http://www.9138xs.com
🍊哇叽,D组,异常状态,503,http://q.yfwaji.com##@尐哖
🍺 116文学手机版,"发现目录失效,书源分享,搜索失效",异常状态,521,https://www.23meigui.com/🐤
🍺 6miv小说✈,"发现失效,🍺特优,🚀VPN,搜索失效",异常状态,503,http://www.6miv.com
🍺 爱阅小说,微筛选,异常状态,503,http://m.hybooks.cn
🍺 笔下文学③,"🍺特优,🚀VPN",异常状态,503,http://m.juedao.net
🍺 笔趣阁 biquge.site,🍺 特优,异常状态,502,http://www.biquge.site
🍺 笔趣阁 biquge.xin,🍺 特优,异常状态,502,https://www.biquge.xin
🍺 笔趣阁 biqugem.cc,🍺 特优,异常状态,502,http://www.biqugem.cc
🍺 趣读屋,🍺 特优,异常状态,521,https://www.quduwu.com/
🎀章鱼小说,🎉 精选,异常状态,503,http://www.z1xs.com/
🎈 不可能的世界M,🎈轻读,异常状态,503,http://m.8kana.com
🎈腐小说,④🎈  普通,异常状态,520,http://www.jiqinw.com
🎉 七真书院,"4,。",异常状态,503,http://www.7zzw.com
🎉 天翼小说网,"💊无搜,🎉精品",异常状态,503,http://www.tyxsw.cc
🎉 笔趣阁,-------,异常状态,521,https://www.60734.com
🎉 造化图,🎉精品,异常状态,521,https://www.zaohuatu.com
🎉 飞鸟小说,🎉 精选,异常状态,503,http://app.xiaoshuo123456789.com:8765
🎉乐乐小说,🎉 精选 🎉,异常状态,503,http://www.lelebook.com/
🎉书悠库小说,,异常状态,503,http://www.shuyouku.com/
🎉书林文学①,,异常状态,503,http://www.miz5.com/
🎉八零小说⑥,,异常状态,530,https://www.800xs.com/
🎉吾读网小说,,异常状态,530,http://www.5du5.org/
🎉无二小说①,,异常状态,530,https://www.52xiaoshuo.com/
🎉经典小说网,B组,异常状态,444,https://www.jdxsw.net
🎋搜狗书库🎋,,异常状态,503,http://m.sogouso.com/
🎋搜狗读书🎋,,异常状态,503,http://m.sougouds.com/
🎋符笛小说🎋,,异常状态,503,http://m.dfvirs.com
🎋读书岛🎋,,异常状态,503,http://m.52dushu.cn
🎋风鸣轩小说🎋,校验超时,异常状态,503,http://www.pjdt.cn/
🎒 爱看书吧,,异常状态,444,http://www.aidushu8.com
🎟️诗南漫画,漫画,异常状态,503,http://sinaappxx6.q236.cn/post/GetInfo
🎨 扑飞漫画,🎨 漫画,异常状态,503,http://m.pufei6.top
🎨亲亲漫画💞,"🔭 其他,🎊 常用,🎨 漫画",异常状态,503,http://www.acdwd.com
🎨哔咔漫画💞,"🔭 其他,🎊 常用,🎨 漫画",异常状态,400,https://picaapi.picacomic.com
🎨百漫谷,第四队,异常状态,521,https://darpou.com
🎼520听书🎼,"响海,发现失效,搜索失效",异常状态,503,http://m.520ts.cc/
🏖️云兔小说,常用（精选）,异常状态,503,http://book.yuntuxs.com/
🐈 猫眼看书,免费,异常状态,503,http://download.maoyankanshu.la
🐑当书下载,"¹▽置顶`ȏ´正版发现,⁸̶̥̥̥̆ૢ)论坛🚀↓下载",异常状态,530,https://www.downbook.cc##下载
🐙章鱼小说,【小说2书源】,异常状态,503,http://www.juters.com/##🐙
🐦 青羽阅读,🌟 api,异常状态,503,http://www.qingyubook.com
🐦9格格党,+🐦,异常状态,503,http://www.9ggd.com/
🐬万卷小说,🐬 API 🐬,异常状态,503,http://j.5yzw.com/
👌 乐库,👌 常用,异常状态,503,http://m.6lg.org##@尐哖
👍 77读书网,"发现失效,👍,搜索失效",异常状态,500,https://www.77dus.com
👍 丫丫电子书 静白校验搬运其他渠道去除防伪,读书源,异常状态,503,http://www.xshuyaya.com
👍 新书虫,👍 优质,异常状态,503,http://www.xinshuchong.com
👍 牛逼书屋,👍 优质,异常状态,503,http://www.niubishuwu.com
👍 笔趣阁④,👍 优质,异常状态,503,http://www.kb4.cc
👍香香小说,"5.26,发现失效,搜索失效",异常状态,521,https://www.xbiqugee.com
💊 乐读窝,💊无搜,异常状态,503,http://m.qiduwx.com
💊 兰兰文学,💊无搜,异常状态,503,http://www.lanlanguoji.com
💊 笔下文学,💊无搜,异常状态,503,http://www.bjpos.net
💗52格格党,女频,异常状态,503,http://www.9ggd.com/##@鱼
💠 书书小说,"发现失效,💠 综合,搜索失效",异常状态,503,http://www.hbhuaqiang888.com
💠 悟空小说（修复发现）,💠 综合,异常状态,503,http://www.548xs.com
💠 第一版主,💠 其他,异常状态,503,http://www.01bzw.co
💦七星阁小说,,异常状态,521,https://www.qixinge.com/
💦牛牛中文网,,异常状态,503,http://www.nbw.la/
💦请看书①①,,异常状态,521,https://www.jlxsw.com/
💯乐文小说②,💯 精品 💯,异常状态,503,http://www.lewen9.com/
💯五二小说网,,异常状态,521,http://www.xiaoshuo.cc/
💯五八小说①,,异常状态,503,http://www.wbxsw.com/
💯全小说①①,,异常状态,503,http://quanxs.net/
💯爱书网小说,,异常状态,530,http://www.22ff.vip/
💯读一读小说,,异常状态,503,http://du11du.com/
💰 四零二零,💰 正版,异常状态,503,http://www.wrlwx.com
💰汤圆创作,💰 正版 💰,异常状态,503,http://www.itangyuan.com/
💰纵横·发现,¹▽置顶`ȏ´正版发现,异常状态,500,https://m.zongheng.com#2
💵 耽青,"💵正版,🍊女频",异常状态,503,http://m.zhongtaizhongye.com
📃第九源言情,,异常状态,400,https://www.dijiuyuan.com
📖 乐兔阅读,"📖 小说,网站失效",异常状态,503,http://api.jsword.net/
📖 当书小说,📖 小说,异常状态,530,https://downbook.cc/
📖 御书宅屋,📖 小说,异常状态,444,http://www.miaodu5.com/
📖 有爱小说,📖 小说,异常状态,503,http://m.000ui.com/
📖 爱下书网,精选,异常状态,503,http://www.aixiashu.com/
📖 玉才小说,🚀 加速,异常状态,503,http://m.yucaizw.com/
📖 琅琊小说,📖 小说,异常状态,503,http://langyaxiaoshuo.com/
📖 盗墓小说,📖 小说,异常状态,530,https://www.daomutxt.cc/
📖下书小说网,,异常状态,503,http://www.frxsw.com/##@Mengteen
📚 掌读小说,📚 正版,异常状态,503,http://www.zhangread.com/
📚书山融合2.1(完全版),书山小说会员专属请勿传播,异常状态,503,http://s1.shusan.cc:1907
📜笔趣阁111(作者abyssesml),"【】👾笔趣阁,【🈵♥🈵💯】231123千组1,搜索失效",异常状态,521,http://m.biquge111.com/
📝腐书网,"📖小说,自",异常状态,503,http://m.fushuwang.co
📱八叉书库-夜明空,"全部来自论坛,网站失效",异常状态,400,https://8xbook.cc
📻 听中国,,异常状态,500,https://app.365ting.com
📻 听书宝网,📻有声,异常状态,503,http://m.tingshubao.com
📻 小米听书,有声,异常状态,530,https://mitingshu.com
🔖格格党,"🍍🍍🍍🍍🍍🍍,🔖177,搜索失效",异常状态,503,http://www.ggdwx.com/
🔰 燃文书库,🔰 普通,异常状态,503,http://m.778buy.com
🔰 阅读库,🔰 普通,异常状态,503,http://m.yuedsk.com/
🔰书香中文网8/零点看书,【小说 书源】,异常状态,444,https://www.shuxiang8.net
🗒 羞羞漫画,漫画,异常状态,503,http://sinaappxx6.q236.cn/post/GetInfo#yc1101
🚀 男人VIP,🚀 VPN,异常状态,503,http://nanrenvip.city
🚬 三Z小说,"🚬刘备,💊无搜,🚀VPN",异常状态,503,http://www.zzzxs8.com
🚬 三好小说网,"🚬刘备,发现失效,搜索失效",异常状态,503,http://m.sanhao1.com
🚬 广安中文网,🚬 刘备,异常状态,503,http://m.scamssm.com
🚬 懒人小说,C组,异常状态,503,http://www.fm530.com/13/13254/
🚬 新书包网,"🚬刘备,💊无搜",异常状态,503,http://m.xsbbb.com
🚬 求书帮,🚬刘备,异常状态,503,m.qiushubang.me
🚬 港岛妹小说,🚬 刘备,异常状态,503,http://www.yiw88.com
🚬 第一版主(移动都能看，一次导入，永久可用，请看选注释),BAD,异常状态,503,http://www.zxdysj.com
🚬 第一版主③[仅发现],！绝对领域,异常状态,503,http://www.dybz2.me
🚬 蛋文库,"🚬刘备,🍊女频",异常状态,503,http://danwenku.com
🧐七星阁 #破冰▼列表书少♨️,"﹅ ♝ 优良,搜索失效",异常状态,521,https://www.qixinge.com/#♤pb
🧐八一中文②♨️,"﹅ ♝ 优良,搜索失效",异常状态,521,https://www.81zw.net/
🧐爱书网♨️,"发现失效,﹅ ♝ 优良,搜索失效",异常状态,503,http://www.52kanshu.org/
🪔️ 品阅阁,"【❌❌】搜索失-效,搜索失效",异常状态,521,http://www.pinyuege.com/##@遇知
🪔️ 品阅阁,"【❌❌】搜索失-效,搜索失效",异常状态,521,http://www.pinyuege.com/
🪔️ 永恒小说,"遇知,搜索失效",异常状态,503,http://www.4pan.net/##@遇知
🪔️ 永恒小说,"遇知,搜索失效",异常状态,503,http://www.4pan.net/
🪔️ 百书阁,"发现失效,【❌❌】搜索正文失-效,搜索失效",异常状态,503,http://www.baitxt.com/##@遇知
🪔️ 百书阁,"发现失效,【❌❌】搜索正文失-效,搜索失效",异常状态,503,http://www.baitxt.com/
114中文,任尚仁,有响应(拦截),403,https://m.114wxw.cc/
123笔趣阁,笔趣阁0905,有响应(拦截),403,https://www.123bqg.cc
13小说,,有响应(拦截),403,https://m.13xxs.com/
147小说,"整理检验,免盾,自制,网页源",有响应(拦截),403,https://m.147xiaoshuo.com
166小说,综合,有响应(拦截),403,http://www.16kbook.co/
168TXT,女频,有响应(拦截),403,https://www.168txt.cc/
23书屋,综合,有响应(拦截),403,https://m.23shu.net
256中文,网络小说,有响应(拦截),403,https://www.256zw.cc
2K小说,综合,有响应(拦截),403,https://www.sdhear.com
2K小说,⛱️免费,有响应(拦截),403,https://m.duxq.com
31小说网31xiaoshuo.org,,有响应(拦截),403,http://www.31xiaoshuo.org
31小说网あ,,有响应(拦截),403,https://m.31xs.org/
39小说网yyds,,有响应(拦截),403,http://www.zjgchzj.com/
4文,涩文,有响应(拦截),401,https://m.4wen.cc/
52P0小说,女频,有响应(拦截),429,https://www.po52.cc/
58看书网,🎃 通用,有响应(拦截),403,https://www.58kanshu.net#
58看书网② #破冰1101,⭐️ 收藏,有响应(拦截),403,https://www.58kanshu.net/#pb1101
66书吧,起点,有响应(拦截),403,https://66shuba.com
69书吧,,有响应(拦截),403,https://69shuba.com
69书吧-幕惜,,有响应(拦截),403,https://www.69shu.xyz/
88读书网,"整理检验,发现失效,一般,源仓库,自制,网页源,搜索失效",有响应(拦截),403,http://www.baba5.cc/
99藏书,,有响应(拦截),403,https://99csw.com
AC小说网,lai,有响应(拦截),403,https://www.acglc.com
BL文吧,🔥女频,有响应(拦截),403,http://m.blwenba.com
FreeWebNovel,English,有响应(拦截),403,https://freewebnovel.com
R 台湾小说网🐶,R🐶,有响应(拦截),403,https://twkan.com##RosiaPng
Scribblehub,English,有响应(拦截),403,https://www.scribblehub.com
Webtoon XYZ🌐,漫画🎟️,有响应(拦截),403,https://www.webtoon.xyz/
XChina套图xchina,💖图片,有响应(拦截),403,https://xchina.co##图片
fanfiction电脑网页版,fanfic,有响应(拦截),403,https://www.fanfiction.net/
m笔趣tv,已检,有响应(拦截),403,http://m.biqutv.com/
pin - 红袖招 - 先通过验证才能用,"pin,校验超时",有响应(拦截),403,https://hongxiuzhao.org
txt123,⭐️小说,有响应(拦截),403,https://www.txt123.cc/
vipbqg,"﹅ 通用书源▪︎玄奇,搜索失效",有响应(拦截),403,https://www.vipbqg.com
①言情小说网,-------,有响应(拦截),403,https://www.jsdpyg.com
▲科趣看书网kequks,"❤小说,☀其一",有响应(拦截),401,https://m.kequks.com
○♛得间小说api  w列表,111最新校验成功,有响应(拦截),403,https://wechat.idejian.com#jib
○♜¹看书堂 md #一程▼有空章节▼难净化,⁴☃晨光雨露᭄精品源,有响应(拦截),403,https://www.kanshutang.org#md-yc12
●69書吧md2,"【❌❌】搜索失-效,发现失效,搜索失效",有响应(拦截),403,https://d34xj6zzll2cc7.cloudfront.net#md2
☀️ 天天小说（更新快）,,有响应(拦截),403,https://cn.ttkan.co/
☘️笔趣阁4☘️,²♨笔-趣-阁❆,有响应(拦截),403,http://www.qu-la.com#响海
♛F&Q.女生,需要登录,有响应(拦截),403,https://fqx.com#z2gf
♛F&Q.男生,需要登录,有响应(拦截),403,https://fqx.com#z2f
♛F&Q.男生,需要登录,有响应(拦截),403,https://fqx.com
♛得間.分类,111最新校验成功,有响应(拦截),403,https://wechat.idejian.com#jia
♜ 旭日小说 #一程,﹅ ♜ 优质,有响应(拦截),401,https://m.xuribook.com#♤yc
♜ 看书室 #一程,"5.26,3",有响应(拦截),403,https://www.kanshushi.com#♤yc
♜ 风华居 #一程,"发现失效,﹅ ♜ 优质,搜索失效",有响应(拦截),403,https://m.fenghuaju.cc#♤yc
♜+久久小说下载网org,已检验,有响应(拦截),403,https://www.txt909.org#天域战歌
♜+燃文小说② #破冰1101,"﹅ ♜ 优质,搜索失效",有响应(拦截),403,https://www.ranwena.net/#pb1101
♜-新思路中文网 #破冰,"发现失效,﹅ ♜ 优质,搜索失效",有响应(拦截),403,https://m.slzww.org/#♤pb
♜-蜡笔小说 md #破冰 ▼列表书少 qu-la.com,已检验,有响应(拦截),403,http://www.biquwo.net/#md-pb110
♜138阅读网 河蟹少,已检验,有响应(拦截),403,https://www.138txt.net/#pb1101
♜66电子书,,有响应(拦截),403,https://www.66txt.net/#pb1101
♜✎笔趣阁⑰③ #pb,"笔趣,发现失效,﹅ ♜ 优质,搜索失效",有响应(拦截),403,http://www.bqgreed.com/#♤pb
♜叶辰中文网 #破冰1101,"发现失效,﹅ ♜ 优质,搜索失效",有响应(拦截),403,https://www.yczw.com/#pb1101
♜日照小说网② #破冰,"发现失效,【🈵♥🈵💯】231123千组1,搜索失效",有响应(拦截),403,http://www.rzxs.org/#♤pb
♜日照小说网② #破冰,"发现失效,【🈵♥🈵💯】231123千组1,搜索失效",有响应(拦截),403,http://www.rzxs.org/#pb1101
♜日照小说网③ #破冰,"发现失效,【🈵♥🈵💯】231123千组1,搜索失效",有响应(拦截),403,http://www.rizhaoxsw.com/#♤pb
♜日照小说网③ #破冰1101,"发现失效,小说,搜索失效",有响应(拦截),403,http://www.rizhaoxsw.com/#pb1101
♜梧桐落 #破冰,已检验,有响应(拦截),403,https://www.wtlbook.com/#♤pb
♜笔趣阁⑱①,"笔趣,﹅ ♜ 优质",有响应(拦截),403,https://www.bqg13.com/#pb1101
♜算年年,"发现失效,搜索失效",有响应(拦截),403,https://www.suanniannian.com/#pb1101
♜顶点小说㉔ #破冰▼列表书少,"1,发现失效,3,5.26,搜索失效",有响应(拦截),403,https://www.dingdian6.com/#pb1101
♜顶点小说㉔ #破冰▼列表书少,"1,发现失效,5.24,搜索失效",有响应(拦截),403,https://www.dingdian6.com/#♤pb
♜风华居 #一程,"发现失效,﹅ ♜ 优质,搜索失效",有响应(拦截),403,https://m.fenghuaju.cc#yc1101
♨️ 小说迷,,有响应(拦截),403,https://new.wowonongjia.com
♬456听书网,听书,有响应(拦截),403,http://www.ting456.com/#pb1025
♬456听书网 #pb,听书,有响应(拦截),403,http://www.ting456.com/#♤pb
⚖️ 六零文学,"发现失效,菠萝包刺猬猫番茄,搜索失效",有响应(拦截),403,https://www.dushu60.com/##@遇知
⚖️ 六零文学,"发现失效,菠萝包刺猬猫番茄,搜索失效",有响应(拦截),403,https://www.dushu60.com/
⚠️ 第一版主②,第四队,有响应(拦截),403,https://m.diyibanzhu.store
⚠️第一版主② #一程1101,第四队,有响应(拦截),403,https://m.diyibanzhu.store#yc1101
⚡紫薇中文网1,"言情,💥优质",有响应(拦截),403,https://www.zw0000.com
⚡蜡笔小说,💥优质,有响应(拦截),403,http://www.biquwo.net
⚡️138阅读网,已检验,有响应(拦截),403,https://www.138txt.net/#♤pb
✈hentaiPaw漫画,"💜漫画,☀其一",有响应(拦截),403,https://zh.hentaipaw.com
✈sis文学网sis,❤小说,有响应(拦截),403,http://b.sis.la
✈繁體小说,,有响应(拦截),403,https://www.novels.com.tw
✍元小说,1122,有响应(拦截),403,https://metanovel.org
✐   汝慕小说,☃ 自用,有响应(拦截),403,http://m.rmipoz.com/
✐ 733动漫 #Haxc,已检验,有响应(拦截),403,https://www.733.so#♤Haxc
✐ 漫画柜 #Haxc1107,"漫画,发现失效,搜索失效",有响应(拦截),403,https://www.mhgui.com#Haxc1107
✨书包网🎉📱,⁶❀耽女︎ºั轻言,有响应(拦截),403,https://wap.ebookbao.net/
✨八一中文🎉📱,"✨ 精选 ✨,搜索失效",有响应(拦截),403,https://m.81zw.com/
✨笔趣阁🔸zfc,"发现失效,【❌❌】搜索正文失-效,【】👾笔趣阁,搜索失效",有响应(拦截),403,http://www.zfangchan.com##尐哖
✨读书阁🎉📱,-------,有响应(拦截),403,https://m.dushuge.org/
❄ 海螺小说（魔爪同源）,【小说 书源】,有响应(拦截),401,https://m.hailuoxs.com/
❄爱豆看书,效验可用,有响应(拦截),403,http://www.a6ksw.co/##@鱼
❤️你的地址1,轩1,有响应(拦截),403,https://www.nidedizhi1.com
❤️笔趣阁移动版🎃,轩1,有响应(拦截),403,https://www.ttwcm.net
⭐看读书,⭐自制,有响应(拦截),403,https://kandushu.com
⭐️元宝小说•M,3,有响应(拦截),403,https://m.ybwzx9e.com
⭐️森趣•M,3,有响应(拦截),403,https://m.1688ts4.com
⭐️沙滩,3,有响应(拦截),403,http://m.shatanxs.com
一世书城（优）,小说 书源,有响应(拦截),403,https://m.1114txt.xyz/
一五中文,小说 书源,有响应(拦截),403,http://www.15zw.com
一起看书网,⁴☃晨光雨露᭄精品源,有响应(拦截),403,https://www.yqkbook.la
万合中文,验证,有响应(拦截),403,https://m.bus6e.info/
万合中文,"③🚫  禁验,⑸🔰  优质",有响应(拦截),403,https://m.bus6.com
万象书城,小说 书源,有响应(拦截),403,https://www.wxsc8.com
三一小说,小说 书源,有响应(拦截),403,https://www.31xs.com/
三一小说,"31,优化,备用",有响应(拦截),403,https://m.31xs.com
三一小说🎃,,有响应(拦截),403,https://www.31xs.com#🎃
三一读书,,有响应(拦截),403,http://www.31xr.org
三三言情,,有响应(拦截),403,http://m.33yqxss1.com
三号中文[pc],综合,有响应(拦截),403,https://www.3hzw.com
三号中文网,论坛：6月19号,有响应(拦截),403,http://www.3hzw.com
三掌门小说,⁴☃晨光雨露᭄精品源,有响应(拦截),403,http://m2.3zm.la
三青小说,小说 书源,有响应(拦截),403,http://www.3qxs.cc/
下书网,综合,有响应(拦截),403,http://www.cntnn.com
不看书网,小说 书源,有响应(拦截),403,https://www.58kanshu.net#🎃
东方图书,女频,有响应(拦截),403,https://dongfangbook.com
东流小说,验证,有响应(拦截),403,https://www.zfxwx.com
丝文网4wens,❤小说,有响应(拦截),401,https://m.4wens.org
丝袜小说（繁体）,小说 书源,有响应(拦截),403,https://www.uuxs.com/
丝路小说网,"待删,鸡肋,希弥",有响应(拦截),403,http://m.rsilu.com
乐文小说,"-------,0206⭐",有响应(拦截),403,https://m.xlwxs9c.com
乐文小说,小说 书源,有响应(拦截),403,https://www.62zw.com
乐文小说,小说 书源,有响应(拦截),403,https://m.lwlewen.org
乐文小说,小说 书源,有响应(拦截),403,http://www.lewen.org/
乐文小说网9,,有响应(拦截),403,https://m.xlwxs9.net
乐读小说,综合,有响应(拦截),403,http://api.book.bookld.com
乐读小说,-------,有响应(拦截),403,http://api.book.bookld.com##
九吧小说,小说 书源,有响应(拦截),403,https://m.x999xs.com
九灵小说,综合,有响应(拦截),403,https://m.x999xs.net##@尐哖
九灵小说,小说 书源,有响应(拦截),403,https://m.x999xs.net
书仓网,全部来自论坛,有响应(拦截),403,https://m.shucangxs.com/
书农文学,女频,有响应(拦截),403,http://www.shunong.com
书农文学🎃,,有响应(拦截),403,http://www.shunong.com#🎃
书包族吧,小说 书源,有响应(拦截),403,https://m.shubaozu.org
书包网,水幽临渊0905,有响应(拦截),403,https://www.ebookbao.org/
书包网[修复],"修复1118,精品书源1119",有响应(拦截),403,https://www.ebookbao5.com/
书库网子,小说 书源,有响应(拦截),403,https://www.dgzcgs.com
书快小说,📃论坛,有响应(拦截),403,https://m.shukuai9.com
书旗小说,全部来自论坛,有响应(拦截),403,https://m.shuq.net
书旗小说,小说 书源,有响应(拦截),403,http://m.shuq.net
书旗小说,小说 书源,有响应(拦截),403,http://m.shuq.net#HLB
书本网8,✨,有响应(拦截),403,http://www.shuben8.cc
书白迷楼,小说 书源,有响应(拦截),403,http://www.shumi99.com
书苑小说网,2,有响应(拦截),401,https://m.shuyuan6.com
书趣啦,"自制,一般",有响应(拦截),403,http://m.shuqula.com/
书迷楼,免检,有响应(拦截),403,http://www.shumilou.tw/
二三书屋23sh,❤小说,有响应(拦截),403,http://m.23shu.com
五六小说,,有响应(拦截),403,https://www.wuliushu.com/
企鹅听书,💰正版💰,有响应(拦截),403,http://pub.ddrd8.com/
优书书评,📃 优书,有响应(拦截),403,https://www.yousuu.com#md108c
优书书评,📃 优书,有响应(拦截),403,https://www.yousuu.com
优书书评,📃 优书,有响应(拦截),403,https://api.yousuu.com#未月十八小改
"优书网api▪书评 ♛♛♛  关键词 »» 搜书名；
　  @作者名 »» 搜作者； #作者名 »» 搜作者。",📃 优书,有响应(拦截),403,https://api.yousuu.com#md109b
优书网⑩,【小说2书源】,有响应(拦截),403,https://www.yousuu.com#未月十八
优书网吧,【小说1书源】,有响应(拦截),403,https://api.yousuu.com/#1
优书网吧（评论）,【小说2书源】,有响应(拦截),403,https://api.yousuu.com/#关耳#迷迭edit71
傲轩小说,小说 书源,有响应(拦截),403,https://www.axzw.com/#pb1101
傲轩小说,小说 书源,有响应(拦截),403,https://www.axzw.com/#♤pb
儒学书屋,"发现正文失效,搜索失效",有响应(拦截),403,http://m.ruxueshu.com
元宝小说,小说 书源,有响应(拦截),403,https://www.ybwzx9.com#♤yc
元宝小说（发现）,小说 书源,有响应(拦截),403,https://www.ybwzx9.com#yc1
全书斋0.5,"🚀 加速,🌸 免费",有响应(拦截),403,https://www.quanshuzhai.com/
全本女频（发现）,小说 书源,有响应(拦截),403,https://www.qb5.tw/
全本小说,小说 书源,有响应(拦截),403,https://www.qb520.cc
全本小说,"③🚫  禁验,⑤🛍︎  小说",有响应(拦截),403,https://www.xxqb5200.net#🎃
全本小说,小说 书源,有响应(拦截),403,https://www.qb5.la/#♤pb
全本小说,-------,有响应(拦截),403,https://www.xxqb5200.net
全本小说,小说 书源,有响应(拦截),403,https://www.qb5.la/
全本小说,小说 书源,有响应(拦截),403,https://www.qb5.la/#pb1101
全本小说,小说 书源,有响应(拦截),403,https://www.qb5.ac#🎃
全本小说qb5200,❤小说,有响应(拦截),403,http://www.qb5200.net
全本小说网,全部来自论坛,有响应(拦截),403,http://www.xqb5.cc
全本小说网yyds,综合,有响应(拦截),403,https://www.qb5.ac/
八一中文,小说 书源,有响应(拦截),403,https://www.byzw.cc
八一中文,小说 书源,有响应(拦截),403,https://www.81zw.co/
八一中文,小说 书源,有响应(拦截),403,https://www.81book.com/#♤pb
八一中文,小说 书源,有响应(拦截),403,https://www.81book.com/
八一中文,微筛选,有响应(拦截),403,https://www.81zw.io
八毛,综合,有响应(拦截),403,https://m.bamxs.com/
八毛小说🎃,,有响应(拦截),403,http://m.bamxs.com#🎃
六九书吧,常用,有响应(拦截),403,https://d34xj6zzll2cc7.cloudfront.net
六点小说,"自制,源仓库,网页源",有响应(拦截),403,http://m.liudianxs.com
兰文网吧,综合,有响应(拦截),401,https://m.lanwen.org
兰文网吧,小说 书源,有响应(拦截),401,https://m.lanwen.org#🎃
凤文网吧,小说 书源,有响应(拦截),401,https://m.fwxs8.com
出处源-仓库◎斋书苑,,有响应(拦截),403,http://www.zsyxs.cc#◎筱
出处源-仓库📖免费电子书,,有响应(拦截),403,http://www.ibookben.net/
剧社小说,搜索失效,有响应(拦截),403,https://m.jszxfx.com
动漫,"失效,收集出处：源论坛 4月29号,网站失效",有响应(拦截),403,https://hanime1.me/
包子漫画,漫画,有响应(拦截),403,https://cn.baozimh.com
包子漫画,收集方：源论坛 4月25号,有响应(拦截),403,https://cn.baozimhcn.com/
包子漫画（优）,漫画 书源,有响应(拦截),403,https://cn.baozimhcn.com
包小说网,小说 书源,有响应(拦截),403,https://www.tvbts.net#🎃
包小说网,小说 书源,有响应(拦截),403,https://www.31xs.net
包爱读书,小说 书源,有响应(拦截),403,https://m.ixpsge.com
千千中文,小说 书源,有响应(拦截),403,https://m.xqqxs8.net
千千中文,小说 书源,有响应(拦截),403,https://m.xlewen4.com
千千小说,小说 书源,有响应(拦截),403,http://www.qqxs8.co
千千小说qqxsnew,❤小说,有响应(拦截),403,https://wap.qqxsnew.net
千千小说①,"精品,发现失效,搜索失效",有响应(拦截),403,https://www.qqxsnew.net/
千百射,aa小说,有响应(拦截),403,https://www.europeli.com/
华曦小说heag8,❤小说,有响应(拦截),403,https://www.heag8.com
卫星小说,"-------,0206⭐",有响应(拦截),403,https://m.wenxue12c.com
去看文学,"未分,校验超时",有响应(拦截),403,http://www.qkwx.net/##@遇知
去看文学❷,﹅ 通用书源▪︎玄奇,有响应(拦截),403,http://www.qkwx.net/
去读小说,小说 书源,有响应(拦截),403,https://m.hongyue8.net/
去读读,,有响应(拦截),403,http://www.wodudu.cc
发芽小说网,综合,有响应(拦截),401,https://m.fayaxs.com
可乐小说,官方-7-17,有响应(拦截),403,https://www.kelexs.com
可乐小说◎GEd520◎,✨,有响应(拦截),403,https://www.kelexs.com/##
台湾小说,-------,有响应(拦截),403,https://www.twxsw.cc
同人小说,,有响应(拦截),403,http://www.trxs.org#
同人小说,,有响应(拦截),403,https://trxs.cc
同人小说,小说 书源,有响应(拦截),403,http://www.trxs.org/##@
同人小说,小说 书源,有响应(拦截),403,http://www.trxs.org#一程
同盟书阁,全部来自论坛,有响应(拦截),403,http://www.tmwxr.net
吧小说网,小说 书源,有响应(拦截),403,https://ts.txs12.com
启天中文,AAAAA新,有响应(拦截),403,https://www.qitianzw.com
吾爱文学,小说 书源,有响应(拦截),403,https://m.555b.net
呗希书网（魔法）,,有响应(拦截),403,https://www.zhongeruye.com
品书客,,有响应(拦截),403,https://m.pinshuke1.com
唉小说网,小说 书源,有响应(拦截),403,https://www.023dn.com
唉笔趣趣,小说 书源,有响应(拦截),403,http://www.biququ.com
唯美听书,听书 书源,有响应(拦截),403,https://m.ting275.com/##
啦啦小说网,全部来自论坛,有响应(拦截),403,https://www.shulala.org
四五中文,小说 书源,有响应(拦截),403,https://m.45zww.net
四五中文,小说 书源,有响应(拦截),403,https://www.45zw.org
四五中文（发现）,小说 书源,有响应(拦截),403,https://m.45zw.cc/
四四中文,小说 书源,有响应(拦截),403,http://www.44zw.net/
大风小说,1,有响应(拦截),403,https://m.ba1zw.com
大风（呵呵）,小说,有响应(拦截),403,m.ba1zw.com/
天天看书(部分章节打不开),✨,有响应(拦截),403,https://cn.ttkan.co#001
天天看小说,,有响应(拦截),403,https://ttk.tw/
天文中文,念心 || 小说,有响应(拦截),403,https://www.256zw.cc##旅途
天籁小说,小说 书源,有响应(拦截),403,https://m.xintianlaixsw.com/
天集中文,01.🌯🌯🌯,有响应(拦截),403,https://www.tianjizw.com
奇书网吧,小说 书源,有响应(拦截),403,https://m.qishu.org
奇奇小说网,,有响应(拦截),403,https://m.477zw3.com
奇幻小说,综合,有响应(拦截),403,https://www.7huan.com
奇快中文,,有响应(拦截),403,https://m.7kzww1.com/
奇快中文,小说 书源,有响应(拦截),403,https://www.qkzw.net/
奇快中文,小说 书源,有响应(拦截),403,https://m.7kzww7.com
奇快中文,小说 书源,有响应(拦截),403,http://www.qkzw.net/
奇漫屋,漫画 书源,有响应(拦截),403,http://qiman6.com
奇漫屋,𐄛🎨 漫画常用,有响应(拦截),403,http://qiman6.com##尐哖
奇葩小说,小说 书源,有响应(拦截),403,http://www.3qxs.cc/#pb1101
女读小说,✔️女频🌸,有响应(拦截),401,https://m.nvdushu.cc
女读小说,小说 书源,有响应(拦截),401,https://m.nvdushu.com/
女读小说,小说 书源,有响应(拦截),401,https://m.nvdushu.com#🎃
好看漫画,漫画,有响应(拦截),403,https://www.9comic.cn/
妙书斋,"发现失效,【🈚🉐🈚】校验超-时,搜索失效",有响应(拦截),403,https://www.doucehua.com/
子小说网,小说 书源,有响应(拦截),403,http://www.epxs.net/
孤灯阁,搜索失效,有响应(拦截),403,http://m.gudengge.com
宅阅读🎃,,有响应(拦截),401,https://m.zydu3.com#🎃
安利小说,小说 书源,有响应(拦截),403,https://www.xyb3.net
安奥中文网,综合,有响应(拦截),401,https://m.anaow.com
安搜书吧,小说 书源,有响应(拦截),403,http://m.tiyuyongpinwang.com
安趣阁,🌿待调试,有响应(拦截),403,https://m.acbqg.net/
宝书网,"发现失效,2,搜索失效",有响应(拦截),403,http://www.baoshus.com
宝酷中文,验证,有响应(拦截),403,https://www.baokuzw.com/
对阅读网,小说 书源,有响应(拦截),403,https://www.138txt.net
寻味书屋 xunweibook.com,验证,有响应(拦截),403,https://www.xunweibook.com/
小中文网,小说 书源,有响应(拦截),403,https://www.xszww8.net/#pb1101
小中文网,小说 书源,有响应(拦截),403,https://www.xszww8.net/
小书本网,综合,有响应(拦截),403,http://www.huaen.net
小原小说,,有响应(拦截),403,https://m.min-yuan.com
小说TXT,🏖️免费,有响应(拦截),403,https://www.xstxt.org/
小说书网,"失效,搜索目录失效",有响应(拦截),403,https://m.xiaoshuo530c.com
小说天下,"待删,鸡肋,希弥",有响应(拦截),403,http://m.qjzfcgw.com
小说狂人,-------,有响应(拦截),403,https://czbooks.net##
左叶小说@游客,"修复优化,游客自用,整理校验,自制,网页源",有响应(拦截),403,https://www.zuoye101.com
布拉书屋,综合,有响应(拦截),401,https://m.bulasw.com/
平板电子书,,有响应(拦截),403,http://www.qiuyelou.co/
幻梦轻小说,"General,Cloudflare",有响应(拦截),403,https://www.huanmengacg.com/
广安中文,小说 书源,有响应(拦截),403,http://www.tianshuwx.com/
广安中文,小说 书源,有响应(拦截),403,http://www.gazww.com#🎃
广安中文,小说 书源,有响应(拦截),403,http://www.tianshuwx.com#🎃
广安中文网◎辞晨◎,写源,有响应(拦截),403,http://wap.tianshuwx.org/
强效网站（优）,20250428,有响应(拦截),403,https://m.jieshengit.com
得间小说,小说 书源,有响应(拦截),403,https://wechat.idejian.com#ji230329b
得间小说,小说 书源,有响应(拦截),403,https://wechat.idejian.com#魔改app.26
得间小说[apiw],综合,有响应(拦截),403,https://wechat.idejian.com##
得间小说🎃#2,,有响应(拦截),403,https://wechat.idejian.com#🎃
微圖坊v2ph,💖图片,有响应(拦截),403,https://www.v2ph.ru
心心中文,写源,有响应(拦截),403,https://www.xinxinzw.com/
快眼看书-[百度搜索],小说,有响应(拦截),403,https://www.hrftv.com
思兔阅读（魔法）,魔法,有响应(拦截),403,https://sto55.com
思路客x,验证,有响应(拦截),403,https://m.silukex.com
思路客吧,小说 书源,有响应(拦截),403,https://www.siluke520.com/#pb1101
思路客吧（发现）,小说 书源,有响应(拦截),403,http://www.siluke6.com
恩木书库,综合,有响应(拦截),401,https://m.enmuku.com
恩木书库,小说 书源,有响应(拦截),401,https://m.enmuku.com#🎃
戏子阅读,222最新校验成功,有响应(拦截),401,https://m.xiziyd.com/
手打片吧,小说 书源,有响应(拦截),403,http://www.xylyc.com
找书小说,小说 书源,有响应(拦截),401,https://m.zhaoshus.com
挺好的-常用,"04、🥩  恰肉,非常重要 勿刪",有响应(拦截),403,https://tinghao4.com/
提莫書屋,,有响应(拦截),403,https://www.timotxt.com
提莫書屋🎃,,有响应(拦截),403,https://www.timotxt.com#🎃
搜动漫②,"发现失效,【】⛺漫画,【❌❌】搜索失-效,搜索失效",有响应(拦截),403,http://m.soudongman.com/
搜动漫③,"【】⛺漫画,搜索目录失效,【❌❌】搜索目录失-效,发现目录失效",有响应(拦截),403,http://m.soudongman.com#♤Haxc
搜动漫④,"【】⛺漫画,搜索目录失效,【❌❌】搜索目录失-效,发现目录失效",有响应(拦截),403,http://m.soudongman.com
搜狗小说,收集出处：源论坛 4月29号,有响应(拦截),403,https://www.sgzw.net
搜读小说,小说 书源,有响应(拦截),403,http://www.sodu.info
摘书楼,,有响应(拦截),403,http://www.zhaishulou.net
文学迷[修复],[1],有响应(拦截),403,https://www.juzixs.vip/
文学迷吧,小说 书源,有响应(拦截),403,https://www.juzixs.com/
文库8,"发现失效,【❌❌】网站失-效,搜索失效",有响应(拦截),403,https://www.wenku8.com
斋书苑,,有响应(拦截),403,http://www.zsyxs.cc#🎃
斋书苑_zsyxs.cc,1,有响应(拦截),403,http://www.zsyxs.cc
新书包网,小说 书源,有响应(拦截),403,https://m.jywad.com
新书包网,精品,有响应(拦截),403,https://www.xingshubao.cc/
新书本吧,小说 书源,有响应(拦截),403,http://www.bookbenx.cc
新书迷楼 xshumilou.net,校验,有响应(拦截),403,http://www.xshumilou.net
新八一中,小说 书源,有响应(拦截),403,https://www.x81zw.co/
新吾爱文学网,综合,有响应(拦截),403,https://wap.555b.net/
新新漫画,漫画🎟️,有响应(拦截),403,https://jinzandp.com/
新暖才小说,新暖才小说,有响应(拦截),403,https://mm.qinqinxiaoshuo.com
新笔趣库,小说 书源,有响应(拦截),403,https://m.xbiqiku.com
新笔趣阁xbqg06,笔趣阁,有响应(拦截),403,https://www.xbqg06.com
旗子小说,小说 书源,有响应(拦截),403,https://www.mqxs.com#
无二文学,书,有响应(拦截),403,http://www.52hfh.com
无忧书城,综合,有响应(拦截),403,https://www.51shucheng.net
无忧小说网,论坛：6月19号,有响应(拦截),403,https://www.51xsw.net
无错小说,小说 书源,有响应(拦截),403,https://www.xread8.net
无限小说,,有响应(拦截),403,http://www.wuxianxs.cc
无限小说,小说 书源,有响应(拦截),403,http://www.txt97.cc#
无限小说,小说 书源,有响应(拦截),403,https://wuxianxs.cc
无限小说,小说 书源,有响应(拦截),403,http://www.wuxianxs.cc#🎃
无限小说,小说 书源,有响应(拦截),403,https://www.txt53.com
无限小说网,,有响应(拦截),403,http://www.xs55.org
无限小说网[55],"发现失效,搜索失效",有响应(拦截),403,https://www.55txt.cc/
旧时光吧,小说 书源,有响应(拦截),429,https://www.lanrenyuhai.com/##@遇知
旧时光文学oldtime,❤小说,有响应(拦截),403,https://www.oldtimeswx.cc/
早点小说,小说 书源,有响应(拦截),403,https://m.31xiaoshuo.com
易文台,🎃 通用,有响应(拦截),401,https://m.ewentai.com#
易雅小说网,综合,有响应(拦截),401,https://m.yiyaxs.com
星星全本,免费,有响应(拦截),403,https://m.xxqb5200.net
星月中文,自制源,有响应(拦截),403,https://www.xinyuezw.com
晚云轩阁,小说 书源,有响应(拦截),403,https://www.yunxuange.org/
晚安小说（优）,小说 书源,有响应(拦截),403,https://m.wananxs.net
晴天听书<晴天>,番茄喜马拉雅听书,有响应(拦截),403,http://audio.cloudepays.cn
晴天小说<晴天>,"❤️番茄,❤️常用",有响应(拦截),403,http://novel.cloudepays.cn
有声听书网,有声,有响应(拦截),403,https://www.ysts.cc/
有声听书网,-------,有响应(拦截),403,https://m.ysts.cc##@遇知
有声小说①,有声,有响应(拦截),403,https://listenbookslst.com/
木兰花慢,👍 备用,有响应(拦截),403,https://www.haoyuezw.com
木兰花漫,"👍 精品,搜索失效",有响应(拦截),403,https://www.mulanhuaman.com
极速书库,"【❌❌】搜索正文失-效,搜索失效",有响应(拦截),403,https://www.bookjisu.com/##@遇知
枝叶小说网,综合,有响应(拦截),401,https://m.zhiyexs.com
格格党,女频,有响应(拦截),403,http://www.ggdxsw.cc
格格党 flydoing.com,未测试,有响应(拦截),403,https://www.flydoing.com
格格党小说网,已检,有响应(拦截),403,https://www.ggdxsw.cc
格格党网,小说 书源,有响应(拦截),403,http://www.ggdxs8.cc
梧桐落,"【❌❌】搜索正文失-效,搜索失效",有响应(拦截),403,https://www.wtlbook.com/#pb1101
棉花糖,菊花大侠2,有响应(拦截),403,https://www.xstxs.com#
棉花糖 #啾星的小啾啾,¹▽置顶`ȏ´正版发现,有响应(拦截),403,https://www.xstxs.com#js
棉衣漫画（优+）,漫画 书源,有响应(拦截),403,https://mycomic.com/cn
橘子小说/文学迷,20250428,有响应(拦截),403,https://m.juzixs.vip
欢欢中文,"👍 精品,搜索失效",有响应(拦截),403,http://www.huanhuanzw.com
歌笔趣吧,小说 书源,有响应(拦截),403,https://wap.bequwx.org
武林中文,小说 书源,有响应(拦截),403,https://www.50zw.org
武林小说,小说 书源,有响应(拦截),403,http://www.50xsw.com/
沧浪文学/恰猫小说,校验可用,有响应(拦截),403,https://m.canglangwx.com
沧海文学,"自制,源仓库,网页源",有响应(拦截),403,https://www.canghaibook.com
泼雨小说,小说 书源,有响应(拦截),403,http://www.31xs.org/#♤pb
海外书包,女频,有响应(拦截),403,https://www.haiwaishubao.com
海岸线,💠其他,有响应(拦截),403,http://www.haxwx5.com
海岸线网◾️,"发现失效,💍,搜索失效",有响应(拦截),403,http://m.hax520.com
海普文学🎃,,有响应(拦截),403,https://www.haipu-xs.com#🎃
涟漪文学,"精选,搜索失效",有响应(拦截),403,https://www.lianyiwx.com
润文网,涩文,有响应(拦截),401,https://www.runwens.cc
清河文学,🌈 首选书源,有响应(拦截),403,https://m.qhyrzs.com#🎃
清河文学网🇨🇳,,有响应(拦截),403,https://m.qhyrzs.com
渡渡鸟吧,小说 书源,有响应(拦截),403,http://m.31xs.com#嘚嘚21.0201
游泳看书（发现）,小说 书源,有响应(拦截),403,https://m.uuks.org
满小说网（发现）,小说 书源,有响应(拦截),403,https://www.tvbts.net/
滴滴漫画-M,漫画🎟️,有响应(拦截),429,http://m.nfydd.com
漫画柜吧,漫画 书源,有响应(拦截),403,https://www.mhgui.com
潇潇中文,"👍 精品,搜索失效",有响应(拦截),403,https://www.xiaoxiaobook.com
火球书库,"全部来自论坛,搜索目录失效",有响应(拦截),403,http://www.huoqwk.com
灯笔小说,小说 书源,有响应(拦截),403,https://wap.dengbi8.com/
灰机小说,小说 书源,有响应(拦截),403,http://lgqm.huijiwiki.com
灵域小说,,有响应(拦截),403,https://m.lingyutxt5.com
灵域小说,小说 书源,有响应(拦截),403,https://www.lingyutxt.net
烟云小说,"自制,备用,源仓库,网页源",有响应(拦截),403,https://m.yanyunxiaoshuo.com
燃文小说,小说 书源,有响应(拦截),403,https://m.ranwena.net
燃文小说,小说 书源,有响应(拦截),403,https://www.ranwena.net/#♤pb
燃文小说,小说 书源,有响应(拦截),403,https://www.ranwenbook.com
燃文小说,小说 书源,有响应(拦截),403,https://www.ranwen.tw/
燃文小说,小说 书源,有响应(拦截),403,https://www.ranwen.tw/#pb1101
燃文小说（发现）,小说 书源,有响应(拦截),403,https://www.ranwena.net/
爱听书网,有声,有响应(拦截),403,https://m.ting275.com
爱尚小说,小说 书源,有响应(拦截),403,https://www.23xsww.com
爱尚小说,"自制,一般,源仓库,网页源",有响应(拦截),403,https://m.itshang.com/
爱读书◎,,有响应(拦截),403,https://www.xpshuku.com
爱读书◎,,有响应(拦截),403,https://www.xpshuku.com#借用
爱读书书友◎辞晨◎,综合,有响应(拦截),403,https://m.xpshuku.com/
爱读书吧,小说 书源,有响应(拦截),403,https://www.ixpsge.com##@遇知
爱读书吧（优）,小说 书源,有响应(拦截),403,https://m.book56f.com
爱读书🎃,,有响应(拦截),403,https://www.ixpsge.com#🎃
爱豆看书,综合,有响应(拦截),403,http://www.a6ksw.co/
爱豆看书,小说 书源,有响应(拦截),403,http://www.a6ksw.co/##@遇知
爱豆看书,[小说源],有响应(拦截),403,http://www.a6ksw.co##旅途
牛眼看书,,有响应(拦截),403,https://www.niuyan123.cc
牛眼看书//壬二酸,涩文,有响应(拦截),403,https://www.52niuyan.top/
特·海警学院,﹅ 通用书源▪︎玄奇,有响应(拦截),403,https://m.hjgzf.com
特步,❤️涩涩（Tg敏感资源库:https://t.me/+Gk4E1u5cvaxhYTY1）,有响应(拦截),401,https://m.tebusw.com/
狮子鱼文,小说 书源,有响应(拦截),403,https://m.03wxw.com
猎文网,,有响应(拦截),403,https://m.liewen.la
玩吧小说（发现）,综合,有响应(拦截),403,https://www.wanbar.net
玩吧网络（发现）,小说 书源,有响应(拦截),403,https://www.wanbar.net/##@遇知
玫瑰小说🎃,,有响应(拦截),403,http://m.meiguixs.net#🎃
玫瑰🌹小说,小说,有响应(拦截),403,http://m.meiguixs.net
电子书网,小说 书源,有响应(拦截),403,https://www.151txt.com
畅听小说,有声,有响应(拦截),403,https://nesbookt.com/
番茄_By-[曦灵],"💎曦灵,搜索正文失效",有响应(拦截),403,http://www.wpzw.cc/  ##_By-[曦灵]
番茄中文,"菠萝包刺猬猫番茄,搜索失效",有响应(拦截),403,https://m.fqzw.net
番茄小说,,有响应(拦截),403,https://m.zym888.com
番茄小说,小说 书源,有响应(拦截),403,https://m.88ttv.com
番茄小说（发现）,小说 书源,有响应(拦截),403,http://www.fqxsw.org/#pb1101
番茄小说（喵公子API）②,𐄞📖 𐄙𐄙正版小说,有响应(拦截),403,https://api.52loli.cc
番茄小说🎃,"❤️番茄,❤️常用",有响应(拦截),403,http://www.wpzw.cc#🎃
番茄玄幻,小说 书源,有响应(拦截),403,https://www.fqxsw.org
白光小说(登录验证),女频,有响应(拦截),401,https://m.bgxs8.cc/
百合小说66,"网页源,源仓库,自制,修复优化",有响应(拦截),403,http://m.baihexs66.com
百度贴吧,特殊 书源,有响应(拦截),403,https://tieba.baidu.com#guaner
百度贴吧,💭💭💭💭💭💭,有响应(拦截),403,http://tieba.baidu.com/
百度贴吧（贴子）,特殊 书源,有响应(拦截),403,https://tieba.baidu.com#♤guaner
皇冠小说,小说 书源,有响应(拦截),403,https://www.31xiaoshuo.com/#pb1101
皮皮小说,小说 书源,有响应(拦截),403,https://www.uuxs.com#🎃
看书啦,"自制,源仓库,网页源",有响应(拦截),403,https://wap.stxsw.com
看书啦啦,小说 书源,有响应(拦截),403,https://www.kanshu5.net/
看书室程,小说 书源,有响应(拦截),403,https://www.kanshushi.com#yc1101
看书室🎃,"0206⭐,免费",有响应(拦截),403,https://www.kanshushi.com
看书阁吧,小说 书源,有响应(拦截),403,https://s.ksxsw.net
看客小说,,有响应(拦截),401,https://m.kankexs.com
看短剧网（优）,影视 书源,有响应(拦截),403,https://www.dj5.org/
真白萌,轻小说,有响应(拦截),403,https://masiro.me
着笔中文,"③🚫  禁验,⑤🛍︎  小说",有响应(拦截),403,https://m.zbzw8.com
码字阅读网,综合,有响应(拦截),401,https://m.maziyd.com
礼花看书,小说 书源,有响应(拦截),403,https://www.uuks.org
秀书网吧,小说 书源,有响应(拦截),403,https://www.xiumb.com/
稷下书院,全部来自论坛,有响应(拦截),403,https://www.novel543.com/
稻草人书屋,"📚  出版,🎨漫画",有响应(拦截),403,https://www.20dcr.com
笔下文学ᵇˣᵇººᵏ,,有响应(拦截),403,http://www.bxbook.cc
笔下文学⁷⁷,,有响应(拦截),403,http://www.bixia77.net
笔下文学⑤,⁴☃晨光雨露᭄精品源,有响应(拦截),403,https://www.bixiawenxue.org
笔墨小说,,有响应(拦截),403,http://www.bimoxs.cc
笔墨看书,综合,有响应(拦截),401,https://m.bimoks.com
笔趣宝E,验证,有响应(拦截),403,https://m.biqubao.com
笔趣小岛,小说 书源,有响应(拦截),403,https://www.gxyysb.com/
笔趣岛吧,小说 书源,有响应(拦截),403,http://www.gxyysb.com/
笔趣岛吧,小说 书源,有响应(拦截),403,http://www.gxyysb.com/##@遇知
笔趣岛社,小说 书源,有响应(拦截),403,https://www.gxyysb.com/##@遇知
笔趣岛🎃,,有响应(拦截),403,https://www.gxyysb.com#🎃
笔趣派,"自制,源仓库,网页源",有响应(拦截),403,https://m.biqupai8.com
笔趣阁,,有响应(拦截),403,http://www.zuowenjing.com
笔趣阁,Yolo,有响应(拦截),403,https://www.whzh-xs.cc
笔趣阁,全部来自论坛,有响应(拦截),403,https://www.biqugie.com
笔趣阁,"失效,网站失效",有响应(拦截),403,https://m.whzh-xs.com
笔趣阁,小说 书源,有响应(拦截),403,http://www.yuyougu.com/#pb1101
笔趣阁,小说 书源,有响应(拦截),403,http://www.yuyougu.com/#♤pb
笔趣阁,小说 书源,有响应(拦截),403,https://www.biqugexsw.cc/#pb1101
笔趣阁,小说 书源,有响应(拦截),403,https://m.mrsdo.com
笔趣阁,小说 书源,有响应(拦截),403,https://www.biquge99.cc
笔趣阁,小说 书源,有响应(拦截),403,https://www.bqg789.net
笔趣阁,小说 书源,有响应(拦截),403,https://www.biquge99.cc/#pb1101
笔趣阁,笔趣阁,有响应(拦截),403,https://www.biqugu.cc
笔趣阁,小说 书源,有响应(拦截),403,https://m.biduoxs.com
笔趣阁,小说 书源,有响应(拦截),403,https://www.biduoxs.com/#♤pb
笔趣阁,小说 书源,有响应(拦截),403,https://www.biqooge.com/#♤pb
笔趣阁,小说 书源,有响应(拦截),403,https://www.biqooge.com/#pb1101
笔趣阁,⑸🔰  优质,有响应(拦截),403,http://www.biqule.net
笔趣阁,小说 书源,有响应(拦截),403,https://m.biqugeq.org
笔趣阁,小说 书源,有响应(拦截),403,https://www.biqooge.com/
笔趣阁,小说 书源,有响应(拦截),403,http://www.zuowenjing.com#🎃
笔趣阁,小说 书源,有响应(拦截),403,https://www.biqugecom.cc#🎃
笔趣阁,小说 书源,有响应(拦截),403,https://www.bqg13.com/#♤pb
笔趣阁,小说 书源,有响应(拦截),403,http://www.yuyougu.com#🎃
笔趣阁,"💭💭💭💭💭💭,搜索失效",有响应(拦截),403,http://www.qu-la.com
笔趣阁,笔趣阁0905,有响应(拦截),403,https://m.ynnjmy.com
笔趣阁,"笔趣,发现正文失效,搜索失效",有响应(拦截),403,http://m.qu-la.com/
笔趣阁 yuyougu.com,未测试,有响应(拦截),403,http://www.yuyougu.com
笔趣阁(fd80)(7.12),"笔趣,发现失效,搜索失效",有响应(拦截),403,http://m.fd80.com/
笔趣阁/笔说阁,[1],有响应(拦截),403,https://m.biqugexs.com
笔趣阁17,小说 书源,有响应(拦截),403,http://www.cits0871.com/
笔趣阁171,小说 书源,有响应(拦截),403,https://www.lzyjy.com
笔趣阁44（发现）,小说 书源,有响应(拦截),403,http://www.bqg520.cc/
笔趣阁60（发现）,小说 书源,有响应(拦截),403,http://www.biqugexsw.net/
笔趣阁tw,,有响应(拦截),403,https://www.biquge.tw
笔趣阁zfangchan,笔趣阁0905,有响应(拦截),403,http://www.zfangchan.com
笔趣阁③,笔趣,有响应(拦截),403,https://www.biiduoxs.com/
笔趣阁⑩,精品,有响应(拦截),403,https://www.xsobiquge.com
笔趣阁⑱①,🍁 笔趣,有响应(拦截),403,https://www.bqg13.com/
笔趣阁◎GEd520◎,综合,有响应(拦截),403,https://m.bxetv.com/
笔趣阁中,-------,有响应(拦截),403,https://www.aishangba4.com
笔趣阁中文小说[xiaoshuo688],²♨笔-趣-阁❆,有响应(拦截),403,https://www.xiaoshuo688.com/
笔趣阁吧,小说 书源,有响应(拦截),403,https://www.biqugeso.org/
笔趣阁新,校验可用,有响应(拦截),403,https://m.ydxrf.com
笔趣阁（发现）,小说 书源,有响应(拦截),403,https://www.biduoxs.com
笔趣阁🎃#16,,有响应(拦截),403,https://www.biquge99.cc#🎃
笔趣阁🎃#9,,有响应(拦截),403,http://www.biqule.net#🎃
笔趣鸽🎃,"③🚫  禁验,⑸🔰  优质",有响应(拦截),403,https://m.ahfgb.com#🎃
笔阁趣文,小说 书源,有响应(拦截),403,https://m.xbgqw.com/##
笔阁趣文📱代理,校验超时,有响应(拦截),403,https://m.xbgqw.com
第一版主,收集方：源论坛 4月25号,有响应(拦截),403,https://banzhu66666.net
第一版主44444·优,涩文,有响应(拦截),403,https://www.banzhu44444.com/
第一版主②,,有响应(拦截),403,https://www.banzhu99999.com/#🚀
第八小说-夜明空,全部来自论坛,有响应(拦截),403,https://www.8xiaoshuo.com/
篱笆好文学-[百度搜索],"发现失效,全部来自论坛,搜索失效",有响应(拦截),403,https://m.libahao.com
粉翼书屋,综合,有响应(拦截),401,https://m.fenyisw.com
精英小说,"自制,源仓库,网页源",有响应(拦截),403,https://www.jyyxs.com
红妆文学,"自制,源仓库,网页源",有响应(拦截),403,https://www.hongzhuangbook.com
红尘书屋,"发现失效,搜索失效",有响应(拦截),403,http://www.zbcdw.com/
红袖招,涩文,有响应(拦截),403,https://hongxiuzhao.net
经致文学,正版小说 书源,有响应(拦截),403,http://www.jingzhi5.com
统计书吧,小说 书源,有响应(拦截),403,https://www.69shu.com/
绿色小说网,全部来自论坛,有响应(拦截),403,http://www.greentxt.net
网站文学,小说 书源,有响应(拦截),403,https://wechat.idejian.com#ji
美萌小说,小说 书源,有响应(拦截),403,https://v2.femalereader.com##@遇知
美萌阅读（优）,小说 书源,有响应(拦截),403,https://v2.femalereader.com
艺术小说网（仅发现）,"☁️可用,☣️发现大精选",有响应(拦截),403,http://mip.jiya168.com
艾一小说,,有响应(拦截),401,https://iyishus.com
艾希小说,小说 书源,有响应(拦截),403,https://wap.xs74w.com
芙蓉中文,🏖️免费+,有响应(拦截),403,http://www.furongzw.com/
若水文学[验证],验证,有响应(拦截),403,https://www.ruoshuiwx.com/
苦读书,"🚀 加速,🌸 免费",有响应(拦截),403,http://www.kudushu.net/
苦读书,"搜索失效,校验超时",有响应(拦截),403,http://m.kudushu.com/
英雄联盟小说网,"小说,竞技",有响应(拦截),403,https://m.yxlmxsw.com
萝莉文学,涩文,有响应(拦截),403,https://www.luoliwx.net
落秋中文,"🥇小黑网络素材,小说 书源",有响应(拦截),403,http://www.luoqiu.io
蜘蛛小说网,,有响应(拦截),403,https://www.zhizhuxs.com
行知小说,综合,有响应(拦截),403,https://m.cqgmp.com
西瓜书屋,综合,有响应(拦截),401,https://www.xiguasw.com
西瓜看书,,有响应(拦截),403,https://www.xiguaks.com
要看书,"【❌❌】网站失-效,搜索失效",有响应(拦截),403,https://m.1kanshu.org/
言情中文,小说 书源,有响应(拦截),403,http://www.yqzww.org#
言情小说,⊙∀⊙！,有响应(拦截),403,http://www.szhhlt.com/
言情小说🎃#2,,有响应(拦截),403,http://www.szhhlt.com#🎃
读一读,已检验,有响应(拦截),403,http://du1du.org#一程
读下小说网,全部来自论坛,有响应(拦截),403,http://m.duswx.com
读书网络,小说 书源,有响应(拦截),403,http://www.31xs.org/
读书言情,小说,有响应(拦截),403,http://www.bizhizhijia.com
读书阁吧,小说 书源,有响应(拦截),403,http://www.zmtt.net#🎃
读了小说,小说,有响应(拦截),403,http://m.qibazw.com/
读全本,"js失效,全部来自论坛",有响应(拦截),403,http://www.duquanben.co
读客书库,小说 书源,有响应(拦截),401,https://m.dukesk.com
读小说,综合,有响应(拦截),403,https://m.dxs.tw/
读零零喔（发现）,小说 书源,有响应(拦截),403,http://www.du00.org/
读零零喔（发现）,小说 书源,有响应(拦截),403,http://www.du00.org/##@鱼
起来小说,小说 书源,有响应(拦截),403,http://www.3qxs.cc/#♤pb
起舞中文,,有响应(拦截),403,https://m.75zwcom.com
趣书文吧,小说 书源,有响应(拦截),403,http://wap.qushuba.net/
趣书网/qutxt,"自制,女频,源仓库,网页源",有响应(拦截),403,https://www.qutxt.net/
路虎小说,小说 书源,有响应(拦截),401,https://m.luhubook.com#♤guaner
路虎小说 #关耳  ▼下页 js,综合,有响应(拦截),401,https://m.luhubook.com#guaner
路虎小说◎辞晨◎,小说,有响应(拦截),401,https://m.luhubook.com/
轻小说库,小说 书源,有响应(拦截),403,https://www.wenku8.net/index.php
轻小说文库,轻小说,有响应(拦截),403,https://www.wenku8.cc
轻小说文库.cc,,有响应(拦截),403,https://www.wenku8.cc/index.php
轻小说文（优）,小说 书源,有响应(拦截),403,https://yydskxs.com/
轻说文库（优）,小说 书源,有响应(拦截),403,http://www.wenku8.net/index.php
辣妹小说,"💭💭💭💭💭💭,搜索失效",有响应(拦截),403,http://www.lameixs.net/
追书小说（魔法）,小说 书源,有响应(拦截),403,https://js.jsxsapp.com
追哟文学,综合,有响应(拦截),403,https://m.zhuiyoxs.com
追哟文学,小说 书源,有响应(拦截),403,https://www.zhuiyo.com
酷傲小说网cuanxs,"☀其一,❤小说",有响应(拦截),401,https://m.cuaoxs.com
醋溜文学,小说 书源,有响应(拦截),403,https://m.clewxw.com
采墨阁子,小说 书源,有响应(拦截),403,https://m.caimoge.com
金刚小说,,有响应(拦截),401,https://m.jgxs.org/
铅笔小说 jundu8.com,校验,有响应(拦截),403,http://www.jundu8.com
铅笔小说[仅发现],女频,有响应(拦截),403,https://www.qianbitxt.com
阅读论坛,"js失效,【小说3书源】",有响应(拦截),403,https://legado.cn
阿婆小说,涩文,有响应(拦截),403,http://m.apoxs.com
集优中文,,有响应(拦截),403,https://www.jiyouzw.com
零点看书,小说,有响应(拦截),403,http://www.biqumx.com
零点看书,小说 书源,有响应(拦截),403,https://m.ldks8.net/
零点看书chensiwx,综合,有响应(拦截),403,http://www.chensiwx.com
零零看书（发现）,小说 书源,有响应(拦截),403,http://www.00kxs.com/
霹雳书屋,小说 书源,有响应(拦截),403,https://www.pilishuwu.com/#喜静
霹雳书屋,小说 书源,有响应(拦截),403,https://www.pilishuwu.com#🎃
霹雳书屋,小说 书源,有响应(拦截),403,https://www.pilibook.net
霹雳书屋,小说 书源,有响应(拦截),403,https://www.pilibook.net#🎃
霹雳书屋◎辞晨◎,🎃常规,有响应(拦截),403,https://www.mozishuwu.com/
静莫文学,小说 书源,有响应(拦截),403,https://www.jingmowx.com
顶点中文,发现失效,有响应(拦截),403,https://m.42cf.com/
顶点书屋,网站失效,有响应(拦截),403,https://www.dingdian007.com
顶点小说,小说 书源,有响应(拦截),403,http://www.ddxs.com/
顶点小说,小说 书源,有响应(拦截),403,https://www.sbooktxt.com
顶点小说 ddxs - 手机版,,有响应(拦截),403,https://m.ddxs.com
顶点小说14,"发现失效,【🈵♥🈵💯】231123千组1",有响应(拦截),403,https://www.23wx.la/#♤pb
顶点小说31,"【❌❌】搜索失-效,搜索失效",有响应(拦截),403,http://www.ddxsw.la
顶点小说36,"【❌❌】搜索失-效,发现失效,搜索失效",有响应(拦截),403,https://www.dingdian6.com
顶点小说9,"发现失效,【🈵♥🈵💯】231123千组1",有响应(拦截),403,https://www.23wx.la/#pb1101
顶点小说④,"💭💭💭💭💭💭,搜索失效",有响应(拦截),403,https://www.xbooktxt.net
顶点小说⑫,🔝 顶点,有响应(拦截),403,https://www.x23wxw.com/
顶点小说（发现）,小说 书源,有响应(拦截),403,https://www.dingdiann.org/
顶级看书网,静白,有响应(拦截),403,https://www.djksw.com/
风云小说,"自制,网络",有响应(拦截),403,https://m.nauqmf.com
风雨小说（发现）,小说 书源,有响应(拦截),403,https://www.44pq.org
飘天文学,小说 书源,有响应(拦截),403,https://www.piaotianwenxue.com/#♤pb
飘天文学,小说 书源,有响应(拦截),403,https://www.piaotian.so
飘天文学,小说 书源,有响应(拦截),403,https://www.piaotian.so#🎃
飘然文学,小说 书源,有响应(拦截),403,http://www.pr46.com/
饭团追书,小说 书源,有响应(拦截),403,http://b.zhuishushenqi.com##by：landseer
香 满 路◽️,小说,有响应(拦截),403,http://www.bookxml.com/
高泽漫画,"⌨ 自制,🎨 漫画",有响应(拦截),403,https://www.gaozehk.com
魔爪文学,"全部来自论坛,搜索失效",有响应(拦截),403,https://imozhua.com/
鱼鱼中文yuyuzw,❤小说,有响应(拦截),403,http://m.yuyuzw.com
鲜果小说,女频,有响应(拦截),401,https://m.xianguoxs.com
鲤鱼乡③,,有响应(拦截),403,http://www.liyuxiang123.com/#🚀
鲤鱼乡吧,小说 书源,有响应(拦截),403,http://www.liyuxiang123.com#🎃
麒麟中文,"【❌❌】搜索正文失-效,搜索失效",有响应(拦截),403,https://www.70zw.com/#pb1101
龙头小说,全部来自论坛,有响应(拦截),403,http://m.ltxs.la/
🆗♛飞速中文v2,¹▽置顶`ȏ´正版发现,有响应(拦截),429,https://m.feiszw.com#mie2
🈲🈲🈲xchina.🈲🈲🈲,🈲自己,有响应(拦截),403,https://xchina.biz
🌋 优书网▪️数据,搜书,有响应(拦截),403,https://api.yousuu.com/##lan
🌐 365Manga,🌐外语,有响应(拦截),429,https://365manga.com
🌐 Hameln 🇯🇵,英文版English,有响应(拦截),403,https://syosetu.org
🌐 百文斋网,🌐 网站,有响应(拦截),403,http://m.baiwenzai.com
🌐台湾小说◎辞晨◎,写源,有响应(拦截),403,https://twkan.com/########
🌐小说狂人◎GEd520◎,写源,有响应(拦截),403,https://czbooks.net/
🌐肉色漫画,,有响应(拦截),403,https://m.roumh.com
🌕王牌小说网,"【❌❌】搜索正文失-效,搜索失效",有响应(拦截),403,https://m.lwp7.com/
🌟 爱读书,④🔖  备用,有响应(拦截),403,https://www.ixpsge.com/
🌟 飘雨小说,"🌟 精品,搜索失效",有响应(拦截),403,https://www.pyxs.com
🌟 香满路网,"发现失效,【❌❌】搜索正文失-效,搜索失效",有响应(拦截),403,https://www.bookxml.com/
🌠13小说,【小说2书源】,有响应(拦截),403,https://m.13xxs.com/##@遇知
🌠摘书楼,【小说2书源】,有响应(拦截),403,http://www.zhaishulou.net/##@遇知
🌸 中网文学,🌸常用,有响应(拦截),403,https://www.zwwx.org
🌸 笔趣阁2-电脑,🌸常用,有响应(拦截),403,https://www.biqugeg.cc
🌸 麒麟中文,"【❌❌】搜索正文失-效,搜索失效",有响应(拦截),403,https://www.70zw.com
🌸中文书城🌸,,有响应(拦截),429,https://m.popoxs.com/
🌼风华枕居,⁶❀耽女︎ºั轻言,有响应(拦截),403,http://www.fenghuaju.cc
🌾稻草绒茶,"🌾 男频,✉️  网络文学",有响应(拦截),403,https://www.20dcr.com/
🍁 全本小说🔸qb5,𐄚📖 小说常用,有响应(拦截),403,https://www.qb5.in/##@遇知
🍁六九书吧,"发现失效,游客大佬,搜索失效",有响应(拦截),403,https://www.69shuba.com##@鱼
🍁笔趣阁⑤⑥,🍁 笔趣 🍁,有响应(拦截),403,https://www.5atxt.com/
🍁笔趣阁⑨②,²♨笔-趣-阁❆,有响应(拦截),403,https://www.bbiquge.net/
🍁笔趣阁⑨⑤,🍁 笔趣 🍁,有响应(拦截),403,https://www.bqg26.com/
🍁笔趣阁⑮①,,有响应(拦截),403,https://www.bequgexs.com/
🍁笔趣阁⑲①,,有响应(拦截),403,http://www.ltoooo.com/
🍁笔趣阁㉛①,,有响应(拦截),403,https://www.sobiquge.com/
🍁笔趣阁㊴①,,有响应(拦截),403,http://www.bqge.org/
🍁笔趣阁㊻①,,有响应(拦截),403,https://www.biquge.biz/
🍇台湾小说[繁转简],"-2,魔法",有响应(拦截),403,https://twkan.com/
🍇台湾小说[繁转简],"-2,魔法",有响应(拦截),403,https://twkan.com/##
🍊 三联书屋,【小说2书源】,有响应(拦截),403,http://www.sanlianshuwu.com
🍊 书轩网,🍊女频,有响应(拦截),403,http://wap.bookxuan.net
🍒六九(繁转简),第一分组,有响应(拦截),403,https://69shux.com##@@
🍒六九(繁转简),个人,有响应(拦截),403,https://69shux.com
🍒清河文学网,全部,有响应(拦截),403,https://www.qhyrzs.com/
🍒霹雳书屋,综合,有响应(拦截),403,https://www.pilishuwu.com
🍓广安中文,可搜索,有响应(拦截),403,http://m.tianshuwx.com##@鱼
🍗 LibRead,English,有响应(拦截),403,https://libread.com
🍩轻小说文库2.0[自写],,有响应(拦截),403,http://www.wenku8.net/index.php#xsw8093
🍺 00小说网,🍺 特优,有响应(拦截),403,https://www.00xiaoshuo.net/
🍺 31小说网 31xs.org,🍺 特优,有响应(拦截),403,https://www.31xs.org/
🍺 666搜书网,🍺特优,有响应(拦截),403,http://www.666soshu.com
🍺 69书吧 69shuba.com,🍺 特优,有响应(拦截),403,https://www.69shuba.com
🍺 ABC小说 xyb3.org,🍺 特优,有响应(拦截),403,https://www.xyb3.org
🍺 UU看书 uukanshu.cc,🍺 特优,有响应(拦截),403,https://uukanshu.cc
🍺 七三中文,🍺 特优,有响应(拦截),403,https://www.73zw8.org/
🍺 书快小说,🍺 特优,有响应(拦截),403,https://www.shukuai3.com/
🍺 云轩阁 yxgxs.net,🍺 特优,有响应(拦截),403,https://www.yxgxs.net/
🍺 元宝小说,🍺 特优,有响应(拦截),403,https://www.ybwzx9.com
🍺 八戒中文,🍺 特优,有响应(拦截),403,https://www.biquka2.com/
🍺 千凡小说,🍺 特优,有响应(拦截),403,https://www.qfxs123.com/
🍺 天天看书,🍺 特优,有响应(拦截),403,https://cn.ttkan.co/##@遇知
🍺 官术网,🍺 特优,有响应(拦截),403,http://www.tbxsw.cc
🍺 思路客 silukex1.com,🍺 特优,有响应(拦截),403,https://www.silukex1.com/
🍺 旭日小说,🍺 特优,有响应(拦截),401,https://m.xuribook.com
🍺 燃文小说⑪,🍺特优,有响应(拦截),403,http://www.ranwen.org
🍺 爱尚小说①,🍺特优,有响应(拦截),403,https://www.23hh.com
🍺 猎文网,🍺 特优,有响应(拦截),403,https://www.liewem.cc/
🍺 零零看书,🍺 特优,有响应(拦截),403,https://www.00kxs.com/
🍺 顶点小说 96dushu.com,🍺 特优,有响应(拦截),403,https://www.96dushu.com/
🍺 顶点小说 ibooktxt.net,🍺 特优,有响应(拦截),403,http://www.ibooktxt.net  ##_By-[曦灵]
🍺 顶点小说 xddxs.net,🍺 特优,有响应(拦截),403,https://www.xddxs.net/
🎄何所忆中文,🎄备用1,有响应(拦截),403,https://www.yihanzw.com
🎈笔趣阁qu-la,"【】👾笔趣阁,【❌❌】搜索失-效,搜索失效",有响应(拦截),403,https://www.qu-la.com
🎉 147小说网②,🎉精品,有响应(拦截),403,http://www.147xsw.com
🎉 33言情小说,🎉精品,有响应(拦截),403,https://www.33yqxs.net
🎉 69书吧②,👀小说,有响应(拦截),403,https://www.69shu.io
🎉 E小说,📃论坛,有响应(拦截),403,http://www.eexiaoshuo.co
🎉 三零读书,,有响应(拦截),403,https://www.30dushu.com
🎉 书山融合(完全版),🎉 通用书源,有响应(拦截),403,https://v1.vossc.com
🎉 二三书屋,"🔰 普通,🎉 精选,💡 发现",有响应(拦截),403,http://www.23shu.com
🎉 卫星小说,🎉 精选,有响应(拦截),403,https://m.wenxue12d.com
🎉 奇书网⑦[仅发现],🎉精品,有响应(拦截),403,https://www.suyingwang.net
🎉 布爱小说,👍 备用,有响应(拦截),401,https://m.buaxs.com
🎉 新暖才小说网,🎉精品,有响应(拦截),403,https://m.xncwxw2.com
🎉 爱看小说,👍 备用,有响应(拦截),403,https://m.qxs9.com
🎉 艾途小说,综合,有响应(拦截),401,https://m.aitbooks.com
🎉 落秋中文网,🎉精品,有响应(拦截),403,http://m.luoqiuzww.cc
🎉 要看书,🎉 精选,有响应(拦截),403,https://www.1kanshu.org
🎉 顶点小说⑱,"💊无搜,🎉精品",有响应(拦截),403,http://www.ddbook.cc
🎉 黑洞小说,🎉 精选,有响应(拦截),429,https://m.2cxo.com
🎉 黑洞小说,🎉 精选,有响应(拦截),429,https://2cxo.com
🎉66电子书①,,有响应(拦截),403,https://www.66txt.net/
🎉69书吧⑤①,,有响应(拦截),403,http://www.69shu8.com/
🎉uc中文网①,,有响应(拦截),403,http://www.uctxt.cc/
🎉一七书库①,,有响应(拦截),403,https://www.17suu.com/
🎉一品中文①,,有响应(拦截),403,http://www.yipinzw.com/
🎉久久小说①,,有响应(拦截),403,http://www.jjxxs.cn/
🎉书客居小说,,有响应(拦截),403,http://www.shukeju.net/
🎉书旗小说①,,有响应(拦截),403,http://www.shuqixs.cc/
🎉云轩阁③①,,有响应(拦截),403,http://www.yxgxs.net/
🎉五八小说②,,有响应(拦截),403,http://www.58xs.cc/
🎉傲轩小说网,,有响应(拦截),403,https://www.axzw.com/
🎉全本言情①,,有响应(拦截),403,http://www.qbyqxs.com/
🎉八百小说④,,有响应(拦截),403,https://www.800txt.org/
🎉八零小说②,,有响应(拦截),403,https://www.800xiaoshuo.info/
🎉小说旗②①,,有响应(拦截),403,http://www.xs-7.com/
🎉御书阁②①,,有响应(拦截),403,https://www.yushuge.info/
🎉恋上你看书,,有响应(拦截),403,https://www.630book.org/
🎉无名小说网,,有响应(拦截),403,https://www.wmtxt.net/
🎉日照小说网,,有响应(拦截),403,http://www.rizhaoxsw.com/
🎉日照小说网,,有响应(拦截),403,http://www.rzxs.org/
🎉梧桐落小说,,有响应(拦截),403,https://www.wtlbook.com/
🎉棉花糖小说,,有响应(拦截),403,http://www.mhtxs.net/
🎉笔趣看③①,,有响应(拦截),403,https://www.biqukan.la/
🎉第一中文网,,有响应(拦截),403,https://www.dyzw.com/
🎉算年年小说,,有响应(拦截),403,https://www.suanniannian.com/
🎉老百姓中文,🎉 精选 🎉,有响应(拦截),403,https://www.lbxzw.com/
🎉阅书小说网,,有响应(拦截),403,https://www.yueshu.org/
🎉阅书小说网,,有响应(拦截),403,https://www.yueshuxsw.com/
🎉风雨小说⑤,³۝天域整理,有响应(拦截),403,https://www.fengyuxs.cc/
🎋友谊小说网🎋,,有响应(拦截),403,http://m.uyixs.com/
🎋快读小说网🎋,,有响应(拦截),401,https://m.kuaidus.com/
🎐轻小说文库,🎐轻の,有响应(拦截),403,http://www.wenku8.net
🎨 1359漫画网,"🎨漫画,🚀VPN",有响应(拦截),429,https://m.bdido.com
🎨 733动漫 #Haxc,"发现失效,【❌❌】网站失-效,搜索失效",有响应(拦截),403,https://www.733.so#Haxc1107
🎨MYCOMIC💓,"xh,校验超时",有响应(拦截),403,https://mycomic.com
🎨Xpicvid,全部来自论坛,有响应(拦截),403,https://www.acgbay.com
🎨包子漫画💞,漫画,有响应(拦截),403,https://www.baozimh.com
🎨最次元💞,"xh,失效,网站失效",有响应(拦截),403,https://www.zcymh.com
🎨漫蛙💞,"🔭 其他,🎊 常用,🎨 漫画",有响应(拦截),403,https://manwa.me
🎨烟蓑雨笠,漫画,有响应(拦截),403,https://m.mm1316.com/
🎬看片狂人,影视,有响应(拦截),403,https://duande.cc/
🏔️ FanMTL,English,有响应(拦截),403,https://www.fanmtl.com/
🐑看帮下载,"🐑 下载,✉️  网络文学",有响应(拦截),403,https://www.kanbang.cc
🐬开源书源,🪷普通,有响应(拦截),403,https://api.yousuu.com/
🐾精华书阁2ksk,,有响应(拦截),403,http://www.2ksk.org
👌 六九(繁转简),👌 常用,有响应(拦截),403,https://69shux.com##@
👍 侠客中文网,"。,2,校验超时",有响应(拦截),403,https://www.xiakezw.com
👍 八一中文,"【❌❌】网站失-效,搜索失效",有响应(拦截),403,https://www.81zw.co#一程
👍 天籁小说②,⁴☃晨光雨露᭄精品源,有响应(拦截),403,https://www.hkxsw.cc
👍 笔趣阁⑤,👍 优质,有响应(拦截),403,https://m.znlzd.com
👍完结小说,"发现失效,【❌❌】网站失-效,搜索失效",有响应(拦截),403,https://m.mddtxt.net
👑 千千小说,👍 备用,有响应(拦截),403,https://www.qqxsw.mx
👑 爱趣小说/零点看书,"已校验,0206⭐",有响应(拦截),403,http://m.aiquxs.la
👑笔趣阁,🎓自制源,有响应(拦截),403,http://www.xsbiquge.org/
👑第一版主,收集方：源论坛 4月25号,有响应(拦截),403,https://www.banzhu999999.com/
💊 下书网,💊无搜,有响应(拦截),403,https://www.xiashu9.com
💊 丝路小说,💊无搜,有响应(拦截),403,https://www.rsilu.com
💊 五六小说网,💊无搜,有响应(拦截),403,http://www.wuliushu.com
💊 琵琶小说,💊无搜,有响应(拦截),403,https://www.ppxs5.com
💊 第八区,💊无搜,有响应(拦截),403,http://www.dibaqu123.com
💊 风雨小说②,💊无搜,有响应(拦截),403,https://www.fengyuxs.com
💐 杂读文库,👍 备用,有响应(拦截),401,https://m.zaduwk.com
💗 凯翼文学,"发现正文失效,🎄🎄🎄🎄🎄🎄,搜索失效",有响应(拦截),403,http://m.kaiyiwenxue.com
💠 99藏书网,"发现失效,💠 综合,搜索失效",有响应(拦截),403,https://m.99csw.com
💠 八仙小说,💠 其他,有响应(拦截),403,http://m.8xianxs.com
💤 NovelHall,English,有响应(拦截),403,https://www.novelhall.com
💦31小说网,,有响应(拦截),403,http://www.31xs.com/
💦一小说③①,,有响应(拦截),403,https://www.eexiaoshuo.com/
💦书轩网小说,,有响应(拦截),403,https://www.bookxuan.com/
💦小说屋②①,,有响应(拦截),403,https://www.xsw5.com/
💦新思路中文网,"💦 精品 💦,修复",有响应(拦截),403,https://m.slzww.org/
💦笔趣读①,💦 精品 💦,有响应(拦截),403,https://www.biquduu.com/
💦读书阁小说,,有响应(拦截),403,https://www.dushuge.org/
💦顶点小说⑧,💦 精品 💦,有响应(拦截),403,https://www.xs222.cc/
💦顶点小说⑫,,有响应(拦截),403,https://m.x23wxw6.com
💦顶点小说⑬,💦 精品 💦,有响应(拦截),403,https://www.23usb.com/
💫榜单数据,⌨💠综合,有响应(拦截),403,"https://api.yousuu.com##优书网
最后更新时间+字数"
💯一四小说网,,有响应(拦截),403,https://www.147xiaoshuo.com/
💯三小说网①,,有响应(拦截),403,https://www.31xiaoshuo.com/
💯书包网小说,,有响应(拦截),403,https://www.ebookbao.net/
💯官术网小说,,有响应(拦截),403,http://www.tbxsw.com/
💯新书本网①,,有响应(拦截),403,https://www.xbookben.com/
💯新顶点小说,"﹅ ♛ 精品,发现失效,搜索失效",有响应(拦截),403,https://www.xddxs.cc/
💯猎文网小说,,有响应(拦截),403,https://www.liewen.la/
💯番茄小说①,"番茄,💯 精品 💯",有响应(拦截),403,http://www.fqxsw.org/
💯读一读小说,,有响应(拦截),403,http://du1du.org
💯采墨阁小说,,有响应(拦截),403,https://www.caimoge.cc/
💯雅文小说①,,有响应(拦截),403,https://www.yawen.cc/
💰纵横·发现,¹▽置顶`ȏ´正版发现,有响应(拦截),403,https://search.zongheng.com#1
💰纵横中文网,,有响应(拦截),403,https://search.zongheng.com/
📃书本网,"发现失效,搜索失效",有响应(拦截),403,https://www.bookben.cc
📃新笔趣阁,,有响应(拦截),403,https://www.biquge9.com
📃笔趣阁⑥③,"笔趣,发现失效,搜索失效",有响应(拦截),403,https://www.biquxsw.com
📃笔趣阁⑫⓪,微筛选,有响应(拦截),403,https://www.quge6.com
📃笔趣阁⑬①,,有响应(拦截),403,https://www.biquge.so/
📃纵横🔸阅读,,有响应(拦截),403,https://search.zongheng.com#未月十八二次排版
📃芙蓉中文[验证码],,有响应(拦截),403,https://www.furongzw.com
📖 ABC小说,"测试组,📖 小说,@念丶无 残留",有响应(拦截),403,https://www.abcxs.org
📖 乐文网,📖 小说,有响应(拦截),403,https://www.lewencm.com/
📖 去读读网,📖 小说,有响应(拦截),403,https://www.qvdudu.net/
📖 图书迷网,📖 小说,有响应(拦截),403,http://www.tieshuba.com
📖 海警学院,"测试组,📖 小说,第二次精校遗留",有响应(拦截),403,https://www.hjgzf.com
📖 盗墓小说,📖 小说,有响应(拦截),403,https://www.daomutxt.com
📖 碧云将暮,📖 小说,有响应(拦截),403,https://www.bsllzw.com/
📖 笔趣阁网,📖 小说,有响应(拦截),403,http://www.erpwx.com/
📖 笔趣阁网,📖 小说,有响应(拦截),403,https://m.bqktxt.com/
📖 轻小说文库,"﹅ ♞ 普通,发现失效,搜索失效",有响应(拦截),403,https://www.wenku8.net
📖 黑道小说,"【❌❌】搜索失-效,发现失效,搜索失效",有响应(拦截),403,http://www.heidaoxs.com
📖爱趣文学（优）,📖网文,有响应(拦截),403,https://www.aiquwx.com
📖百字小说网@任尚仁,1,有响应(拦截),401,https://m.baizixs.com/
📗得间小说🐜,,有响应(拦截),403,https://wechat.idejian.com
📚 NovelFull,English,有响应(拦截),403,https://novelfull.net
📚 Ranobes,English,有响应(拦截),403,https://ranobes.top
📚 九九藏书,"📖 旺仔,发现失效,搜索失效",有响应(拦截),403,http://www.99csw.com/
📚 奇猫中文,校验可用,有响应(拦截),403,https://www.qimaozw.com
📚 桑舞小说,📚 正版,有响应(拦截),403,http://www.sangwu8.com
📚 风华文学,校验可用,有响应(拦截),403,https://www.shutuwx.com
📚九九藏书#嘚嘚21.0201,"📖 旺仔,发现失效,搜索失效",有响应(拦截),403,https://www.99csw.com#嘚嘚21.0201
📦 乐文小说,"发现失效,搜索失效",有响应(拦截),403,https://m.lwlewenxs.com
📪 第一版主,,有响应(拦截),403,https://www.diyibanzhu444444.com/##
📪第一版主,r,有响应(拦截),403,https://www.banzhu22222.net/##
📪第一版主@直男,r,有响应(拦截),403,https://www.banzhu333333.com/
📪第一版主@直男,r,有响应(拦截),403,https://www.banzhu11111.com/
📻 275听书,听书,有响应(拦截),403,https://m.ting275.com##@遇知
📻 听书网,📻 有声,有响应(拦截),403,https://m.ting13.cc/
📻 听四五六,听书,有响应(拦截),403,http://www.ting456.com
🔎百度贴吧,㊣🔎  百度,有响应(拦截),403,https://tieba.baidu.com
🔖256中文,"【❌❌】搜索失-效,搜索失效",有响应(拦截),403,https://www.256zww.com
🔖书轩网,"发现失效,2,3,5.26,搜索失效",有响应(拦截),403,http://www.bookxuan.com/
🔖去读读②,"测试组,测试1,神",有响应(拦截),403,https://m.qvdudu.net
🔖寂寞书吧,"发现失效,2,5.24,搜索失效",有响应(拦截),403,https://www.4efu.com
🔖纵横排行榜,🔖正版,有响应(拦截),403,http://search.zongheng.com/
🔥69书吧,"发现失效,搜索失效",有响应(拦截),403,https://69shuba.cx/index.html
🔮 六九书吧繁体,✨极速,有响应(拦截),403,https://69shux.com##
🔰 东山岁晚,"0911,无梦解书荒,999",有响应(拦截),403,http://www.dongshansuiwan.com
🔰 奥福书屋,🔰 普通,有响应(拦截),401,https://m.aofusw.com
🔰 橘子小说/文学迷,🔰 普通,有响应(拦截),403,https://m.juzixs1.com
🔰 经典笔趣阁,[1],有响应(拦截),403,https://m.jdbqg.com
🔰52小说④,🔰 一般 🔰,有响应(拦截),403,https://www.52xs.cc/
🔰天域中文,🔰 一般 🔰,有响应(拦截),403,https://www.tianyuzw.com/
🕊️白鸽文学[验证],,有响应(拦截),403,https://www.baigewx.com/
🗒 七三三网,"发现失效,【❌❌】网站失-效,搜索失效",有响应(拦截),403,https://www.733.so
🙈 八毛小说,❤️涩涩,有响应(拦截),403,http://m.bamxs.com
🚩 夕阳文学[码],🚩 弹窗,有响应(拦截),403,http://www.xiyangwx.com
🚬 xchina,🚬刘备,有响应(拦截),403,https://tw.xchina.co
🚬 乡村迷,"发现失效,🚬刘备,李,搜索失效",有响应(拦截),403,http://m.xcxsmi.com
🚬 第一版主17,网站失效,有响应(拦截),403,https://www.banzhu77777.com
🚭 鲤鱼乡③,❤️涩涩,有响应(拦截),403,http://www.liyuxiang123.com
🧐八一中文co #一程 ▼列表书少,"☄️☄️☄️☄️☄️☄️,搜索失效",有响应(拦截),403,https://www.x81zw.co#♤yc
🧐叶辰中文网,"发现失效,﹅ ♝ 优良,搜索失效",有响应(拦截),403,https://www.yczw.com/
🧐孤灯阁♨️,"发现失效,搜索失效",有响应(拦截),403,http://www.gudengge.com
🧐格格读书♨️,"发现失效,搜索失效",有响应(拦截),403,https://www.gg234.net
🧐武林中文② #一程♨️,"﹅ ♝ 优良,搜索失效",有响应(拦截),403,https://www.50zw.co#♤yc
🧐武林中文③ #一程♨️,"﹅ ♝ 优良,搜索失效",有响应(拦截),403,https://www.50zw.org#♤yc
🧐武林中文④ #破冰♨️,﹅ ♝ 优良,有响应(拦截),403,https://www.50zww.net/#♤pb
🧐青青小说♨️,"发现失效,﹅ ♝ 优良,搜索失效",有响应(拦截),403,https://www.qingtxt.com/
🧾E小说,"🌹,☣️精选senhora",有响应(拦截),403,https://www.eexiaoshuo.net
🧾笔 趣 阁,"🧾优选,🔮发现",有响应(拦截),403,http://www.xuanjiezhimen.org
🪔️ 全本小说🔸qb5,5.26,有响应(拦截),403,https://www.qb5.tw/##
🪜101看书,"自制,网络",有响应(拦截),403,https://101kanshu.com
00小说网,写源,超时,,https://m.00shu.la/
00小说网,[小说源],超时,,http://www.00xs.net/#♤pb
116中文,,超时,,https://m.116zw.com
123文学网,,超时,,http://www.123txt.cc
1359漫画-M,🎨漫画,超时,,https://m.1359mh.com
153小说,综合,超时,,https://m.153xs.com
17书库,🏖️免费,超时,,https://www.17suu.cc/
18小说,综合,超时,,https://m.18xsorg.com
234热门,综合,超时,,http://m.234re.com
2K小说,微筛选,超时,,https://www.2kxs.org#md-guaner
3,❤️涩涩,超时,,http://www.xsojo.com/
333uu.org_333uu.org,👍 备用,超时,,https://www.333uu.org
33言情,"自制,源仓库,网页源",超时,,https://m.33yq.net
33言情网,,超时,,https://m.x33yqw.com
369小说网,第一分组,超时,,https://www.369book.com
39书包,综合,超时,,http://www.39shubao.com/
4020电子书🎃,,超时,,https://www.iwurexs.info#🎃
444,﹅ 通用书源▪︎玄奇,超时,,https://www.diyibanzhu444.com/
520小说,🔥女频,超时,,http://m.520xsb.com
520小说(仅发现),综合,超时,,https://www.520fsxs.com/
54看书-笔趣阁（天天书源）,综合,超时,,https://m.54kanshu.com
56小说(仅发现),综合,超时,,https://www.56xs.net/
60看书,全部来自论坛,超时,,http://www.60ksw.com/
67书吧②,🎉 精品,超时,,https://www.67book.net/
67书吧🎃,,超时,,http://www.67shu.org#🎃
69书吧（梯子）,"发现失效,⭐️⭐️⭐️⭐️⭐️,搜索失效",超时,,https://www.69xinshu.com/
7766小说网,🥇小黑网络素材,超时,,http://wap.qiliuxs.com
77读书,综合,超时,,http://www.77shuku.net/##@遇知
77读书,全部来自论坛,超时,,http://www.77shuku.org
81中文网,"等待修复,发现目录失效",超时,,https://m.81cnw.com
9,涩涩,超时,,https://m.nmxjhb.com/
9号TV,"影视,发现失效,搜索失效",超时,,https://www.9htv.cc/group/
ACGԪ,"?һ,?",超时,,https://south.yuanacg.com#SUN
COCO漫画,漫画,超时,,https://www.cocomanga.com
ESJZONE🎃,,超时,,https://www.esjzone.me#🎃
ESJ轻小说.me,"日轻小说(2024-12-13)
GitHub@ZWolken",超时,,http://www.esjzone.me
Goddess美图分享,涩漫图,超时,,https://goddess247.com
Manga Raw,漫画🎟️,超时,,https://manga1000.com
Nhimmeo Mui(刺猬猫),,超时,,https://cwm.elysia.rip/
POPO完本,,超时,,https://web.popo.city
UC小说,正版,超时,,http://m.ucshuku.net#
VV小说网,"已校验,0206⭐",超时,,https://www.vvxs.xyz/
Woo15小说,,超时,,https://m.woo15.com/#🚀
Woo16小说,,超时,,https://m.woo16.vip/#🚀
bl书bl,,超时,,https://bl-m.shubl.com/
bl文库,已检验,超时,,https://m.blwenku.org/
b💯书虫💜全部▪分类▪💜💜💜🔎bak,"﹅ ♛ 精品,发现失效,搜索失效",超时,,https://www.shuchong.info#edit2
b💯书虫💜全部▪分类▪💜💜💜🔎bak,"﹅ ♛ 精品,发现失效,搜索失效",超时,,https://www.shuchong.info
i笔趣阁,⑸🔰  优质,超时,,https://www.ibqg.cc
ok小说网120,小说,超时,,https://m.ok120.net
⌨书汇小说网,⌨自制,超时,,https://m.shuhui8.com
⌨云书小说,⌨自制,超时,,https://yunshuzw.com
⌨新热门小说,,超时,,https://www.xinremenxs.com#旅途
⌨新热门小说,,超时,,https://www.xinremenxs.com
①笔下文学520,👍 备用,超时,,https://www.bxwx520.cc
①笔下文学zuohs,👍 备用,超时,,https://m.zuohs.com
Ⓐ 风之涯,"发现失效,𐄜 有声,搜索失效",超时,,http://www.fengzhiya.vip/#pb1025
○✾♜百合小说 #一程 ▼下一页,"【❌❌】搜索失-效,发现失效,搜索失效",超时,,https://m.baihexs.com#yc1217
☃ 番茄书源,《☃ 自用》,超时,,https://novel.cute521.cn
☆妙笔阁,暗涌,超时,,https://www.imiaobige.com##1
☘️乐文小说☘️,,超时,,https://wap.maxreader.net#响海
☘️亲小说☘️,,超时,,https://m.qinxiaoshuo.com
☘️小说网1☘️,,超时,,http://m.530p.com#响海
☘️畅阅小说网☘️,,超时,,http://c.c-ccccc.cc
☘️百合小说☘️,全部,超时,,https://m.baihexs.com#响海
☘️笔学网☘️,,超时,,https://m.shengcang888.com##响海
☘️连载中小说网☘️,,超时,,https://m.lianzai123.com
☘️顶点小说☘️,,超时,,https://wap.maxreader.net##响海
☘️鲤鱼乡☘️,,超时,,https://www.liyuxiang.cc/#响海
♛ 小疙瘩 #一程,☀️优选,超时,,http://m.xgedaa.com#♤yc
♛ 小说天下 #一程,"﹅ ♛ 精品,发现失效,搜索失效",超时,,http://www.qjzfcgw.com#yc1101
♛-147小说✘ #破冰,"💙已校验,🍀,搜索失效",超时,,http://www.147xs.org/#pb1101
♛-乐文小说① #一程,乐文,超时,,https://www.365xs.la#♤yc
♛-笔趣阁▪︎API-3✘ #pb sou.jiaston.com scxs.pysmei.com,²♨笔-趣-阁❆,超时,,https://www.biqugeapp.com/#♤pb
♛燃文小说④w #破冰▼列表书少 列表m,"﹅ ♛ 精品,搜索失效",超时,,https://www.ranwen.la/#pb1101
♛笔趣阁m⑤⑦ md #关耳,"♛42,搜索目录失效,🍋🍋🍋🍋🍋🍋",超时,,https://m.ibiquge.net#md-guanner
♛零点看书① #pb ▼列表书少,"﹅ ♛ 精品,搜索失效",超时,,https://www.00ksw.com/#pb1101
♜ UC书库,"🍍🍍🍍🍍🍍🍍,♜230,搜索失效",超时,,http://m.ucshuku.com#♤yc
♜ UC书库,"🍍🍍🍍🍍🍍🍍,♜230,搜索失效",超时,,http://m.ucshuku.com
♜ ✎笔趣阁⑩④ #破冰,笔趣阁,超时,,http://www.bequ6.com/#♤pb
♜ ✎笔趣阁⑪④ md #破冰,笔趣阁,超时,,https://www.bqg33.com/#md-pb16
♜ ✎笔趣阁⑯⑧ #破冰1101,"1,发现失效,5.26,搜索失效",超时,,https://www.biqudu.net/#pb1101
♜ 乐文小说① #一程,¹▽置顶`ȏ´正版发现,超时,,http://www.lewenge.org#♤yc
♜ 猪猪书网,,超时,,http://www.zzs5.com#yc1101
♜ 笔趣阁,,超时,,https://www.bequgew.com/#♤pb
♜ 若雨中文 #一程,"[9.1双网校对],校验超时",超时,,http://www.3yt.com#♤yc
♜+爱书包 #破冰,✨极速,超时,,https://www.ishubao.org/#♤pb
♜+爱小说网 #破冰,⁴☃晨光雨露᭄精品源,超时,,https://www.ixs.cc/#♤pb
♜+顶点小说230book.net #一程,顶点,超时,,https://www.230book.net#♤yc
♜-4小说,,超时,,http://www.xyusk.com/#pb1101
♜-4小说 #破冰,,超时,,http://www.xyusk.com/#♤pb
♜3Q中文网,"【❌❌】搜索失-效,搜索失效",超时,,http://www.3qzw.cc/#pb1101
♜3Q中文网 pb,"【❌❌】搜索失-效,搜索失效",超时,,http://www.3qzw.cc/#♤pb
♜69书吧①,【小说 书源】,超时,,https://www.69book.net/
♜76小说网 #Namo,"﹅ ♜ 优质,搜索失效",超时,,http://76kanshu.com#Namo
♜凤凰小说网 md #破冰,"发现失效,﹅ ♜ 优质,搜索失效",超时,,http://www.11txt.com/#mdpb
♜日照小说网① #破冰1101,"发现失效,﹅ ♜ 优质",超时,,http://www.rzlib.org/#pb1101
♜玫瑰小说 #md,⁴☃晨光雨露᭄精品源,超时,,https://www.meiguixsw.com/#md11
♜玲珑小说 #破冰,"发现失效,﹅ ♜ 优质,搜索失效",超时,,http://www.linglongfen.com/#pb1101
♜百合小说 #一程,⭐️小说,超时,,https://m.baihexs.com#yc1101
♜醋溜儿文学② #pb,⁴☃晨光雨露᭄精品源,超时,,https://www.clewxc.com/#♤pb
♜龙坛书网,,超时,,https://www.longtanshuw.net/#♤pb
♜龙坛书网③ #破冰,,超时,,https://www.longtanshuw.cc/#♤pb
♝✎笔趣阁⑫① #pb,"笔趣,发现失效,﹅ ♝ 优良,搜索失效",超时,,https://www2.youtuzige.com/#pb1101
♝✎笔趣阁⑫① #pb,"笔趣,发现失效,﹅ ♝ 优良,搜索失效",超时,,https://www2.youtuzige.com/#♤pb
♨️ 网阅中文,【小说 书源】,超时,,https://api.dswang.org/##@遇知
♬ 三五听书网 #破冰,"【❌❌】搜索失-效,搜索失效",超时,,https://ting35.com/#♤pb
♬ 三五听书网 #破冰1025,听书,超时,,https://ting35.com/#pb1025
♬ 听书网① #破冰,"有声,搜索失效",超时,,https://tingbook.cc#♤pb
♬ 听书网① #破冰1025,有声源,超时,,https://tingbook.cc#pb1025
⚡笔趣阁c20,"💥优质,笔趣阁,🍁 笔趣 🍁",超时,,http://www.xibiquge.com
⚡笔趣阁c30,"💥优质,言情",超时,,https://www.biqudu.net
✈图文韩漫towen,💜漫画,超时,,https://tuwenhanman.com
✍书趣阁2shuquge[修复],1122,超时,,https://91.246.39.21/
✐ 52书库 ✐,"发现失效,2,5.24,搜索失效",超时,,https://www.52shuku.me
✐ 最漫画📱 #Haxc1107,"漫画,搜索失效",超时,,https://m.zuimh.com/#Haxc1107
✐ 漫画星球 #Haxc,"漫画,发现失效,搜索失效",超时,,http://m.mhxqiu.com#♤Haxc
✐ 漫画星球 #Haxc1107,"漫画,发现失效,搜索失效",超时,,http://m.mhxqiu.com#Haxc1107
✐ 酷爱漫画  #一程,漫画,超时,,https://www.kuimh.com#yc1101
✐ 酷爱漫画 #Haxc1107,"🎨 C漫画,0-🏜️ 图片",超时,,https://www.kuimh.com#Haxc1107
✐ 🔥亲亲漫画 #Haxc,漫画,超时,,http://api.acg.gd#♤Haxc
✨书林文学,【❌❌】网站失-效,超时,,http://www.shu111.com##@尐哖
✾ 520小说 #一程,⁶❀耽女︎ºั轻言,超时,,http://m.520xsb.com#♤yc
❄书趣阁,"发现失效,【🈵♥🈵💯】231123千组2,搜索失效",超时,,https://91.246.39.21/##@鱼
❄未来天王,"[1],失效",超时,,http://www.weilaitianwang.net/
❄笔趣阁Ⅷ,【小说 书源】,超时,,https://m.bqgiii.cc/
❤️色欲文🎃,轩1,超时,,https://m.seyuwen.com
⭐60KS(电脑),⭐自制,超时,,http://www.60ks.net
⭐乐库小说网,⭐自制,超时,,http://www.6lk.net
⭐️乐文,3,超时,,http://m.lewenge.la
⭐️泡书,3,超时,,http://m.paoshu8.info
⭐️爱看书吧•M,3,超时,,http://m.i2book.com
⭐️笔下文学,3,超时,,http://www.bixia88.org
⭐️追书帮[m],3,超时,,https://m.zhuishubox.com
⭐️黄易小说•M,,超时,,http://m.huangyixiaoshuo.net
【⚚⋆全小说】,⁵♡ོ晨光雨露✺普通源,超时,,http://m.quanxiaoshuo.org/
【⚚⋆搜猫小说】,"发现失效,【❌❌】搜索正文失-效,搜索失效",超时,,https://soumal.com/
㊕ ✾鲤鱼乡① #一程1101,已校验929,超时,,https://www.liyuxiang.cc#yc1101
㊕ 御书屋 #一程,"发现目录失效,﹅ ㊕ 特殊,搜索目录失效",超时,,https://www.eyushuwu.com#♤yc
㊕ 白马楼 #一程1101,"无梦解书荒,1030",超时,,https://www.baimalou.com#yc1101
㊕✐好吧漫画 #一程,⁹ಥ刘备入川〽️,超时,,https://hao8.net#yc1101
㊣ 前路小说 #一程1101,需要登录,超时,,https://www.qianluxiaoshuo.com#yc1101
一本读,"001自用,网站失效",超时,,http://www.ybdu.me
一读小说,小说 书源,超时,,https://www.121du.net#(没问题有可能魔法)
一读小说,小说 书源,超时,,https://www.121du.net
一读小说,"💭💭💭💭💭💭,搜索失效",超时,,https://www.121ds.cc##@
七七漫画,漫画🎟️,超时,,http://wap.77manhua.net
七七读书,小说 书源,超时,,http://www.77dushu.com#guaner
七七读书,小说 书源,超时,,http://www.77dushu.com#未月十八repair#wy18-1001
七夕漫画,"漫画,发现失效,搜索失效",超时,,http://m.qiximh.com##@尐哖
七夕漫画,"漫画,发现失效,搜索失效",超时,,http://m.qiximh.com
七轻小说,小说 书源,超时,,https://m.37yq.com#🎃
七零一七,⭐️ 收藏,超时,,https://www.7017k.net
万书屋网,小说 书源,超时,,http://wap.wanshuwu.com
万相书城,,超时,,https://www.wxscn.com/
三七小说（优+）,小说 书源,超时,,https://www.37yq.com
三五中文,小说 书源,超时,,http://wap.xkushu.info
三五中文网,综合,超时,,http://www.xkushu.info
三五听书,听书 书源,超时,,https://ting35.com/
三五听书网,"﹅ 通用书源▪︎玄奇,搜索失效",超时,,https://ting35.com/#35听书
三五文学,小说 书源,超时,,https://www.35wx.la#
三五玫瑰,⑸🔰  优质,超时,,https://www.35meigui.com
三六九文,①💯  典藏,超时,,https://www.369book.com#🎃
三千五中文网,"☣️精选senhora,⛎JJ城",超时,,https://www.cn3k5.com
三叉小说,全部来自论坛,超时,,http://m.xxxbiquge.info
上玄幻阁,小说 书源,超时,,http://www.xuankuge.com/#pb1101
下书文学,API,超时,,https://get.xiashuzhan.com
下载楼,全部来自论坛,超时,,http://m.wxkushu.net
不文学网,小说 书源,超时,,https://www.800wx.net
中文网吧（发现）,小说 书源,超时,,http://www.25zw.net
久久下载网②,"发现失效,【❌❌】网站失-效,搜索失效",超时,,http://m.ijjjxs.net
久久小说,综合,超时,,http://www.5299txt.net
乐库小说,,超时,,http://m.6lk.la
乐库小说6lg,❤小说,超时,,http://www.6lg.org
乐库小说网,💭💭💭💭💭💭,超时,,http://m.6lg.org/##🌐
乐库小说（发现）,小说 书源,超时,,http://www.6lk.info
乐文去阁,小说 书源,超时,,http://www.lewenge.la##@尐哖
乐文小说,小说 书源,超时,,http://www.wfqzbh.com
乐文小说,小说 书源,超时,,http://www.lewenge.info/
乐文小说,小说 书源,超时,,http://www.65xs.net/
乐文小说,微筛选,超时,,https://www.365xs.la#一程
乐文小说[365],"测试组,@念丶无 残留,🏖️免费",超时,,https://www.365xs.la
乐文小说①,💯 满分,超时,,https://www.xlewen.com/
乐文小说⑦,0905校验,超时,,https://www.xlewen.org/
乐文小说◎辞晨◎,小说,超时,,http://m.lewenge.cc/
乐文小说网🎃,,超时,,https://www.lewen0001.com#🎃
乐文小说（新）,💭💭💭💭💭💭,超时,,https://www.newpopo.com
乐文阁子,小说 书源,超时,,http://www.lewenge.la
乐文阁子,小说 书源,超时,,http://www.lewenge.la##@遇知
乐文阁网,综合,超时,,http://www.lewenge.cc
乐文阁🥉,三等,超时,,http://www.lewenge.la#🎃
乐语漫画📱,漫画🎟️,超时,,https://m.leyuman.com
九五书包,小说 书源,超时,,http://www.95shubao.net
九五书包,小说 书源,超时,,http://www.95shubao.cc/
九五书包,小说 书源,超时,,http://www.95shubao.cc#🎃
九五书包,⭐️ 收藏,超时,,http://www.95shubao.la
九五书包🎃,,超时,,http://www.95shubao.info#🎃
九五书包🎃#2,,超时,,http://www.95shubao.la#🎃
九五小说,,超时,,http://www.xfjxs.com#♤yc
九五小说,综合,超时,,http://www.xfjxs.com
九五小说,综合,超时,,http://m.95dushu.com
九五小说,"💭💭💭💭💭💭,搜索失效",超时,,http://m.95shubao.cc/
九五小说,"💭💭💭💭💭💭,搜索失效",超时,,http://m.95shubao.cc/##@鱼
九五小说 #一程,综合,超时,,http://www.95shubao.net/#%E2%99%A4#♤yc
九五小说 #一程,-------,超时,,http://www.xfjxs.com#yc1101
九五小说🎃#2,,超时,,http://www.xfjxs.com#🎃
九桃小说,小说 书源,超时,,http://33txs.com/
九桃小说,小说 书源,超时,,http://11txs.com
九重文学,,超时,,https://www.9cwx.com
乡村小说◾️,"发现失效,💍,搜索失效",超时,,http://m.xcxs9.com
书林文学,自写的,超时,,http://www.shu009.com
书林文学,全部来自论坛,超时,,http://shu009.com
书林文学[仅发现],综合,超时,,http://www.shu008.com/
书林网(仅发现可用),"📚 出版,发现失效,搜索失效",超时,,http://www.mshu8.com
书籍推荐（推荐）,小说 书源,超时,,https://www.aixiake.com/
书荒小说网,,超时,,https://www.shuhuangxs.com
书趣中文,👍优质,超时,,https://www.shuquzw.com
书趣网_By-[曦灵],💎曦灵,超时,,https://www.1688by.com/  ##_By-[曦灵]
书趣阁,,超时,,https://www.ishuquge.la/
书趣阁,"希弥,常用A",超时,,https://wap.shuquge.com
书趣阁-8:35,"🚀 加速,🌸 免费",超时,,https://wap.ishuquge.org
书趣阁①,"💭💭💭💭💭💭,搜索失效",超时,,https://www.sizhicn.com/
书趣阁①,"常用A,搜索失效",超时,,http://www.shuquge.com
书趣阁子,小说 书源,超时,,https://wap.ishuquge.net
书迷之家,收集出处：源论坛 4月29号,超时,,https://m.vu8o.com
书阁,综合,超时,,https://www.shugege.net/
书香阁子（优+）,小说 书源,超时,,https://www.sxgread.com
二三中文网,综合,超时,,http://m.ersanxs.net
云中书库,-------,超时,,http://www.yunxs.info#
云中书库,-------,超时,,http://www.yunxs.info/##@遇知
云中书库,小说 书源,超时,,http://www.yunxs.com/#♤pb
云中书库,小说 书源,超时,,http://www.yunxs.com#一程
云中书库,小说 书源,超时,,http://www.yunxs.com/#pb1101
云中书库,小说 书源,超时,,http://www.yunxs.info#🎃
云中书库,小说 书源,超时,,http://m.yunxs.cc#🎃
云海小说网🎃,,超时,,https://m.yunhai9.com#🎃
云读小说,📃论坛,超时,,https://m.yundu9.com
云霄小说,小说 书源,超时,,http://www.yxgxs.org#🎃
云霄阁,全部来自论坛,超时,,http://www.322287.com
云霄阁,自制,超时,,http://www.e11.net
云霄阁吧,小说 书源,超时,,https://www.yunxiaoge.net
五六书库,小说 书源,超时,,https://www.56shuku.info
五六书库,小说 书源,超时,,https://wap.56shuku.info
五六书库,小说 书源,超时,,https://www.56shuku.la
亲亲漫画,⌨🎨漫画,超时,,http://api.acg.gd
人文书库,,超时,,http://www.rwsk2.com
亿软小说,小说 书源,超时,,http://www.yiruan.org
亿软小说,小说 书源,超时,,http://www.yruan.la
亿软小说,"自制,备用,源仓库,网页源",超时,,http://m.yruan.la
亿软小说,🏖️免费+,超时,,https://www.yiruan.la/
亿软网吧,综合,超时,,https://www.yruan.com/
亿软网吧,小说 书源,超时,,https://www.iyruan.com/
亿软网吧,小说 书源,超时,,https://www.yruan.com#🎃
亿软网破,小说 书源,超时,,https://www.yruan.com/#pb1101
以太小说网,女频,超时,,https://m.ethxs.com
优优,综合,超时,,https://m.yoyowx.com
伴侣中文网,D组,超时,,https://www.blzw.cc
侠客小说,小说 书源,超时,,https://www.tcknh.com
侠客小说🎃#2,,超时,,https://www.tcknh.com#🎃
修仙部吧（优）,小说 书源,超时,,http://www.bequ6.com/#pb1101
修真堂吧,综合,超时,,https://www.xiuzhent.com/
倚天中文,小说 书源,超时,,https://www.yitianzw.com
全书网yybook.vip,综合,超时,,https://yybook.vip
全本小说,小说 书源,超时,,http://www.iqb8.org
全本小说5200,,超时,,http://www.xs5200.com/
全本小说5200,,超时,,http://www.xs5200.com/#♤pb
全本小说②,﹅ ♞ 普通,超时,,https://www.qb50.net/#♤pb
全本小说②,﹅ ♞ 普通,超时,,https://www.qb50.net/#pb1101
全本小说网,收集方：源论坛 4月25号,超时,,https://m.qbxiaoshu.com
全本小说（发现）,小说 书源,超时,,https://www.qb50.net/
八一中文,综合,超时,,http://m.zwduxs.com
八一中文,小说 书源,超时,,https://www.blxs.la
八一中文,-------,超时,,http://www.zwduxs.com#yc1101
八一中文,小说 书源,超时,,http://www.blxs.la/
八一中文,小说 书源,超时,,https://www.blxs.la/#♤pb
八一中文,,超时,,https://m.bayizww.com#🎃
八一中文,小说 书源,超时,,http://www.zwduxs.com#🎃
八一中文,小说 书源,超时,,https://m.zwduxs.com#1
八一中文15,【⚙️已检书源】,超时,,https://www.blxs.la/#pb1101
八一中文② #一程,综合,超时,,http://www.zwduxs.com#♤yc
八一中文网-幕惜,1,超时,,https://m.bayizww.com
八一中文🎃#4,常规,超时,,https://m.zwduxs.com#🎃
八三中文,小说 书源,超时,,https://www.833zw.com
八块小说,涩文,超时,,http://www.8kbook.com
八月文学,,超时,,https://www.qixiashu.com
八月文学,🥇小黑网络素材,超时,,https://www.qixiashu.com#♤pb
八月文学 #破冰1101,综合,超时,,https://www.qixiashu.com#pb1101
八足,涩涩(低水平源),超时,,https://m.bazu.cc/
六七书吧,小说 书源,超时,,http://www.67shu.org/
六月听书,有声,超时,,http://www.tingshu168.com##yz
六月听书,听书 书源,超时,,http://m.6yueting.com/#♤pb
六月听书,-------,超时,,http://m.6yueting.com/#pb1025
六零小说,小说 书源,超时,,http://www.630xsw.com#🎃
冰氪漫画📱,漫画🎟️,超时,,https://m.icekr.com
冷冷文学,👍 备用,超时,,https://www.lengleng.cc/#去重复
几个合集可换源,综合,超时,,http://121.62.23.33:8898
创维小说,涩文,超时,,https://www.woo16.vip
前未漫画📱,"🎨漫画,🍙",超时,,https://m.qianwee.com
前路小说,搜索失效,超时,,https://www.qianluxiaoshuo.com#♤yc
动漫之家,"影视,发现目录失效,搜索目录失效",超时,,https://api.m.dmzj.com
勤书网,,超时,,http://member.iqinshu.cn#🎃
勤书网 member.iqinshu.cn,综合,超时,,http://member.iqinshu.cn
包子漫画2,🎨漫画,超时,,https://www.pkssj.com
包读书网,小说 书源,超时,,http://www.77dushu.com/#♤pb
区中文网（发现）,小说 书源,超时,,http://www.3qzw.cc/
千千小说10,"发现失效,【❌❌】网站失-效",超时,,https://www.qqxsw.info
千千小说（发现）,小说 书源,超时,,http://www.qqwmx.com/
千百射只能搜书名,联通可直连,超时,,https://www.ladybrillenigeria.com/
华东看书,,超时,,http://www.ahdzxtd.com/
华人论坛（须登陆）存档,免费,超时,,http://www.huarenv5.com##
华人论坛（须登陆）存档,,超时,,http://www.huarenv5.com
南屯小说网,,超时,,https://www.zmdy8.com/
南山书院,搜索失效,超时,,https://www.szyangxiao.com
南山书院,小说 书源,超时,,https://www.szyangxiao.com#一程
南山书院,小说 书源,超时,,http://www.szyangxiao.com
博奥书屋,,超时,,http://www.boaoshuwu.com
博看小说网(bokan001)(7.24),笔趣阁,超时,,https://m.bokan001.com
原创星球//壬二酸,AAAAA新,超时,,https://www.novelstar.com.tw/?lang=cn
去读读吧,小说 书源,超时,,https://www.qvdudu.com
叁伍中文,小说 书源,超时,,https://wap.xkushu.net
古典小说,微筛选,超时,,http://www.seeol.com
句子迷,其他,超时,,https://www.juzimi.com.cn/
叽叽小说网,小说,超时,,https://www.jjiiw.cc
同人小说,,超时,,https://www.trxs.me/
同人小说,小说 书源,超时,,http://www.trxs.me#HLB
同人小说,🎃 通用,超时,,https://199.33.125.173#
同人小说,③🌸  精品,超时,,http://www.trxs123.com
同人小说（发现）,小说 书源,超时,,https://www.trxs123.com/
同人社,小说 书源,超时,,https://www.trxs.me/tags-150-0.html
吞噬小说,🔰普通,超时,,https://m.tszw.org
吧书荒慌,综合,超时,,http://m.shuhuanghuang.com
吧来读读,小说 书源,超时,,https://www.xlaidudu.net/##@遇知
吧阅读器,小说 书源,超时,,https://www.9x.com
听书网吧,听书 书源,超时,,https://tingbook.cc
听蛙音乐（优+）,音乐 书源,超时,,https://so.itingwa.com
吾汗血也,"发现失效,小说,搜索失效",超时,,http://www.whxueye.com/
品小说网（发现）,小说 书源,超时,,http://www.1pxs.cc/#pb1101
哔咔漫画bikabika,💜漫画,超时,,http://m.bikabika.com
哭吧小说,小说 书源,超时,,http://www.00xs.net
唔中文网,小说 书源,超时,,http://www.25zw.net/#♤pb
唔小说网,小说 书源,超时,,https://m.2kxsw.com#🎃
唔小说网（发现）,小说 书源,超时,,http://www.630xsw.com/
啊中文网,小说 书源,超时,,http://www.25zw.net/#pb1101
啵乐屋90bole,❤小说,超时,,http://m.90bole.com
嗯群书库（发现）,小说 书源,超时,,http://www.pingshuku.com
嘛小说网,小说 书源,超时,,https://m.ok120.net#🎃
四库书屋,,超时,,http://www.4ksw.com
四库书屋,,超时,,http://www.4ksw.com##旅途
四零二零,综合,超时,,http://www.iwurexs.com
四零二零,小说 书源,超时,,http://www.wrlwx.com#md-guaner
围脖书库,微筛选,超时,,https://www.liuxs.la
坏蛋小说网,综合,超时,,https://m.huaidanxs.com
墨坛文学,综合,超时,,http://www.motanwx.com##喵~
外星书库（发现）,小说 书源,超时,,http://www.56shuku.org
夜伴书屋,小说 书源,超时,,https://www.ybsww.com
夜伴书屋,小说 书源,超时,,https://www.ybsww.com#🎃
夜寒书库,"失效,js失效,收集出处：源论坛 4月29号",超时,,https://www.yinyueyang.com
夜寒书库,小说 书源,超时,,https://www.yehanshu.com
夜色韩漫,"发现失效,🖼️🖼️🖼️🖼️🖼️🖼️,搜索失效",超时,,https://www.yeseimg.com
夜读居,👍 备用,超时,,http://www.yeduju.com
大帝小说库,全部来自论坛,超时,,http://m.aikushuge.com
大白小说,小说 书源,超时,,https://www.dabaipc.com#🎃
大白小说网,综合,超时,,https://www.dabaipc.com
大笔趣阁,,超时,,https://m.dbiqu.com/
天书小说🐲,"发现失效,搜索失效",超时,,http://m.tianshuba.org
天域小说,综合,超时,,https://www.tycqzw.com/
天域小说,综合,超时,,http://www.zmccx.com
天域小说,-------,超时,,https://www.zmccx.com/#♤pb
天域小说,-------,超时,,https://www.zmccx.com/#pb1101
天域小说,-------,超时,,https://www.tycqzw.la#
天域小说,小说 书源,超时,,https://www.tycqxs.com
天域小说,小说 书源,超时,,https://www.tycqzw.com#🎃
天域小说网,小说,超时,,http://m.tycqzw.net/##okou
天域小说网7,,超时,,https://www.zmccx.com
天域小说️,小说 书源,超时,,http://www.tycqzw.net#🎃
天天m.tannc,,超时,,https://m.tannc.com
天天²⁵²,,超时,,https://103.231.174.252/
天籁小说,小说 书源,超时,,https://m.tlaibook.cc
天籁小说,小说 书源,超时,,https://m.tianlaixsw.net/
天籁小说网,🎃 通用,超时,,https://www.tianlai01.com
天籁小说网🎃,,超时,,https://www.tianlai01.com#🎃
天趣阁,"发现失效,⑦❄️  常用,搜索失效",超时,,http://tianleizhu.com/
太极书吧（魔法）,魔法,超时,,https://69shux.co/#喜静
太极书吧（魔法）,魔法,超时,,https://69shux.co/#防同
太极小说（优+）,小说 书源,超时,,https://69shux.co/
奇书小说,20250428,超时,,https://www.qishuta.la
奇书网,"全部来自论坛,搜索失效",超时,,https://www.ssefu.com
奇书网71qs,"自制,女频,下载,源仓库,网页源",超时,,https://www.71qs.com
奇书网吧,小说 书源,超时,,https://www.qishuta.info#🎃
奇书网吧,小说 书源,超时,,https://www.qishuta.la#🎃
奇书网吧,小说 书源,超时,,https://www.75qs.com
奇书网吧,小说 书源,超时,,https://www.qsw.cc
奇书网络（导入）,小说 书源,超时,,http://www.qishuc.com
奇漫屋,"源仓库,发现失效,整理校验,自制,漫画源,搜索失效",超时,,http://m.qmanwu2.com
奇漫屋[已小改],漫画,超时,,https://www.mqzjw.com/
奇点中文,小说,超时,,https://m.qidianzw.com
女生文学,综合,超时,,http://www.wenxuem.com
女生文学,-------,超时,,http://www.wenxuem.com#♤yc
女生文学,-------,超时,,http://www.wenxuem.com#yc1101
好漫8[abyssesml],"🎨漫画,abysses",超时,,https://www.haoman8.com
好漫屋,🎨漫画,超时,,https://app2.haomanwu.com
好笔水阁,小说 书源,超时,,https://www.1688by.com
妈妈小说momxs,❤小说,超时,,http://m.momxs.com
安品中文,小说 书源,超时,,http://www.epzw.com/#♤pb
完本神站,4月2号静白,超时,,https://wbsz.cc/
完美小说,综合,超时,,http://m.umiwx.net
官场小说,👍优质,超时,,http://www.gcxs8.com
官术网,！绝对领域,超时,,https://www.biyuwu.cc/
宜春小说,小说 书源,超时,,http://www.yichun178.com
宝书网,【小说2书源】,超时,,https://www.baoshuxuan.com
宝书轩,"搜索正文失效,发现正文失效,【❌❌】搜索正文失-效",超时,,https://www.baoshuxuan.com#onede
对小说网,小说 书源,超时,,http://76kanshu.com
小小说,,超时,,https://m.xiaoxs.com/
小猫爱网,小说 书源,超时,,http://www.99mk.org
小疙瘩 #一程,综合,超时,,http://m.xgedaa.com
小疙瘩[动态加载],"💭💭💭💭💭💭,搜索失效",超时,,https://www.xgedaa.com
小说⁷⁷,,超时,,http://www.lw77.cc
小说下载,小说 书源,超时,,https://www.xiaxs.info
小说下载🎃,,超时,,https://www.xiaxs.info#🎃
小说云吧,小说 书源,超时,,http://api.xiaoshuoyun.cn
小说天堂,小说 书源,超时,,https://www.xstt5.com#♤yc
小说天堂,小说 书源,超时,,https://www.xstt5.com
小说天堂,小说 书源,超时,,https://www.xstt5.com#yc1101
小说天堂 #一程1,"💭💭💭💭💭💭,搜索失效",超时,,https://www.xstt5.com#yc11
小说爱慕,小说 书源,超时,,https://www.xiaxs.la#🎃
小说酷笔记,精品,超时,,https://m.kubiji.net/
就爱文学,综合,超时,,http://www.92xs.info
就爱文学,小说 书源,超时,,http://www.92xs.la
就爱文学,小说 书源,超时,,http://m.92xs.la
就爱文学,小说 书源,超时,,http://m.92xs.la#🎃
就爱文学,小说 书源,超时,,http://www.92xs.la#🎃
就爱文学,"源仓库,整理检验,自制,网页源",超时,,https://m.92wx.la
就爱文学网,综合,超时,,https://www.92wx.la
尾巴书库（发现）,小说 书源,超时,,http://m.xsshuku.com
山药小说,微筛选,超时,,http://www.zhanqunbao.cn
山药小说网[zhan],🏖️免费+,超时,,https://www.zhanqunbao.cn/
布卡漫画,🎨漫画,超时,,http://www.buka.cn
平凡文学,小说 书源,超时,,http://m.pksge.com
平凡文学,小说 书源,超时,,http://m.pksge.com#🎃
平板电子书,"自制,网页源,一般",超时,,https://www.pbtxt8.com
平板电子书网,2,超时,,http://www.pbtxt.me
应作如说,小说 书源,超时,,https://www.18xsorg.com
异小说网,小说 书源,超时,,http://m.ucxsw.org
当书网,,超时,,http://www.dangshu.org
当书网书（导入）,小说 书源,超时,,https://www.89ks.com
彩色文学,全部来自论坛,超时,,https://m.sewenxue.com
得奇小说,综合,超时,,https://www.deqixs.com/##ʕ ᵔᴥᵔ ʔ喜静
得奇小说,,超时,,https://www.deqixs.com
得奇小说,小说 书源,超时,,https://www.deqixs.com/#喜静
得奇小说,小说 书源,超时,,https://www.deqixs.com/##喜静
得奇小说🎃,小说,超时,,https://www.deqixs.com#🎃
得间女生,正版,超时,,https://www.idejian.com/nvsheng
得间小说,小说 书源,超时,,https://www.idejian.com/#haxc
得间小说,小说 书源,超时,,https://www.idejian.com#yc1101
得间男生,正版,超时,,https://www.idejian.com/nansheng
御书小说,,超时,,https://m.yushuwu.mobi
御书网(求优化）,1.圣源,超时,,https://m.yushugu.cc/
御宅书屋,女频,超时,,http://m.xbbxs.com
微阅读库,小说 书源,超时,,http://www.yuedsk.com###喜静
必去书库,综合,超时,,http://wap.biqusk.la
必去小说,综合,超时,,http://www.ibiquw.info
必去小说,,超时,,http://www.biquw.la
必去小说,小说 书源,超时,,http://www.biquw.la#🎃
必去楼,,超时,,http://m.bequ6.org
必去楼,综合,超时,,http://www.bequ6.org/
必读小说网,小说,超时,,http://wap.biquwenx.net
快眼小说,综合,超时,,http://www.kyxsw.org#
快读文学,测试1111,超时,,http://www.plhydp.com/
忽忽小说,api·凡,超时,,https://api.artcg.cn/
思路客①,③🌸  精品,超时,,http://www.shuquzw.info/
思路客吧,小说 书源,超时,,http://www.shuquxs.com/
思路客吧,小说 书源,超时,,http://www.siluke.com/
思路客（新）,"自制,源仓库,网页源",超时,,https://m.siluke.com//
思路客🎃#2,,超时,,http://www.shuquzw.info#🎃
恶补书库,小说 书源,超时,,http://m.77shuku.la
悠久小说,,超时,,http://www.ujxs.com#yc1101
悠久小说,小说 书源,超时,,http://www.ujxs.com#一程
悠久小说,小说 书源,超时,,http://www.ujxs.com
悠久小说,小说 书源,超时,,http://m.ujxsw.com
悠久小说,小说 书源,超时,,http://www.ujxs.com#md-yc14
悠久小说,"③🚫  禁验,⑤🛍︎  小说",超时,,http://m.ujxsw.net/##@鱼
悠久小说,小说 书源,超时,,http://www.ujxsw.com#🎃
悠久小说,小说 书源,超时,,http://m.ujxsw.net/
悠久小说🎃#2,"常,校验超时",超时,,http://www.ujxsw.net
悸花文学,综合,超时,,http://api.lestory.cn
想书楼吧,小说 书源,超时,,https://m.shulouba8.com
我爱电子书,免检,超时,,http://m.woaidu.cc/
我的书城,"自制,源仓库,网页源",超时,,https://www.woshucheng.com
我的书城(网站禁搜索),综合,超时,,https://wodushu.com
手打吧,精品,超时,,https://www.shouda88.com/
手机小说,综合,超时,,http://www.xiaxs.la
手机小说,小说 书源,超时,,http://www.ixiatxt.com#🎃
手机小说,小说 书源,超时,,http://www.xiaxs.la#🎃
扑飞漫画📱,🎨漫画,超时,,http://m.pufei8.com
打枪小说,小说 书源,超时,,http://m.147xs.org
指尖阅读,小说 书源,超时,,https://zjyd.danmofun.com
指尖阅读,小说 书源,超时,,https://zjyd.danmofun.com#md-yc1101
指尖阅读,小说 书源,超时,,https://zjyd.danmofun.com#yuan1107
指尖阅读,小说 书源,超时,,https://zjyd.danmofun.com#yc1101
指尖阅读,小说 书源,超时,,https://zjyd.danmofun.com#md-yuan1107
指尖阅读🎃,,超时,,https://zjyd.danmofun.com#🎃
掌心文学,小说 书源,超时,,http://www.zhangxinwx.com
搜小说,"💭💭💭💭💭💭,搜索失效",超时,,https://m.soxscc.net/#1
搜爱动漫（优）,影视 书源,超时,,https://www.socomic.com/
搜猫小说,小说 书源,超时,,http://soumal.com
搜猫小说,校验超时,超时,,http://www.soumal.com
搜读,综合,超时,,http://m.soduzw.com#
摘书楼,,超时,,http://www.zhaishuyuan8.org
摩比小說（繁体）,小说 书源,超时,,https://www.mobidushu.com/
摩西动漫,漫画,超时,,http://www.moxidongman.com
文啦小说,小说 书源,超时,,http://wap.qiliuwx.org#🎃
文墨中文,综合,超时,,http://www.imaxreader.com#
文墨中文,-------,超时,,http://www.imaxreader.com##@鱼
文墨中文,小说 书源,超时,,http://www.imaxreader.com#🎃
文学,,超时,,http://m.xwenxuem.com
文学度子,小说 书源,超时,,http://m.wenxuedu.com
文学度网,综合,超时,,http://m.wenxuedu.net
文学度网,校验超时,超时,,http://m.wenxuedu.net#🎃
文桑小说,小说 书源,超时,,http://www.wlwx.info
文桑小说,小说 书源,超时,,http://www.wlwx.org#yc1101
文桑小说,小说 书源,超时,,http://www.wlwx.org#♤yc
斗破苍穹,小说 书源,超时,,http://www.doupocangqiong.cc#🎃
斗破苍穹 doupocangqiong.cc,未测试,超时,,http://www.doupocangqiong.cc
斗破苍穹小说网,,超时,,http://m.doupocangqiong.cc#🎃
斗破苍穹小说网 m.doupocangqiong.cc,未测试,超时,,http://m.doupocangqiong.cc
新乐小说,小说 书源,超时,,https://m.lwtxt.net/#♤pb
新御书屋-δ,"发现失效,☢,搜索失效",超时,,http://www.xinyushuwu.com
新御书屋⑮,,超时,,http://www.xinyushuwu2.com/#🚀
新新漫画-com,🖼️漫画,超时,,https://m.77mh.com
新桥小说,小说 书源,超时,,https://m.xinqiaoxs.com#🎃
新笔趣 vvss.net,未测试,超时,,http://www.vvss.net
新笔趣谷/香书小说,,超时,,https://wap.xbiqugu.info
新笔趣阁,-------,超时,,www.xbiquge.la
新笔趣阁,小说 书源,超时,,http://www.xbiquge.la#cookie
新笔趣阁,网源备份,超时,,https://www.bq9.cc
新龙小说,涩文,超时,,https://www.longmebook.com
新龙小说,👍 备用,超时,,https://www.newloong.cc/#去重复
新龙小说🎗🪜,特殊,超时,,https://mob.xinlong5.com
无双小说,综合,超时,,http://www.buxia.la/
无双小说,🏖️免费+,超时,,http://www.buxia.info/
无名小说网,"☁️可用,⛩🎐senhora",超时,,https://m.wumtxt.com
无限小说,常,超时,,http://m.wenxuesk.info/
无限小说,小说 书源,超时,,http://www.55xs.co#🎃
无限小说网,,超时,,http://www.55xs.co
无限小说网,🎉 精品,超时,,https://www.wenxuesk.com/
无限小说网②,﹅ ♛ 精品,超时,,https://www.wenxuesk.com/#♤pb
无限小说网⑨,,超时,,https://m.wenxuesk.com
旧时光,🎃 通用,超时,,https://www.oldtimescc.com#
旧时光🎃,,超时,,https://www.oldtimescc.com#🎃
旺仔小说网,女频,超时,,https://www.wzxmt.cc
明月小说,小说 书源,超时,,http://wap.aishuge.cc
易读,综合,超时,,https://yiduzkk.com
易读,,超时,,https://yiduzkk.com#🎃
易读🎃,,超时,,https://yidubk.com#🎃
星彬小说阁,综合,超时,,https://www.xbing.cc
星星小说,小说,超时,,https://m.xingxingxsw.com
星星小说,小说 书源,超时,,https://m.zbcxw.cn/
星星小说🎃,,超时,,https://m.zbcxw.cn#🎃
星空小说,综合,超时,,http://wap.aixs.info
星空小说,写源,超时,,http://wap.aixswx.com
星空小说,小说 书源,超时,,http://wap.aixswx.net
星空小说,小说 书源,超时,,http://wap.aixswx.com#onede
星空小说,小说 书源,超时,,http://wap.aixswx.la
星空小说◎辞晨◎,写源,超时,,http://wap.aixswx.org/
晋南言情,女频,超时,,https://www.jinnanyq.com
最早小说,小说 书源,超时,,https://www.zuizaoxiaoshuo.com
最漫画,"漫画,搜索失效",超时,,https://m.zuimh.com/#♤Haxc
最漫画,"11.6精选书源,🎨漫画,?漫画源",超时,,https://m.zuimh.com#♤yc
最漫画②,漫画,超时,,https://m.zuimh.com#一程
最牛漫画,念心 || 漫画,超时,,https://m.zuimh.com#yc1101
月色小说,小说 书源,超时,,https://www.yuesebook.com
有声鬼故事,听书,超时,,https://www.guiguaiwu.com/##有声
望书阁子,小说 书源,超时,,https://wap.wangshuge.com
望书阁网,综合,超时,,http://wap.wangshugu.net#
望书阁网,综合,超时,,http://wap.wangshugu.org
望书阁网,小说 书源,超时,,http://wap.wangshuge.la
木叶小说,女频,超时,,https://m.muye.net
木叶小说,【小说2书源】,超时,,https://www.muye.net
木叶小说网,"5,。",超时,,https://wap.qixiashu.com
未来天王,,超时,,http://www.weilaitianwang.org
来读读吧,小说 书源,超时,,https://www.xlaidudu.net
来读读破,综合,超时,,https://www.laidudu.com/
来读读破,小说 书源,超时,,https://www.laidudu.com/#♤pb
松语文学,小说 书源,超时,,http://www.songyuwenxue.com
松鼠症仓库suqbcgrmwwc,"💜漫画,☀其一",超时,,http://2023-07-25suqbcgrmwwc.top
柚子小说（优）,小说 书源,超时,,https://m.888zjd.com
格格党,综合,超时,,http://206.238.220.99
格格党,收集出处：源论坛 4月29号,超时,,http://206.238.220.99:66
格格党吧,小说 书源,超时,,https://www.qiuju666.com#🎃
桃子小说,,超时,,http://www.taozitxt.net/
桃子小说,小说 书源,超时,,http://www.taozitxt.net/#喜静
桃子小说,小说 书源,超时,,http://www.taozitxt.net/##喜静
桃花小说,小说 书源,超时,,http://www.wrlwx.com#关耳
梦书中文,综合,超时,,http://www.mcmssc.la
梦玄幻阁,小说 书源,超时,,http://m.xuankuks.com
棉花糖小,小说 书源,超时,,https://www.mhtxs.la#🎃
棉花糖小说,全部来自论坛,超时,,http://www.mianhuatang8.net/
棉花糖小说,,超时,,http://www.mhtxs.info
棉花糖网,综合,超时,,http://wap.mhtxs.info/
棉花糖网,"发现失效,﹅ 通用书源▪︎玄奇,搜索失效",超时,,https://wap.imianhuatang.info
棉花糖网（发现）,小说 书源,超时,,http://wap.mianhuatang.tw
棉花糖说,小说 书源,超时,,https://www.mhtxs.la/#♤pb
棋子小说,小说 书源,超时,,https://www.18xsorg.com/#pb1101
歌书小说,综合,超时,,http://m.gashuw.com
武侠小说（魔法）,小说 书源,超时,,https://m.wuxia8.com/#喜静
武侠小说（魔法）,小说 书源,超时,,https://m.wuxia8.com/
武林中文（发现）,小说 书源,超时,,http://www.wlzw.net/
武道文学,,超时,,http://www.umiwx.com
武道文学,小说 书源,超时,,http://www.22pq.com
武道文学,小说 书源,超时,,http://www.umiwx.com#🎃
歪歪之家,"🎨漫画,🚬刘备",超时,,https://m.cacamh.com/
水小说网,小说 书源,超时,,https://www.147xs.org/
水电子书（优）,小说 书源,超时,,http://www.wrlwx.com#🎃
永恒小说,小说 书源,超时,,http://wap.4pan.org#
求小说网,-------,超时,,https://www.qiuxiaoshuo.org
求小说网,-------,超时,,https://www.qiuxiaoshuo.org/#pb
求小说网 81ht.com,未测试,超时,,http://www.81ht.com
汉化吧,🎃 通用,超时,,http://www.hanhuaba.com#
汉化吧🎃,,超时,,http://www.hanhuaba.com#🎃
江南小说网🇨🇳,✨,超时,,https://www.jiangnanxs.com
沐雨阅文,@收藏@,超时,,http://www.qidianyw.com
深夜书屋,"2,发现正文失效,3,5.26,搜索正文失效",超时,,https://www.shenyebook.com/##🍀
深夜看书,非常重要 勿刪,超时,,https://www.shenyekanshu.com
深夜看书🎃,,超时,,https://www.shenyebook.com#🎃
渣渣小说,,超时,,https://www.zztxt.net/#001
游湖小说,涩文,超时,,https://m.uhuxs.com
源社区出品-【🧾悠久小说】,20250428,超时,,http://wap.ujxsw.net
源社区出品-完美小说,发现规则为空,超时,,http://m.umixs.info
溜达小说,小说 书源,超时,,http://www.txtshuku.org#♤yc
溜达小说,小说 书源,超时,,http://www.txtshuku.org#yc1101
溜达小说,小说 书源,超时,,http://www.liudatxt.net/##@鱼
溜达小说（优）,小说 书源,超时,,http://m.liudatxt.net
漫漫看,"发现失效,【】⛺漫画,搜索目录失效,【❌❌】网站失-效",超时,,https://m.manmankan.cc
漫画1234📱,漫画🎟️,超时,,https://m.mh1234.com
漫画人,漫画,超时,,http://www.1kkk.com
漫画牛,漫画🎟️,超时,,https://m.manhuaniu.com
灵域小说,-------,超时,,https://m.lingyutxt.net#响海
炫动,,超时,,https://www.xuandong.cc
炫动小说网,全部来自论坛,超时,,https://www.xdxss.com
燃文小说,小说 书源,超时,,https://www.ranwen.la/#♤pb
燃文小说,小说 书源,超时,,https://www.ranwen.tv/
燃文小说,小说 书源,超时,,https://www.ranwen.tv#🎃
燕,已检验,超时,,http://m.shubaoju.cc
爱上你听书(搜索无效),有声,超时,,http://www.23ts.com/#pb1025
爱上听书,听书 书源,超时,,http://www.23ts.com/#♤pb
爱上听书,听书 书源,超时,,http://www.23ts.com/
爱上听书(网站搜索不了),有声,超时,,https://www.230ts.net/
爱下,综合,超时,,http://www.sjwx.la
爱书包网,综合,超时,,https://wap.ishubao.org/
爱书音,🎧 有声,超时,,https://m.ishuyin.com
爱听书网,听书 书源,超时,,https://m.520tingshu.cc
爱听书网,念心 || 听书,超时,,https://www.ting13.com/
爱奇文学,"﹅ ♞ 普通,搜索失效",超时,,http://www.i7wx.net#玄奇21.0202
爱奇文学,﹅ 通用书源▪︎玄奇,超时,,http://m.i7wx.net
爱奇文学（发现）,小说 书源,超时,,http://www.i7wx.net/
爱小说,,超时,,http://m.18ys.net
爱小说网,小说 书源,超时,,https://www.00shu.com/#pb1101
爱小说网,小说 书源,超时,,http://www.ixs5200.com#md-pb1101
爱小说网,小说 书源,超时,,http://www.ixs5200.com
爱小说网（发现）,小说 书源,超时,,https://www.ixs.cc
爱尚小说,小说 书源,超时,,https://m.23hh.la
爱尚小说,小说 书源,超时,,http://m.23hh.info/
爱尚小说,"备用,自制,搜索失效",超时,,https://www.23xsw.net
爱曲小说,综合,超时,,https://m.xbiqusa.com/
爱电子书,优选书源by沐云风,超时,,https://www.iwurexs.net
爱看书吧,,超时,,https://m.ikshu8.com
爱看小说,念心 || 小说,超时,,http://www.bqg.lol/
爱笔楼/笔趣阁,111最新校验成功,超时,,https://m.ibiquge.info/
爱笔楼吧,综合,超时,,https://www.ibiquge.info/
爱笔楼吧,小说 书源,超时,,https://www.ibiquge.info#🎃
爱西红柿,小说 书源,超时,,https://m.xhsxsw.com
狐狸小说网,综合,超时,,https://www.hulixsw.com
猪猪书网,综合,超时,,http://www.zzs5.net
猪猪书网,小说 书源,超时,,http://www.zzs5.info#🎃
猪猪书网,小说 书源,超时,,http://www.zzs5.com#🎃
猪猪书网 #一程,综合,超时,,http://www.zzs5.com#♤yc
猫番国漫(推荐),,超时,,http://122.228.8.21:3333
玄幻阁 #一程,综合,超时,,http://www.xuankuge.com#yc1101
玄幻阁吧,小说 书源,超时,,http://www.xuankuge.com#♤yc
玄幻阁吧,小说 书源,超时,,http://www.xuankuks.com#🎃
玄幻阁吧,小说 书源,超时,,http://www.xuanyge.net#🎃
玄幻阁吧（优）,小说 书源,超时,,http://www.xuanyge.com/##@遇知
玄幻阁子,小说 书源,超时,,http://www.xuankuge.com
玄幻阁子,-------,超时,,http://www.xuankuks.com#一程
玄幻阁小说,收集出处：源论坛 4月29号,超时,,http://wap.xuanyge.org/
玄幻阁小说网 xuanyge.com,未测试,超时,,http://www.xuanyge.com
玄幻阁网,综合,超时,,http://www.xuanyge.org
玄幻阁网,小说 书源,超时,,http://www.xuanyge.com#🎃
玫瑰小说,小说 书源,超时,,https://www.meiguicom.com/
玫瑰小说,"发现失效,搜索失效",超时,,https://m.meiguixsw.com
珊瑚书院,小说 书源,超时,,https://www.wo16.cn
电子书壹,小说 书源,超时,,https://www.wurexs.com
电子小说,-------,超时,,https://www.dzxs8.com/##@遇知
电子小说(反发现),综合,超时,,https://www.dzxs8.com
略更网吧,小说 书源,超时,,https://m.luegeng.com/
番茄小说,小说 书源,超时,,http://yuefangie.jingluo.love
番茄小说_By-[曦灵],💎曦灵,超时,,http://www.xfqxsw.com/  ##_By-[曦灵]
番茄小说无密钥版1鲸落,❤️精品,超时,,http://yuefanqie.jingluo.love
番茄小说无密钥版2鲸落,"❤️番茄,❤️常用",超时,,http://apifanqie.jingluo.love
番茄小说（Xposed版）,"正版,番茄,搜索正文失效",超时,,http://106.55.56.77:2099
番茄小说（不限制下载）,,超时,,http://111.170.33.6:49988/
番茄小说（优+）,小说 书源,超时,,https://ikun.laoguantx.top:45598
番茄接口（北京）,番茄小说,超时,,http://81.70.63.5:369/
白马書楼🎗,,超时,,https://www.baimalou123.com
白马楼,💠其他,超时,,https://www.baimalou.com
百分影院（优）,影视 书源,超时,,http://www.biquys.com/
百合小说,9.5检验,超时,,http://m.baihexs.com
皇帝之家,小说 书源,超时,,https://www.huangdizhijia.com
皮皮文学（发现）,小说 书源,超时,,https://www.ppzuowen.com
盐神阁,0905校验,超时,,http://www.juhaowan.club
看书吧🎃,,超时,,http://www.bbiquge8.net#🎃
看书宅屋,🎉️精选,超时,,https://wap.kbookzw.com/
看书网吧,小说 书源,超时,,https://www.kanzh.com
看小说网,小说 书源,超时,,http://www.7kankan.net
石头小说,,超时,,https://www.shitouxs.com
碧曲书库,综合,超时,,http://wap.biqugewx.info
神书网,,超时,,http://wap.shenshuzw.net
神书网吧,小说 书源,超时,,http://wap.shenshuwx.com
神藏小说网,综合,超时,,http://www.swangwx.la
神马小说🎃,,超时,,https://www.shenmaxiaoshuo.com#🎃
福书网,综合,超时,,http://www.fushu100.net
福书网,"【🌸自用女频源】,优选女频",超时,,https://www.fushuwang.net/
稻  草  人,⁵♡ོ晨光雨露✺普通源,超时,,https://www.07dcr.com/##发现
稻草书屋,小说 书源,超时,,https://www.dcrsu.com#
稻草书屋,小说 书源,超时,,https://www.dcrsu.com#🎃
穿越小说,,超时,,http://m.kk169.com
穿越小说,小说 书源,超时,,http://m.kk169.com/##@遇知
笔下文学,小说 书源,超时,,http://88txs.com
笔下文学bxwx,天天,超时,,https://www.bxwx.live
笔下文学hbxwx,❤小说,超时,,https://www.hbxwx.net
笔下文学①,精品,超时,,https://www.bxwxorg.com/
笔尖biqu,综合,超时,,https://www.biquzw.info
笔尖中文[自写],,超时,,http://www.xbiquzw.com/
笔看阁🥈,二等,超时,,https://www.bikange.com
笔翠小说b6,涩文,超时,,http://www.bicui6.com
笔趣中文,,超时,,http://www.ibiquzw.org
笔趣中文changqing51,女频,超时,,http://www.changqing51.com
笔趣出版,名著出版,超时,,http://www.ailcai.com/
笔趣塔/炫书网,综合,超时,,http://m.ibiquta.org
笔趣岛,✨极速,超时,,https://m.biqudao.cc
笔趣工,微筛选,超时,,https://wap.gonb.org/
笔趣库,笔趣阁,超时,,https://m.9biquge.com/
笔趣看网,,超时,,https://m.biqikan.com/
笔趣网吧,小说 书源,超时,,http://www.biquw.info/
笔趣读吧,小说 书源,超时,,https://www.xxbiqudu.com#🎃
笔趣谷,,超时,,http://wap.xbiqugu.net
笔趣迷网,小说 书源,超时,,https://www.biqumi.cc
笔趣阁,,超时,,http://m.wujixsw.org/
笔趣阁,,超时,,https://www.xbiquge.la/
笔趣阁,,超时,,https://www.yuyouge.com/
笔趣阁,✔,超时,,http://m.bequgew.info/
笔趣阁,小说 书源,超时,,https://www.xbiquwx.la#yc1101
笔趣阁,小说 书源,超时,,https://www.xbiquwx.la/#♤pb
笔趣阁,小说 书源,超时,,http://www.biquku.la
笔趣阁,小说 书源,超时,,https://www.mcmssc.com/#♤pb
笔趣阁,小说 书源,超时,,https://m.quge7.cc
笔趣阁,小说 书源,超时,,https://www.biqueg.vip
笔趣阁,小说 书源,超时,,https://www.mcmssc.com
笔趣阁,-------,超时,,https://www.xbiquge.la/#pb1101
笔趣阁,小说 书源,超时,,https://www.liquge.com
笔趣阁,小说 书源,超时,,http://www.bswtan.com/
笔趣阁,小说 书源,超时,,https://www.xbiquwx.la/#pb1101
笔趣阁,小说 书源,超时,,https://m.bqgnn.com
笔趣阁,小说 书源,超时,,www.xbiquge.la#onede
笔趣阁,小说 书源,超时,,https://www.ibiquge.net#md-pb1101
笔趣阁,小说 书源,超时,,https://www.xbiquwx.la#♤yc
笔趣阁,小说 书源,超时,,https://www.biqukun.la
笔趣阁,小说 书源,超时,,http://www.biqu6.com
笔趣阁,小说 书源,超时,,http://www.bequ6.com
笔趣阁,小说 书源,超时,,https://www.bswtan.com/#♤pb
笔趣阁,小说 书源,超时,,http://wap.bqzw789.com
笔趣阁,小说 书源,超时,,https://m.bqgpp.com
笔趣阁,小说 书源,超时,,https://www.xxbiqudu.com/#pb1101
笔趣阁,小说 书源,超时,,http://www.szqccw.com/##@遇知
笔趣阁,小说 书源,超时,,https://www.xxbiqudu.com
笔趣阁,小说 书源,超时,,https://www.ibiquge.net/#pb1101
笔趣阁,小说 书源,超时,,https://www.biqukun.com#🎃
笔趣阁,小说 书源,超时,,https://www.xbiquge.la/#♤pb
笔趣阁,小说 书源,超时,,http://m.ibiquzw.org#🎃
笔趣阁,小说 书源,超时,,https://www.bequgew.com/#pb1101
笔趣阁,小说 书源,超时,,http://m.ibiquzw.info#🎃
笔趣阁,小说 书源,超时,,https://www.9biquge.com/
笔趣阁,小说 书源,超时,,https://m.bqg222.com#🎃
笔趣阁,"🔍校验组0619,⌨ 自制,📙大众书",超时,,https://www.changshengrui.com
笔趣阁,²♨笔-趣-阁❆,超时,,https://www.fyxfcw.com
笔趣阁 #一程,🍁 笔趣,超时,,https://www.liquge.com#♤yc
笔趣阁 biqudu.net,"𐄞📖 𐄚𐄙精品,笔趣阁",超时,,https://www.biqudu.net/#♤pb
笔趣阁 gxyh,"14优书源,笔趣阁,⭐️",超时,,http://www.gxyh.org/##@遇知
笔趣阁/beqege,"自制,源仓库,网页源",超时,,https://m.beqege.cc
笔趣阁1,源社区,超时,,https://www.mfxs0.cn
笔趣阁100,小说 书源,超时,,https://m.egyguard.com
笔趣阁11,非常重要 勿刪,超时,,https://m.bqgdi.com
笔趣阁13,"③🚫  禁验,⑸🔰  优质",超时,,https://m.13bqg.com
笔趣阁161,念心 || 小说,超时,,https://www.biquge66.net/##@遇知
笔趣阁16（发现）,小说 书源,超时,,https://www.kajimall.com
笔趣阁191,小说 书源,超时,,https://www.bqg34.com
笔趣阁20,小说 书源,超时,,https://m.mayiwxw.com
笔趣阁33,,超时,,http://www.xuanyge.net/
笔趣阁42,"源仓库,整理校验,自制,网页源",超时,,https://m.42bqg.cc
笔趣阁789,"整理校验,自制,网页源,笔趣阁",超时,,http://m.biquzw789.com
笔趣阁9,"自制,源仓库,网页源",超时,,https://m.bq9.cc
笔趣阁b14,⑷💝  精品,超时,,https://www.mayiwxw.com/#pb1101
笔趣阁d8x5,精选,超时,,https://m.d8x5.com
笔趣阁gz,"自制,源仓库,网页源",超时,,https://m.bqggz.com
笔趣阁photoskycn,"自制,源仓库,网页源",超时,,http://www.photoskycn.com
笔趣阁qq,已检测,超时,,https://m.bqgqq.cc
笔趣阁①,精品,超时,,https://www.qbiqu.com
笔趣阁①🥈,"二等,js失效,失效",超时,,https://m.bqgnn.com##
笔趣阁④,"🍁 笔趣 🍁,7月份,精品,👍🏻",超时,,https://www.ibiquku.la/
笔趣阁④,搜索失效,超时,,https://www.biqukun.info/
笔趣阁⑦,"笔趣阁,需要登录",超时,,http://www.mcmssc.com/
笔趣阁⑧③,"笔趣阁0905,12.6精校阅读书源",超时,,http://www.xpsge.com/
笔趣阁⑨,精品,超时,,https://www.biqugexx.com/
笔趣阁▪︎API-3,已检验,超时,,https://www.biqugeapp.com/#pb1101
笔趣阁◎GEd520◎,写源,超时,,https://www.biqugecloud.com
笔趣阁❷,API,超时,,https://nso92.xsafetech.com/
笔趣阁㉝,2023.11.07效验书源,超时,,https://www.biquge66.net
笔趣阁新站,已检验,超时,,https://xsbiquge.net
笔趣阁🇨🇳,笔趣阁,超时,,http://m.biqu520.net
笔趣阁🎃#14,常规,超时,,http://www.bequgew.info#🎃
笔趣阁🎃#15,常规,超时,,https://www.ibiquges.info#🎃
笔趣阁🎃#17,,超时,,https://www.liquge.com#🎃
笔趣阁🎃#23,,超时,,http://www.xbiquta.com#🎃
笔趣阁🎃#25,📃论坛,超时,,https://www.ibiquge.la#🎃
第一小说,小说 书源,超时,,https://m.01xs.com/##@遇知
第一小说,",★网站能用",超时,,https://m.01xs.com
第一版主,,超时,,http://m.xinbanzhu.net/
第一版主,⁴☃晨光雨露᭄精品源,超时,,http://7778877.net/
第一版主6yy,涩文,超时,,https://www.6yydstxt226.com/
第一版主99yyds,❤小说,超时,,https://www.99yydstxt426.com
第九中文,✯·常用,超时,,https://app.yqzw5.net/
米妮小说网,全部来自论坛,超时,,https://www.minixiaoshuow.com/
米阅小说,小说 书源,超时,,https://m.miyuexiaoshuo.com
粉扑儿文学,1,超时,,https://m.fenpur.com
精品,,超时,,https://www.30314.cn
精品书城,小说 书源,超时,,https://jingpinshucheng.com/
精选小说,综合,超时,,https://www.jxxss.com
红本小说,"发现失效,新+,搜索失效",超时,,https://www.hbzxs.com
红牛小说（优）,小说 书源,超时,,https://www.songdalaw.com
红袖招,18,超时,,https://hongxiud.com##
纯果网 源仓库静白校验搬运删掉,,超时,,http://www.fruitnovel.com
绅士漫画hm1lol,"💜漫画,☀其一",超时,,https://www.hm1.lol##Sun
综艺文学（发现）,小说 书源,超时,,https://m.zongyixsw.com
网阅中文（优）,-------,超时,,https://api.dswang.org
网阅完本（导入）,特殊 书源,超时,,https://www.beiwobook.cc
网阅小说,,超时,,https://m.beiwobook.cc
网阅小说,【小说2书源】,超时,,https://www.beiwobook.cc/
网阅小说网🎃,,超时,,https://www.beiwobook.cc#🎃
美逸书城,自制,超时,,https://my2h.org
老鼠小说网,"全部来自论坛,搜索失效",超时,,https://www.lsxs.org
肉呢小说,小说 书源,超时,,https://www.147xs.org#♤yc
肉漫武rm01,💜漫画,超时,,https://rm01.xyz/home
肉鸽小说,小说 书源,超时,,http://www.fqxs.cc/
胖子小说,小说 书源,超时,,https://m.pzshen.com/
胖子小说🎃,,超时,,https://m.pzshen.com#🎃
胡楠小说,小说 书源,超时,,http://www.hunandiaocha.com
胡行小说,小说 书源,超时,,https://m.67txt.com/#喜静
胡行小说,小说 书源,超时,,https://m.67txt.com/
腐书吧,"失效,网站失效",超时,,https://www.fushuba.net
舞文小说,综合,超时,,http://m.wushuzw.net
艾克小说,﹅ ♛ 精品,超时,,http://www.ik555.net#♤yc
艾克小说,﹅ ♛ 精品,超时,,http://www.ik555.net#yc1101
芒果听书,听书 书源,超时,,https://www.mgting.com/
芙蓉小说,综合,超时,,http://www.frtxt.com
花糖小说,小说 书源,超时,,http://www.mhtwx.la#🎃
若初(test--搜索搞不定),,超时,,https://www.ruochuwx.com/
若初文学,综合,超时,,https://m.ruochuwx.com/
若初文学🎃#2,,超时,,https://m.ruochuwx.com#🎃
若读小说,"自制,特殊,源仓库,网页源",超时,,https://www.ruodu.cc
若雨中文,,超时,,http://www.3yt.la
若雨中文,综合,超时,,http://www.3yt.com
茶杯狐,,超时,,http://m.5izhengjiang.com
落宅小说,"﹅ ♛ 精品,发现目录失效",超时,,https://m.lazhaiwu.com#kd11
葡挞小说,小说 书源,超时,,http://www.147xs.org/#pb
蒂亚漫画📱,"🎨漫画,🍙",超时,,https://m.diya1.com
蓝海搜书,小说 书源,超时,,https://m.sofooter.cc
薯条小说,小说 书源,超时,,https://k.2kxs.org/
蚂蚁文学,⑤🛍︎  小说,超时,,https://www.mayiwsk.com/#♤pb
蚂蚁阅读,,超时,,http://www.imayitxt.com#Namo
蚂蚁阅读,综合,超时,,http://wap.imayitxt.com#
蚂蚁阅读,小说 书源,超时,,http://wap.mayitxt.org#
蚂蚁阅读,-------,超时,,http://www.imayitxt.com/#pb1101
蚂蚁阅读,小说 书源,超时,,http://www.imayitxt.com#yc1101
蚂蚁阅读,⑵💯  典藏,超时,,http://www.imayitxt.com#🎃
蚂蚁阅读,小说 书源,超时,,http://www.xmayitxt.com#🎃
蚂蚁阅读,小说 书源,超时,,http://www.imayitxt.com#一程
蚂蚁阅读（优）,"小说 书源,新建",超时,,http://wap.imayitxt.com#🎃
蛋蛋小说,小说 书源,超时,,https://www.00shu.com/#♤pb
蜜汁满满-奶小糖-御宅书屋官网_3wx9.com,👍 备用,超时,,https://www.3wx9.com/
西柚🎃,,超时,,https://xiyou.lfunv.com#🎃
西瓜小说,综合,超时,,https://www.pdske.com
要么小说,精品书源,超时,,https://m.ymtxt.cc/
言情999,综合,超时,,https://m.yanqing999.com
言情小说,小说 书源,超时,,http://www.yanqing.co
说读书网,小说 书源,超时,,http://www.77dushu.com/#pb1101
读万卷,综合,超时,,http://www.duwanjuan.info
读万卷书,小说 书源,超时,,http://m.duwanjuan.info
读万卷书,20250428,超时,,http://www.duwanjuan.com
读万卷🎃,,超时,,http://www.duwanjuan.info#🎃
读乐星空 z.dlxk.com,未测试,超时,,https://z.dlxk.com
读书网包,小说 书源,超时,,http://www.77dushu.com#关耳
读小说网（发现）,小说 书源,超时,,http://www.00xs.net/#pb1101
读文学网,校验可用,超时,,http://www.duwenxue.com/
读趣,综合,超时,,https://www.duqu.la/
读趣小说,小说 书源,超时,,http://www.duqu.net/
豪橫文学,"【❌❌】搜索失-效,发现失效,搜索失效",超时,,http://m.haohengwx.org/
起点读书X-QD,正版系列专用,超时,,https://api-x.shrtxs.cn/qd/
起舞中文,小说 书源,超时,,https://www.75zhongwen.com#一程edit
起舞中文,api·凡,超时,,https://www.75zhongwen.com#md
起舞中文75zhongwen,综合,超时,,https://www.75zhongwen.com
起舞中文🎃,,超时,,https://www.75zhongwen.com#🎃
超凡小说网,搜索失效,超时,,https://www.pan8.net
轮回小说,小说 书源,超时,,https://m.9xs.info
轻之小说,轻小说,超时,,https://m.37yq.com/##柚屿
轻之文库,小说 书源,超时,,https://www.linovel.net#一程
轻之文库（优+）,小说 书源,超时,,https://www.linovel.net#yc
轻之文库（优+）,小说 书源,超时,,https://www.linovel.net:443/
轻之文库（优）,轻小说,超时,,https://www.linovel.net#🎃
轻之文库（发现）,小说 书源,超时,,https://www.linovel.net#嘚嘚21.0201
达文小说,综合,超时,,http://wap.dawensk.com
迎书阁子,小说 书源,超时,,https://www.yingshuge.com/#喜静
迎书阁子,小说 书源,超时,,https://www.yingshuge.com/
迎书阁子,小说 书源,超时,,https://www.yingshuge.com/##喜静
追书帮网,小说 书源,超时,,https://www.zhuishubox.com/
追书网,已检验,超时,,http://www.vipzhuishu.com/
追更小说,"🎉 精选,💰 正版,希弥",超时,,https://cbook.zhaoxitech.com
追追漫画M,微筛选,超时,,http://zz.ilikemanga.com
选书网吧（发现）,小说 书源,超时,,https://www.ixuanshu.org
速更中文,综合,超时,,https://api.foreader.com.cn/
速赢文学,"自制,源仓库,网页源",超时,,https://m.zbsuying.com
酷漫屋,漫画 书源,超时,,http://www.kmwu6.com
酷爱漫画,正版漫画 书源,超时,,https://www.kuimh.com#♤Haxc
酷爱漫画（优）,,超时,,https://www.kuimh.com
酷看小说,"发现失效,搜索失效",超时,,http://www.kukaxx.com
醉读小说,小说 书源,超时,,http://wap.imaxreader.com/
醉读小说,小说 书源,超时,,http://wap.imaxreader.com/#喜静
醉读小说maxreader,❤小说,超时,,http://wap.maxreader.la
醋溜儿文学,"自制,优化,源仓库,网页源",超时,,https://m.clwx666.com/
醋溜儿文学[666],🏖️免费+,超时,,https://www.clwx666.com/
铁书网,"💭💭💭💭💭💭,搜索失效",超时,,https://m.tieshuw.com/##@鱼
铁书网,"💭💭💭💭💭💭,搜索失效",超时,,https://m.tieshuw.com/
铁血读书,破冰&一程0902,超时,,http://androidapi.junshishu.com/
铅笔小说.net(废弃),"日轻小说(2024-2-18)
GitHub@ZWolken",超时,,https://www.23qb.net
铅笔小说x23qb,"日轻小说(2024-2-18)
GitHub@ZWolken",超时,,https://www.x23qb.net
错衡文学,"💭💭💭💭💭💭,发现正文失效",超时,,http://cuoheng.com/##@遇知
键盘小说,-------,超时,,https://www.janpn.net/
键盘小说网,,超时,,http://www.janpn.info/
键盘小说🎃,常规,超时,,https://www.jianpan.la#🎃
阁笔趣网,小说 书源,超时,,https://www.gebiqu.com
阅书小说,,超时,,https://m.yueshu.la
阅读库子,综合,超时,,http://www.yuedsk.com#喜静
阅读库子（Tg:@sousuo234）,,超时,,http://www.yuedsk.com
阅读论坛番茄API,🍅番茄,超时,,http://49.232.25.145:14514
阿姑小说,涩文,超时,,http://m.aguxs.com/
零点看书,🎃常规,超时,,https://www.rhmm18.com/
零点看书,小说 书源,超时,,https://www.00ksw.com/#♤pb
零点看书,小说 书源,超时,,https://www.soudu.org/
零点看书jsshsc,,超时,,https://www.jsshsc.com/
零点看书④,搜索失效,超时,,http://www.lingdiankanshu.com/
零点看书（发现）,小说 书源,超时,,https://www.00ksw.com/
零点看书（发现）,小说 书源,超时,,https://m.00ksw.com
零零小说,小说 书源,超时,,https://www.00shu.la/#喜静
零零小说,小说 书源,超时,,https://www.00shu.la/##喜静
零零小说,小说 书源,超时,,https://www.00shu.la#🎃
霹雳书坊pilibook,❤小说,超时,,https://m.pilibook.com
青州,已检验,超时,,https://www.lwread.org
青豆小说,精选,超时,,http://www.xinqingdou.cc
顶点72us,,超时,,https://m.72us.com
顶点小说,小说 书源,超时,,http://www.dingdianxs.la/#pb1101
顶点小说,20250428,超时,,http://www.23uswx.org
顶点小说,小说 书源,超时,,http://m.23uswx.org/
顶点小说,小说 书源,超时,,http://www.ddxsku.com/
顶点小说,小说 书源,超时,,https://www.xindingdianxsw.net
顶点小说,小说 书源,超时,,https://www.23wx.cc/#♤pb
顶点小说,小说 书源,超时,,https://www.23wx.cc
顶点小说,小说 书源,超时,,http://www.23uswx.org#🎃
顶点小说,小说 书源,超时,,http://m.23uswx.org#🎃
顶点小说,⭐️小说,超时,,http://www.dingdianxs.la/
顶点小说,已检验,超时,,https://www.23wx.cc/#pb1101
顶点小说,⁵♡ོ晨光雨露✺普通源,超时,,http://m.qklady.com/
顶点小说[20xscc],⛱️免费,超时,,https://www.20xs.cc/
顶点小说ddxs.cc,,超时,,https://m.ddxs.cc
顶点小说④,精品,超时,,https://www.dingdian555.com/
顶级看书网,,超时,,https://www.djks8.com
领域小说,,超时,,https://www.linuxgod.cn
额小说网,小说 书源,超时,,http://www.147xs.org/
风之动漫🇯🇵,"🎨漫画,🇯🇵【日漫】",超时,,https://manhua.fzdm.com
风筝小说,水幽临渊0905,超时,,https://www.56fz.net/
饿狼小说,综合,超时,,http://m.elkoparts.com
香书小说,综合,超时,,https://www.ibiquges.com
香书小说,小说 书源,超时,,https://wap.ibiquges.com
香书小说,念心 || 小说,超时,,https://wap.ibiquges.org
骑士全本小说,"💝 优质,希弥",超时,,http://www.74qb.com
鬼吹灯,,超时,,http://www.gdbzkz.com/#pb1101
鬼吹灯◎辞晨◎,写源,超时,,http://www.cxzz958.com/
鬼吹灯包,-------,超时,,http://www.cxbz958.com/#♤pb
鬼吹灯吧,综合,超时,,http://www.gdbzkz.com/
鬼吹灯吧,综合,超时,,http://www.cxbz958.com#
鬼吹灯吧,小说 书源,超时,,http://www.cxbz958.com/#pb1101
鬼吹灯吧,小说 书源,超时,,http://www.gdbzkz.com#🎃
鬼吹灯🎃#4,,超时,,http://www.gdbzkz.org#🎃
鬼怪屋,"发现目录失效,﹅ 通用书源▪︎玄奇,搜索失效",超时,,https://www.guiguaiwu.com/
鬼怪屋,"【❌❌】搜索失-效,发现失效,搜索失效",超时,,https://www.guiguaiwu.com##@遇知
魔爪小说,小说 书源,超时,,https://m.mozhua2.com
魔爪小说[app],综合,超时,,https://m.mozhua.app
鱼鱼小说,小说 书源,超时,,http://m.xiaoshuoge.org
鲤鱼乡好,小说 书源,超时,,https://www.danmei263.com
鲤鱼小说,小说 书源,超时,,https://www.liyuxiang.cc
鸟书小说①,"💭💭💭💭💭💭,搜索失效",超时,,https://www.99mk.net##尐哖
鸟书网,综合,超时,,http://wap.99xs.info/
鸟书网,"自制,源仓库,网页源",超时,,http://wap.99mk.cc
鸟书网,"精品,7月份,👍🏻",超时,,https://www.99mk.net/
鸟书网,"待删,希弥,搜索失效",超时,,http://www.99mk.com/
鹅搜小说,小说 书源,超时,,https://m.soxscc.net/#md1116
麦读小说,"源仓库,游客自用,整理校验,自制,网页源",超时,,https://www.mymdu.com
黄易小说,综合,超时,,http://m.xhytd.com
黄易小说,-------,超时,,http://www.xhytd.com/#pb1101
黄易小说,小说 书源,超时,,http://www.xhytd.com/#♤pb
黄易小说🥈,🎄常用,超时,,http://www.xhytd.com#🎃
黑岩网吧,综合,超时,,http://m.xheiyan.info
龙坛书网,小说 书源,超时,,https://www.longtansw.com/
龙坛书网,"发现失效,5.24,搜索失效",超时,,https://www.longtanshuw.net#♤yc
龙坛书网[net],🏖️免费,超时,,https://www.longtanshuw.net/
龙塔小说,小说 书源,超时,,http://www.longtanxs.cc
龙腾小说◾️,"发现失效,✔️,搜索失效",超时,,http://www.8qwx.com
️夜寒小说,小说 书源,超时,,https://www.yehanshu.com#🎃
️玄幻阁子,小说 书源,超时,,http://wap.xuanyge.info#
️玄幻阁子,"小说 书源,新建",超时,,http://wap.xuanyge.info#🎃
️笔下文学柒柒,综合,超时,,http://www.dddw.net/
？？待排版♜+采墨阁② md #破冰,"【❌❌】网站失-效,搜索失效",超时,,https://www.caimoge.net/#md-pb11
"🌐 All Novel(英文,慢)","🌐外语,搜索失效",超时,,https://allnovel.net
🌐 背窝韩漫,,超时,,https://bwhanman.com
🌐69书吧◎辞晨◎,写源,超时,,https://69shux.co/#####
🌙 番茄小说[api],,超时,,http://49.232.25.145
🌞晴天听书4.0,"番茄畅听,七猫听书,喜马拉雅听书",超时,,https://api.qingtian618.com/#听书/
🌞晴天小说4.0,晴天融合小说,超时,,https://api.qingtian618.com/#小说/
🌞晴天融合3.6.15(完全版),晴天聚合,超时,,http://api.qingtian618.cn:9999
🌞晴天融合听书3.0(独立版),"番茄畅听,七猫听书,喜马拉雅听书",超时,,http://api.qingtian618.cn:9999/#听书/
🌞晴天融合小说2.1(独立版),"优质登录源,晴天",超时,,http://api.qingtian618.cn:9999/#小说/
🌞晴天融合小说2.1(独立版),"优质登录源,晴天",超时,,http://api.qingtian618.cn:9999/#小说
🌞晴天融合短剧2.1(独立版),2025,超时,,https://api.qingtian618.com/#短剧/
🌟 百合小说（最快带日期）,"发现失效,﹅ ♜ 优质,搜索失效",超时,,https://m.baihexs.com##
🌠 i书趣阁,"【🈵♥🈵💯】231123千组2,搜索失效",超时,,https://www.ishuquge.org/##@遇知
🌠 酷漫屋网,🌠 漫画,超时,,http://m.kumange1.com
🌠17书屋,"🌠,网站失效",超时,,https://www.17suu.cc##@遇知
🌸 灯笔小说,🌸 女频,超时,,https://www.dengbi2.com
🌸 笔趣阁v7xs,🌸常用,超时,,http://m.v7xs.com
🌸 笔趣阁⑤④,🌸常用,超时,,http://www.42biquge.com
🌸饭饭论坛,②🌸  常用,超时,,https://bbs.fanfanu.com/
🍁 优品小说🔹验证码,"笔趣,﹅ ♞ 普通",超时,,https://www.you-pin.com/##@遇知
🍁 平板电子书,【小说1书源】,超时,,https://www.pbtxt8.com/##@遇知
🍁 来读读,🍁,超时,,https://www.xlaidudu.org##@遇知
🍁 笔趣阁⑪⑦,"【❌❌】搜索正文失-效,【】👾笔趣阁,搜索失效",超时,,http://www.xbiquke.com/
🍁 第九中文,"【❌❌】搜索正文失-效,搜索失效",超时,,https://m.dijiuben.net/##@遇知
🍁 顶点小说⑤ #一程,"💯 精品,📖 一程",超时,,https://www.230book.net#yc1101
🍁笔趣阁①①,,超时,,https://www.52bqg.cc/
🍁笔趣阁②①,,超时,,https://www.bswtan.com/
🍁笔趣阁④①,,超时,,https://www.biqugetv.com/
🍁笔趣阁⑧①,,超时,,https://www.bqgshu.com/
🍁笔趣阁⑩①,²♨笔-趣-阁❆,超时,,https://www.biqugema.com/
🍁笔趣阁⑩③,²♨笔-趣-阁❆,超时,,https://www.biqugesk.org/
🍁笔趣阁⑩⑥,🍁 笔趣 🍁,超时,,https://www.biqugetw.com/
🍁笔趣阁⑬①,,超时,,https://www.xxxbiquge.com/
🍁笔趣阁⑰⑤,🍁 笔趣 🍁,超时,,https://www.ybiqu.com/
🍁笔趣阁㉓①,,超时,,https://www.jid5.com/
🍁笔趣阁㉗①,,超时,,http://www.quge66.com/
🍅大灰狼融合2.0,,超时,,http://110.40.80.64:5006
🍅棉花糖（有排行）,小说,超时,,http://www.mhtwx.la
🍅番茄小说,𐄚📖 小说常用,超时,,http://fq.travacocro.com/##
🍉 九五小说网,3,超时,,http://wap.95shubao.cc
🍊 南屯小说网,"💊无搜,🍊女频",超时,,https://www.nantunwang.com
🍊 西水冰霜,"测试组,测试1,神",超时,,https://www.xs84.me
🍊旧时光,【小说2书源】,超时,,https://www.oldtimescc.com##@尐哖
🍊格格党666,✨,超时,,https://www.qiuju666.com
🍎书趣阁,22,超时,,https://www.ishuquge.la##旅途
🍏无限小说网55,,超时,,http://www.book55.cc
🍒阅读库-[wed端],月月书源,超时,,http://www.yeudusk.com/
🍥同人小说,"发现失效,【❌❌】搜索正文失-效,搜索失效",超时,,https://www.trxs.me##@尐哖
🍩60看书[自写],,超时,,http://www.60ks.info#xsw8093
🍺 00小说网①,,超时,,http://www.00shu.com
🍺 147小说网,🍺 特优,超时,,https://m.147xs.org/
🍺 360小说,🍺 特优,超时,,https://h.x360xs.com/
🍺 360文学[仅发现],"🍺特优,发现失效,搜索失效",超时,,http://m.360wxw.com
🍺 三五中文网,🍺 特优,超时,,www.xkushu.info
🍺 八一,🍺 特优,超时,,https://www.blxs.info/
🍺 大河文学,🍺 特优,超时,,https://www.dahewenxue.com/
🍺 悠久小说,🍺 特优,超时,,http://wap.ujxsw.org/##@鱼
🍺 无极小说,🍺特优,超时,,https://ajnnan.com
🍺 玫瑰小说,小说,超时,,https://www.meiguixsw.com
🍺 笔趣阁⑫②,🍺特优,超时,,https://www.biquxs.la
🍺 第一小说,🍺 特优,超时,,https://www.01xs.com/
🍺 若读小说,🍺 特优,超时,,https://www.shumiba.org
🍺 读万卷,🍺 特优,超时,,http://wap.duwanjuan.info/##@Mengteen
🍺 青豆小说 xinqingdou.cc,🍺 特优,超时,,https://www.xinqingdou.cc/
🎀思路客网,🎀优质,超时,,https://www.shuquzw.la/
🎃一曲书斋🎃,,超时,,https://m.xseeo.com
🎃四零二零,,超时,,https://www.iwurexs.com#🎃
🎃悠久小说,,超时,,http://www.ujxs.com#🎃
🎃玄幻阁,,超时,,http://www.xuankuge.com#🎃
🎈6u资源(作者abyssesml),"轻文,发现失效,搜索失效",超时,,http://www.6uzy.cc/
🎉 147小说网②,"💊无搜,🎉精品",超时,,http://www.147xs.com
🎉 txt小说,🎃常规,超时,,http://www.aixiatxt.com/
🎉 乐文小说,"💊无搜,🎉精品",超时,,https://www.xs26.com
🎉 云海小说,🎉 精选,超时,,https://m.yunhai9.com
🎉 墨坛文学②,"💊无搜,🎉精品",超时,,http://www.22mt.co
🎉 天翼文学,"🔍校验组0218,📙大众书",超时,,https://www.tianyibook.la
🎉 学笔网,🎉 精选,超时,,https://m.shengcang888.com
🎉 小疙瘩,已校验929,超时,,https://m.xgedaa.com
🎉 悠久小说,🎉 精选,超时,,http://www.ujxsw.com
🎉 文桑小说,🎉 精选,超时,,http://www.wlwx.la
🎉 新51看书,⁴☃晨光雨露᭄精品源,超时,,https://www.51nm.cc
🎉 无限小说,🎉 精选,超时,,http://m.siluks.com
🎉 明月中文,🎉 精选,超时,,https://www.365bok.com
🎉 最言情,🎉精品,超时,,https://www.zzzyq.net
🎉 棉花糖网,-----01,超时,,http://wap.mhtxs.cc
🎉 求小说网,🎉 精选,超时,,http://www.qiuxs.org
🎉 热游文学,🎉精品,超时,,http://m.521g.net
🎉 燃文,-------,超时,,https://m.ranwen.la
🎉 燃文书库,🎉 精选,超时,,https://m.779buy.com
🎉 燃文书库,🎉 精选,超时,,https://wap.778buy.com
🎉 爱看书吧,👍 备用,超时,,https://m.akshu88.com/
🎉 爱看书吧①,🎉 精选,超时,,https://www.aikanshuba.net
🎉 爱看书吧③,⁶❀耽女︎ºั轻言,超时,,https://www.aikanshu.cc
🎉 牧归小说,🎉 精选,超时,,https://www.muguixs.com
🎉 笔下文学gaobi[仅发现],,超时,,https://www.gaobi.net
🎉 笔趣阁,🎉 精选,超时,,https://m.bqg222.com
🎉 精华书阁,,超时,,https://m.babahome.net
🎉 蚂蚁阅读,,超时,,http://www.mayitxt.org
🎉 错衡文学网,"🔍校验组0218,⬇️ 下载",超时,,http://cuoheng.com
🎉x360小说,☁️可用,超时,,https://www.x360xs.com/
🎉一九小说网,,超时,,https://www.19xs.com/
🎉一品中文①,,超时,,http://www.epzw.com/
🎉一品小说网,,超时,,http://www.1pxs.cc/
🎉三三小说①,,超时,,https://m.33xs.cc/
🎉云山千叠①,,超时,,https://www.yunshanqiandie.com/
🎉傲宇阁小说,,超时,,https://www.aoyuge.com/
🎉六七书吧①,,超时,,https://www.67shu.net/
🎉品书居小说,,超时,,http://www.pinshusk.com/
🎉四五中文网,,超时,,https://www.45zw.info/
🎉天籁小说~a,🎉️精选,超时,,https://xs.23sk.com/
🎉奇书网④①,,超时,,https://www.qishubook.com/
🎉奇热小说,"﹅ ♛ 精品,发现失效,搜索失效",超时,,https://www.qirexs.com/
🎉小说书库①,"﹅ ♛ 精品,搜索失效",超时,,https://www.xssk.la/
🎉幻月书院①,,超时,,http://m.huanyue1234.com/
🎉御书阁③①,,超时,,https://www.yushuge.com/
🎉无小说网③,,超时,,https://www.xineyby.com/
🎉无限小说网,,超时,,http://www.wuxianxs.com/
🎉易看小说①,,超时,,https://www.yikanxiaoshuoa.com/
🎉玲珑小说①,,超时,,http://www.linglongfen.com/
🎉电子书,🎉 精选 🎉,超时,,https://m.txtbook.org/
🎉神书网小说,,超时,,http://www.shenshuxs.la/
🎉给力文学,"﹅ ♛ 精品,搜索失效",超时,,http://www.geiliwx.net/
🎉给力文学③,🎉 精选 🎉,超时,,http://www.wxg7.com/
🎉醋溜儿文学,,超时,,https://www.clewxc.com/
🎉顶点小说㊱,🎉 精选 🎉,超时,,https://www.ddxs.cc/
🎉风雨小说④,³۝天域整理,超时,,http://www.fengyuxs.net/
🎉飞山中文①,,超时,,https://www.feishanzw.com/
🎋卡夜阁🎋,,超时,,https://m.kayege.net
🎋雨晴书屋🎋,已检验,超时,,https://www.zhuyuqing.com/
🎧♬六月听书 #pb,🎧听书,超时,,http://m.6yueting.com/
🎧老白故事,🎧听书,超时,,https://apk-lb-play.fodexin.com
🎨 13漫画网-M,🎨漫画,超时,,https://m.w13k.com
🎨 久久漫画网,"🎨漫画,🚬刘备,🚀VPN",超时,,https://www.ikanwzd.top
🎨 六漫画网,漫画,超时,,http://www.sixmh6.com
🎨 动漫之家,"【】⛺漫画,搜索目录失效,【❌❌】搜索目录失-效,发现目录失效",超时,,http://v3api.dmzj.com
🎨 动漫之家v3₁ #Haxc,漫画,超时,,http://v3api.dmzj.com#♤Haxc
🎨 动漫之家v3₁ #Haxc1107,漫画,超时,,http://v3api.dmzj.com#Haxc1107
🎨 好吧漫画,"⑹🎨  漫画,㊣🆖  ＡＰＩ",超时,,https://hao8.net
🎨 武侠漫画,漫画,超时,,https://m.wuxiamh.com/
🎨 武侠漫画,微筛选,超时,,https://m.wuxiamh.com
🎨 歪漫画,"🚬刘备,🎨漫画",超时,,https://www.dsduy.xyz
🎨 漫画星球,🎨 漫画,超时,,http://m.mhxqiu.com
🎨 百年漫画,🎨 漫画,超时,,https://m.bnman.net
🎨 看漫画啦📱,🎨漫画,超时,,https://kanmanhuala.com
🎨 绅士漫画,"🚬刘备,🎨漫画",超时,,https://www.hentaicomic.org
🎨 酷爱漫画  #一程,漫画,超时,,https://www.kuimh.com#♤yc
🎨 香香腐宅,"🍊女频,🎨漫画,🚬刘备",超时,,https://boylov.xyz
🎨 🙈嘿咻漫画🚩,"【❌❌】搜索失-效,发现失效,搜索失效",超时,,https://www.nvyoumh01.top/
🎨亲亲漫画,🌟漫画,超时,,http://api.acg.gd#Haxc1107
🎨依依漫画-M,漫画,超时,,https://m.yiyimanhua.com
🎨倾城漫画📱,漫画,超时,,http://m.mhba123.com
🎨动漫之家💓,"🍿 日常,🎊 常用,🎨 漫画",超时,,https://www.idmzj.com
🎨必应漫画,公众号：优源汇,超时,,https://www.biyingmh.com
🎨木马漫画💓,"🔭 其他,🎊 常用,🎨 漫画",超时,,https://www.muamh.com
🎨漫画1234,漫画,超时,,https://www.mh1234.com
🎨追追漫画,🎨漫画,超时,,http://api.ilikemanga.com
🎨非常爱漫,🎨漫画,超时,,http://wap.veryim.com
🎨顶通漫画💞,"🔭 其他,🎊 常用,🎨 漫画",超时,,https://toptoonfree.com
🎴 369小说网,e,超时,,https://www.369book.com##旅途
🎴 六零看书,3,超时,,http://www.60ks.cc##旅途
🎴 六零看书,"已校验10.21,小说",超时,,http://www.60ks.cc
🎼天天听书🎼,🎄🎄🎄🎄🎄🎄,超时,,https://tingbook.cc/
🏖️ 笔趣中文,📃论坛,超时,,http://m.ibiquzw.org
🏵七六文学,🏵,超时,,http://www.qiliuwx.org/
🐑七彩天山,"🐑 普通,✉️  网络文学",超时,,http://www.qicaitian.com
🐑若晨文学,"🐑 普通,✉️  网络文学",超时,,https://m.ruochenwx.com
🐣丹书铁卷,"🐣 备用,✉️  网络文学",超时,,https://www.dstiejuan.com##发现分类
🐣书趣阁,-------,超时,,https://m.22shuqu.com/##ʕ ᵔᴥᵔ ʔ喜静
🐣妙笔书阁,"🐣 备用,✉️  网络文学",超时,,https://www.imiaobige.com#发现榜单
🐣新龙小说,Tg:@sousuo234,超时,,https://www.shenyebook.com##ʕ ᵔᴥᵔ ʔ喜静
🐣阅读库,-------,超时,,http://www.yuedsk.com###ʕ ᵔᴥᵔ ʔ喜静
🐳 116文学,"1,5.26,js失效",超时,,https://www.35meigui.com##尐哖
🐳56听书网②,🐳 有声 🐳,超时,,https://www.56tingshu.com/
🐳千千静听,"🐳 有声 🐳,搜索失效,校验超时",超时,,http://www.qqjt5.com/
🐳听中国①,🐳 有声 🐳,超时,,https://www.tingchina.com/
🐳酷爱听书,🐳 有声 🐳,超时,,https://www.kui168.com/
🐳风之涯,🐳 有声 🐳,超时,,http://www.fengzhiya.vip/
🐼 菠萝笔记,【小说1书源】,超时,,https://www.boluobiji.com
👌 ESJZONE,👌 常用,超时,,https://www.esjzone.me
👌 乐文小说网,👌 常用,超时,,https://www.lewen0001.com
👌 胖子小说,👍🏻 普通,超时,,https://m.pzshen.com##@
👍 39小说,"👍,搜索失效",超时,,http://m.fywenx.com
👍 八一中文,👍 优质,超时,,https://m.bayizww.com##尐哖
👍 八一中文m,"。,3",超时,,https://m.zwduxs.com
👍 努努书坊,👍 优质,超时,,http://www.huaxiaci.com
👍 小小阅读,Tg:@sousuo234,超时,,https://s.ibbxtx.com
👍 就爱文学,【小说1书源】,超时,,https://www.92xs.la
👍 燃文小说②,"﹅ ♜ 优质,搜索失效",超时,,https://www.ranwen8.com
👍 爱巴士,⁶❀耽女︎ºั轻言,超时,,https://www.18sbook.com#修复
👍 笔下文学,"001自用,👍 优质,网站失效",超时,,https://m.bxwx.io
👍 笔趣阁,"正文,（1）,校验超时",超时,,http://m.xbiqige.com
👍 读万卷,C组,超时,,http://www.duwanjuan.com#一程
👍 逍遥文学,👍 优质,超时,,https://www.xiaoyaowx.com
👍 饭饭中文,"发现失效,﹅ ♜ 优质,搜索失效",超时,,https://www.fanfanzw.com
👍 龙坛书网,👍 优质,超时,,https://m.ltsw888.com
👍笔趣阁,"笔趣,发现失效,﹅ ♜ 优质,搜索失效",超时,,https://www.74wx.vip
👑第九中文网,"【❌❌】搜索正文失-效,搜索失效",超时,,m.dijiuben.net
👔 UU看书,👔 绅士,超时,,https://www.uukanshu.com/
👔 御宅书屋,"【❌❌】搜索失-效,搜索失效",超时,,http://wap.ibookzw.com/
👺九妖漫画_RM,"漫画,？,18",超时,,https://91-mh.xyz
💊 乐文小说,💊无搜,超时,,https://s.lwlewen.net
💊 给力文学,💊无搜,超时,,https://www.geilwx.cc
💊 言情站,💊无搜,超时,,https://www.yanqingzhan.net
💌第一版主,"发现目录失效,﹅ ㊕ 特殊,搜索目录失效",超时,,https://www.xdybz.com
💐 晋江榜单,,超时,,http://android.jjwxc.net#myself
💠 乐库小说,【小说1书源】,超时,,http://m.6lg.org
💠 乐库小说,💠 综合,超时,,http://m.6lk.info
💠 书趣阁网,📃论坛,超时,,https://www.ishuquge.la/##@遇知
💠 人文书库,"💠 其他,🚀 VPN",超时,,http://www.rwsk.net
💠 宝文书库,💠 综合,超时,,https://www.mybaowen.com
💠 文桑小说,💠 综合,超时,,http://www.wlwx.org
💠 望书阁网,,超时,,http://wap.wangshuge.info
💠 红叶书斋,💠 综合,超时,,https://m.hongyeshuzhal.com
💦 4小说,,超时,,http://www.xyusk.com/
💦一一小说④,,超时,,https://m.eexiaoshuo.com/
💦一小说网②,,超时,,https://www.31xsw.net/
💦丹书铁券①,,超时,,https://www.dstiejuan.com/
💦书呆网小说,,超时,,https://m.shudai.org/
💦书海阁小说,,超时,,https://m.xinshuhaige.net/
💦全全小说②,,超时,,http://quanxiaoshuo.net/
💦搜书网小说,,超时,,https://m.soshuw.com/
💦搜小说③①,,超时,,https://m.soxscc.net/
💦新热门小说,💦 精品 💦,超时,,https://m.xinremenxs.com/
💦龙坛书网②,💦 精品 💦,超时,,https://www.longtanshuwang.com/
💬名著阅读,"💬 名著,✉️  出版文学",超时,,https://book.kanguwen.com/
💯一六小说②,,超时,,https://www.166xs.cc/
💯中文网①①,,超时,,http://www.530p.com/
💯书趣阁①①,,超时,,https://www.shuquge.com/
💯思路客小说,,超时,,https://www.shuquxs.com/
💯搜书网小说,,超时,,https://m.soshuwu.com/
💯搜小说⑥,💯 精品 💯,超时,,https://m.soxscc.cc/
💯搜小说文学,,超时,,https://m.soxscc.org/
💯爱书吧小说,,超时,,https://www.2shu8.cc/
💯看书助手,💯 精品 💯,超时,,http://180.76.103.51/
💯看书啦小说,,超时,,https://www.kanshu5.la/
💯笔趣库小说,,超时,,https://www.biqiku.net/
💯选书小说①,,超时,,https://www.xuanshu.com/
💯采墨阁小说,,超时,,https://www.caimoge.net/
💯龙坛书网①,💯 精品 💯,超时,,https://www.ltsw888.com/
📃昼白读书,"📃轻の,🔮发现",超时,,https://m.zhoubaiwl.club
📃笔趣泡,,超时,,https://m.biqupao.com
📃笔趣阁⑤⑨,微筛选,超时,,http://www.biqugeu.cc/
📃顶点小说①,,超时,,https://www.280xs.com/
📄 零零小说,👑 精选,超时,,https://m.00shu.la/##@遇知
📓乐库小说网,"【❌❌】搜索失-效,搜索失效",超时,,http://www.6lk.info##旅途
📖 九四阅读,📖 小说,超时,,http://www.pfpsex.com/
📖 书汇小说,📖 小说,超时,,https://www.shuhui8.com/
📖 全书书阁,"【❌❌】搜索失-效,发现失效,搜索失效",超时,,https://ssbiqu.com/
📖 奇书网站,"发现失效,【🈵♥🈵💯】231123千组1,搜索失效",超时,,https://m.qishubook.com
📖 明月小说,📖 小说,超时,,https://wap.aishuge.la/
📖 白马楼网,📖 小说,超时,,https://www.baimalou.org
📖 胖子小说,📖 小说,超时,,https://www.pzshen.com/
📖 风月浅酒,📖 小说,超时,,https://www.fyqhome.com/
📖Woo小说①,,超时,,https://m.woo15.com/💝
📖得奇小说,📚,超时,,https://www.deqixs.com/##@Mengteen
📖新笔趣阁,已检,超时,,https://api.diwudianqi6.cn#md-yuan1107
📖肉书屋7,,超时,,https://m.roushuwu7.com/#
📖肉电子书,,超时,,http://www.rstxt.com/#🍖
📚 三秋书屋,"📚出版,📥下载",超时,,https://www.d4j.cn
📚 五六文学网,"📚出版,💊无搜",超时,,http://www.56wen.com
📚 好书呀[仅发现],"📚出版,发现失效,搜索失效",超时,,https://www.haoshuya.com
📚 文学大全,📚 出版,超时,,https://www.wenxue55.com
📚 无双小说,"🍍🍍🍍🍍🍍🍍,📚161,搜索失效",超时,,http://www.buxia.net
📚 龙坛书网,📚 正版,超时,,https://www.longtanshuw.cc
📚书山融合,"番茄小说,书山",超时,,"http://s3.shushan.xyz:50005
提示：点击登录切换服务器按钮可进行切换(当前书源为融合版)"
📚书山融合2.0,书山,超时,,http://v1.shushan.xyz:50001
📚书山融合2.1(完全版),,超时,,http://v1.shushan.xyz:39002
📚皇帝之家,⑺📚  普通,超时,,https://www.huangdizhijia.com#下载
📚稻草人,⑦📚  出版,超时,,https://www.07dcr.com
📜乐文书院,[1],超时,,https://m.lw328.com
📜书包网,[1],超时,,https://www.shubao23.net
📜鬼怪屋▪️🦇,👻 恐怖,超时,,https://www.guiguaiwu.com/##遇知
📡 101鬼故事典藏网,"📡发现,💊无搜",超时,,https://marvel101.com
📡 彩虹文学[仅发现],"📡发现,发现失效,搜索失效",超时,,https://www.caihongwenxue.com
📥 歌书网,🎉 精选,超时,,http://m.gashuw.com/#%@遇知
📦 乐库小说,📦 综合,超时,,http://m.6lk.net
📻 520听书,📻有声,超时,,http://www.fushu520.com
📻 6月听书网1（天天）(api),听书,超时,,http://m.6yueting.com#天天的鸟蛋蛋
📻 七四听书,"💠 综合,搜索失效",超时,,http://www.ting74.com/
📻 中文听书,有声,超时,,https://www.tingzh.com
📻 六月听书,有声,超时,,http://www.6yueting.com##yz
📻 六月听书,"-------,0206⭐",超时,,http://www.6yueting.com
📻 有声小说,"【❌❌】搜索正文失-效,【】👂有声,搜索失效",超时,,http://www.ysxs8.com/
📻 有声小说吧,有声,超时,,http://m.ysxs8.vip/
📻 海洋听书,📻 有声,超时,,http://www.ychy.cc
🔒 网阅小说,🔒验证,超时,,https://m.book15.net
🔖爱男孩帅哥网,2,超时,,http://www.aiboy.cc
🔖笔下文学⑤,"🍍🍍🍍🍍🍍🍍,🔖177,搜索失效",超时,,www.bxwenku.com
🔖笔下文学⑤,"🍍🍍🍍🍍🍍🍍,🔖177,搜索失效",超时,,https://www.bxwenku.com/
🔖黄易小说,"【❌❌】搜索失-效,搜索失效",超时,,http://www.huangyixiaoshuo.com
🔥 256文学[分页丨下载],☣️精选senhora,超时,,https://www.256wenku.com
🔥 十八书屋📖,[1],超时,,https://www.18shuwu.com
🔥 爱他小说,"5.26,发现失效,搜索失效",超时,,http://www.hiaita.com#一程
🔰 77书库,"4,。",超时,,http://m.77shuku.org
🔰 Woo小说,🔰 普通,超时,,https://www.woo16.vip/💝
🔰 亿软小说,优选书源by沐云风,超时,,https://m.yruan.com
🔰 侠客小说,,超时,,https://m.xiakexsw.com
🔰 冷冷文学,🔰 普通,超时,,https://www.lengleng.cc/
🔰 奇书网站,🔰 普通,超时,,https://www.qishuta.info/
🔰 新书本网,"🔰 普通,测试组,测试",超时,,http://www.shuben.org
🔰 新御书屋,🔰 普通,超时,,https://m.xinyushuwu2.com/💝
🔰 新笔趣阁(biqugezw),【小说 书源】,超时,,https://www.biqugezw.us
🔰 无极小说,【小说3书源】,超时,,http://wujixiaoshuo.com
🔰 木小说,🔰 普通,超时,,http://www.muxs.net
🔰 梅雨小说,🔰 普通,超时,,https://www.meiyuxs.com
🔰 狗狗搜书,【小说1书源】,超时,,https://book.gouyg.com
🔰 笔趣阁,✨极速,超时,,https://www.biquwx.la/
🔰 第九中文,🔰 普通,超时,,https://m.dijiubook.net
🔰 读趣网站,🔰 普通,超时,,http://www.xduqu.com
🔰 键盘小说,已检测,超时,,http://www.janpn.com/
🔰 麻雀阁,"﹅ ♞ 普通,发现失效,搜索失效",超时,,http://wap.maquege.com
🔰uu书库,🔰 一般 🔰,超时,,https://www.uusk.net/
🔰华夏书库,🔰 一般 🔰,超时,,https://www.hxsk.net/
🔰若晨文学,🔰 一般 🔰,超时,,https://www.ruochenxs.com/
🔰飞卢书屋②,🔰 一般 🔰,超时,,https://www.feilushuwu.com/
🗒 和谐漫画,-------,超时,,https://m.acgz1.com
🚀 ZERO搬运网,🚀 VPN,超时,,http://www.zerobyw4.com
🚀 敌敌畏,🚀 VPN,超时,,http://ddwbook.com
🚀 稻草人书屋,🚀 VPN,超时,,http://www.daocaorenshuwu.com
🚬 365富书,🚬刘备,超时,,http://www.fushuwang365.com
🚬 7766小说网,"🙈🙈🙈🙈🙈🙈,🚬185,搜索失效",超时,,https://w.qiliuxs.com
🚬 7766小说网,"🚬,搜索失效",超时,,http://m.qiliuxs.com
🚬 新御书屋,🚬 刘备,超时,,https://m.xinyushuwu.cc
🚬 爱巴士,"🚬刘备,🍊女频",超时,,https://www.18sbook.com
🚬 神书网,"🍊女频,🚬刘备,💊无搜",超时,,http://wap.shenshu.info
🚬 笔趣阁,"【】👾笔趣阁,搜索目录失效,【❌❌】搜索目录失-效,发现目录失效",超时,,https://www.biqugenl.com
🚬 第二书包网,"🚬刘备,💊无搜",超时,,http://m.shubao202.com
🚭 肉电子书,❤️涩涩,超时,,http://www.rstxt.com
🤽🏼‍♂️博仕书屋（图）,我的后宫,超时,,https://m.77z5.com/
🥂  256文学,"发现失效,🥂 常用,搜索失效",超时,,https://www.256wenku.com#yc1101
🥂  新乐文网,"🥂 常用,搜索失效",超时,,https://m.lwtxt.net/
🥑侠客中文网cc,,超时,,http://www.xkzww.cc
🦇鬼怪屋,"【❌❌】搜索失-效,发现失效,搜索失效",超时,,https://www.guiguaiwu.com##
🧐三六中文网💯,"﹅ ♛ 精品,搜索失效",超时,,http://www.36zw.net/
🧐五六文学网💯,"﹅ ♛ 精品,搜索失效",超时,,http://www.56wx.cc/
🧐搜小说♨️,"发现失效,搜索失效",超时,,http://m.soxscc.org/
🧐牧归小说♨️,"发现失效,﹅ ♝ 优良,搜索失效",超时,,http://www.muguixs.com
🧐🐑九桃小说♨️,发现失效,超时,,http://33txs.com/#发现
🧐🐑无错下载♨️,"﹅ ㊦ 下载,发现失效,搜索失效",超时,,https://www.wucuo8.com
🪔️ 三易文学,"【❌❌】搜索失-效,搜索失效",超时,,https://m.31wxw.net/
🪔️ 三易文学,"【❌❌】搜索失-效,搜索失效",超时,,https://m.31wxw.net/##@遇知
🪔️ 乐嘉小说,"【】👾笔趣阁,【❌❌】网站失-效,搜索失效",超时,,https://www.lejiaxianda.com/##@遇知
🪔️ 无限小说97,"【❌❌】搜索失-效,搜索失效",超时,,https://m.97xiaoshuo.net/##@遇知
🪔️ 百合小说,-------,超时,,https://www.baihexs.com/##@遇知
🪔️ 超凡小说,"🪔️21,🍋🍋🍋🍋🍋🍋,搜索失效",超时,,https://www.pan8.net/##@遇知
🪵 全本小说,搜索失效,超时,,https://www.qb50.com
1,涩涩,连接失败,,https://m.bzbzbz.org/
22笔趣阁,常,连接失败,,https://m.22biqu.net
258漫画网,"🎨漫画,移动可以看",连接失败,,https://m.shut123.com
27漫画-M,🎨漫画,连接失败,,https://m.2mzx.com
34中文网,"未分,搜索失效",连接失败,,https://www.zw34.net/#♤pb
34中文网 #破冰1101,"💭💭💭💭💭💭,搜索失效",连接失败,,https://www.zw34.net/#pb1101
4（搜索可能用不了）,涩涩,连接失败,,https://www.aakkqq.com/cn
53文学book53.com,已检验,连接失败,,https://www.book53.com
58漫画网,漫画🎟️,连接失败,,https://m.58puxin.com
69书吧,综合,连接失败,,https://www.69shuba.info
69书吧,API,连接失败,,https://api.69xinshu.com/
69书吧(伪),全部来自论坛,连接失败,,https://www.69hao.com
69书吧(修订),8.4,连接失败,,https://m.69shu.org
69书吧①,"精品,※破冰书源,69",连接失败,,https://www.69shu.top/
69书吧🎃,✨,连接失败,,https://www.69shuba.info#🎃
69好书,123,连接失败,,https://www.69haoshu.com
69完本,小说,连接失败,,https://69wb.net
7,❤️涩涩,连接失败,,https://m.qbxsba.com/
81中文,,连接失败,,https://m.81zw.me
83中文网🎃,常,连接失败,,https://www.83kk.net#🎃
88小说网③,"【❌❌】网站失-效,搜索失效",连接失败,,http://www.88xiaoshuo.com/#pb1101
97漫画网,漫画🎟️,连接失败,,https://www.97mhw.com
9x阅读器/笔趣阁app[api],【小说1书源】,连接失败,,https://novelapi.qwezxc4.cn
9x阅读器（优）,小说 书源,连接失败,,https://novel-api.elklk.cn/
ABC小说,👍优质,连接失败,,https://www.yb3.cc
BB书屋,⁴☃晨光雨露᭄精品源,连接失败,,https://www.xbbshuwu.com
CP文库🎃,,连接失败,,https://www.cpwenku.com#🎃
Căng Cực,涩漫图,连接失败,,https://cangcuc.com/
E小说网🎃,,连接失败,,https://m.ecc6.com#🎃
LOFTER,🌸 常用,连接失败,,https://newsmiss.lofter.com1
NTRseqing小说,,连接失败,,https://www.aahhss.com
NT动漫,,连接失败,,https://www.ntdm9.com/
NovelBin,English,连接失败,,https://novelbin.com/
R 69好书🐶,R🐶,连接失败,,https://www.69haoshu.com/##RosiaPng
bak♜+巴巴鱼 #破冰,"发现失效,﹅ ♜ 优质,搜索失效",连接失败,,https://www.babayu.com/#♤pb
gg阅读网,,连接失败,,https://ggyuedu.com
nhimmeo copy,"刺猬猫,魔法",连接失败,,https://backup.nhimmeo.cf/
owlook,"发现失效,🔍 搜索,搜索失效",连接失败,,https://www.owlook.com.cn
sis小说1,普通,连接失败,,https://www.sistxt.net/
txt全本小说,³۝天域整理,连接失败,,https://m.txtqb2021.com/
xo小说网,AAA已检测书源,连接失败,,https://xoxiaoshuo.com
⌨阿酷小说,⌨自制,连接失败,,https://m.owlook.top/
⌨阿酷小说,⌨自制,连接失败,,https://m.owlook.top/##旅途
★咸鱼716™★,"💨,发现失效,搜索失效",连接失败,,https://api.zhuishushenqi
☘️大夏中文网☘️,校验超时,连接失败,,https://m.daxiabook.com
☘️福书网☘️,"发现失效,搜索失效",连接失败,,https://wap.fushucun.com
☘️笔趣阁2☘️,,连接失败,,https://www.bqg99.org#响海
☘️风筝小说网☘️,,连接失败,,https://m.56fz.com
♛+搜书网m①✔︎✦ ++ md,"发现失效,漫画,﹅ ♛ 精品,搜书,搜索失效",连接失败,,https://m.soshuwu.com/#1
♜ 同人圈 #一程1101,"【❌❌】搜索失-效,发现失效,搜索失效",连接失败,,https://tongrenquan.org#yc1101
♜ 独步小说 #一程,¹▽置顶`ȏ´正版发现,连接失败,,https://www.dubu123.com#♤yc
♜45小说网,,连接失败,,https://www.45txt.com/#♤pb
♜69中文,,连接失败,,https://www.zw69.com#♤yc
♜▪︎69中文② #一程1201,"【❌❌】搜索失-效,搜索失效",连接失败,,https://www.zw69.com#yc1101
♜▪︎乐阅读 #一程1201,"【🈵♥🈵💯】231123千组1,搜索失效",连接失败,,https://www.27k.net#yc1101
♜乐阅读 #一程 uubiqu.com跳转本站,"【🈵♥🈵💯】231123千组1,搜索失效",连接失败,,https://www.27k.net#♤yc
♜博看小说 #破冰,"发现失效,﹅ ♜ 优质,搜索失效",连接失败,,https://www.bkxsw.net/#♤pb
♜清泉文学 #pb,"发现失效,﹅ ♜ 优质,搜索失效",连接失败,,https://www.qingquan.ren/#pb1101
♜清泉文学 #pb,"发现失效,﹅ ♜ 优质,搜索失效",连接失败,,https://www.qingquan.ren/#♤pb
♜笔趣阁⑦⑤ #pb,笔趣阁,连接失败,,https://www.1biquge.net/#♤pb
♜笔趣阁⑱③ #pb,"发现失效,【】👾笔趣阁,【❌❌】网站失-效,搜索失效",连接失败,,https://www.xbiqukan.com/#pb1101
♜笔趣阁⑱③ #pb,"发现失效,【】👾笔趣阁,【❌❌】网站失-效,搜索失效",连接失败,,https://www.xbiqukan.com/#♤pb
♜紫气阁 #pb,[1],连接失败,,https://www.ziqige.cc/#♤pb
♬ 中华听书 #破冰,听书,连接失败,,https://m.tingshucn.com#♤pb
♬ 中华听书 #破冰1025,听书,连接失败,,https://m.tingshucn.com#pb1025
⚖️ 啊酷小说(修复),"⚖️,网站失效",连接失败,,https://www.owlook.top/##@遇知
⚡ 红叶书斋,♑qd书,连接失败,,https://m.007zw.com
⚡八零小说,"💥优质,言情",连接失败,,https://www.80wx.la
✈ 乐阅读网,精品书源,连接失败,,https://27k.net/
✍八三中文,1122,连接失败,,https://www.83zw.net
✐   82k小说,"☃ 自用,校验超时",连接失败,,https://m.82k.org
✐ 51漫画 #Haxc,漫画🎟️,连接失败,,https://m.51sami.com#♤Haxc
✐ 好漫6 #Haxc,漫画🎟️,连接失败,,https://www.haoman6.com#♤Haxc
✐ 新新漫画₁-co #Haxc 移动不能看,漫画🎟️,连接失败,,https://www.77mh.co#Haxc1107
✐ 漫画DB,🍉漫画,连接失败,,https://www.manhuadb.com
✐ 趣话漫画🅰💰 #Haxc,漫画,连接失败,,https://api.iqhmh.com#♤Haxc
✨爱米推漫画,"☣️漫画lateral,🎨漫画",连接失败,,https://m.imitui.com/##尐哖
✨笔趣阁🎉📱,✨ 精品 ✨,连接失败,,https://m.biquyue.com/
❄三一小说,效验可用,连接失败,,https://154.37.154.1
⭐arki,"【❌❌】网站失-效,搜索目录失效",连接失败,,https://www.arki-loop.com
⭐番茄小说(番茄Web共享API),番茄小说,连接失败,,https://fqweb-free.4626.tech
⭐番茄小说(番茄Web共享API),源仓库,连接失败,,https://fqweb-temp2.4626.us.kg
⭐番茄小说(番茄Web共享API1),番茄小说,连接失败,,https://fqweb-temp1.99926.asia
⭐️30小说•M,3,连接失败,,https://m.30xiaoshuo.com
⭐️伤城中文•M,3,连接失败,,https://m.sczprc.com
【⚚⋆快书库】,⁵♡ོ晨光雨露✺普通源,连接失败,,http://m.kuaishuku.com/
㊕ 五二书库 #一程,已检验,连接失败,,https://www.52shukuwang.com#♤yc
㊣黑岩阅读 破冰,,连接失败,,https://www.heiyan.compb
一品侠小说,搜索失效,连接失败,,https://www.yipingxia.com/
一直看 🅰💰,漫画🎟️,连接失败,,https://yzkapi.yizhikan.cn
七界小说,小说,连接失败,,https://m.7jie.com
三五中文网,全部来自论坛,连接失败,,https://m.guigushi2.com/
三优小说,小说 书源,连接失败,,https://www.3uxs.org
三千小说,搜索目录失效,连接失败,,https://m.3000xs.com
下书小说网,,连接失败,,https://www.frxsw.com
世书轩,gone,连接失败,,https://www.shishuxuan.com
东方小说②,微筛选,连接失败,,https://www.lnwow.co#响海
东方小说③,微筛选,连接失败,,https://www.lnwow.co/
中信小说（发现）,小说 书源,连接失败,,https://m.zxxs123.com
中华典藏,小说 书源,连接失败,,https://www.zhonghuadiancang.com#🎃
中华典藏（优+）,小说 书源,连接失败,,https://www.zhonghuadiancang.com/
中华听书,听书 书源,连接失败,,https://m.tingshucn.com
中文网吧,小说 书源,连接失败,,https://www.zw34.net/
中间门小说,"测试组,@念丶无 残留,🏖️免费",连接失败,,https://m.mesdoor.com
中间门小说网,"🚀 加速,🌸 免费",连接失败,,https://www.mesdoor.com
久久小说网,,连接失败,,https://www.i.com
久久小说网,免费,连接失败,,https://www.338i.com
乐文小说,小说 书源,连接失败,,https://m.xlwxs9a.com
乐文阁,api·凡,连接失败,,https://api.lewenapp.com/
乐阅读,综合,连接失败,,https://www.27k.net
乐阅读,"﹅ ♛ 精品,搜索失效",连接失败,,https://www.27k.net/#pb1101
乐阅读吧,小说 书源,连接失败,,https://www.27k.net#🎃
九妖漫画👙,,连接失败,,https://cloudflare.fw-91mh-912023.xyz
书库网99,"源仓库,自制,网页源",连接失败,,https://www.shuku99.com
书福袋,⁶❀耽女︎ºั轻言,连接失败,,https://www.shufudai.com
书荒阁,甜蜜,连接失败,,https://api.shgxsapp.com
书趣,已检验,连接失败,,https://m.souzhon.com/
书趣阁22shuwu,综合,连接失败,,https://m.22shuqu.com/
书香之家,API,连接失败,,https://s.lhdqsb.cn/
云顶追书,综合,连接失败,,https://s.fdbjjc.com
五二书库网,微筛选,连接失败,,https://www.52shukuwang.com#一程
五零书院,小说 书源,连接失败,,https://m.250sy.net
仓颉悦文,"12.5精校阅读书源,12.6精校阅读书源,精选,12.3精校阅读书源,12.1精校阅读书源,校验超时,12.4精校阅读书源,11.30精校阅读书源",连接失败,,https://m.cangjieyuewen.com
兔九三吧,综合,连接失败,,https://www.tu93.biz/
兔九三吧,小说 书源,连接失败,,https://www.tu93.biz#🎃
兔九三网,小说 书源,连接失败,,https://www.tu93.cc/
全免小说,可搜索,连接失败,,https://www.quanmianxs.net
全本5,2,连接失败,,https://h.qb5.tw/
全本书库,小说,连接失败,,https://www.quanbenya.com
全本小说,小说 书源,连接失败,,https://www.xqb5200.com/
八一,【🈵♥🈵💯】231123千组1,连接失败,,https://wap.zwwx.org/
八一中文,微筛选,连接失败,,https://m.81zw.co
八一中文,微筛选,连接失败,,https://api.81zwapp.com
八一中文网,,连接失败,,https://m.zwdu.com##1
八三中文,小说 书源,连接失败,,https://www.8383zw.com
八叉书库,🈲自己,连接失败,,https://8xbook.org
六千中文网,"自制,源仓库,网页源",连接失败,,https://www.6000zw.com
冬雪书屋,小说 书源,连接失败,,https://www.dongxueshuwu.com
刺猬喵,,连接失败,,https://zh.nhimmeo.cf
刺猬喵nhimmeo,❤小说,连接失败,,https://zh.nhimmeo.cf##@尐哖
剑来/顶点小说,常用,连接失败,,https://m.jianlai.cc
动漫之家,漫画,连接失败,,https://api.dmzj.com
动漫之家,漫画 书源,连接失败,,https://api.dmzj.com#Haxc1107
包小说网,小说 书源,连接失败,,https://www.88xiaoshuo.com
去读小说（发现）,小说 书源,连接失败,,https://m.hongyue1.net/
去读读,,连接失败,,https://m.qudvdu.com
参与书库,小说 书源,连接失败,,https://www.52shukuw.com#关耳
古筝番茄,古筝的番茄,连接失败,,https://fanqie.acgkami.com
可乐漫画,𐄛🎨 漫画常用,连接失败,,https://www.colamh.com/
台湾小说,起点,连接失败,,https://tw.langge.cf
同人圈,小说 书源,连接失败,,https://tongrenquan.org/
同人圈,全部来自论坛,连接失败,,https://www.tongrenquan.org/
同人圈,💭💭💭💭💭💭,连接失败,,https://qbxs8.cc##尐哖
同人圈子（魔法）,小说 书源,连接失败,,https://tongrenquan.org#♤yc
同人圈🎃,同人,连接失败,,https://199.33.126.51#🎃
品书阁pinsuge,❤小说,连接失败,,https://tw.pinsuge.com
哇爱书库,小说 书源,连接失败,,https://www.52shukuwang.com
哎测动漫,影视 书源,连接失败,,https://www.agedm.org
哔哩哔哩轻小说,,连接失败,,https://m.wenkuchina.com/##@曦灵
四五中文,,连接失败,,https://m.45zw.com
土豆漫画网📱,漫画🎟️,连接失败,,https://m.xm124.com
土豪漫画（良）,漫画 书源,连接失败,,https://tuhao456.com
多多漫画🅰,"JSON,🎨漫画",连接失败,,https://api.duoduomh.1a3.net
大家读书,小说 书源,连接失败,,https://www.dajiadu8.com
大灰狼_api.langge.cf,1,连接失败,,https://api.langge.cf
大灰狼小说,免费,连接失败,,"https://api.doubi.tk
提示：点击登录切换服务器按钮可进行切换(当前书源为纯小说阅读)"
大灰狼漫画,漫画,连接失败,,"https://api.doubi.tk
提示：点击登录切换服务器按钮可进行切换(当前书源为纯漫画)"
大灰狼融合,番茄小说,连接失败,,"https://api.doubi.tk
提示：点击登录切换服务器按钮可进行切换(当前书源为融合版)"
大美书吧,"自制,女频,手机版,网页源",连接失败,,https://wap.dmshuba.com/
大美书网,3,连接失败,,https://www.dmshuwang.net
天命皆烬小说,taojw23,连接失败,,https://www.genwohua.com
天域小说,小说 书源,连接失败,,https://www.zmcc
天天看书,"自制,发现失效,搜索失效",连接失败,,https://www.titishu.com
天涯在线书库,🎉 精品,连接失败,,https://www.tianyabook.com
天涯在线书库,🎃 通用,连接失败,,https://www.tianyabook.com##
天涯在线书库🎃,,连接失败,,https://www.tianyabook.com##🎃
天籁小说,小说 书源,连接失败,,https://www.23sk.net
天籁小说,小说 书源,连接失败,,https://www.23sk.net#🎃
太极书网,小说 书源,连接失败,,https://www.69haoshu.net
奇书小说,小说 书源,连接失败,,https://m.qisxs.com
奇快中文,小说 书源,连接失败,,https://www.7kwx.com/
奇漫屋网,漫画,连接失败,,https://m.qimanwu.org/
奇热漫画,漫画,连接失败,,https://m.qiremanhua.com#♤Haxc
奇热漫画,漫画,连接失败,,https://m.qiremanhua.com#Haxc1107
奥奥阅读,小说 书源,连接失败,,https://m.aaread.space
好汉中文,收集出处：源论坛 4月29号,连接失败,,https://wapk.china-yantai.net
好漫6,🎨漫画,连接失败,,https://www.haoman6.com
妙笔书阁,小说 书源,连接失败,,https://m.mbgbook.com
孤独小说（优）,小说 书源,连接失败,,https://m.shyosun.com
安乐阅读,小说 书源,连接失败,,https://www.27k.net/#喜静
安小阅读,小说 书源,连接失败,,https://s.sg3r.cn
安读书网,综合,连接失败,,https://www.88haoshu.com/
安读书院,小说 书源,连接失败,,https://m.dajiadu8.com/
安趣阁子,小说 书源,连接失败,,https://m.actxt.net
完本小说网🇨🇳,⊙∀⊙！,连接失败,,https://m.wbxs.org#🎃
完本神站,【🈶🉐能用】js失-效,连接失败,,https://m.wanben.org
小小追书,@jwk,连接失败,,https://xxzs.app
小小追书[zsngf],🏖️免费,连接失败,,https://s.zsngf.com/
小说侠,API,连接失败,,https://w.xiaoshuoxiaapp.cc/
小说旗 m.xs7.com,校验,连接失败,,https://m.xs7.com
小说路上,小说 书源,连接失败,,https://www.xs63.info
小说部落,小说 书源,连接失败,,https://www.xs86.net#
小说部落,api·凡,连接失败,,https://api.xiaoshuobuluo.cn/
小说驿站,念心 || 小说,连接失败,,https://www.xsyz.cc
就爱言情,常,连接失败,,https://m.92yanqing.net
就爱言情,小说 书源,连接失败,,https://m.92yanqing.net/#test
就爱言情,小说 书源,连接失败,,https://m.92yanqing.net#🎃
巅峰小说,小说,连接失败,,https://wap.fdsrxx.com
巴巴鱼,,连接失败,,https://m.babayu.tv/
巴巴鱼,微筛选,连接失败,,https://m.babayu.com
巴巴鱼,"发现失效,﹅ 通用书源▪︎玄奇,搜索失效",连接失败,,https://m.babayu.com#1221
巴巴鱼#一程,"发现失效,﹅ 通用书源▪︎玄奇,搜索失效",连接失败,,https://www.babayu.com#md-yc12
布布文学,,连接失败,,https://www.bubuwx.net
帝书阁,综合,连接失败,,https://www.22dishuge.com
幻听网,有声,连接失败,,https://www.ting27.com
彩绘漫画（优）,,连接失败,,https://m.kanman.comHaxc
御龙小说,小说 书源,连接失败,,https://www.ylcjw.com
微风小说网微風小說網wfxs.com.tw（扶梯）,,连接失败,,https://www.wfxs.com.tw
恩齐中文,小说 书源,连接失败,,https://m.x83zw.net
懂我小说网,"自制,优化,源仓库,网页源",连接失败,,https://m.dowonet.org/
我爱电影,影片资源,连接失败,,https://www.5imv.com
手机电子,小说 书源,连接失败,,https://m.waptxt.org
拷贝漫画（优）,漫画 书源,连接失败,,https://copymanga.com
拷贝漫画📱🌐,"🎨漫画,🇯🇵【日漫】,JSON",连接失败,,https://copymanga.com/h5
指尖豆蔻,小说 书源,连接失败,,https://www.zhijiandoukou.net/#♤pb
指尖豆蔻③,微筛选,连接失败,,https://www.zhijiandoukou.net/#pb1101
指间小说,微筛选,连接失败,,https://xiaoshuo.360.cn
文字谷,人机验证,连接失败,,https://m.wenzigu.cc/
文学城子,小说 书源,连接失败,,https://m.wxc.cc
文学笔记,小说 书源,连接失败,,https://m.wxbj.org
新人漫画,,连接失败,,https://xapi.xinmanhua.netHaxc
新多多书院,,连接失败,,https://www.xddtxt.com
新新漫画-cc,漫画🎟️,连接失败,,https://m.77mh.cc
新新漫画-me,-------,连接失败,,https://www.77mh.me
新新漫画₁-co,"【❌❌】搜索失-效,发现失效,搜索失效",连接失败,,https://www.77mh.co
新笔趣阁,"自制,源仓库,网页源",连接失败,,https://wap.xdianjiangxin.com/
新笔趣阁1,"普通,言情",连接失败,,https://www.biquban.com
无敌漫画📱,"发现失效,🖼️🖼️🖼️🖼️🖼️🖼️,搜索失效",连接失败,,https://m.55dmh.com
无敌漫画📱,"发现失效,🖼️🖼️🖼️🖼️🖼️🖼️,搜索失效",连接失败,,https://mh.55dmh.com##旅途
无敌漫画📱,"发现失效,🖼️🖼️🖼️🖼️🖼️🖼️,搜索失效",连接失败,,https://m.55dmh.com##旅途
无限小说,小说 书源,连接失败,,"https://www.555x.org,{{'webView': true}}"
无限小说,"等待修复,发现失效,搜索失效",连接失败,,https://www.55txt.co/##@鱼
无限小说1,普通,连接失败,,https://www.61ww.com
无限小说网⑧,微筛选,连接失败,,https://www.txt97.com
旧时光文学,🎉 精品,连接失败,,https://m.oldtimeswx.cc
旺旺小说,小说 书源,连接失败,,https://www.qliww.com##@繁华七
旺旺小说,小说 书源,连接失败,,https://www.qliww.com#🎃
晚爱书吧,小说 书源,连接失败,,https://www.2shu8.cc/#♤pb
晚班小说（魔法）,小说 书源,连接失败,,https://m.read52.com
晨曦小说,①💯  典藏,连接失败,,https://m.chenxixsw.com#关耳m
晨曦小说,念心 || 小说,连接失败,,https://m.chenxixsw.com#md-guaner2
智能小说,小说 书源,连接失败,,https://m.znehuo.cc
暮秋小说,小说 书源,连接失败,,https://m.muqiu55.com
月趣动漫,视频,连接失败,,https://www.qdm66.com
来漫画,🎨 漫画,连接失败,,https://m.laimanhua.net#♤Haxc
杰奇书屋,小说 书源,连接失败,,https://www.jieqi.pw
杰奇书屋,微筛选,连接失败,,https://www.jieqi.pw/#♤pb
杰奇书屋,,连接失败,,https://www.jieqi.pw/#pb1101
果冻小说,[9.1双网校对],连接失败,,https://m.guodongxsw.com#yc1101
柚子小说（发现）,小说 书源,连接失败,,https://www.basdacloud.com
格格党,api·凡,连接失败,,https://app.pc2001.com/
格格党包（发现）,小说 书源,连接失败,,https://m.p7t.net/
格格党说,小说 书源,连接失败,,https://www.sn1618.com
棉花糖,"API,访问超时",连接失败,,https://api.mianhuatangxs.cn
棉花糖,已检,连接失败,,https://api.mianhuatangxs.cn#二次排版
欲望文,"🥵  特殊,🌁  我的",连接失败,,https://wap.yuwangwen.com
武林中文网,"自制,源仓库,网页源",连接失败,,https://m.50zww.net
求补充正文规则-Diva在线,源仓库,连接失败,,https://divazx133.xyz/
泼墨小说,⭐️ 收藏,连接失败,,https://m.pomoxs.com
泽夜书吧,女频,连接失败,,https://www.yeshuba.com
测心书吧（魔法）,小说 书源,连接失败,,https://69shu.biz/index.html
清河文学,小说 书源,连接失败,,https://www.qhwxw.com
清风②,,连接失败,,https://www.qingquan.ren/
渣渣小说网,全部来自论坛,连接失败,,https://m.zztxt.net
满孟小说（优）,-------,连接失败,,https://reader.manmeng168.com/##
漫客栈,,连接失败,,https://www.mkzhan.comHaxc
漫播-音乐,音乐 书源,连接失败,,https://mixes.cloud/oo
漫漫睇,漫画🎟️,连接失败,,https://m.manmantai.com
漫画160,漫画🎟️,连接失败,,https://www.mh160.net
漫画160📱,漫画🎟️,连接失败,,https://m.mh160.net
漫画大全,漫画 书源,连接失败,,https://www.manhuadb.com#♤Haxc
漫画天堂,漫画🎟️,连接失败,,https://92pu.com
漫画夺宝（慢）,漫画 书源,连接失败,,https://www.manhuadb.com#Haxc1107
漫画码📱,漫画🎟️,连接失败,,https://m.manhuama.cn
漫画羊-M,漫画🎟️,连接失败,,https://m.manhuayang.com
炎上书屋,,连接失败,,https://book.zri.moe
炎上书屋,,连接失败,,https://book.zri.moe/zhbyjm
炎上书屋,,连接失败,,https://book.zri.moe/##zhbyjm7783
熊猫小说网,🐼 熊猫,连接失败,,https://www.xiongmaoxy.com#
熊猫小说🎃,,连接失败,,https://www.xiongmaoxy.com#🎃
熬夜看书app,已检测,连接失败,,https://get.aoyekanshu.com
燃文书库,小说 书源,连接失败,,https://xs.778buy.com
爱中文网,"-------,0206⭐",连接失败,,https://www.83kk.net
爱看书吧,"💝 普通,希弥",连接失败,,https://m.shdb.cc
爱阅小说,"js失效,厂长",连接失败,,https://api.dgjiayuan.cn
爱阅读[登录更改发现样式],,连接失败,,https://84ui.top
爱青果,,连接失败,,https://api-new.iqingguo.com/
爱青果吧,念心 || 小说,连接失败,,https://api-new.iqingguo.com/mobile/index/index.html
爱青果🎃,,连接失败,,https://api-new.iqingguo.com#🎃
爱飞漫画📱,漫画🎟️,连接失败,,https://m.feimh5.com
牧贺顿柏,漫画 书源,连接失败,,https://www.manhuadb.com/
特·笔趣阁³¹,"笔趣,发现目录失效",连接失败,,https://m.biquge.su
特级书包,小说 书源,连接失败,,https://69shu.biz
独步小说🎃#2,,连接失败,,https://www.dubuxiaoshuo.com#🎃
狮子鱼中,小说 书源,连接失败,,https://k.369zw.info
猫耳听书,,连接失败,,https://www.missevan.comguaner
玄幻文学,小说 书源,连接失败,,https://m.xhwx3.com/
番茄,"5,。,网站失效",连接失败,,https://fq.zyii.xyz:2662
番茄[jilulu][0908],微筛选,连接失败,,http://list.fqapi.jilulu.cn
番茄[鲸落jilulu][0908],番茄,连接失败,,http://list.fqapi.jilulu.cn#鲸落共享穿透版
番茄小说（严禁传播文件/直链）,番茄小说,连接失败,,https://fq.52dns.cc
番茄小说（严禁外传文件或分享直链）,番茄小说,连接失败,,https://fqxs.52dns.cc
番茄小说（优+）,小说 书源,连接失败,,https://apifq.52dns.cc
番茄小说（优+）,"番茄小说,漫画",连接失败,,https://api.v2.sukimon.me:45554
番茄小说（优）,小说 书源,连接失败,,https://ikun.laoguantx.top:45554
番茄小说（优）,小说 书源,连接失败,,https://api.rainnet.top/api/fanqienovel
番茄小说（优）,小说 书源,连接失败,,https://fq.kogr.cn
番薯小说,综合,连接失败,,https://g21.manmeng168.com
番薯小说,精选,连接失败,,https://ggs.manmeng168.com
番薯小说,,连接失败,,https://ggs.manmeng.com
疯狂小说（发现）,小说 书源,连接失败,,https://m.fkxs.net
白小说网,小说 书源,连接失败,,https://m.ecc6.com#001
白灵小说网,"自制,源仓库,网页源",连接失败,,https://www.plmzw.com
百年漫画📱,漫画🎟️,连接失败,,https://m.bnmanhua.com
盗版uaa(全程免梯),"收集出处：源论坛 4月29号,校验超时",连接失败,,https://www.aakkrr.com/
看小说◎辞晨◎,涩文,连接失败,,https://m.senwen9.cc/
短篇言情,女频,连接失败,,https://www.freenovelstudio.com
短篇言情,小说 书源,连接失败,,https://www.freenovelstudio.com/##
神仙书阁,小说 书源,连接失败,,https://m.shenxianfaka.top/
神仙书阁,🏖️免费+,连接失败,,https://www.shenxianfaka.top/
笑傲文学,"自制,源仓库,网页源",连接失败,,https://m.szslkb.com
笔下文学,qc自用,连接失败,,https://www.bjpos.net
笔仙阁,综合,连接失败,,https://m.bixiange.me/
笔仙阁,小说 书源,连接失败,,https://m.bixiange.me/trxs/
笔仙阁小说网8(电脑版),-------,连接失败,,https://www.bxge8.com
笔趣蓝,,连接失败,,https://k.biqulan.com
笔趣阁,常,连接失败,,https://m.22biqu.com/
笔趣阁,,连接失败,,https://m.biqugl.com
笔趣阁,小说 书源,连接失败,,https://m.bqgka.com
笔趣阁,-------,连接失败,,https://m.22shuqu.com/##
笔趣阁,小说 书源,连接失败,,https://m.bqgie.com
笔趣阁,小说 书源,连接失败,,https://www.xswang.com/#pb1101
笔趣阁,小说 书源,连接失败,,https://m.p2wt.com#🎃
笔趣阁,小说 书源,连接失败,,https://m.p2wt.com
笔趣阁,小说 书源,连接失败,,https://www.goczj.com
笔趣阁,小说 书源,连接失败,,https://www.goczj.com##@尐哖
笔趣阁,小说 书源,连接失败,,https://m.biqu789.net
笔趣阁,"笔趣,发现失效,搜索失效",连接失败,,https://www.biqugl.com
笔趣阁 9527,"测试组,测试",连接失败,,https://m.bqg9527.com
笔趣阁#Api,微筛选,连接失败,,https://api.pigqq.com/
笔趣阁(789),"💭💭💭💭💭💭,发现目录失效,搜索失效",连接失败,,https://m.biqu789.net##旅途
笔趣阁(xgshuba)(7.24),"笔趣,发现失效,搜索失效",连接失败,,https://www.xgshuba.com
笔趣阁.pysmei,[9.1双网校对],连接失败,,https://infosxs.pysmei.com/##尐哖
笔趣阁03,"自制,笔趣,源仓库,网页源",连接失败,,https://www.shmd03.com/
笔趣阁10,小说 书源,连接失败,,https://m.bqgbe.com
笔趣阁116,"自制,源仓库,网页源",连接失败,,https://m.bqg116.com
笔趣阁17,小说 书源,连接失败,,https://www.xdianjiangxin.com##旅途
笔趣阁172,小说 书源,连接失败,,https://www.20biquge.com/
笔趣阁2,"💭💭💭💭💭💭,发现正文失效,搜索失效",连接失败,,https://m.bqg789.co//#@遇知@尐年
笔趣阁2,"💭💭💭💭💭💭,发现正文失效,搜索失效",连接失败,,https://m.bqg789.co//
笔趣阁2,"💭💭💭💭💭💭,发现正文失效,搜索失效",连接失败,,https://m.bqg789.co##旅途
笔趣阁50（发现）,小说 书源,连接失败,,https://www.bqg789.com/
笔趣阁52bqv👿看注释,,连接失败,,https://www.52biqv.com/
笔趣阁789,"发现正文失效,【】👾笔趣阁,【❌❌】搜索失-效,搜索失效",连接失败,,https://m.bqg789.co/##@遇知@尐哖
笔趣阁789🔸🖥,"【】👾笔趣阁,【❌❌】搜索失-效,搜索失效",连接失败,,https://m.bqg789.co/#@遇知
笔趣阁93,【小说1书源】,连接失败,,https://m.dianjiangxin.org
笔趣阁9x,,连接失败,,https://novelapi.kpkpo.com/h5
笔趣阁9x🎃,同人,连接失败,,https://novelapi.kpkpo.com/h5#🎃
笔趣阁A26,"🎉️精选,笔趣阁,🍁 笔趣 🍁,言情",连接失败,,https://www.biqugeapp.com/#kd11
笔趣阁[apip],🌸 免费,连接失败,,https://souxs.pigqq.com/
笔趣阁[xbiqukan],"⛱️免费,发现失效,搜索失效",连接失败,,https://www.xbiqukan.com/
笔趣阁[xs],小说,连接失败,,https://xs.pigqq.com#ag2s
笔趣阁bikugo,,连接失败,,https://www.bikugo.com
笔趣阁biqu05,笔趣阁模板源头,连接失败,,https://m.biqu05.cc
笔趣阁biquge5,222最新校验成功,连接失败,,https://m.biquge5.la
笔趣阁jx,"💭💭💭💭💭💭,发现失效,搜索失效",连接失败,,https://www.jx.la
笔趣阁p,"自制,特殊,源仓库,网页源",连接失败,,https://m.biqugp.com/
笔趣阁pp,已检测,连接失败,,https://m.bqpp.cc
笔趣阁sinocul,"💝 优质,希弥",连接失败,,https://www.sinocul.com
笔趣阁⑫,"待删,希弥,优质,网站失效",连接失败,,https://www.xbiqugexx.com/
笔趣阁自建站,自建站,连接失败,,https://201j7t2920.zicp.fun
笔阅读器,综合,连接失败,,https://novelapi.xayao4.com##
笔阅读器,收集出处：源论坛 4月29号,连接失败,,https://novelapi.xayao4.com
笔阅读器,小说 书源,连接失败,,https://novelapi.kpkpo.com
第七书,"自制,女频,源仓库,网页源",连接失败,,https://diqishu.com
第三中文网,1,连接失败,,https://www.d3shu.com
第九中文,⭐️ 收藏,连接失败,,https://m.d9shu.net
米推漫画,"厂长,网站失效",连接失败,,https://imt.dushimh.com
米趣小说,api·凡,连接失败,,https://api.miquxiaoshuoapp.com/
精华书阁,小说 书源,连接失败,,https://m.xbyuan.com
精华书阁,小说 书源,连接失败,,https://m.babahome.net#🎃
精华书阁,,连接失败,,https://www.xbyuan.com/
糯米小说网,"☁️可用,⛩🎐senhora",连接失败,,https://www.biquge.dev
索兰阅文,小说 书源,连接失败,,http://www.88xiaoshuo.com/
索兰阅文,小说 书源,连接失败,,http://www.88xiaoshuo.com/#♤pb
紫气阁吧,小说 书源,连接失败,,https://www.ziqige.cc#🎃
紫气阁子,小说 书源,连接失败,,https://www.ziqige.cc/
紫气阁子,小说 书源,连接失败,,https://m.ziqige.cc
繁體書,"发现失效,全部来自论坛,搜索失效",连接失败,,https://www.fantishu.net
纳兰小说,"自制,一般,源仓库,网页源",连接失败,,https://m.nlxswx.com
统御文学,小说 书源,连接失败,,https://wufangdao.com/
美女集社,"美女图片,发现目录失效,搜索失效",连接失败,,https://www.meinv.im/
肉书屋⑥,,连接失败,,https://m.xitong89.com/#🚀
肉体中文网🎃,,连接失败,,https://www.rtzw.co
肉体中文网🎃,,连接失败,,https://www.rtzw.co#🎃
肉肉屋🎃,❤️涩涩,连接失败,,https://www.rourouwu.info#🎃
艾格动漫（优）,影视 书源,连接失败,,https://m.agedm.org/
艾米漫画aimimh,💜漫画,连接失败,,https://www.aimimh.com
芝士豪八动漫,漫画🎟️,连接失败,,https://manhua.zsh8.com
花生小说,,连接失败,,https://api.wanx.com
英咪小子,微筛选,连接失败,,https://www.yxzmdf.com
茄子小说,微筛选,连接失败,,https://m.freexsw.com
菠萝小说网,,连接失败,,https://www.boluobook.com
落叶小说,小说 书源,连接失败,,https://m.lygyoule.com/
藏家小说 dhsvr.com,未测试,连接失败,,https://www.dhsvr.com
藏经阁吧,小说 书源,连接失败,,https://www.3e3m.com/
虾皮小说,,连接失败,,https://m.xpxs.net
蚂蚁阅读,"源仓库,网页源,自制,校验,整理",连接失败,,https://m.mayizhaocai.com
蚂蚁阅读（发现）,小说 书源,连接失败,,https://m.mayics.com
蛋文库,轻小说,连接失败,,https://danwenku.com
蛋文库吧,小说 书源,连接失败,,https://danwenku.com##旅途
蛋文库🎃,,连接失败,,https://danwenku.com#🎃
西瓜小说网,,连接失败,,https://www.xigua211.com/wap_index.html
言情书吧,🏖️免费+,连接失败,,https://wap.yqsba.com/
言情书网 m.yqshuwang.com,未测试,连接失败,,https://m.yqshuwang.com
言情小筑#2,女频,连接失败,,https://yqxz.org/
言情花园,"全部来自论坛,搜索失效",连接失败,,https://www.yqhy.tw
言耽社,"自制,源仓库,漫画源",连接失败,,https://yandanshe.com/
读吧读佬,小说 书源,连接失败,,https://m.du8du.com
贰笔趣阁,静白校对(2023年3月31号),连接失败,,https://m.2biquw.com
贰笔趣阁,"e,搜索失效",连接失败,,https://m.2biqu.com
起困小说（发现）,小说 书源,连接失败,,https://www.1718k.com/
起点中文网( 搜书常用),,连接失败,,https://www.qidian.comzhbyjm
轩宇阅读,小说 书源,连接失败,,https://wwww.xyyuedu.com
轻之文库（优+）,0ina轻,连接失败,,https://m.wenkuchina.com/##柚屿
辣文小说,全部来自论坛,连接失败,,https://www.aaqqcc.com/
追书大师v4,综合,连接失败,,https://s.pjxhmy.com##v4版@尐哖@landseer
选书网吧,综合,连接失败,,https://www.ixuanshu.net/
酷客村吧,综合,连接失败,,https://kukecun.com
醋溜儿文学[cl],🏔️免费-,连接失败,,https://www.cl5200.com/
钱小说网,小说 书源,连接失败,,https://m.ecc6.com
铃铛阅读,,连接失败,,https://www.lingdang.online
长河阅读changheapi,❤小说,连接失败,,https://changheapi.chzww.cn
阅民▪︎API,"厂长,网站失效",连接失败,,https://api.whcon.net#t125
阅民小说,"厂长,网站失效",连接失败,,https://api.whcon.net
阿酷小说,人机验证-全站,连接失败,,https://www.owlook.top
随梦小说,api·凡,连接失败,,https://api.suimengapp.com/
零度书域,🎃 通用,连接失败,,https://www.zerobook.me#
零度书域🎃,,连接失败,,https://www.zerobook.me#🎃
需书趣阁,小说 书源,连接失败,,https://m.2shuquge.info/
霹雳书屋（发现）,小说 书源,连接失败,,https://www.xiarishuwu.com
青紫蝉,,连接失败,,https://www.qingzichan8.com
顶点小说,,连接失败,,https://www.23ddw.net/
顶点小说,"发现目录失效,全部来自论坛,搜索目录失效",连接失败,,https://www.dingdianshuba.com
顶点小说,-------,连接失败,,https://m.23ddw.net
顶点小说,"③🚫  禁验,⑤🛍︎  小说",连接失败,,https://www.23ddw.cc/
顶点小说,,连接失败,,https://www.us.tw/pb
顶点小说,小说 书源,连接失败,,https://m.23ddw.cc
顶点小说[23dd],🏖️免费+,连接失败,,https://www.23dd.cc/
顶点小说网,,连接失败,,https://www.2dingdian.net
顶级看书网,"网络,自制",连接失败,,https://www.djks5.com
风华居,⁴☃晨光雨露᭄精品源,连接失败,,https://wap.fenghuaju.com
风华居网,⁴☃晨光雨露᭄精品源,连接失败,,https://m.fenghuaju.com
风宿,免费,连接失败,,https://www.fssom.com
飘天文学,"自制,源仓库,网页源",连接失败,,https://m.xpiaotian.com
飞山中文,小说 书源,连接失败,,https://mip.feishanzw.com
飞悦凡文网,🎃 通用,连接失败,,https://www.feiyuefw.net#
飞悦凡文网🎃,,连接失败,,https://www.feiyuefw.net#🎃
飞翔书城,"自制,一般,网页源",连接失败,,https://www.fxshu.net
馨雨听书,听书 书源,连接失败,,https://xytingshu.com/
骑士小说,,连接失败,,https://www.74txts.com/
骑士小说①,🌸 常用,连接失败,,https://www.74txt.com/
高清影院(搜索+发现),影视,连接失败,,https://www.7hsc.net
鲤鱼乡BL,🔥女频,连接失败,,https://www.liyuxiangbl.com
黑牧丹,涩涩(低水平源),连接失败,,https://m.hmdxs.com/
️超凡小说,小说 书源,连接失败,,https://wap.pan8.info#🎃
🌀骑士小说M,第一分组,连接失败,,https://m.74txt.cc/
🌈起点中文·发现（无搜索）,起点小说,连接失败,,ohttps://m.qidian.com#正版发现
🌐 69书吧,起点,连接失败,,https://69shuba.czyl.cf
🌐 神书网,,连接失败,,https://www.shensuw.com
🌟 晚星封藏,Namo,连接失败,,https://api.whhaxfjc.com
🌟 猫眼看书②,免费,连接失败,,👁 猫眼看书
🌟 铅笔小说,"发现失效,【❌❌】搜索正文失-效,搜索失效",连接失败,,https://www.qianbiwx.com/
🌟笔趣阁~pysmei,[1],连接失败,,https://wb.pigqq.com
🌠 土豪漫画,"[1],[漫画]",连接失败,,https://www.tuhao456.com
🌠 奇热漫画,🌠 漫画,连接失败,,https://m.qiremanhua.com
🌠 布丁漫画,"发现目录失效,🌠 漫画",连接失败,,https://www.bingmh.net
🌠旧时光,【小说1书源】,连接失败,,https://m.oldtimeswx.cc##@遇知
🌵Funbe🌵,"韩漫,响海,发现失效,搜索失效",连接失败,,https://funbe101.com/
🌵KOONKOR🌵,"响海,发现失效,搜索失效",连接失败,,https://toonkor101.com/
🌵动漫之家🌵,"影视,发现目录失效,搜索目录失效",连接失败,,https://m.dmzj.com/
🌵好漫6（haoman6）🌵,"响海,发现失效,搜索失效",连接失败,,https://www.haoman6.com/
🌸 宝书网2,🌸常用,连接失败,,https://www.baoshu88.com
🌸桂花小说网,🌸  常用,连接失败,,https://www.ghtxt.com
🌼漫画联合国[18翻],💮漫画,连接失败,,https://www.comicun.com
🌾乐阅读,,连接失败,,https://m.27k.net
🌾色彩夏书,备用书源,连接失败,,https://souxs.pigqq.com##目录分卷
🍁 书阁9,🌸 免费,连接失败,,https://m.shuge9.com/##@遇知
🍁 千夜阁,"🚀 加速,🌸 免费",连接失败,,https://m.qianyege.com/##@遇知
🍁 天籁小说,遇知,连接失败,,https://m.23sk.net/##@遇知
🍁 新书逸文学,🌸 免费,连接失败,,https://www.newsywx.com/##@遇知
🍁 笔趣阁789,"🍁,笔趣阁",连接失败,,https://m.bqg789.co/##@遇知
🍁 笔趣阁789 由静白校验，如果搬运其他渠道可自行去除防伪,"🍍🍍🍍🍍🍍🍍,发现正文失效,🍁 136,搜索失效",连接失败,,https://m.biqu789.net/##@
🍁笔趣阁⑩⑤,🍁 笔趣 🍁,连接失败,,https://www.bqg99.org/
🍁笔趣阁⑬⑧,🍁 笔趣 🍁,连接失败,,https://www.biqugeq.com/
🍁笔趣阁㉒①,,连接失败,,https://www.51bequge.com/
🍁笔趣阁㉙,🍁 笔趣 🍁,连接失败,,https://www.bqgxxx.com/
🍁笔趣阁㊹①,,连接失败,,https://www.biqugee.com/
🍁笔趣阁㊼①,,连接失败,,https://www.biquyue.com/
🍅 番茄小说[纯享阅读],"全部来自论坛,网站失效",连接失败,,https://api.v2.sukimon.me:45598#b
🍅大灰狼听书,融合書源,连接失败,,"https://api.langge.tk
https://api.doubi.tk
http://api.dahuilang.cf
提示：点击登录切换服务器按钮可进行切换(当前书源为纯听书)"
🍅大灰狼听书4.0(独立版),大灰狼聚合,连接失败,,https://api.langge.cf/#听书/
🍅大灰狼听书4.0(独立版),"番茄畅听,喜马拉雅听书,七猫听书,校验超时",连接失败,,https://api.langge.cf/
🍅大灰狼小说,融合書源,连接失败,,"https://api.langge.tk
https://api.doubi.tk
http://api.dahuilang.cf
提示：点击登录切换服务器按钮可进行切换(当前书源为纯小说阅读)"
🍅大灰狼小说4.0(兼容版)千阅，读不舍手，源阅读,,连接失败,,https://api.langge.cf#小说
🍅大灰狼小说4.0(独立版),免费,连接失败,,https://api.langge.cf/#小说/
🍅大灰狼漫画,融合書源,连接失败,,"https://api.langge.tk
https://api.doubi.tk
http://api.dahuilang.cf
提示：点击登录切换服务器按钮可进行切换(当前书源为纯漫画)"
🍅大灰狼短剧4.0(独立版),大灰狼聚合,连接失败,,https://api.langge.cf/#短剧/
🍅大灰狼融合,融合書源,连接失败,,"https://api.langge.tk
https://api.doubi.tk
http://api.dahuilang.cf
提示：点击登录切换服务器按钮可进行切换(当前书源为融合版)"
🍅大灰狼融合2.0(vip),,连接失败,,"https://api.langge.cf
https://20.langge.tk
http://v2.dahuilang.cf"
🍅大灰狼融合2.1(完全版),"优质登录源,大灰狼",连接失败,,https://20.langge.tk
🍅大灰狼融合3.6.15(完全版),大灰狼聚合,连接失败,,https://api.doubi.tk
🍅大灰狼融合听书2.1(独立版),"番茄畅听,喜马拉雅听书,七猫听书,大灰狼小说会员专属请勿传播,失效,网站失效",连接失败,,https://20.langge.tk/
🍅大灰狼融合听书2.1(独立版),大灰狼,连接失败,,https://20.langge.tk/#听书
🍅大灰狼融合听书2.1(独立版),大灰狼,连接失败,,https://20.langge.tk/#听书/
🍅大灰狼融合小说2.1(独立版),柳树,连接失败,,https://20.langge.tk/#小说/
🍅番茄小说,"🍿 日常,js失效",连接失败,,https://fqnovel.com/
🍇69书吧,,连接失败,,https://69shu.me
🍇十五书吧,"☣️精选senhora,⛎JJ城",连接失败,,https://m.15shuba.net
🍎蚂蚁小说,22,连接失败,,https://wap.tqcyjy.com
🍒 书香之家,-------,连接失败,,https://s.4billion.tv##@
🍒轻之文库&哔哩哔哩轻小说,月月书源,连接失败,,https://m.wenkuchina.com/
🍩文学之门[自写/码],,连接失败,,https://www.wxzhimen.com/
🍩爱宝贝[自写/码],【小说3书源】,连接失败,,https://www.ibabyjoy.com
🍺 书海小说,🍺特优,连接失败,,https://www.shuhai99.com
🍺 爱看书吧,🍺特优,连接失败,,https://m.aikanshu.cc
🍺 番茄小说 fanqie.hnxianxin.cn,🍺 特优,连接失败,,https://fanqie.hnxianxin.cn/
🍺 番茄小说 fanqie.mduge.com,🍺 特优,连接失败,,https://fanqie.mduge.com/
🍺 笔趣阁❿❽,2,连接失败,,https://wap.quge6.com
🍺 米阅小说,🍺 特优,连接失败,,https://m.miyuwnxsw.com
🎀恋上你书,🎀优质,连接失败,,https://www.630book.io/
🎈52书库②,④🎈  普通,连接失败,,https://www.52shukuw.com
🎉 2K小说,🎉 精选,连接失败,,https://www.fpzw.org
🎉 58看书网①,"﹅ ♛ 精品,搜索失效",连接失败,,https://www.58kanshu.cc
🎉 久久小说,🎉 精选,连接失败,,https://www.txt909.com
🎉 乐阅读网,综合,连接失败,,https://www.22is.com
🎉 书山融合 shusan.cc,🎉 通用书源,连接失败,,"https://api.shusan.cc
提示：点击登录切换服务器按钮可进行切换(当前书源为融合版)"
🎉 书趣阁,🎉 精选,连接失败,,https://m.22shuquge.com/
🎉 免费小说,🎉 精选,连接失败,,https://www.tzszyey.com
🎉 冬日小说,🎉 精选,连接失败,,https://www.drxsw.com
🎉 十里蓝山,"💊无搜,🎉精品",连接失败,,https://www.e360xs.com
🎉 千鸟小说网,"🎉 精选,搜索失效",连接失败,,https://www.qn75.com
🎉 天涯社区,🎉精品,连接失败,,https://bbs.tianya.cn
🎉 宜阅小说,🎉精品,连接失败,,https://api.cnkingjoys.cn
🎉 小强小说,"🎉 精选（Tg敏感资源库
https://t.me/+Gk4E1u5cvaxhYTY1）",连接失败,,https://www.xiaoqiangla.com/
🎉 快书库,🎉 优选,连接失败,,https://www.kuaishuku.com
🎉 新兰文网[高禁搜],"🎉 精选,搜索失效",连接失败,,https://www.xinlanwen.com
🎉 燃文小说②,"💊无搜,🎉精品",连接失败,,https://m.ranwenxs.com
🎉 笔趣阁③,笔趣阁,连接失败,,https://xs.pigqq.com
🎉 笔趣阁源,🎉 精选,连接失败,,https://scxs.pysmei.com
🎉 红袖小说,🎉 精选,连接失败,,https://www.hongxiuxs.com
🎉 趣书网,"🎉 精选,发现失效,搜索失效",连接失败,,https://qushu.org
🎉 黑洞小说,⁴☃晨光雨露᭄精品源,连接失败,,https://m.6bei.top
🎉书家园小说,,连接失败,,https://www.xshujy.com/
🎉书本网小说,,连接失败,,https://www.bookben.net/
🎉博看小说①,🎉 精选 🎉,连接失败,,https://www.bkxsw.net/
🎉品书网小说,,连接失败,,https://www.pinshu.cc/
🎉指尖豆蔻①,,连接失败,,https://www.zhijiandoukou.net/
🎉无限小说网④,"测试组,测试1,神",连接失败,,https://www.61ww.net
🎉芷兰阅读①,,连接失败,,https://www.zhilanyuedu.com/
🎉追书大师①,,连接失败,,https://www.zhuishudashi.cc/
🎉选书网②①,,连接失败,,https://www.xuanshu6.com/
🎉黄金书屋,🎉 精选 🎉,连接失败,,https://www.dduxs.com/
🎋凌云文学网🎋,"发现失效,搜索失效",连接失败,,https://wap.lingyun5.com/
🎋嘀嗒小说🎋,,连接失败,,https://www.dididia.com/
🎋新笔趣阁🎋,,连接失败,,https://m.trtbio.com.cn/
🎋牛阅网🎋,,连接失败,,https://m.niuyue3.club/
🎐花火文学,🎐轻の,连接失败,,https://m.huahuo6.com##@尐哖
🎨 51漫画,漫画,连接失败,,https://m.51sami.com
🎨 7漫画,漫画,连接失败,,https://m.mom7.net
🎨 动漫之家,漫画,连接失败,,https://m.dmzj.com
🎨 动漫之家-M,🎨漫画,连接失败,,https://m.dmzj.com/info
🎨 完美韩漫,🎨 漫画,连接失败,,https://www.wmhm28.com
🎨 日韩漫画,🎨 漫画,连接失败,,https://m.rihanmh.cc
🎨 本子漫画,🎨漫画,连接失败,,https://www.399bz.com
🎨 来漫画 #Haxc1107,漫画,连接失败,,https://m.laimanhua.net#Haxc1107
🎨 欢乐漫画网,🎨漫画,连接失败,,https://m.0a1t.com
🎨 漫画猫,🎨漫画,连接失败,,https://www.maofly.comcom
🎨 漫蛙,"﹅ ㊦ 下载,发现失效,漫画,搜索失效",连接失败,,https://mwcomic7.co/?img_host=0
🎨 漫蛙{来个大佬修改正文},"🎨漫画,🚬刘备",连接失败,,https://manwa.vip
🎨 爱米推漫画,"发现失效,【】⛺漫画,【❌❌】网站失-效,搜索失效",连接失败,,https://m.imitui.com#♤Haxc
🎨 爱米推漫画📱,漫画组,连接失败,,https://m.imitui.com/
🎨 爱米推漫画📱 #Haxc1107,漫画,连接失败,,https://m.imitui.com#Haxc1107
🎨 趣话漫画🅰 #Haxc,漫画,连接失败,,https://api.iqhmh.com#Haxc1107
🎨 都市漫画,🎨 漫画,连接失败,,https://mh.dushimh.com
🎨 风旷桐冬,"🎨漫画,🍊女频",连接失败,,https://m.fktd.com
🎨九妖漫画💞,"🔭 其他,🎊 常用,🎨 漫画",连接失败,,https://9yaomh.com
🎨土豪漫画,漫画,连接失败,,https://www.biqu5.win/
🎨来漫画,🎨漫画,连接失败,,https://m.laimanhua8.com
🎨歪漫画💞,"🔭 其他,🎨 漫画",连接失败,,https://qscxx1.com
🎨粉丝漫画,🎨漫画,连接失败,,https://apifans.dushimh.com/
🎨鸟鸟韩漫💞,"🔭 其他,🎊 常用,🎨 漫画",连接失败,,https://nnhmfb.xyz
🎨🙈秒看漫画,🎨 漫画,连接失败,,https://miaokanmh.com
🏖️笔趣阁❷,微筛选,连接失败,,https://m.biqu789.net//##@遇知
🏖️趣书网543,📥下载,连接失败,,https://www.543xs.com
🏵千夜阁,"🏵,备用,验证码",连接失败,,https://m.qianyege.com
🏷️ 北极圈社,"🍊女频,🏷️论坛,🆔登录,🚬刘备",连接失败,,https://www.polarsocietyofcreator.com
🐋UU看书🐋,小说,连接失败,,https://www.uuks5.com
🐑 香香腐宅,🐑  耽漫,连接失败,,https://boylove.live
🐑大美书网,¹▽置顶`ȏ´正版发现,连接失败,,https://wap.dmshuwang.org
🐚笔趣阁,"笔趣,有声,搜索失效",连接失败,,https://scxs.pigqq.com/
🐣欲书阁,-------,连接失败,,https://www.yushuge.vip/search/##ʕ ᵔᴥᵔ ʔ喜静
🐳懒人听书②,🐳 有声 🐳,连接失败,,https://www.lanrentingshu.net/
👍 去读读,👍 优质,连接失败,,https://www.qududu.org
👍 新看书,小说,连接失败,,https://m.xinkanshu.com
👍 毛豆看书,"发现失效,👍,搜索失效",连接失败,,https://www.maodouks.com
👍 爱爱中文,👍 优质,连接失败,,https://www.aiazw.com
👍 薯条小说,👍 优质,连接失败,,https://m.shutiaoxs.com
👍西瓜网,已检验,连接失败,,https://www.xigua211.com
👑 笔趣阁,"。,3",连接失败,,https://m.bqg234.com
👔 御宅书屋,"【❌❌】搜索失-效,搜索失效",连接失败,,https://www.kbookzw.info/
👙九妖漫画,,连接失败,,https://ciyuanrukou.com
💊 69书吧,💊无搜,连接失败,,https://m.69shuba.cc
💊 天翼文学,💊无搜,连接失败,,https://www.tianyi.la
💊 荣耀小说,💊无搜,连接失败,,https://www.noveltxt.com
💊 蜡笔小说,💊无搜,连接失败,,https://www.labi123.com
💐 女生文学,💐 女频,连接失败,,https://www.dmx5.com
💠 与ＹＹ网,"测试组,测试1,神",连接失败,,https://m.yufyy.com
💠 果冻小说,💠 综合,连接失败,,https://m.guodongxsw.com
💥 何所忆网,💥 专栏,连接失败,,https://www.hsybook.com
💦三千小说①,,连接失败,,https://www.3000xs.com/
💦中文文学网,,连接失败,,https://www.zwwx.com/
💦书海书阁④,,连接失败,,https://m.shuhaigenet.com/
💦书海屋小说,,连接失败,,https://www.shuhaiwu.com/
💦六九中文①,,连接失败,,https://www.zw69.com/
💦大雪天文学,,连接失败,,https://www.daxuetian.com/
💦悠悠书盟①,,连接失败,,https://m.uutxt.com/
💦爱看小说②,,连接失败,,https://www.aaksw.com/
💯 九桃小说,"常用,九桃,防盗",连接失败,,https://www.9txs.com/
💯一六小说①,,连接失败,,https://www.1666xs.com/
💯九桃小说③,💯 精品 💯,连接失败,,https://www.9txs.tw/
💯妙笔阁①①,,连接失败,,https://www.imiaobige.com/
💯巴巴鱼小说,,连接失败,,https://www.babayu.com/
💯断青丝小说,,连接失败,,https://www.duanqingsi.com/
💰 爱发电,💰 正版,连接失败,,https://afdian.net
💵 息壤中文网,"💵正版,搜索失效",连接失败,,https://www.xrzwwp.com
💵 泡泡看书,"💵正版,🍊女频,🚬刘备",连接失败,,https://www.paopaokanshu.com
💵 联通沃阅读,💵 正版,连接失败,,https://iread.wo.com.cn
📃书趣阁,"【🌸自用女频源】,优选女频",连接失败,,https://m.22shuquge.net/
📃伤城中文,,连接失败,,https://www.sczprc.com
📃免费小说网,,连接失败,,https://m.2030txt.com
📃知轩藏书,,连接失败,,https://www.zxcs88.com
📃笔下文学①,"发现失效,[小说源],搜索失效",连接失败,,https://www.scjld.net/
📃笔趣阁⑮③,微筛选,连接失败,,https://www.biqugexx.net/
📃骑士,,连接失败,,https://www.74txt.cc/
📓值得阅读,📓精选,连接失败,,https://s.pjxhmy.com
📖 hei66小说,📖 小说,连接失败,,https://wap.hei66.com/
📖 博看小说,📖 小说,连接失败,,https://www.bkxs.net/
📖 天天中文,📖 小说,连接失败,,https://www.ttzw.com/
📖 御书文网,"📖 小说,网站失效",连接失败,,https://wap.yushuwen.com/
📖 情妹小说,"测试组,📖 小说,@念丶无 残留",连接失败,,https://sexmm.co
📖 新笔趣阁,📖 小说,连接失败,,https://gfnormal05at.com/
📖 泰鼎阁网,🤖 验证,连接失败,,https://wap.tydige.com/
📖 看书先生,📖 小说,连接失败,,https://kans.hu/
📖 笔趣阁网,📖 小说,连接失败,,https://www.xxxbiquge.org/
📖书荒阁,已检,连接失败,,https://api.shgxsapp.com#md-yuan1107
📖棉花糖①,已检,连接失败,,https://api.mianhuatangxs.cn#未月十八二次排版
📖米趣小说,已检,连接失败,,https://api.miquxiaoshuoapp.com#md-yc128
📚 九二小说,📚 正版,连接失败,,https://www.x92k.cc/
📚 六九书吧,👍 备用,连接失败,,https://www.69hsz.com
📚 言情小筑,"📚 正版（Tg敏感资源库
https://t.me/+Gk4E1u5cvaxhYTY1）",连接失败,,https://www.yqxz.org
📚书山小说,"番茄小说,书山",连接失败,,"https://api.shusan.cc
提示：点击登录切换服务器按钮可进行切换(当前书源为纯小说阅读)"
📚书山融合2.1(完全版),"书山小说会员专属请勿传播,番茄小说,七猫小说,塔读小说,得间小说,起点小说",连接失败,,https://so.shusan.xyz
📚书山融合3.0(完全版),"书山小说会员专属请勿传播,番茄小说,七猫小说,塔读小说,得间小说,起点小说",连接失败,,https://ga.shusan.xyz
📚书山融合听书3.0(独立版),"番茄畅听,七猫听书,喜马拉雅听书",连接失败,,https://ga.shusan.xyz/#听书/
📚书山融合小说3.0(独立版),"番茄小说,七猫小说,塔读小说,得间小说,起点小说",连接失败,,https://ga.shusan.xyz/#小说/
📡 有兔阅读,"📡发现,🌸常用",连接失败,,https://app1.youzibank.com
📻 千千静听,💠 综合,连接失败,,https://www.lansezw.com/
📻 恋听网,"发现目录失效,搜索正文失效,📻有声",连接失败,,https://m.ting55.com-3.0
📻 起点听书,📻 有声,连接失败,,https://www.qidian.in
🔆笔趣阁❽❷,微筛选,连接失败,,https://www.biquge5200.com/
🔖爱巴士,"⚡️ 1.3次,0-1文本",连接失败,,https://www.ibusnovel.com/
🔖笔趣阁b51,"笔趣阁,🍁 笔趣 🍁,言情,💦精品",连接失败,,https://www.1biquge.net
🔖网阅,"测试组,测试1,神",连接失败,,https://m.exsw.cc
🔥 好的书,[1],连接失败,,https://www.haodeshu.com
🔥番茄小说🔥(番茄Web共享API),🔥话本🔥,连接失败,,https://temp3.4626.us.kg
🔰 2K小说,🔰 普通,连接失败,,https://m.fpzw.org
🔰 wcxsw,🔰 普通,连接失败,,https://m.wcxsw.la
🔰 写意小说,🔰 普通,连接失败,,https://m.xieyixs.com
🔰 旺旺小说,🔰 普通,连接失败,,https://www.qliww.com
🔰 有意思,🔰 普通,连接失败,,https://m.yysbook.com
🔰 爱悦读网,🔰 普通,连接失败,,https://www.iyd.wang
🔰 笔趣阁³,"4,。",连接失败,,https://m.bqg70.com
🔰 红袖招,🔰 普通,连接失败,,https://hongxiuf.com/
🔰 落秋中文网,,连接失败,,https://h.lqbook.com
🔰 ️满孟小说,🔰 普通,连接失败,,https://reader.manmeng168.com/
🔰58文学网,🔰 一般 🔰,连接失败,,https://www.58wxw.com/
🔰九库小说,🔰 一般 🔰,连接失败,,https://www.jiukuxs.com/
🔰天域小说,🔰 一般 🔰,连接失败,,https://www.tianyuxs.com/
🔰天天书库,🔰 一般 🔰,连接失败,,https://www.tingshuku.com/
🔰天方小说,🔰 一般 🔰,连接失败,,https://www.tianfangxs.com/
🗂🙈无删韩漫🚩,"发现失效,【】⛺漫画,【❌❌】搜索失-效,搜索失效",连接失败,,https://www.wshm.uk
🗃️ 玄幻阁网,🗃️ 综合,连接失败,,https://www.xuanyzw.com
🗒 来漫画网,🗒 漫画,连接失败,,https://m.laimanhua.net
🗒 爱米推网,"发现失效,【❌❌】网站失-效,搜索失效",连接失败,,https://m.imitui.com#一程
🗒 米推漫画,"✨漫画,发现失效,搜索失效",连接失败,,https://m.imitui.com
🗒 趣话漫画,漫画,连接失败,,https://api.iqhmh.com
🙏🙏🙏少搜索🙏🙏11笔趣阁🙏,🈲自己,连接失败,,https://www.11bqg.com/
🚀 POPO,🚀 VPN,连接失败,,https://m.popo.city
🚀 五二书屋,🚀 VPN,连接失败,,https://www.52shuwu.com
🚀 十八疯情,🚀 VPN,连接失败,,https://www.18novel.xyz
🚀 禁忌书屋,🚀 VPN,连接失败,,https://www.jinjishuwu.com
🚬 杏吧资源,"🚬刘备,🔖其他",连接失败,,https://sex8.ga
🚬 榕秋水黛,"🍊女频,🚬刘备,💊无搜",连接失败,,https://rrread.xyz
🚬 火书屋,🚬 刘备,连接失败,,https://www.huosw.com
🚬 笔趣阁popo,"🚬刘备,🚀VPN",连接失败,,https://m.xp578.com
🚬 第一版主,,连接失败,,https://www.hdyp.net
🚬 红袖招,➕夏一L,连接失败,,https://hongxiuxx.com
🚬 肉书屋,🚬 特殊,连接失败,,https://m.xitong89.com
🚬 肉肉书,"🚬刘备,🚀VPN",连接失败,,https://m.rouroushu.com
🚬 霸气书屋②修复,"🚬刘备,发现失效,搜索失效",连接失败,,https://www.87shuwu.in
🧐三五小说♨️,"发现失效,搜索失效",连接失败,,https://www.txt35.com
🧐二零书屋♨️,"发现失效,搜索失效",连接失败,,https://www.shu20.com
🧐格格党♨️,"发现失效,﹅ ♝ 优良,搜索失效",连接失败,,https://m.ggdang.cc
🧐随梦中文♨️,﹅ ♝ 优良,连接失败,,https://www.suimengzw.com/
🧐龙坛中文♨️,﹅ ♝ 优良,连接失败,,https://www.longtanzw.com/
🧿 笔趣阁API,🌱 阅读,连接失败,,https://www.biqugeapp.com
🪔️ 书趣阁,"【❌❌】搜索失-效,发现失效,搜索失效",连接失败,,https://www.sutxt.com/##@遇知
🪔️ 书趣阁,"【❌❌】搜索失-效,发现失效,搜索失效",连接失败,,https://www.sutxt.com/
🪔️ 啊酷小说,"【❌❌】搜索失-效,发现失效,搜索失效",连接失败,,https://m.owlook.top/##@遇知
🪔️ 泰鼎阁,微筛选,连接失败,,https://wap.tydige.com/##@遇知
17K,"💭💭💭💭💭💭,发现目录失效,搜索目录失效",页面不存在,404,http://api.17k.com#芜恙
17k小说,,页面不存在,404,http://api.17k.com
48小说网,"自制,源仓库,网页源",页面不存在,404,https://www.48sc.com
Lofter,⭐️ 收藏,页面不存在,404,https://newsmiss.lofter.com#乃星
My176,"💨,发现失效,搜索失效",页面不存在,404,https://api.zhuishushenqi.com#lmcs
My176,"发现失效,搜索失效",页面不存在,404,http://api.zhuishushenqi.com
SF轻小说,轻小说,页面不存在,404,https://api.sfacg.com
avmoo,"发现失效,﹅ 通用书源▪︎玄奇,搜索失效",页面不存在,404,https://avmoo.casa/cn
♛番茄完善⑥▪︎魔改app6,"-♛2023年01月27日●魔改app,番茄",页面不存在,404,https://reading.snssdk.com#魔改app.6
✨ 番茄小说,"精选,番茄",页面不存在,404,https://api5-normal-sinfonlineb.fqnovel.com
⭐番茄标签,¹▽置顶`ȏ´正版发现,页面不存在,404,https://api3-normal-lf.fqnovel.com##标签细分
㊣✐ 快看漫画  #一程,漫画🎟️,页面不存在,404,https://api.kkmh.com#yc1101
㊣百里中文 #一程,"【❌❌】搜索失-效,发现失效,搜索失效",页面不存在,404,http://www.bailizw.com#♤yc
乐乎Lofter②,【小说2书源】,页面不存在,404,https://newsmiss.lofter.com#guaner
乐乎文章（优）,特殊 书源,页面不存在,404,https://newsmiss.lofter.com
九酷音乐（优）,音乐 书源,页面不存在,404,http://m.9ku.com
九阅小说,综合,页面不存在,404,https://api.9yread.com
今日头条,,页面不存在,404,https://api-lf.fanqiesdk.com/
休闲文学吧,综合,页面不存在,404,https://www.xxwx8.com/
免费追书,-------,页面不存在,404,https://cxb-pro.cread.com##@遇知
八一中文网,"自制,备用,源仓库,网页源",页面不存在,404,https://so2.x218zw.com
天籁小说,小说 书源,页面不存在,404,https://www.tianlaixsw.org
奇书网,全部来自论坛,页面不存在,404,https://m.1qishu.com
奇书网络,小说 书源,页面不存在,404,https://m.1qishu.com#🎃
好文书屋,综合,页面不存在,404,http://hotxww.com/
小小阅读/书香之家,,页面不存在,404,https://s.chuangke.tv
小小阅读/书香之家,,页面不存在,404,https://s.mysignal.cn
必看悦读,小说 书源,页面不存在,404,https://api.97yd.com/
必看悦读▪API -,"已校验,搜索正文,搜索失效",页面不存在,404,https://api.97yd.com#冷魅edit
快看漫画,漫画 书源,页面不存在,404,https://api.kkmh.com#♤Haxc
快看漫画,漫画 书源,页面不存在,404,https://api.kkmh.com#♤yc
快看漫画,漫画 书源,页面不存在,404,https://api.kkmh.com#Haxc1107
有度·轻小说,🌸 轻小说,页面不存在,404,https://www.yoduzw.com/qingxiaoshuo
有度轻小说,🎈 轻文,页面不存在,404,https://www.yodu.org/qingxiaoshuo
格格党,💯 常用,页面不存在,404,https://www.ax61.cc/apk/down.html
漫画台,漫画 书源,页面不存在,404,https://m.manhuatai.com/api#♤Haxc
漫画台子,念心 || 漫画,页面不存在,404,https://m.manhuatai.com/api
熊猫看书,综合,页面不存在,404,https://anduril.xmkanshu.com
熊猫看书,小说 书源,页面不存在,404,http://anduril.xmkanshu.com#🎃
熊猫看书,小说 书源,页面不存在,404,https://anduril.xmkanshu.com#🎃
熊猫看书 anduril.xmkanshu.com,未测试,页面不存在,404,http://anduril.xmkanshu.com
爱下小说（优）,小说 书源,页面不存在,404,https://apiv2hans.aixdzs.com##@尐哖
爱下电子书,,页面不存在,404,https://apiv2hans.aixdzs.com
爱奇艺•女生💯,小说,页面不存在,404,http://wenxue.iqiyi.com/nvsheng
爱奇艺•文学💯,小说,页面不存在,404,http://wenxue.iqiyi.com/wenxue
爱奇艺文学,"【❌❌】搜索失-效,搜索失效",页面不存在,404,http://wenxue.iqiyi.com/nansheng
爱看书,,页面不存在,404,https://cxb-pro.cread.com#Haxc
特·笔趣阁听书网,"笔趣,发现失效,搜索失效",页面不存在,404,https://m.jikage.com
狸猫故事-绘本为有声-夜明空,全部来自论坛,页面不存在,404,https://m.limaogushi.com/2
狸猫故事-绘本为漫画-夜明空,全部来自论坛,页面不存在,404,https://m.limaogushi.com/1
番茄[api3①],"⛱️免费,番茄小说",页面不存在,404,https://api3-normal-hl.fqnovel.com
番茄[api3②],"番茄小说,需要登录",页面不存在,404,https://api3-normal.fqnovel.com
番茄[api5],"⛱️免费,番茄小说",页面不存在,404,https://api5-normal-lq.fqnovel.com
番茄·出版,！绝对领域,页面不存在,404,https://api5-normal-lf.fqnovel.com/chuban
番茄·出版·备用,天域战歌整理,页面不存在,404,https://novel.snssdk.com/chuban
番茄·女频·备用,,页面不存在,404,https://novel.snssdk.com/nvpin
番茄·男频·备用,天域战歌整理,页面不存在,404,https://novel.snssdk.com/nanpin
番茄免费小说2,番茄小说,页面不存在,404,https://api5-normal-hl.fqnovel.com
番茄免费小说3,"番茄小说,需要登录",页面不存在,404,https://api5-normal.fqnovel.com
番茄免费小说all,"番茄小说,需要登录",页面不存在,404,https://api.fqnovel.com
番茄分类,源仓库,页面不存在,404,https://api5-normal-lf.fqnovel.com##分类
番茄套娃,小说 书源,页面不存在,404,https://novel.snssdk.com#测试
番茄小说,🍅,页面不存在,404,https://api5-normal-lf.fqnovel.com##
番茄小说,"🍅,失效,js失效,搜索失效",页面不存在,404,https://api5-normal-lf.fqnovel.com
番茄小说,番茄,页面不存在,404,https://api3-normal-lf.fqnovel.com######
番茄小说 2,API,页面不存在,404,https://api3-normal-lf.fqnovel.com##
番茄小说/本地,,页面不存在,404,https://novel.snssdk.com#源社区梓澄qwq
番茄小说/本地,,页面不存在,404,https://novel.snssdk.com
番茄小说novel[api],番茄,页面不存在,404,https://novel.snssdk.com##zhbyjm7783
番茄怀旧,-             番茄2,页面不存在,404,https://novel.snssdk.com#圣灵
番茄怀旧,"番茄🍅,校验超时",页面不存在,404,https://novel.snssdk.com#魔改app.1
番茄正版·女生(哪位大佬改为最新书一下),"番茄小说,☃晨光雨露᭄精品源",页面不存在,404,https://api5-normal-lf.fqnovel.com/nvsheng
番茄正版·男生(哪位大佬改为最新书一下),☃晨光雨露᭄精品源,页面不存在,404,https://api5-normal-lf.fqnovel.com/nansheng
百里中文💰,正版,页面不存在,404,http://www.bailizw.com/
笔趣阁,小说 书源,页面不存在,404,http://www.biquge2.cc
精华书阁,"☆常用,校验超时",页面不存在,404,https://m.axs6.com
老福特,-------,页面不存在,404,https://newsmiss.lofter.com#♤guaner
耽免时光,女频,页面不存在,404,https://bltime.cc/pages/novel/novel
自制书源[禁][永久有效],,页面不存在,404,https://api.rouwenapp.com
若初文学,⑤🛍︎  小说,页面不存在,404,https://search.ruochu.com
西瓜小说[api],综合,页面不存在,404,https://xgmf.zuanqianyi.com/
读61小说网,"💝 优质,希弥",页面不存在,404,https://www.du61.com
读书社科,小说 书源,页面不存在,404,https://www.dushu.com/sheke#嘚嘚21.0201
读书社科（哲学）,小说 书源,页面不存在,404,https://www.dushu.com/sheke
读书网吧,【小说1书源】,页面不存在,404,https://www.dushu.com/xiaoshuo#嘚嘚21.0201
读书网说（哲学）,小说 书源,页面不存在,404,https://www.dushu.com/xiaoshuo
趣悦小说,综合,页面不存在,404,https://vreader.vivo.com.cn
追书排行榜,Namo,页面不存在,404,https://api.zhuishushenqi.com
酷我小说[api],正版,页面不存在,404,http://appi.kuwo.cn/novels/api/book/
阅路,"💭💭💭💭💭💭,搜索目录失效",页面不存在,404,https://apiuser.yueduyun.com/
青花鱼评（优）,特殊 书源,页面不存在,404,http://45.79.102.135/allcp.org/###
顶点小说,综合,页面不存在,404,https://www.23uswx.com
顶点小说,小说 书源,页面不存在,404,https://www.23us.tw/#♤pb
顶点小说,小说 书源,页面不存在,404,https://www.23us.tw/#pb1101
顶点小说,小说 书源,页面不存在,404,https://www.23uswx.net#🎃
飞翔鸟吧,小说 书源,页面不存在,404,https://www.fxnzw.com/111
鸟书网吧（发现）,小说 书源,页面不存在,404,https://www.99mk.la/
黑岩小说玄奇.,,页面不存在,404,https://search.heiyan.com/
🌈pixiv小说,"🙈,pixiv",页面不存在,404,https://app-api.pixiv.net/
🌙 免费小说-HD,"已校验,0206⭐",页面不存在,404,https://api.fanqiesdk.com/
🌙 绿柠小说,,页面不存在,404,https://android.goreadnovels.com/
🌟菠萝包轻小说APP,💰 正版,页面不存在,404,https://api.sfacg.com#APP
🍅 番茄小说,💯 常用,页面不存在,404,https://reading.snssdk.com#lcs
🍅番茄接口合集,js失效,页面不存在,404,https://api-sinfonlineb.fanqiesdk.com###
🍅番茄接口合集,js失效,页面不存在,404,https://api-sinfonlineb.fanqiesdk.com
🍺 小米阅读,🍺 特优,页面不存在,404,https://reader.browser.miui.com/v
🍺 斋书苑,🍺 特优,页面不存在,404,https://m.zhaishuyuan.org
🍺 武林小说网,🍺 特优,页面不存在,404,http://m.50xsw.com
🍺 玉米小说,🍺 特优,页面不存在,404,https://m.babynovel.com/
🍺 番茄小说 snssdk,🍺 特优,页面不存在,404,https://reading.snssdk.com#0
🎉 文学五一,🎉精品,页面不存在,404,https://www.regou6.com
🎋凌云文学网🎋,,页面不存在,404,http://m.nnsc6.com/
🎨 漫画台🅰 #Haxc1107,漫画,页面不存在,404,https://m.manhuatai.com/api#Haxc1107
🐑漱旧雪诗,¹▽置顶`ȏ´正版发现,页面不存在,404,http://m.4gxs.cc
👌 斋书院,👌 常用,页面不存在,404,https://www.zhaishuyuan.org
👍 顶点小说②,👍 优质,页面不存在,404,https://m.23us.tw
💯小说酷笔记,,页面不存在,404,https://mm.kubiji.org/
💯键盘小说①,,页面不存在,404,https://www.janpn.com/
💯鸟书网小说,,页面不存在,404,https://www.99mk.com/
💰 百里中文,"﹅ ㊣ 正版,发现失效,搜索失效",页面不存在,404,http://www.bailizw.com#一程
📑 优书网,发现规则为空,页面不存在,404,https://m.ypshuo.com/api/
📖青花鱼【楼层目录】,③📖  论坛,页面不存在,404,http://45.79.102.135/allcp.org/
📚 汉典古籍,"📚出版,发现失效,搜索失效",页面不存在,404,http://gj.zdic.net/so
📻 有声听书网,"听书,校验超时",页面不存在,404,https://www.ysts5.com
🔖vomic,1,页面不存在,404,http://api.vomicmh.com
🔖爱看书🅰🔓,,页面不存在,404,https://cxb-pro.cread.com
🔥秀色女神,"🧜‍♀️,自制",页面不存在,404,https://www.xsnvshen.co/
🖤♛-Q1文学w md,"发现失效,漫画,﹅ ♛ 精品,搜索失效",页面不存在,404,http://www.q1wx.com/#md
🧐天籁小说♨️,"发现正文失效,﹅ ♝ 优良,搜索失效",页面不存在,404,https://m.tianlaixsw.org
