书源名,分组,状态,HTTP,地址
69书吧多接口@游客2580,"源仓库,优质,69,自制,网页源,js失效",其它错误,,69shuba:youke2580
UAA·小说,自添,其它错误,,UAA·小说
UU小說,,其它错误,,去789
comic[繁|修]️,,其它错误,,https://x.twocomic.com修
▪︎♛爪机书屋 md #一程,"﹅ ♛ 精品,发现目录失效,搜索失效",其它错误,,https://www.zjsw.org#md-yc
♜ 恋上你看书 #一程,,其它错误,,https://www.630shu.net#yc1101
♨️ 青羽阅读,精选,其它错误,,【青羽/乐兔】阅读——遇知
✐ 新漫画,,其它错误,,https://xapi.xinmanhua.net♤Haxc
❀ 33言情 ♛♛♛,已检验,其它错误,,https://www.33yq.org#一程
㊣ 若初文学,,其它错误,,http://www.ruochu.com♤yc
七七读书,,其它错误,,http://www.dushu.com已整理
三三言情,小说 书源,其它错误,,https://m.x33yq.org/##@鱼
三月天,全部来自论坛,其它错误,,https://m.3yt.org
临高启明🎃,,其它错误,,http://lgqm.huijiwiki.com/wiki/同人作品列表#🎃
书仓网🥈,搜索失效,可达,200,https://www.shucang.cc#🎃
书海阁 m.shuhaige.net,综合,其它错误,,https://m.shuhaige.net
书海阁子,小说 书源,其它错误,,https://m.shuhaige.net/#pb
二宝小说,小说 书源,其它错误,,https://www.20xs.org/#pb1101
五六中文,-------,其它错误,,https://www.56zw.com已整理
六味书屋,,其它错误,,六味书屋
刺书客吧,,其它错误,,http://m.shuke.dlbeauty.cn/喜静
原69主站,,其它错误,,.com域名
友爱学渣,﹅ 通用书源▪︎玄奇,其它错误,,学渣
喜马拉雅,听书 书源,其它错误,,https://www.ximalaya.com已校验
墨辰整理书源系列,,其它错误,,墨辰整理书源大全6.0版
天域小说,,其它错误,,https://www.zmccx.com/♤pb
妙阅小说,源仓库,其它错误,,妙阅小说app抓包
宝来小说,20250428,可达,200,https://www.baolaixsw.com
宝来小说,小说 书源,可达,200,https://www.baolaishiye.com/
少年小说,综合,可达,200,https://m.snxiaoshuo.com/
恋上你看书,1,其它错误,,https://m.630shu.net/
搜动漫②,"发现失效,【】⛺漫画,【❌❌】搜索失-效,搜索失效",其它错误,,http://m.soudongman.com已整理
新御书屋,全部来自论坛,其它错误,,https://whfrsl.com
新顶点小说,"发现失效,搜索失效",可达,200,https://www.xddxs.co/
晋江,"🎀 晋江,🍊 女频",其它错误,,晋江纯爱/无cp标签
晋江小子,微筛选,其它错误,,晋江APP源，请看注释
晋江文学11,"搜索正文失效,发现正文失效,【❌❌】搜索正文失-效",其它错误,,http://www.jjwxc.net/纯爱最新更新
晋江文学城,"5.26,搜索正文失效,发现正文失效",其它错误,,http://www.jjwxc.netï¼ï¼
晋江详榜（发现）,,其它错误,,https://m.jjwxc.net未月十八小改
派派文学,111最新校验成功,可达,200,https://m.paipaiwx.com
漫画台子,漫画 书源,其它错误,,https://m.manhuatai.com/api已校验
爪机书屋,小说 书源,其它错误,,https://m.zjsw.org/##@遇知
爱书仓网,小说 书源,可达,200,https://www.shucangxsw.com
爱看书吧,小说 书源,其它错误,,https://m.aidushu8.com/
爱看漫画iimh,漫画🎟️,其它错误,,https://www.iimh.net
猫耳,有声,其它错误,,https://www.missevan.com已校验
猫耳有声,,其它错误,,https://www.missevan.com关耳
番茄✮免费小说,"【❌❌】搜索失-效,发现失效,搜索失效",其它错误,,超人
番茄小说,小说 书源,其它错误,,https://novel.snssdk.com苏念
百度贴吧,-------,其它错误,,https://tieba.baidu.com已整理
短篇小说[自写],自写1118,其它错误,,https://www.txt818.com
笔趣阁,小说 书源,其它错误,,https://www.tkxyk.cc/喜静
笔趣阁tkxyk,"常用,搜索失效",其它错误,,https://www.tkxyk.com
第九中文,,其它错误,,https://www.tengwen.cc/喜静
老幺小说网-夜明空,,其它错误,,https://www.laoyaoxs.org//防
若初文学,,其它错误,,http://www.ruochu.com一程
虫虫书屋,涩文,其它错误,,http://www.51menu.com
虫虫书屋<0794r>,💭💭💭💭💭💭,其它错误,,http://www.0794r.com##尐哖
西瓜小说xigua,❤小说,其它错误,,西瓜小说
读书网吧,小说 书源,其它错误,,https://www.dushu.com/xiaoshuo已整理
资源采集21  #Thomas哟,涩视,其它错误,,资源采集21
趣书网/76txt,"自制,女频,下载,源仓库,网页源",其它错误,,https://www.76txt.com/
追文小说,小说 书源,可达,200,https://www.zhuiwenxsw.com
醉爱,"发现正文失效,【❌❌】网站失-效,搜索失效",其它错误,,https://m.zuiaixs.com/
霹雳书屋◎辞晨◎,写源,其它错误,,🔖霹雳🔖🤔
飞卢小说,,其它错误,,https://b.faloo.com温暖满怀
🌈pixiv小说,"🙈,pixiv",其它错误,,https://pixiv小说.luoyacheng.ip-ddns.com
🌈八叉书库,"🙈,八叉",其它错误,,https://八叉书库.luoyacheng.ip-ddns.com
🌈绅士漫画,🙈🎨,其它错误,,洛娅橙-绅士漫画
🌈读漫屋,🙈🎨,其它错误,,洛娅橙-读漫屋
🌐ACG漫画网,写源,其它错误,,网站被吃了没办法❗👻
🌙 免费小说-HD,"。,2",其它错误,,番茄小说-hide
🌞晴天融合4.7.10(完全版),柳树,其它错误,,晴天融合4.0
🌸全随机,月月书源,其它错误,,这是一个书源哦……
🍅大灰狼融合4.7.2(完全版),大灰狼,其它错误,,大灰狼融合VIP4.0
🍅聚合书源有你喜欢的,番茄小说,其它错误,,"http://110.40.38.4:5008
https://api.langge.tk
https://api.doubi.tk
http://api.dahuilang.cf
提示：点击登录切换服务器按钮可进行切换(当前书源为融合版)"
🍑七色小说🍑,﹅ ✾ 言耽,其它错误,,http://m.qisexs.com已整理
🍺 笔下文学 bxwx.co,🍺 特优,可达,200,https://www.bxwx.co/
🎉 吞噬小说①,"💊无搜,🎉精品",其它错误,,https://www.tsxsw.la
🎉 晴天聚合,🎉 通用书源,其它错误,,晴天融合VIP4.0
🎨 九妖漫画,"🎨漫画,🚬刘备",其它错误,,九妖漫画
🎨 顶通漫画,漫画组,其它错误,,顶通漫画💞
🎬看片狂人,影视,其它错误,,🎬看片狂人
👑奇书网,,可达,200,https://m.xinqishuxs.com
💡晋江文学,"¹▽置顶`ȏ´正版发现,⁶❀耽女︎ºั轻言",其它错误,,http://www.jjwxc.net/细分
💰 起点中文网,💰 正版,其它错误,,http://www.qidian.com/起点中文
💰 起点男榜,💰 正版,其它错误,,https://m.qidian.com/男频排行
💵 晋江[百合标签],"﹅ ㊣ 正版,漫画,发现失效",其它错误,,http://m.jjwxc.net/百合标签
💵 晋江详榜,💵正版,其它错误,,http://www.jjwxc.net/详榜
💵 起点男频,¹▽置顶`ȏ´正版发现,其它错误,,https://www.qidian.com//男频标签
📡 256中文,"📡发现,🚀VPN",其它错误,,https://www.256zw.net
📺 资源采集20  #Thomas哟,影视,其它错误,,资源采集20
📺 资源采集6  #Thomas哟,涩视,其它错误,,资源采集我
🔖八叉书屋🔖◎辞晨◎,收集出处：源论坛 4月29号,其它错误,,❗❗❗你猜我是谁👻=>❗🔐❗❗
🔖纵横排行榜,🔖正版,其它错误,,❀.zongheng
🚖 米国度,8月1日.静,其它错误,,米国度
🚪修复3,﹅ 通用书源▪︎玄奇,其它错误,,目录3
🛺 晋江[榜单]③,"🍊 女频,搜索正文失效,发现正文失效",其它错误,,http://www.jjwxc.net，
🧾新御书屋🧾,收集出处：源论坛 4月29号,其它错误,,🧾新御书屋🧾
126文学网,"5.26,发现失效,搜索失效",异常状态,503,http://www.2itcn.com/
2大熊猫文学🎃,,异常状态,301,https://www.dxmwx.org#🎃
517漫画517mh,💜漫画,异常状态,503,http://m.517mh.net
58小说,"💝 优质,希弥",异常状态,503,http://m.wbxsw.com/
86小说,,异常状态,503,http://www.txt86w.com
A 99阅读,🗃️ 综合,异常状态,503,http://www.9920102.com/
E小说,,异常状态,503,http://www.eshu.cc
H 88读书网,H,异常状态,521,https://www.x88dushu.com
QB男生readerqq,❤小说,异常状态,502,https://newopensearch.reader.qq.com
UAA·文学,学习资料,异常状态,503,wwwwww.uuuuuaaaaaaa.ccoomm
k小说,,异常状态,503,http://api.k.com
Ⓜ️MX动漫,【影视 书源】,异常状态,503,http://www.mxdm9.com
"♕番茄小说(需要注册密钥QAQ,免费的)",番茄小说,其它错误,,"http://api.fq.yesui.me:7748/
http://45.207.206.182:7748/
http://yesui.me:10005/
http://45.207.214.102:10005/"
♜-七星阁 #破冰▼列表书少,"﹅ ♜ 优质,搜索失效",异常状态,521,https://www.qixinge.com/#pb1101
♜天天书吧,,异常状态,503,http://www.ttshuba.net/#pb1101
✐ 笔下文学漫画 #Haxc,"漫画,发现失效,搜索失效",其它错误,,http://open.bxzwapp.com#♤Haxc
✨思路客🎉📱,✨ 精品 ✨,异常状态,503,http://m.siluke.us/
✨读一读🎉📱,⁶❀耽女︎ºั轻言,异常状态,503,http://m.du11du.com/
⭐️书馆,3,异常状态,503,http://m.shuzwa.com
⭐️笔趣阁,3,异常状态,503,http://m.zzzcn.org
【⚚⋆名著大全】,⁷̶̥̥̥ॱଳ͘图书۶出版,异常状态,503,http://www.fushouse.com/
㊕✾♝绿竹小说 md #关耳,"发现失效,﹅ ㊕ 特殊,﹅ ✾ 言耽,﹅ ♝ 优良,搜索失效",异常状态,503,http://www.lvzhuxs.com/
㊣ 阅听小说,"免费,搜索失效",其它错误,,http://api.cdyt.com#yc1101
七星阁小说网,,异常状态,503,http://www.qixinge.net
万相书城,🚀VPN,异常状态,503,http://www.wxsc8.com/
下书久久,小说 书源,异常状态,521,https://www.xiashu99.com
书旗小说_By-曦灵,💎曦灵,异常状态,521,http://m.shuqi.cc/
二月居,"𐄚 小说,发现失效,𐄚𐄛 Ⓐ级,搜索失效",异常状态,503,http://www.eryueju.com/
亿软小说,,超时,,http://www.yiruan.info
修笔小说,小说 书源,异常状态,521,https://www.xiubi.net
全本小说,小说 书源,超时,,http://www.xs5200.com/#pb1101
全本小说网,,可达,200,https://m.qbxsw.com/
八中文网,小说 书源,异常状态,503,http://www.bb520.org
六漫画📱hbdsfj.com,🎨漫画,异常状态,503,http://m.hbdsfj.com
千漫谷,🎨漫画,异常状态,523,https://www.wuforcongress.com
博仕书屋,念心 || 小说,异常状态,503,http://m.boshisw.com/s.php
友绘漫画网-需登录,🎨漫画,异常状态,503,http://m.xzcstjx.com
同人圈子（魔法）,小说 书源,异常状态,503,http://www.tongrenquan.org/
唐门看书,小说 书源,异常状态,502,https://zbwq.wmg.weimeigu.net/app/index.php?i=16414&c=entry&do=index&m=iweite_xiaoshuo
圣瞳小说,小说 书源,异常状态,503,http://books.hblmjs.com
天域小说,小说 书源,超时,,http://m.tycqzw.net/
天涯知识（优）,特殊 书源,异常状态,502,http://book.sbkk8.com
奇书网,综合,可达,200,http://m.xqishuta.net
妖气漫画,漫画🎟️,异常状态,503,http://api.uyaoqi.com
安全小说,小说 书源,其它错误,,http://www.acgzc.com#一程
小说呀丫,综合,异常状态,503,http://www.xshuyaya.cc
小说旗子,小说 书源,可达,200,http://www.xs7.cc/
广安中文,小说 书源,有响应(拦截),403,http://www.gazww.com
微风小说,小说,异常状态,502,https://www.weifengxs.com
快看漫画①,,异常状态,503,http://m.kuaikanmanhua.comHaxc
悅書閣（悦书阁）,小说,异常状态,503,http://tenaciouskny.net
悟空小说🎃,,其它错误,,http://www.548xs.com#🎃
懒人小说,,异常状态,503,http://m.lazytxt.shop:8081
拉米阅读🎃,,可达,200,https://read.lmeee.com#🎃
新笔趣阁lt,"比,发现失效,搜索失效",异常状态,503,http://m.ltoooo.com
无限小说,小说 书源,异常状态,503,http://www.phj.cc
时阅文学,正版小说 书源,异常状态,503,http://m.timeread.com
晴天听书<晴天>,"❤️番茄,❤️常用,搜索失效",其它错误,,"http://audio.cloudepays.cn
http://api618.qingtian618.site
https://api.gyks.cf"
晴天融合<晴天>,🔅晴天🔅,其它错误,,"http://api.cloudepays.cn
http://api618.qingtian618.site
https://api.gyks.cf"
未来天王,小说 书源,可达,200,http://www.weilaitianwang.com
极致小说,【小说1书源】,其它错误,,http://www.acgzc.com#yc1101
格格党吧,小说 书源,异常状态,503,http://www.qingzichan.net
歌书网吧,-------,其它错误,,http://m.gashuw.com/##@遇知
波月小说,小说 书源,异常状态,503,http://www.txt5200.cc
源社区出品-新笔趣阁（绿）3y3,,异常状态,503,http://www.3y3.org
漫客栈,,异常状态,503,http://comic.mkzhan.comHaxc
爪机书屋,小说 书源,异常状态,444,https://zjsw.org
爱下书网,小说 书源,可达,200,http://www.aixiashu.info
爱尚小说,小说 书源,异常状态,503,http://www.aslwx.com/
猫猫小说,"自制,源仓库,网页源",异常状态,503,http://novel.atcat.cn
猴子阅读,"💭💭💭💭💭💭,搜索失效",异常状态,521,http://www.hzxsw.com/
玖玖番茄fqapi,❤小说,异常状态,503,http://list.fqapi.sfacg.link
番茄溜梅,小说 书源,异常状态,503,http://m.fqxsw.cc
看脸🈲啊,🈲自己,异常状态,500,https://dwkm.xyz/
秀人集,秀人,异常状态,503,http://98.987328.xyz/
章鱼小说,"💭💭💭💭💭💭,校验超时",异常状态,503,http://www.juters.com/#
笔下文学,"自制,源仓库,网页源",异常状态,503,http://www.bxtxt.cc
笔仙阁236316,综合,异常状态,503,http://www.236316.com
笔趣屋,微筛选,异常状态,502,https://api.ywpxg.com
笔趣阁,小说 书源,超时,,http://www.ibiquw.com#
笔趣阁,小说 书源,可达,200,http://www.xinbqg.org/
笔趣阁,小说 书源,异常状态,503,http://www.ybiquge.com/
笔趣阁1,1,异常状态,503,http://www.limkokwingchina.com/##jjj
笔趣阁[boquku.com,,异常状态,504,http://m.boquku.com
笔趣阁❶,API,异常状态,503,http://app.xiaoshuoapp.cn/
第九中文,小说 书源,异常状态,530,https://m.d9shu.com/
精品书屋_jingpinshuwu.top,👍 备用,异常状态,525,https://www.jingpinshuwu.top
红尘小说网◎GEd520◎,写源,异常状态,503,http://www.hcxsw3.com#
经典笔趣,,异常状态,530,https://m.xingmingzhi.com#🎃
翠微居,校验可用,异常状态,503,http://www.cwj18.org
腐小说,,异常状态,503,http://www.fxsw.top
藏海阁小说网,"全部来自论坛,搜索失效",异常状态,521,https://www.canghaige.com/
言情中文,🍊 女频,异常状态,530,https://m.nsxs5.net#
请看小说(天天修复),微筛选,异常状态,521,http://m.qingkanshu.net
谜题小说网👿,,异常状态,503,http://www.mitixs.com/
豪橫文学,自做,异常状态,503,http://m.haohengwx.net
选书小说,综合,异常状态,503,http://www.xuanshu.org
阅听小说（发现）,小说 书源,异常状态,503,http://api.cdyt.com
青羽阅读,网络小说,异常状态,503,http://api.kuduwxw.com/
顶点小说,小说 书源,异常状态,503,http://www.jianlai.cc
鬼吹灯🎃#2,,其它错误,,http://www.cxbz958.info#🎃
️无敌小说,小说 书源,其它错误,,http://wap.ibashu.org#🎃
🌞晴天听书4.0(vip),,其它错误,,http://v1.gyks.cf/#听书
🌞晴天漫画,"❤️视频,❤️漫画,❤️番茄,搜索失效",其它错误,,"http://api.cloudepays.cn
http://api618.qingtian618.site
https://api.gyks.cf
提示：点击登录切换服务器按钮可进行切换(当前书源为纯漫画)"
🌟83小说网,,异常状态,503,http://www.83xsw.com
🌸 全本小说网qb5.io,"🌸常用,🚀VPN",异常状态,503,http://www.qb5.io
🌸哇叽,🌸 免费,其它错误,,http://k.yfwaji.com##尐哖
🍁 精品小说🔸zjwyzyy,🌸 免费,其它错误,,http://wap.zjwyzyy.com/##@遇知
🍁笔趣阁⑭①,🍁 笔趣 🍁,异常状态,503,http://www.1kzw.com/
🍁笔趣阁㉟①,,异常状态,521,https://www.zpxsw.com/
🍊 读一读,🍊女频,异常状态,503,http://www.du11du.com
🍊哇叽,D组,其它错误,,http://q.yfwaji.com##@尐哖
🍺 爱阅小说,微筛选,异常状态,503,http://m.hybooks.cn
🍺 笔趣阁 biquge.xin,🍺 特优,异常状态,502,https://www.biquge.xin
🎀章鱼小说,🎉 精选,异常状态,503,http://www.z1xs.com/
🎉 七真书院,"4,。",异常状态,503,http://www.7zzw.com
🎉 造化图,🎉精品,异常状态,521,https://www.zaohuatu.com
🎉书悠库小说,,异常状态,503,http://www.shuyouku.com/
🎉吾读网小说,,异常状态,530,http://www.5du5.org/
🎋搜狗书库🎋,,异常状态,503,http://m.sogouso.com/
🎋读书岛🎋,,异常状态,503,http://m.52dushu.cn
🎟️诗南漫画,漫画,异常状态,503,http://sinaappxx6.q236.cn/post/GetInfo
🎨哔咔漫画💞,"🔭 其他,🎊 常用,🎨 漫画",异常状态,400,https://picaapi.picacomic.com
🏖️云兔小说,常用（精选）,异常状态,503,http://book.yuntuxs.com/
🐙章鱼小说,【小说2书源】,其它错误,,http://www.juters.com/##🐙
🐬万卷小说,🐬 API 🐬,异常状态,503,http://j.5yzw.com/
👍 丫丫电子书 静白校验搬运其他渠道去除防伪,读书源,异常状态,503,http://www.xshuyaya.com
👍 笔趣阁④,👍 优质,异常状态,503,http://www.kb4.cc
💊 兰兰文学,💊无搜,异常状态,503,http://www.lanlanguoji.com
💠 书书小说,"发现失效,💠 综合,搜索失效",异常状态,503,http://www.hbhuaqiang888.com
💦七星阁小说,,异常状态,521,https://www.qixinge.com/
💯乐文小说②,💯 精品 💯,异常状态,503,http://www.lewen9.com/
💯全小说①①,,异常状态,503,http://quanxs.net/
💰 四零二零,💰 正版,超时,,http://www.wrlwx.com
💵 耽青,"💵正版,🍊女频",异常状态,503,http://m.zhongtaizhongye.com
📖 当书小说,📖 小说,异常状态,530,https://downbook.cc/
📖 爱下书网,精选,可达,200,http://www.aixiashu.com/
📖 盗墓小说,📖 小说,异常状态,530,https://www.daomutxt.cc/
📚书山融合2.1(完全版),书山小说会员专属请勿传播,异常状态,503,http://s1.shusan.cc:1907
📱八叉书库-夜明空,"全部来自论坛,网站失效",异常状态,400,https://8xbook.cc
📻 小米听书,有声,异常状态,530,https://mitingshu.com
🔰 阅读库,🔰 普通,超时,,http://m.yuedsk.com/
🚀 男人VIP,🚀 VPN,异常状态,503,http://nanrenvip.city
🚬 广安中文网,🚬 刘备,异常状态,503,http://m.scamssm.com
🚬 求书帮,🚬刘备,异常状态,503,m.qiushubang.me
🚬 第一版主③[仅发现],！绝对领域,异常状态,503,http://www.dybz2.me
🧐八一中文②♨️,"﹅ ♝ 优良,搜索失效",异常状态,521,https://www.81zw.net/
🪔️ 品阅阁,"【❌❌】搜索失-效,搜索失效",异常状态,521,http://www.pinyuege.com/
🪔️ 百书阁,"发现失效,【❌❌】搜索正文失-效,搜索失效",其它错误,,http://www.baitxt.com/##@遇知
00小说网,[小说源],其它错误,,http://www.00xs.net/#♤pb
1359漫画-M,🎨漫画,超时,,https://m.1359mh.com
18小说,综合,超时,,https://m.18xsorg.com
3,❤️涩涩,超时,,http://www.xsojo.com/
33言情网,,异常状态,522,https://m.x33yqw.com
4020电子书🎃,,超时,,https://www.iwurexs.info#🎃
520小说(仅发现),综合,超时,,https://www.520fsxs.com/
60看书,全部来自论坛,超时,,http://www.60ksw.com/
69书吧（梯子）,"发现失效,⭐️⭐️⭐️⭐️⭐️,搜索失效",连接失败,,https://www.69xinshu.com/
77读书,全部来自论坛,超时,,http://www.77shuku.org
9号TV,"影视,发现失效,搜索失效",超时,,https://www.9htv.cc/group/
ESJZONE🎃,,超时,,https://www.esjzone.me#🎃
Manga Raw,漫画🎟️,超时,,https://manga1000.com
UC小说,正版,超时,,http://m.ucshuku.net#
Woo16小说,,超时,,https://m.woo16.vip/#🚀
b💯书虫💜全部▪分类▪💜💜💜🔎bak,"﹅ ♛ 精品,发现失效,搜索失效",可达,200,https://www.shuchong.info#edit2
ok小说网120,小说,超时,,https://m.ok120.net
⌨新热门小说,,异常状态,522,https://www.xinremenxs.com#旅途
①笔下文学zuohs,👍 备用,超时,,https://m.zuohs.com
☃ 番茄书源,《☃ 自用》,超时,,https://novel.cute521.cn
☘️亲小说☘️,,超时,,https://m.qinxiaoshuo.com
☘️百合小说☘️,全部,连接失败,,https://m.baihexs.com#响海
☘️顶点小说☘️,,超时,,https://wap.maxreader.net##响海
♛ 小说天下 #一程,"﹅ ♛ 精品,发现失效,搜索失效",其它错误,,http://www.qjzfcgw.com#yc1101
♛-笔趣阁▪︎API-3✘ #pb sou.jiaston.com scxs.pysmei.com,²♨笔-趣-阁❆,连接失败,,https://www.biqugeapp.com/#♤pb
♛零点看书① #pb ▼列表书少,"﹅ ♛ 精品,搜索失效",超时,,https://www.00ksw.com/#pb1101
♜ ✎笔趣阁⑩④ #破冰,笔趣阁,其它错误,,http://www.bequ6.com/#♤pb
♜ 乐文小说① #一程,¹▽置顶`ȏ´正版发现,其它错误,,http://www.lewenge.org#♤yc
♜ 若雨中文 #一程,"[9.1双网校对],校验超时",其它错误,,http://www.3yt.com#♤yc
♜+顶点小说230book.net #一程,顶点,有响应(拦截),429,https://www.230book.net#♤yc
♜3Q中文网,"【❌❌】搜索失-效,搜索失效",超时,,http://www.3qzw.cc/#pb1101
♜76小说网 #Namo,"﹅ ♜ 优质,搜索失效",其它错误,,http://76kanshu.com#Namo
♜玫瑰小说 #md,⁴☃晨光雨露᭄精品源,超时,,https://www.meiguixsw.com/#md11
♜醋溜儿文学② #pb,⁴☃晨光雨露᭄精品源,连接失败,,https://www.clewxc.com/#♤pb
♝✎笔趣阁⑫① #pb,"笔趣,发现失效,﹅ ♝ 优良,搜索失效",超时,,https://www2.youtuzige.com/#pb1101
♬ 三五听书网 #破冰,"【❌❌】搜索失-效,搜索失效",连接失败,,https://ting35.com/#♤pb
♬ 听书网① #破冰1025,有声源,超时,,https://tingbook.cc#pb1025
✈图文韩漫towen,💜漫画,有响应(拦截),429,https://tuwenhanman.com
✐ 最漫画📱 #Haxc1107,"漫画,搜索失效",超时,,https://m.zuimh.com/#Haxc1107
✐ 酷爱漫画  #一程,漫画,超时,,https://www.kuimh.com#yc1101
✨书林文学,【❌❌】网站失-效,其它错误,,http://www.shu111.com##@尐哖
❄未来天王,"[1],失效",超时,,http://www.weilaitianwang.net/
⭐60KS(电脑),⭐自制,可达,200,http://www.60ks.net
⭐️泡书,3,超时,,http://m.paoshu8.info
⭐️追书帮[m],3,可达,200,https://m.zhuishubox.com
【⚚⋆搜猫小说】,"发现失效,【❌❌】搜索正文失-效,搜索失效",超时,,https://soumal.com/
㊕ 白马楼 #一程1101,"无梦解书荒,1030",超时,,https://www.baimalou.com#yc1101
一本读,"001自用,网站失效",超时,,http://www.ybdu.me
一读小说,"💭💭💭💭💭💭,搜索失效",超时,,https://www.121ds.cc##@
七七读书,小说 书源,其它错误,,http://www.77dushu.com#未月十八repair#wy18-1001
七轻小说,小说 书源,超时,,https://m.37yq.com#🎃
万相书城,,连接失败,,https://www.wxscn.com/
三五中文网,综合,超时,,http://www.xkushu.info
三五文学,小说 书源,超时,,https://www.35wx.la#
三千五中文网,"☣️精选senhora,⛎JJ城",超时,,https://www.cn3k5.com
下书文学,API,有响应(拦截),429,https://get.xiashuzhan.com
中文网吧（发现）,小说 书源,超时,,http://www.25zw.net
乐库小说,,超时,,http://m.6lk.la
乐库小说（发现）,小说 书源,超时,,http://www.6lk.info
乐文小说,小说 书源,超时,,http://www.lewenge.info/
乐文小说[365],"测试组,@念丶无 残留,🏖️免费",超时,,https://www.365xs.la
乐文小说◎辞晨◎,小说,超时,,http://m.lewenge.cc/
乐文阁子,小说 书源,超时,,http://www.lewenge.la
乐文阁🥉,三等,其它错误,,http://www.lewenge.la#🎃
九五书包,小说 书源,超时,,http://www.95shubao.cc/
九五书包🎃,,其它错误,,http://www.95shubao.info#🎃
九五小说,综合,超时,,http://www.xfjxs.com
九五小说,"💭💭💭💭💭💭,搜索失效",其它错误,,http://m.95shubao.cc/##@鱼
九五小说🎃#2,,其它错误,,http://www.xfjxs.com#🎃
九重文学,,超时,,https://www.9cwx.com
书林文学,全部来自论坛,超时,,http://shu009.com
书籍推荐（推荐）,小说 书源,超时,,https://www.aixiake.com/
书趣网_By-[曦灵],💎曦灵,其它错误,,https://www.1688by.com/  ##_By-[曦灵]
书趣阁-8:35,"🚀 加速,🌸 免费",超时,,https://wap.ishuquge.org
书趣阁子,小说 书源,超时,,https://wap.ishuquge.net
书香阁子（优+）,小说 书源,超时,,https://www.sxgread.com
云中书库,-------,其它错误,,http://www.yunxs.info/##@遇知
云中书库,小说 书源,超时,,http://www.yunxs.com/#pb1101
云海小说网🎃,,超时,,https://m.yunhai9.com#🎃
云霄阁,全部来自论坛,超时,,http://www.322287.com
五六书库,小说 书源,超时,,https://www.56shuku.info
亲亲漫画,⌨🎨漫画,异常状态,503,http://api.acg.gd
亿软小说,小说 书源,超时,,http://www.yruan.la
亿软网吧,综合,超时,,https://www.yruan.com/
亿软网破,小说 书源,超时,,https://www.yruan.com/#pb1101
伴侣中文网,D组,超时,,https://www.blzw.cc
修仙部吧（优）,小说 书源,超时,,http://www.bequ6.com/#pb1101
全书网yybook.vip,综合,连接失败,,https://yybook.vip
全本小说5200,,其它错误,,http://www.xs5200.com/#♤pb
全本小说网,收集方：源论坛 4月25号,超时,,https://m.qbxiaoshu.com
八一中文,小说 书源,超时,,https://www.blxs.la
八一中文,小说 书源,超时,,https://www.blxs.la/#♤pb
八一中文,小说 书源,连接失败,,https://m.zwduxs.com#1
八一中文网-幕惜,1,超时,,https://m.bayizww.com
八块小说,涩文,可达,200,http://www.8kbook.com
八月文学 #破冰1101,综合,超时,,https://www.qixiashu.com#pb1101
六月听书,有声,其它错误,,http://www.tingshu168.com##yz
六零小说,小说 书源,其它错误,,http://www.630xsw.com#🎃
几个合集可换源,综合,超时,,http://121.62.23.33:8898
前路小说,搜索失效,超时,,https://www.qianluxiaoshuo.com#♤yc
勤书网 member.iqinshu.cn,综合,超时,,http://member.iqinshu.cn
区中文网（发现）,小说 书源,超时,,http://www.3qzw.cc/
千百射只能搜书名,联通可直连,超时,,https://www.ladybrillenigeria.com/
华人论坛（须登陆）存档,,超时,,http://www.huarenv5.com
南山书院,小说 书源,超时,,https://www.szyangxiao.com#一程
博看小说网(bokan001)(7.24),笔趣阁,超时,,https://m.bokan001.com
叁伍中文,小说 书源,超时,,https://wap.xkushu.net
叽叽小说网,小说,超时,,https://www.jjiiw.cc
同人小说,🎃 通用,超时,,https://199.33.125.173#
同人社,小说 书源,有响应(拦截),429,https://www.trxs.me/tags-150-0.html
吧来读读,小说 书源,超时,,https://www.xlaidudu.net/##@遇知
听蛙音乐（优+）,音乐 书源,可达,200,https://so.itingwa.com
哔咔漫画bikabika,💜漫画,超时,,http://m.bikabika.com
唔小说网,小说 书源,超时,,https://m.2kxsw.com#🎃
啵乐屋90bole,❤小说,超时,,http://m.90bole.com
四库书屋,,超时,,http://www.4ksw.com
四零二零,小说 书源,其它错误,,http://www.wrlwx.com#md-guaner
墨坛文学,综合,其它错误,,http://www.motanwx.com##喵~
夜伴书屋,小说 书源,超时,,https://www.ybsww.com#🎃
夜色韩漫,"发现失效,🖼️🖼️🖼️🖼️🖼️🖼️,搜索失效",有响应(拦截),429,https://www.yeseimg.com
大白小说,小说 书源,超时,,https://www.dabaipc.com#🎃
天书小说🐲,"发现失效,搜索失效",有响应(拦截),429,http://m.tianshuba.org
天域小说,-------,超时,,https://www.zmccx.com/#♤pb
天域小说,小说 书源,超时,,https://www.tycqxs.com
天域小说网7,,超时,,https://www.zmccx.com
天天²⁵²,,超时,,https://103.231.174.252/
天籁小说网,🎃 通用,超时,,https://www.tianlai01.com
太极书吧（魔法）,魔法,超时,,https://69shux.co/#喜静
奇书小说,20250428,连接失败,,https://www.qishuta.la
奇书网吧,小说 书源,连接失败,,https://www.qishuta.info#🎃
奇书网吧,小说 书源,连接失败,,https://www.qsw.cc
奇漫屋[已小改],漫画,超时,,https://www.mqzjw.com/
女生文学,-------,其它错误,,http://www.wenxuem.com#♤yc
好漫屋,🎨漫画,连接失败,,https://app2.haomanwu.com
安品中文,小说 书源,其它错误,,http://www.epzw.com/#♤pb
官场小说,👍优质,可达,200,http://www.gcxs8.com
宝书网,【小说2书源】,超时,,https://www.baoshuxuan.com
小小说,,超时,,https://m.xiaoxs.com/
小疙瘩[动态加载],"💭💭💭💭💭💭,搜索失效",超时,,https://www.xgedaa.com
小说下载🎃,,连接失败,,https://www.xiaxs.info#🎃
小说天堂,小说 书源,超时,,https://www.xstt5.com
小说爱慕,小说 书源,超时,,https://www.xiaxs.la#🎃
就爱文学,小说 书源,超时,,http://www.92xs.la
就爱文学,小说 书源,其它错误,,http://www.92xs.la#🎃
尾巴书库（发现）,小说 书源,超时,,http://m.xsshuku.com
布卡漫画,🎨漫画,超时,,http://www.buka.cn
平板电子书,"自制,网页源,一般",超时,,https://www.pbtxt8.com
异小说网,小说 书源,超时,,http://m.ucxsw.org
彩色文学,全部来自论坛,超时,,https://m.sewenxue.com
得奇小说,小说 书源,超时,,https://www.deqixs.com/#喜静
得间女生,正版,超时,,https://www.idejian.com/nvsheng
得间男生,正版,超时,,https://www.idejian.com/nansheng
御宅书屋,女频,超时,,http://m.xbbxs.com
必去小说,综合,超时,,http://www.ibiquw.info
必去楼,,超时,,http://m.bequ6.org
快眼小说,综合,超时,,http://www.kyxsw.org#
思路客①,③🌸  精品,超时,,http://www.shuquzw.info/
思路客（新）,"自制,源仓库,网页源",超时,,https://m.siluke.com//
悠久小说,,其它错误,,http://www.ujxs.com#yc1101
悠久小说,小说 书源,超时,,http://m.ujxsw.com
悠久小说,小说 书源,其它错误,,http://www.ujxsw.com#🎃
悸花文学,综合,超时,,http://api.lestory.cn
我的书城,"自制,源仓库,网页源",超时,,https://www.woshucheng.com
手机小说,综合,超时,,http://www.xiaxs.la
扑飞漫画📱,🎨漫画,超时,,http://m.pufei8.com
指尖阅读,小说 书源,超时,,https://zjyd.danmofun.com#md-yc1101
指尖阅读,小说 书源,超时,,https://zjyd.danmofun.com#md-yuan1107
搜小说,"💭💭💭💭💭💭,搜索失效",超时,,https://m.soxscc.net/#1
搜猫小说,校验超时,超时,,http://www.soumal.com
摩比小說（繁体）,小说 书源,有响应(拦截),429,https://www.mobidushu.com/
文墨中文,综合,超时,,http://www.imaxreader.com#
文学,,超时,,http://m.xwenxuem.com
文学度网,校验超时,其它错误,,http://m.wenxuedu.net#🎃
文桑小说,小说 书源,其它错误,,http://www.wlwx.org#♤yc
斗破苍穹小说网,,其它错误,,http://m.doupocangqiong.cc#🎃
新御书屋-δ,"发现失效,☢,搜索失效",有响应(拦截),429,http://www.xinyushuwu.com
新桥小说,小说 书源,超时,,https://m.xinqiaoxs.com#🎃
新笔趣阁,-------,超时,,www.xbiquge.la
新龙小说,涩文,超时,,https://www.longmebook.com
无双小说,综合,超时,,http://www.buxia.la/
无限小说,常,超时,,http://m.wenxuesk.info/
无限小说网,🎉 精品,超时,,https://www.wenxuesk.com/
旧时光,🎃 通用,超时,,https://www.oldtimescc.com#
明月小说,小说 书源,超时,,http://wap.aishuge.cc
易读🎃,,超时,,https://yidubk.com#🎃
星星小说,小说 书源,超时,,https://m.zbcxw.cn/
星空小说,写源,超时,,http://wap.aixswx.com
星空小说,小说 书源,超时,,http://wap.aixswx.la
最早小说,小说 书源,超时,,https://www.zuizaoxiaoshuo.com
最漫画②,漫画,超时,,https://m.zuimh.com#一程
有声鬼故事,听书,超时,,https://www.guiguaiwu.com/##有声
望书阁网,综合,超时,,http://wap.wangshugu.org
木叶小说,【小说2书源】,超时,,https://www.muye.net
来读读吧,小说 书源,超时,,https://www.xlaidudu.net
松语文学,小说 书源,超时,,http://www.songyuwenxue.com
格格党,综合,超时,,http://206.238.220.99
桃子小说,,超时,,http://www.taozitxt.net/
桃花小说,小说 书源,其它错误,,http://www.wrlwx.com#关耳
棉花糖小,小说 书源,超时,,https://www.mhtxs.la#🎃
棉花糖网,综合,超时,,http://wap.mhtxs.info/
棉花糖说,小说 书源,超时,,https://www.mhtxs.la/#♤pb
武侠小说（魔法）,小说 书源,异常状态,522,https://m.wuxia8.com/#喜静
武道文学,,超时,,http://www.umiwx.com
歪歪之家,"🎨漫画,🚬刘备",超时,,https://m.cacamh.com/
永恒小说,小说 书源,超时,,http://wap.4pan.org#
求小说网 81ht.com,未测试,超时,,http://www.81ht.com
江南小说网🇨🇳,✨,超时,,https://www.jiangnanxs.com
深夜看书,非常重要 勿刪,可达,200,https://www.shenyekanshu.com
游湖小说,涩文,超时,,https://m.uhuxs.com
溜达小说,小说 书源,其它错误,,http://www.txtshuku.org#♤yc
溜达小说（优）,小说 书源,超时,,http://m.liudatxt.net
漫画人,漫画,可达,200,http://www.1kkk.com
炫动,,超时,,https://www.xuandong.cc
燃文小说,小说 书源,超时,,https://www.ranwen.tv/
爱上你听书(搜索无效),有声,超时,,http://www.23ts.com/#pb1025
爱上听书(网站搜索不了),有声,异常状态,522,https://www.230ts.net/
爱书音,🎧 有声,超时,,https://m.ishuyin.com
爱奇文学,"﹅ ♞ 普通,搜索失效",其它错误,,http://www.i7wx.net#玄奇21.0202
爱小说,,超时,,http://m.18ys.net
爱小说网,小说 书源,超时,,http://www.ixs5200.com
爱尚小说,小说 书源,可达,200,http://m.23hh.info/
爱电子书,优选书源by沐云风,超时,,https://www.iwurexs.net
爱笔楼/笔趣阁,111最新校验成功,超时,,https://m.ibiquge.info/
爱西红柿,小说 书源,可达,200,https://m.xhsxsw.com
猪猪书网,小说 书源,其它错误,,http://www.zzs5.info#🎃
猫番国漫(推荐),,超时,,http://122.228.8.21:3333
玄幻阁吧,小说 书源,其它错误,,http://www.xuankuks.com#🎃
玄幻阁子,小说 书源,超时,,http://www.xuankuge.com
玄幻阁小说网 xuanyge.com,未测试,超时,,http://www.xuanyge.com
玫瑰小说,小说 书源,有响应(拦截),429,https://www.meiguicom.com/
电子书壹,小说 书源,超时,,https://www.wurexs.com
略更网吧,小说 书源,超时,,https://m.luegeng.com/
番茄小说无密钥版1鲸落,❤️精品,超时,,http://yuefanqie.jingluo.love
番茄小说（不限制下载）,,超时,,http://111.170.33.6:49988/
白马書楼🎗,,超时,,https://www.baimalou123.com
百合小说,9.5检验,可达,200,http://m.baihexs.com
盐神阁,0905校验,超时,,http://www.juhaowan.club
看书网吧,小说 书源,超时,,https://www.kanzh.com
碧曲书库,综合,超时,,http://wap.biqugewx.info
神藏小说网,综合,超时,,http://www.swangwx.la
福书网,"【🌸自用女频源】,优选女频",连接失败,,https://www.fushuwang.net/
稻草书屋,小说 书源,超时,,https://www.dcrsu.com#🎃
笔下文学,小说 书源,超时,,http://88txs.com
笔下文学①,精品,超时,,https://www.bxwxorg.com/
笔看阁🥈,二等,超时,,https://www.bikange.com
笔趣中文changqing51,女频,超时,,http://www.changqing51.com
笔趣岛,✨极速,超时,,https://m.biqudao.cc
笔趣看网,,可达,200,https://m.biqikan.com/
笔趣谷,,超时,,http://wap.xbiqugu.net
笔趣阁,,超时,,https://www.xbiquge.la/
笔趣阁,小说 书源,超时,,https://www.xbiquwx.la#yc1101
笔趣阁,小说 书源,超时,,https://www.mcmssc.com/#♤pb
笔趣阁,小说 书源,超时,,https://www.mcmssc.com
笔趣阁,小说 书源,超时,,http://www.bswtan.com/
笔趣阁,小说 书源,其它错误,,www.xbiquge.la#onede
笔趣阁,小说 书源,超时,,https://www.biqukun.la
笔趣阁,小说 书源,超时,,https://www.bswtan.com/#♤pb
笔趣阁,小说 书源,连接失败,,https://www.xxbiqudu.com/#pb1101
笔趣阁,小说 书源,连接失败,,https://www.ibiquge.net/#pb1101
笔趣阁,小说 书源,其它错误,,http://m.ibiquzw.org#🎃
笔趣阁,小说 书源,超时,,https://www.9biquge.com/
笔趣阁,²♨笔-趣-阁❆,超时,,https://www.fyxfcw.com
笔趣阁 gxyh,"14优书源,笔趣阁,⭐️",其它错误,,http://www.gxyh.org/##@遇知
笔趣阁100,小说 书源,超时,,https://m.egyguard.com
笔趣阁161,念心 || 小说,连接失败,,https://www.biquge66.net/##@遇知
笔趣阁20,小说 书源,超时,,https://m.mayiwxw.com
笔趣阁789,"整理校验,自制,网页源,笔趣阁",超时,,http://m.biquzw789.com
笔趣阁d8x5,精选,超时,,https://m.d8x5.com
笔趣阁qq,已检测,超时,,https://m.bqgqq.cc
笔趣阁④,"🍁 笔趣 🍁,7月份,精品,👍🏻",超时,,https://www.ibiquku.la/
笔趣阁⑧③,"笔趣阁0905,12.6精校阅读书源",超时,,http://www.xpsge.com/
笔趣阁◎GEd520◎,写源,超时,,https://www.biqugecloud.com
笔趣阁新站,已检验,超时,,https://xsbiquge.net
笔趣阁🎃#15,常规,连接失败,,https://www.ibiquges.info#🎃
笔趣阁🎃#25,📃论坛,超时,,https://www.ibiquge.la#🎃
第一版主,,可达,200,http://m.xinbanzhu.net/
第一版主99yyds,❤小说,有响应(拦截),429,https://www.99yydstxt426.com
米阅小说,小说 书源,超时,,https://m.miyuexiaoshuo.com
精品书城,小说 书源,超时,,https://jingpinshucheng.com/
红牛小说（优）,小说 书源,超时,,https://www.songdalaw.com
绅士漫画hm1lol,"💜漫画,☀其一",超时,,https://www.hm1.lol##Sun
网阅完本（导入）,特殊 书源,超时,,https://www.beiwobook.cc
网阅小说网🎃,,超时,,https://www.beiwobook.cc#🎃
肉呢小说,小说 书源,超时,,https://www.147xs.org#♤yc
胖子小说,小说 书源,超时,,https://m.pzshen.com/
胡行小说,小说 书源,超时,,https://m.67txt.com/#喜静
舞文小说,综合,超时,,http://m.wushuzw.net
芒果听书,听书 书源,超时,,https://www.mgting.com/
若初(test--搜索搞不定),,超时,,https://www.ruochuwx.com/
若读小说,"自制,特殊,源仓库,网页源",超时,,https://www.ruodu.cc
茶杯狐,,超时,,http://m.5izhengjiang.com
蒂亚漫画📱,"🎨漫画,🍙",超时,,https://m.diya1.com
蚂蚁文学,⑤🛍︎  小说,超时,,https://www.mayiwsk.com/#♤pb
蚂蚁阅读,小说 书源,超时,,http://wap.mayitxt.org#
蚂蚁阅读,⑵💯  典藏,其它错误,,http://www.imayitxt.com#🎃
蚂蚁阅读（优）,"小说 书源,新建",其它错误,,http://wap.imayitxt.com#🎃
西柚🎃,,超时,,https://xiyou.lfunv.com#🎃
言情999,综合,超时,,https://m.yanqing999.com
读万卷,综合,超时,,http://www.duwanjuan.info
读万卷🎃,,其它错误,,http://www.duwanjuan.info#🎃
读小说网（发现）,小说 书源,超时,,http://www.00xs.net/#pb1101
读趣小说,小说 书源,超时,,http://www.duqu.net/
起舞中文,小说 书源,超时,,https://www.75zhongwen.com#一程edit
起舞中文🎃,,超时,,https://www.75zhongwen.com#🎃
轻之小说,轻小说,超时,,https://m.37yq.com/##柚屿
轻之文库（优+）,小说 书源,可达,200,https://www.linovel.net:443/
达文小说,综合,超时,,http://wap.dawensk.com
迎书阁子,小说 书源,超时,,https://www.yingshuge.com/##喜静
追更小说,"🎉 精选,💰 正版,希弥",超时,,https://cbook.zhaoxitech.com
速更中文,综合,超时,,https://api.foreader.com.cn/
酷爱漫画,正版漫画 书源,超时,,https://www.kuimh.com#♤Haxc
醉读小说,小说 书源,超时,,http://wap.imaxreader.com/
醋溜儿文学,"自制,优化,源仓库,网页源",可达,200,https://m.clwx666.com/
铁书网,"💭💭💭💭💭💭,搜索失效",超时,,https://m.tieshuw.com/
铅笔小说x23qb,"日轻小说(2024-2-18)
GitHub@ZWolken",连接失败,,https://www.x23qb.net
键盘小说网,,超时,,http://www.janpn.info/
阅书小说,,异常状态,530,https://m.yueshu.la
阅读论坛番茄API,🍅番茄,超时,,http://49.232.25.145:14514
零点看书,小说 书源,超时,,https://www.00ksw.com/#♤pb
零点看书④,搜索失效,超时,,http://www.lingdiankanshu.com/
零零小说,小说 书源,超时,,https://www.00shu.la/#喜静
霹雳书坊pilibook,❤小说,超时,,https://m.pilibook.com
顶点72us,,超时,,https://m.72us.com
顶点小说,小说 书源,超时,,http://m.23uswx.org/
顶点小说,小说 书源,超时,,https://www.23wx.cc/#♤pb
顶点小说,小说 书源,其它错误,,http://m.23uswx.org#🎃
顶点小说,⁵♡ོ晨光雨露✺普通源,超时,,http://m.qklady.com/
顶点小说④,精品,超时,,https://www.dingdian555.com/
额小说网,小说 书源,超时,,http://www.147xs.org/
饿狼小说,综合,超时,,http://m.elkoparts.com
香书小说,念心 || 小说,超时,,https://wap.ibiquges.org
鬼吹灯◎辞晨◎,写源,超时,,http://www.cxzz958.com/
鬼吹灯吧,综合,超时,,http://www.cxbz958.com#
鬼吹灯🎃#4,,其它错误,,http://www.gdbzkz.org#🎃
魔爪小说,小说 书源,有响应(拦截),401,https://m.mozhua2.com
鲤鱼乡好,小说 书源,超时,,https://www.danmei263.com
鸟书网,综合,超时,,http://wap.99xs.info/
鸟书网,"待删,希弥,搜索失效",超时,,http://www.99mk.com/
黄易小说,综合,超时,,http://m.xhytd.com
黄易小说🥈,🎄常用,其它错误,,http://www.xhytd.com#🎃
龙坛书网,"发现失效,5.24,搜索失效",超时,,https://www.longtanshuw.net#♤yc
龙腾小说◾️,"发现失效,✔️,搜索失效",有响应(拦截),429,http://www.8qwx.com
️玄幻阁子,"小说 书源,新建",其它错误,,http://wap.xuanyge.info#🎃
"🌐 All Novel(英文,慢)","🌐外语,搜索失效",异常状态,522,https://allnovel.net
🌙 番茄小说[api],,异常状态,503,http://49.232.25.145
🌞晴天融合3.6.15(完全版),晴天聚合,超时,,http://api.qingtian618.cn:9999
🌞晴天融合小说2.1(独立版),"优质登录源,晴天",其它错误,,http://api.qingtian618.cn:9999/#小说
🌠 i书趣阁,"【🈵♥🈵💯】231123千组2,搜索失效",超时,,https://www.ishuquge.org/##@遇知
🌸 灯笔小说,🌸 女频,可达,200,https://www.dengbi2.com
🌸饭饭论坛,②🌸  常用,有响应(拦截),429,https://bbs.fanfanu.com/
🍁 来读读,🍁,超时,,https://www.xlaidudu.org##@遇知
🍁 顶点小说⑤ #一程,"💯 精品,📖 一程",有响应(拦截),429,https://www.230book.net#yc1101
🍁笔趣阁④①,,超时,,https://www.biqugetv.com/
🍁笔趣阁⑩③,²♨笔-趣-阁❆,超时,,https://www.biqugesk.org/
🍁笔趣阁⑰⑤,🍁 笔趣 🍁,超时,,https://www.ybiqu.com/
🍅大灰狼融合2.0,,超时,,http://110.40.80.64:5006
🍉 九五小说网,3,超时,,http://wap.95shubao.cc
🍊旧时光,【小说2书源】,超时,,https://www.oldtimescc.com##@尐哖
🍏无限小说网55,,超时,,http://www.book55.cc
🍩60看书[自写],,其它错误,,http://www.60ks.info#xsw8093
🍺 360小说,🍺 特优,超时,,https://h.x360xs.com/
🍺 八一,🍺 特优,超时,,https://www.blxs.info/
🍺 无极小说,🍺特优,超时,,https://ajnnan.com
🍺 第一小说,🍺 特优,超时,,https://www.01xs.com/
🍺 青豆小说 xinqingdou.cc,🍺 特优,异常状态,522,https://www.xinqingdou.cc/
🎃四零二零,,超时,,https://www.iwurexs.com#🎃
🎈6u资源(作者abyssesml),"轻文,发现失效,搜索失效",有响应(拦截),429,http://www.6uzy.cc/
🎉 乐文小说,"💊无搜,🎉精品",超时,,https://www.xs26.com
🎉 天翼文学,"🔍校验组0218,📙大众书",超时,,https://www.tianyibook.la
🎉 悠久小说,🎉 精选,超时,,http://www.ujxsw.com
🎉 无限小说,🎉 精选,超时,,http://m.siluks.com
🎉 棉花糖网,-----01,超时,,http://wap.mhtxs.cc
🎉 燃文,-------,超时,,https://m.ranwen.la
🎉 爱看书吧,👍 备用,超时,,https://m.akshu88.com/
🎉 牧归小说,🎉 精选,超时,,https://www.muguixs.com
🎉 精华书阁,,连接失败,,https://m.babahome.net
🎉x360小说,☁️可用,超时,,https://www.x360xs.com/
🎉一品小说网,,超时,,http://www.1pxs.cc/
🎉傲宇阁小说,,连接失败,,https://www.aoyuge.com/
🎉四五中文网,,超时,,https://www.45zw.info/
🎉奇热小说,"﹅ ♛ 精品,发现失效,搜索失效",超时,,https://www.qirexs.com/
🎉御书阁③①,,超时,,https://www.yushuge.com/
🎉易看小说①,,超时,,https://www.yikanxiaoshuoa.com/
🎉神书网小说,,超时,,http://www.shenshuxs.la/
🎉醋溜儿文学,,连接失败,,https://www.clewxc.com/
🎉飞山中文①,,超时,,https://www.feishanzw.com/
🎧♬六月听书 #pb,🎧听书,超时,,http://m.6yueting.com/
🎨 久久漫画网,"🎨漫画,🚬刘备,🚀VPN",超时,,https://www.ikanwzd.top
🎨 动漫之家v3₁ #Haxc,漫画,其它错误,,http://v3api.dmzj.com#♤Haxc
🎨 武侠漫画,漫画,超时,,https://m.wuxiamh.com/
🎨 漫画星球,🎨 漫画,超时,,http://m.mhxqiu.com
🎨 绅士漫画,"🚬刘备,🎨漫画",有响应(拦截),429,https://www.hentaicomic.org
🎨 🙈嘿咻漫画🚩,"【❌❌】搜索失-效,发现失效,搜索失效",超时,,https://www.nvyoumh01.top/
🎨倾城漫画📱,漫画,可达,200,http://m.mhba123.com
🎨木马漫画💓,"🔭 其他,🎊 常用,🎨 漫画",有响应(拦截),429,https://www.muamh.com
🎨非常爱漫,🎨漫画,超时,,http://wap.veryim.com
🎴 六零看书,3,其它错误,,http://www.60ks.cc##旅途
🏖️ 笔趣中文,📃论坛,超时,,http://m.ibiquzw.org
🐑若晨文学,"🐑 普通,✉️  网络文学",异常状态,504,https://m.ruochenwx.com
🐣妙笔书阁,"🐣 备用,✉️  网络文学",超时,,https://www.imiaobige.com#发现榜单
🐳 116文学,"1,5.26,js失效",超时,,https://www.35meigui.com##尐哖
🐳听中国①,🐳 有声 🐳,超时,,https://www.tingchina.com/
🐼 菠萝笔记,【小说1书源】,超时,,https://www.boluobiji.com
👌 胖子小说,👍🏻 普通,超时,,https://m.pzshen.com##@
👍 八一中文m,"。,3",连接失败,,https://m.zwduxs.com
👍 就爱文学,【小说1书源】,超时,,https://www.92xs.la
👍 笔下文学,"001自用,👍 优质,网站失效",超时,,https://m.bxwx.io
👍 逍遥文学,👍 优质,超时,,https://www.xiaoyaowx.com
👍笔趣阁,"笔趣,发现失效,﹅ ♜ 优质,搜索失效",超时,,https://www.74wx.vip
👔 御宅书屋,"【❌❌】搜索失-效,搜索失效",超时,,http://wap.ibookzw.com/
💊 给力文学,💊无搜,超时,,https://www.geilwx.cc
💐 晋江榜单,,其它错误,,http://android.jjwxc.net#myself
💠 书趣阁网,📃论坛,超时,,https://www.ishuquge.la/##@遇知
💠 文桑小说,💠 综合,超时,,http://www.wlwx.org
💦 4小说,,可达,200,http://www.xyusk.com/
💦丹书铁券①,,超时,,https://www.dstiejuan.com/
💦全全小说②,,超时,,http://quanxiaoshuo.net/
💦新热门小说,💦 精品 💦,异常状态,522,https://m.xinremenxs.com/
💯一六小说②,,超时,,https://www.166xs.cc/
💯思路客小说,,连接失败,,https://www.shuquxs.com/
💯搜小说文学,,可达,200,https://m.soxscc.org/
💯看书啦小说,,超时,,https://www.kanshu5.la/
💯采墨阁小说,,超时,,https://www.caimoge.net/
📃笔趣泡,,超时,,https://m.biqupao.com
📄 零零小说,👑 精选,超时,,https://m.00shu.la/##@遇知
📖 书汇小说,📖 小说,超时,,https://www.shuhui8.com/
📖 明月小说,📖 小说,超时,,https://wap.aishuge.la/
📖 风月浅酒,📖 小说,超时,,https://www.fyqhome.com/
📖新笔趣阁,已检,连接失败,,https://api.diwudianqi6.cn#md-yuan1107
📚 三秋书屋,"📚出版,📥下载",连接失败,,https://www.d4j.cn
📚 文学大全,📚 出版,超时,,https://www.wenxue55.com
📚书山融合,"番茄小说,书山",其它错误,,"http://s3.shushan.xyz:50005
提示：点击登录切换服务器按钮可进行切换(当前书源为融合版)"
📚皇帝之家,⑺📚  普通,超时,,https://www.huangdizhijia.com#下载
📜书包网,[1],超时,,https://www.shubao23.net
📡 彩虹文学[仅发现],"📡发现,发现失效,搜索失效",超时,,https://www.caihongwenxue.com
📻 520听书,📻有声,超时,,http://www.fushu520.com
📻 中文听书,有声,超时,,https://www.tingzh.com
📻 有声小说,"【❌❌】搜索正文失-效,【】👂有声,搜索失效",超时,,http://www.ysxs8.com/
🔒 网阅小说,🔒验证,异常状态,522,https://m.book15.net
🔖笔下文学⑤,"🍍🍍🍍🍍🍍🍍,🔖177,搜索失效",超时,,https://www.bxwenku.com/
🔥 十八书屋📖,[1],有响应(拦截),429,https://www.18shuwu.com
🔰 Woo小说,🔰 普通,其它错误,,https://www.woo16.vip/💝
🔰 冷冷文学,🔰 普通,超时,,https://www.lengleng.cc/
🔰 新御书屋,🔰 普通,其它错误,,https://m.xinyushuwu2.com/💝
🔰 木小说,🔰 普通,超时,,http://www.muxs.net
🔰 笔趣阁,✨极速,超时,,https://www.biquwx.la/
🔰 键盘小说,已检测,超时,,http://www.janpn.com/
🔰华夏书库,🔰 一般 🔰,超时,,https://www.hxsk.net/
🗒 和谐漫画,-------,超时,,https://m.acgz1.com
🚀 稻草人书屋,🚀 VPN,超时,,http://www.daocaorenshuwu.com
🚬 7766小说网,"🚬,搜索失效",超时,,http://m.qiliuxs.com
🚬 神书网,"🍊女频,🚬刘备,💊无搜",超时,,http://wap.shenshu.info
🚭 肉电子书,❤️涩涩,可达,200,http://www.rstxt.com
🥂  新乐文网,"🥂 常用,搜索失效",超时,,https://m.lwtxt.net/
🧐三六中文网💯,"﹅ ♛ 精品,搜索失效",超时,,http://www.36zw.net/
🧐牧归小说♨️,"发现失效,﹅ ♝ 优良,搜索失效",超时,,http://www.muguixs.com
🪔️ 三易文学,"【❌❌】搜索失-效,搜索失效",超时,,https://m.31wxw.net/
🪔️ 无限小说97,"【❌❌】搜索失-效,搜索失效",超时,,https://m.97xiaoshuo.net/##@遇知
🪵 全本小说,搜索失效,超时,,https://www.qb50.com
258漫画网,"🎨漫画,移动可以看",连接失败,,https://m.shut123.com
34中文网 #破冰1101,"💭💭💭💭💭💭,搜索失效",连接失败,,https://www.zw34.net/#pb1101
58漫画网,漫画🎟️,连接失败,,https://m.58puxin.com
69书吧(伪),全部来自论坛,连接失败,,https://www.69hao.com
69书吧🎃,✨,连接失败,,https://www.69shuba.info#🎃
7,❤️涩涩,连接失败,,https://m.qbxsba.com/
88小说网③,"【❌❌】网站失-效,搜索失效",连接失败,,http://www.88xiaoshuo.com/#pb1101
9x阅读器（优）,小说 书源,连接失败,,https://novel-api.elklk.cn/
CP文库🎃,,超时,,https://www.cpwenku.com#🎃
LOFTER,🌸 常用,连接失败,,https://newsmiss.lofter.com1
NovelBin,English,连接失败,,https://novelbin.com/
gg阅读网,,连接失败,,https://ggyuedu.com
sis小说1,普通,连接失败,,https://www.sistxt.net/
⌨阿酷小说,⌨自制,连接失败,,https://m.owlook.top/
☘️大夏中文网☘️,校验超时,连接失败,,https://m.daxiabook.com
☘️风筝小说网☘️,,连接失败,,https://m.56fz.com
♜ 独步小说 #一程,¹▽置顶`ȏ´正版发现,连接失败,,https://www.dubu123.com#♤yc
♜▪︎69中文② #一程1201,"【❌❌】搜索失-效,搜索失效",连接失败,,https://www.zw69.com#yc1101
♜博看小说 #破冰,"发现失效,﹅ ♜ 优质,搜索失效",连接失败,,https://www.bkxsw.net/#♤pb
♜笔趣阁⑦⑤ #pb,笔趣阁,连接失败,,https://www.1biquge.net/#♤pb
♜紫气阁 #pb,[1],连接失败,,https://www.ziqige.cc/#♤pb
⚖️ 啊酷小说(修复),"⚖️,网站失效",连接失败,,https://www.owlook.top/##@遇知
✈ 乐阅读网,精品书源,连接失败,,https://27k.net/
✐ 51漫画 #Haxc,漫画🎟️,连接失败,,https://m.51sami.com#♤Haxc
✐ 漫画DB,🍉漫画,连接失败,,https://www.manhuadb.com
✨笔趣阁🎉📱,✨ 精品 ✨,连接失败,,https://m.biquyue.com/
⭐番茄小说(番茄Web共享API),番茄小说,连接失败,,https://fqweb-free.4626.tech
⭐️30小说•M,3,连接失败,,https://m.30xiaoshuo.com
㊕ 五二书库 #一程,已检验,连接失败,,https://www.52shukuwang.com#♤yc
一直看 🅰💰,漫画🎟️,连接失败,,https://yzkapi.yizhikan.cn
三优小说,小说 书源,连接失败,,https://www.3uxs.org
世书轩,gone,连接失败,,https://www.shishuxuan.com
中信小说（发现）,小说 书源,连接失败,,https://m.zxxs123.com
中华听书,听书 书源,连接失败,,https://m.tingshucn.com
中间门小说网,"🚀 加速,🌸 免费",连接失败,,https://www.mesdoor.com
乐文小说,小说 书源,连接失败,,https://m.xlwxs9a.com
乐阅读,"﹅ ♛ 精品,搜索失效",连接失败,,https://www.27k.net/#pb1101
书库网99,"源仓库,自制,网页源",连接失败,,https://www.shuku99.com
书趣,已检验,连接失败,,https://m.souzhon.com/
云顶追书,综合,连接失败,,https://s.fdbjjc.com
仓颉悦文,"12.5精校阅读书源,12.6精校阅读书源,精选,12.3精校阅读书源,12.1精校阅读书源,校验超时,12.4精校阅读书源,11.30精校阅读书源",连接失败,,https://m.cangjieyuewen.com
兔九三网,小说 书源,连接失败,,https://www.tu93.cc/
全本书库,小说,连接失败,,https://www.quanbenya.com
八一中文,微筛选,连接失败,,https://m.81zw.co
八三中文,小说 书源,连接失败,,https://www.8383zw.com
冬雪书屋,小说 书源,连接失败,,https://www.dongxueshuwu.com
剑来/顶点小说,常用,连接失败,,https://m.jianlai.cc
包小说网,小说 书源,连接失败,,https://www.88xiaoshuo.com
参与书库,小说 书源,连接失败,,https://www.52shukuw.com#关耳
台湾小说,起点,连接失败,,https://tw.langge.cf
同人圈,💭💭💭💭💭💭,连接失败,,https://qbxs8.cc##尐哖
品书阁pinsuge,❤小说,连接失败,,https://tw.pinsuge.com
哔哩哔哩轻小说,,连接失败,,https://m.wenkuchina.com/##@曦灵
土豪漫画（良）,漫画 书源,连接失败,,https://tuhao456.com
大灰狼_api.langge.cf,1,连接失败,,https://api.langge.cf
大灰狼融合,番茄小说,其它错误,,"https://api.doubi.tk
提示：点击登录切换服务器按钮可进行切换(当前书源为融合版)"
天命皆烬小说,taojw23,连接失败,,https://www.genwohua.com
天涯在线书库,🎉 精品,连接失败,,https://www.tianyabook.com
天籁小说,小说 书源,连接失败,,https://www.23sk.net
奇书小说,小说 书源,连接失败,,https://m.qisxs.com
奇热漫画,漫画,连接失败,,https://m.qiremanhua.com#♤Haxc
好汉中文,收集出处：源论坛 4月29号,连接失败,,https://wapk.china-yantai.net
孤独小说（优）,小说 书源,连接失败,,https://m.shyosun.com
安读书网,综合,连接失败,,https://www.88haoshu.com/
完本小说网🇨🇳,⊙∀⊙！,连接失败,,https://m.wbxs.org#🎃
小小追书[zsngf],🏖️免费,连接失败,,https://s.zsngf.com/
小说路上,小说 书源,连接失败,,https://www.xs63.info
小说驿站,念心 || 小说,连接失败,,https://www.xsyz.cc
就爱言情,小说 书源,连接失败,,https://m.92yanqing.net#🎃
巴巴鱼,微筛选,连接失败,,https://m.babayu.com
布布文学,,连接失败,,https://www.bubuwx.net
彩绘漫画（优）,,连接失败,,https://m.kanman.comHaxc
恩齐中文,小说 书源,连接失败,,https://m.x83zw.net
手机电子,小说 书源,连接失败,,https://m.waptxt.org
指尖豆蔻,小说 书源,连接失败,,https://www.zhijiandoukou.net/#♤pb
文字谷,人机验证,连接失败,,https://m.wenzigu.cc/
新人漫画,,连接失败,,https://xapi.xinmanhua.netHaxc
新新漫画-me,-------,连接失败,,https://www.77mh.me
新笔趣阁1,"普通,言情",连接失败,,https://www.biquban.com
无敌漫画📱,"发现失效,🖼️🖼️🖼️🖼️🖼️🖼️,搜索失效",连接失败,,https://m.55dmh.com##旅途
无限小说1,普通,连接失败,,https://www.61ww.com
旺旺小说,小说 书源,连接失败,,https://www.qliww.com##@繁华七
晚班小说（魔法）,小说 书源,连接失败,,https://m.read52.com
智能小说,小说 书源,连接失败,,https://m.znehuo.cc
来漫画,🎨 漫画,连接失败,,https://m.laimanhua.net#♤Haxc
杰奇书屋,,连接失败,,https://www.jieqi.pw/#pb1101
格格党,api·凡,连接失败,,https://app.pc2001.com/
棉花糖,"API,访问超时",连接失败,,https://api.mianhuatangxs.cn
武林中文网,"自制,源仓库,网页源",连接失败,,https://m.50zww.net
泽夜书吧,女频,连接失败,,https://www.yeshuba.com
清风②,,连接失败,,https://www.qingquan.ren/
漫客栈,,连接失败,,https://www.mkzhan.comHaxc
漫画160,漫画🎟️,连接失败,,https://www.mh160.net
漫画天堂,漫画🎟️,连接失败,,https://92pu.com
漫画羊-M,漫画🎟️,连接失败,,https://m.manhuayang.com
炎上书屋,,连接失败,,https://book.zri.moe/##zhbyjm7783
熬夜看书app,已检测,连接失败,,https://get.aoyekanshu.com
爱看书吧,"💝 普通,希弥",连接失败,,https://m.shdb.cc
爱青果,,连接失败,,https://api-new.iqingguo.com/
爱飞漫画📱,漫画🎟️,连接失败,,https://m.feimh5.com
特级书包,小说 书源,连接失败,,https://69shu.biz
猫耳听书,,连接失败,,https://www.missevan.comguaner
番茄[jilulu][0908],微筛选,连接失败,,http://list.fqapi.jilulu.cn
番茄小说（严禁外传文件或分享直链）,番茄小说,连接失败,,https://fqxs.52dns.cc
番茄小说（优）,小说 书源,连接失败,,https://ikun.laoguantx.top:45554
番薯小说,综合,连接失败,,https://g21.manmeng168.com
疯狂小说（发现）,小说 书源,连接失败,,https://m.fkxs.net
百年漫画📱,漫画🎟️,超时,,https://m.bnmanhua.com
短篇言情,女频,连接失败,,https://www.freenovelstudio.com
神仙书阁,🏖️免费+,连接失败,,https://www.shenxianfaka.top/
笔仙阁,综合,连接失败,,https://m.bixiange.me/
笔趣蓝,,连接失败,,https://k.biqulan.com
笔趣阁,小说 书源,连接失败,,https://m.bqgka.com
笔趣阁,小说 书源,连接失败,,https://www.xswang.com/#pb1101
笔趣阁,小说 书源,连接失败,,https://www.goczj.com
笔趣阁,"笔趣,发现失效,搜索失效",连接失败,,https://www.biqugl.com
笔趣阁(789),"💭💭💭💭💭💭,发现目录失效,搜索失效",连接失败,,https://m.biqu789.net##旅途
笔趣阁03,"自制,笔趣,源仓库,网页源",连接失败,,https://www.shmd03.com/
笔趣阁17,小说 书源,连接失败,,https://www.xdianjiangxin.com##旅途
笔趣阁2,"💭💭💭💭💭💭,发现正文失效,搜索失效",连接失败,,https://m.bqg789.co//
笔趣阁52bqv👿看注释,,连接失败,,https://www.52biqv.com/
笔趣阁93,【小说1书源】,连接失败,,https://m.dianjiangxin.org
笔趣阁A26,"🎉️精选,笔趣阁,🍁 笔趣 🍁,言情",连接失败,,https://www.biqugeapp.com/#kd11
笔趣阁[xs],小说,连接失败,,https://xs.pigqq.com#ag2s
笔趣阁biquge5,222最新校验成功,连接失败,,https://m.biquge5.la
笔趣阁pp,已检测,连接失败,,https://m.bqpp.cc
笔趣阁自建站,自建站,连接失败,,https://201j7t2920.zicp.fun
笔阅读器,小说 书源,连接失败,,https://novelapi.kpkpo.com
第九中文,⭐️ 收藏,连接失败,,https://m.d9shu.net
精华书阁,小说 书源,连接失败,,https://m.xbyuan.com
糯米小说网,"☁️可用,⛩🎐senhora",连接失败,,https://www.biquge.dev
紫气阁吧,小说 书源,连接失败,,https://www.ziqige.cc#🎃
繁體書,"发现失效,全部来自论坛,搜索失效",连接失败,,https://www.fantishu.net
美女集社,"美女图片,发现目录失效,搜索失效",连接失败,,https://www.meinv.im/
肉体中文网🎃,,连接失败,,https://www.rtzw.co#🎃
艾米漫画aimimh,💜漫画,连接失败,,https://www.aimimh.com
英咪小子,微筛选,连接失败,,https://www.yxzmdf.com
落叶小说,小说 书源,连接失败,,https://m.lygyoule.com/
虾皮小说,,连接失败,,https://m.xpxs.net
蛋文库,轻小说,连接失败,,https://danwenku.com
西瓜小说网,,连接失败,,https://www.xigua211.com/wap_index.html
言情小筑#2,女频,连接失败,,https://yqxz.org/
读吧读佬,小说 书源,连接失败,,https://m.du8du.com
起困小说（发现）,小说 书源,连接失败,,https://www.1718k.com/
轻之文库（优+）,0ina轻,连接失败,,https://m.wenkuchina.com/##柚屿
选书网吧,综合,连接失败,,https://www.ixuanshu.net/
钱小说网,小说 书源,连接失败,,https://m.ecc6.com
阅民▪︎API,"厂长,网站失效",连接失败,,https://api.whcon.net#t125
随梦小说,api·凡,连接失败,,https://api.suimengapp.com/
需书趣阁,小说 书源,连接失败,,https://m.2shuquge.info/
顶点小说,,连接失败,,https://www.23ddw.net/
顶点小说,"③🚫  禁验,⑤🛍︎  小说",连接失败,,https://www.23ddw.cc/
顶点小说[23dd],🏖️免费+,连接失败,,https://www.23dd.cc/
风华居,⁴☃晨光雨露᭄精品源,连接失败,,https://wap.fenghuaju.com
飘天文学,"自制,源仓库,网页源",连接失败,,https://m.xpiaotian.com
飞悦凡文网🎃,,连接失败,,https://www.feiyuefw.net#🎃
骑士小说,,连接失败,,https://www.74txts.com/
鲤鱼乡BL,🔥女频,连接失败,,https://www.liyuxiangbl.com
🌀骑士小说M,第一分组,连接失败,,https://m.74txt.cc/
🌐 神书网,,连接失败,,https://www.shensuw.com
🌟 铅笔小说,"发现失效,【❌❌】搜索正文失-效,搜索失效",超时,,https://www.qianbiwx.com/
🌠 奇热漫画,🌠 漫画,连接失败,,https://m.qiremanhua.com
🌵Funbe🌵,"韩漫,响海,发现失效,搜索失效",连接失败,,https://funbe101.com/
🌵好漫6（haoman6）🌵,"响海,发现失效,搜索失效",连接失败,,https://www.haoman6.com/
🌼漫画联合国[18翻],💮漫画,连接失败,,https://www.comicun.com
🍁 书阁9,🌸 免费,连接失败,,https://m.shuge9.com/##@遇知
🍁 新书逸文学,🌸 免费,连接失败,,https://www.newsywx.com/##@遇知
🍁笔趣阁⑩⑤,🍁 笔趣 🍁,连接失败,,https://www.bqg99.org/
🍁笔趣阁㉙,🍁 笔趣 🍁,连接失败,,https://www.bqgxxx.com/
🍅 番茄小说[纯享阅读],"全部来自论坛,网站失效",连接失败,,https://api.v2.sukimon.me:45598#b
🍅大灰狼听书4.0(独立版),"番茄畅听,喜马拉雅听书,七猫听书,校验超时",连接失败,,https://api.langge.cf/
🍅大灰狼小说4.0(独立版),免费,连接失败,,https://api.langge.cf/#小说/
🍅大灰狼融合,融合書源,其它错误,,"https://api.langge.tk
https://api.doubi.tk
http://api.dahuilang.cf
提示：点击登录切换服务器按钮可进行切换(当前书源为融合版)"
🍅大灰狼融合3.6.15(完全版),大灰狼聚合,连接失败,,https://api.doubi.tk
🍅大灰狼融合听书2.1(独立版),大灰狼,连接失败,,https://20.langge.tk/#听书/
🍇69书吧,,连接失败,,https://69shu.me
🍒 书香之家,-------,连接失败,,https://s.4billion.tv##@
🍩爱宝贝[自写/码],【小说3书源】,连接失败,,https://www.ibabyjoy.com
🍺 番茄小说 fanqie.hnxianxin.cn,🍺 特优,连接失败,,https://fanqie.hnxianxin.cn/
🍺 米阅小说,🍺 特优,连接失败,,https://m.miyuwnxsw.com
🎉 2K小说,🎉 精选,连接失败,,https://www.fpzw.org
🎉 乐阅读网,综合,连接失败,,https://www.22is.com
🎉 免费小说,🎉 精选,连接失败,,https://www.tzszyey.com
🎉 千鸟小说网,"🎉 精选,搜索失效",连接失败,,https://www.qn75.com
🎉 小强小说,"🎉 精选（Tg敏感资源库
https://t.me/+Gk4E1u5cvaxhYTY1）",连接失败,,https://www.xiaoqiangla.com/
🎉 燃文小说②,"💊无搜,🎉精品",连接失败,,https://m.ranwenxs.com
🎉 红袖小说,🎉 精选,连接失败,,https://www.hongxiuxs.com
🎉书家园小说,,连接失败,,https://www.xshujy.com/
🎉品书网小说,,连接失败,,https://www.pinshu.cc/
🎉芷兰阅读①,,连接失败,,https://www.zhilanyuedu.com/
🎉黄金书屋,🎉 精选 🎉,连接失败,,https://www.dduxs.com/
🎋新笔趣阁🎋,,连接失败,,https://m.trtbio.com.cn/
🎨 51漫画,漫画,连接失败,,https://m.51sami.com
🎨 动漫之家-M,🎨漫画,连接失败,,https://m.dmzj.com/info
🎨 本子漫画,🎨漫画,连接失败,,https://www.399bz.com
🎨 漫画猫,🎨漫画,连接失败,,https://www.maofly.comcom
🎨 爱米推漫画,"发现失效,【】⛺漫画,【❌❌】网站失-效,搜索失效",连接失败,,https://m.imitui.com#♤Haxc
🎨 趣话漫画🅰 #Haxc,漫画,连接失败,,https://api.iqhmh.com#Haxc1107
🎨九妖漫画💞,"🔭 其他,🎊 常用,🎨 漫画",连接失败,,https://9yaomh.com
🎨歪漫画💞,"🔭 其他,🎨 漫画",连接失败,,https://qscxx1.com
🎨🙈秒看漫画,🎨 漫画,连接失败,,https://miaokanmh.com
🏵千夜阁,"🏵,备用,验证码",连接失败,,https://m.qianyege.com
🐑 香香腐宅,🐑  耽漫,连接失败,,https://boylove.live
🐣欲书阁,-------,连接失败,,https://www.yushuge.vip/search/##ʕ ᵔᴥᵔ ʔ喜静
👍 新看书,小说,连接失败,,https://m.xinkanshu.com
👍 薯条小说,👍 优质,连接失败,,https://m.shutiaoxs.com
👔 御宅书屋,"【❌❌】搜索失-效,搜索失效",连接失败,,https://www.kbookzw.info/
💊 天翼文学,💊无搜,连接失败,,https://www.tianyi.la
💐 女生文学,💐 女频,连接失败,,https://www.dmx5.com
💥 何所忆网,💥 专栏,连接失败,,https://www.hsybook.com
💦书海书阁④,,连接失败,,https://m.shuhaigenet.com/
💦大雪天文学,,连接失败,,https://www.daxuetian.com/
💯 九桃小说,"常用,九桃,防盗",连接失败,,https://www.9txs.com/
💯妙笔阁①①,,连接失败,,https://www.imiaobige.com/
💰 爱发电,💰 正版,连接失败,,https://afdian.net
💵 联通沃阅读,💵 正版,连接失败,,https://iread.wo.com.cn
📃免费小说网,,连接失败,,https://m.2030txt.com
📃笔趣阁⑮③,微筛选,连接失败,,https://www.biqugexx.net/
📖 hei66小说,📖 小说,连接失败,,https://wap.hei66.com/
📖 御书文网,"📖 小说,网站失效",连接失败,,https://wap.yushuwen.com/
📖 泰鼎阁网,🤖 验证,连接失败,,https://wap.tydige.com/
📖书荒阁,已检,连接失败,,https://api.shgxsapp.com#md-yuan1107
📚 九二小说,📚 正版,连接失败,,https://www.x92k.cc/
📚书山小说,"番茄小说,书山",其它错误,,"https://api.shusan.cc
提示：点击登录切换服务器按钮可进行切换(当前书源为纯小说阅读)"
📚书山融合听书3.0(独立版),"番茄畅听,七猫听书,喜马拉雅听书",连接失败,,https://ga.shusan.xyz/#听书/
📻 千千静听,💠 综合,连接失败,,https://www.lansezw.com/
🔆笔趣阁❽❷,微筛选,连接失败,,https://www.biquge5200.com/
🔖网阅,"测试组,测试1,神",连接失败,,https://m.exsw.cc
🔰 2K小说,🔰 普通,连接失败,,https://m.fpzw.org
🔰 旺旺小说,🔰 普通,连接失败,,https://www.qliww.com
🔰 笔趣阁³,"4,。",连接失败,,https://m.bqg70.com
🔰 ️满孟小说,🔰 普通,连接失败,,https://reader.manmeng168.com/
🔰天域小说,🔰 一般 🔰,连接失败,,https://www.tianyuxs.com/
🗂🙈无删韩漫🚩,"发现失效,【】⛺漫画,【❌❌】搜索失-效,搜索失效",连接失败,,https://www.wshm.uk
🗒 爱米推网,"发现失效,【❌❌】网站失-效,搜索失效",连接失败,,https://m.imitui.com#一程
🙏🙏🙏少搜索🙏🙏11笔趣阁🙏,🈲自己,连接失败,,https://www.11bqg.com/
🚀 十八疯情,🚀 VPN,连接失败,,https://www.18novel.xyz
🚬 榕秋水黛,"🍊女频,🚬刘备,💊无搜",连接失败,,https://rrread.xyz
🚬 第一版主,,连接失败,,https://www.hdyp.net
🚬 肉肉书,"🚬刘备,🚀VPN",连接失败,,https://m.rouroushu.com
🧐二零书屋♨️,"发现失效,搜索失效",连接失败,,https://www.shu20.com
🧐龙坛中文♨️,﹅ ♝ 优良,连接失败,,https://www.longtanzw.com/
🪔️ 书趣阁,"【❌❌】搜索失-效,发现失效,搜索失效",连接失败,,https://www.sutxt.com/
17k,"💭💭💭💭💭💭,搜索目录失效",其它错误,,http://api.ali.17k.com，
40漫画,漫画,其它错误,,https://www.40manhua.com
Jk漫画,,其它错误,,漫画
b💰纵横▪细分榜单🆗 #namo  bak,¹▽置顶`ȏ´正版发现,其它错误,,❀.zongheng#namo
æéå°è¯´,æ­£ç,其它错误,,http://m.zhangyue.comï¼
ðå®ä¹¦,5ãåè,其它错误,,https://www.baoshuu.comï¼ï¼
♜+恋上你看书① #破冰1101,"发现失效,3,5.26,搜索失效",其它错误,,https://www.630shu.net/#pb1101
♞书仓网 #破冰1101,"﹅ ♞ 普通,搜索失效",可达,200,https://www.shucang.cc/#pb1101
♠️ 52小说①,"发现失效,【❌❌】搜索正文失-效,搜索失效",其它错误,,https://www.52xs.net已整理
七七读书,,其它错误,,http://www.dushu.com未月十八改
三八小说(不是小说网),"圣灵,-搜索SS,盗版专家1,搜索失效",其它错误,,https://m.38xs.com/
下书网,,其它错误,,https://m.dayuzc.com/
九桃小说,漫画,其它错误,,https://www.9txs.com秋月
书海阁🎃,,其它错误,,https://www.shuhaige.net#🎃
二宝小说🎃,,其它错误,,https://www.20xs.org#🎃
亿软网吧,-------,其它错误,,http://www.yruan.com已整理
全文小说,小说 书源,其它错误,,❀.qb5
全本小说🎃#7,,其它错误,,https://m.junjh.com#🎃
八中文网,,其它错误,,https://www.zwduxs.com嘚嘚.
冰河小说,小说 书源,其它错误,,http://m.bgwxc.com/M/novel/search?keyword=我是
咪咕小说💯,💰正版💰,其它错误,,http://wap.cmread.com，
唔唔小说,,其它错误,,https://www.changduzw.com未月十八repairwy-
塔读[字数],¹▽置顶`ȏ´正版发现,其它错误,,http://www.tadu.com/字数
天悦小说🎃#2,,其它错误,,https://m.xtyxsw.org#🎃
夸克搜书#玄奇21.0202,"【❌❌】搜索失-效,发现正文失效,搜索失效",其它错误,,夸克搜书#玄奇21.0202
宝来小说网🎃,,可达,200,https://www.baolaixsw.com#🎃
寻欢小说🎃,,其它错误,,https://寻欢小说2.luoyacheng.ip-ddns.com#🎃
必然小说,小说 书源,其它错误,,不可能的世界
悸花阅读,,其它错误,,http://api.lestory.cn关耳edit
掌阅小说💯,💰正版💰,其它错误,,http://m.zhangyue.com，，
晋江文学26,"搜索正文失效,【❌❌】搜索正文失-效",其它错误,,http://android.jjwxc.net书名
桔纸书屋,,其它错误,,https://m.juzhishuwu.com
派派文学🎃,,可达,200,https://m.paipaiwx.com#🎃
溜达小说,-------,其它错误,,http://www.liudatxt.com，
漫蛙,"全部来自论坛,网站失效",其它错误,,→漫蛙←
烟雨中文,念心 || 小说,其它错误,,https://m.yanyuzw.com已整理
爱尚小说,-------,其它错误,,https://www.23hh.la已整理
爱看书吧🎃,,其它错误,,https://m.aidushu8.com#🎃
爱豆看书,小说 书源,其它错误,,http://www.26ks.cc已校验
番茄小说,免费,其它错误,,祝大家天天开心
番茄小说7#,"12.4精校阅读书源,12.5精校阅读书源,12.6精校阅读书源,12.3精校阅读书源,菠萝包刺猬猫番茄",其它错误,,http://www.zym888.com/锋
秋田书屋 m.qiutiandog.com,未测试,其它错误,,https://m.qiutiandog.com
笔趣宝子,-------,其它错误,,❀.biqubao
笔趣阁,小说 书源,其它错误,,❀.biquge
笔趣阁41,念心 || 小说,其它错误,,https://103.188.121.74/h5
第一韩漫,涩漫图,其它错误,,第一韩漫
英语阅读（英语）,-------,其它错误,,http://m.enread.com已校验
虫虫书屋🎃2,🍜其他,其它错误,,http://www.51menu.com#🎃
衍墨轩,"发现失效,搜索失效",其它错误,,https://www.yanmoxuan.org。。。
言情网吧,小说 书源,其它错误,,http://www.123yqw.com已整理
读书阁子,,其它错误,,http://www.zmtt.net已整理
豆瓣读书,⭐️ 收藏,其它错误,,https://www.douban.com已校验
贼吧网吧（下载）,影视 书源,其它错误,,https://www.zei8.me已校验
起舞中文网🎃,,可达,200,https://m.75zwz.com#🎃
躺着看🎃,,其它错误,,https://tangzhekan8.cc#🎃
轻小说吧,小说 书源,其它错误,,[图片]http://www.m.sfacg.com
追书啦,,其它错误,,https://b.zhuishua.cc/ʕ ᵔᴥᵔ ʔ喜静
随心看吧,,其它错误,,https://m.suixkan.com关耳
零点小说网🎃,,其它错误,,https://www.lingdxsw.com#🎃
飞卢男生标签,,其它错误,,https://b.faloo.com男生标签
🌐看漫画M,漫画 书源,其它错误,,https://m.kanman.com已校验
🌸 笔下文学,🌸常用,可达,200,https://m.bxwx.co
🍀99小说网,"发现失效,搜索失效",可达,200,https://m.99wanban.com
🍎晴天网页晴天,,其它错误,,"http://api.cloudepays.cn#
接口来源:晴天的网页版
制作大佬:河鹅和.⁧~喵⁧‭
书源起因:只是方便阅读，不然网页估计用的少！
整理时间:2024年12月1日10:09"
🍩新暖酒小说[自写],,超时,,https://www.wetfj.com/#xsw8093
🎃大众文学🎃,,其它错误,,https://www.gzhgxs.com#🎃
🎃新御书屋🎃#6,,其它错误,,https://whfrsl.com#🎃
🎉 基友小说,"搜索正文失效,发现正文失效,【❌❌】搜索正文失-效",其它错误,,https://www.gaysay.com已整理
🎉 看帮网(电脑),,其它错误,,https://www.kanbang.cc/分页
🎉 艾米小说[仅发现],,其它错误,,https://www.amxs.cc
🎉桑舞小说网~a,"【❌❌】网站失-效,搜索失效",其它错误,,https://www.sangwu.org
🎨 快看漫画$,"🎨漫画,☣️漫画lateral",其它错误,,http://m.kuaikanmanhua.com已整理
🎨 羞羞漫画[优],"🎨 C漫画,0-🏜️ 图片",其它错误,,http://sinaappxx6.q236.cn/post/GetInfo已校验
🎨漫客栈,漫画 书源,其它错误,,https://www.mkzhan.com已整理
👔 UAA小说,﹅ ㊕ 特殊,其它错误,,会员
💦千千小说⑥,小说,连接失败,,https://www.xqianqianxs.com/
💰 晋江[言情标签],【🈵♥🈵💯】231123千组1,其它错误,,http://www.jjwxc.net/言情标签已整理
💰夸克搜索,💰 正版 💰,其它错误,,夸克->原网
💰晋江文学②,"¹▽置顶`ȏ´正版发现,⁶❀耽女︎ºั轻言",其它错误,,https://www.jjwxc.net☆
💵 晋江[推书],"¹▽置顶`ȏ´正版发现,⁶❀耽女︎ºั轻言",其它错误,,https://www.jjwxc.net[推书]
💵 晋江[言情排行],"发现正文失效,﹅ ㊣ 正版,﹅ ✾ 言耽,搜索正文失效",其它错误,,https://www.jjwxc.net/言情排行
💵 纵横分类,¹▽置顶`ȏ´正版发现,其它错误,,https://m.zongheng.com/分类
💵 起点月票,💵正版,其它错误,,https://www.qidian.com/月票
📑 优书,📑书评,其它错误,,❀.yousuu
📖 艾墨中文,📖 小说,其它错误,,https://i7txt.net/
📥 微软必应,"搜索正文失效,【❌❌】搜索正文失-效",其它错误,,微软必应
🔖爱小说①,"其他,搜索失效",其它错误,,❀.ixs
🔰 百家网[仅发现],🏵️  小说,其它错误,,https://m.baijiaw.com
🔰爬书小说,🔰 一般 🔰,其它错误,,https://www.pashuxs.com/
🥉书海阁,"发现失效,﹅ ♝ 优良,搜索失效",其它错误,,https://www.shuhaige.net#乃星
12xs 线路3,"合集,111",异常状态,525,https://www.12xs.com/##线路3
13.新笔趣阁,c,异常状态,503,http://www.xinbqg.com-1
1、优书✳️新版 书评,7、发现; 发现规则语法错误,异常状态,503,http://img.yousuu.com:80
360小说,🏵️  小说,异常状态,503,http://www.360xiaos.com
369脱水吧,³۝天域整理,异常状态,503,http://www.369hi.com
4399动漫💰,,异常状态,503,http://www.4399dmw.com
52格格党,"💭💭💭💭💭💭,搜索失效",异常状态,503,http://m.52ggd.com
72漫画网⛅,,异常状态,503,http://www.72qier.com
91格格党,"💭💭💭💭💭💭,搜索失效",异常状态,503,http://m.91ggd.com
ACOME,加载慢…,异常状态,503,http://www.hebao1.net
CC漫画[手机版],,异常状态,503,http://m.ccdm8.com
QQ音乐,"👂👂👂👂👂👂,搜索失效",异常状态,503,http://ustbhuangyi.com
ZERO搬运网,💰【付费不能看】,异常状态,503,http://www.zerobywtx.com
ZERO搬运网,💰【付费不能看】,异常状态,503,http://www.zerobywgeat.com
ZERO搬运网,"】,发现失效,搜索失效",异常状态,503,http://www.zerobyw3ds.com
ZERO搬运网2💰,,异常状态,503,http://tw.zerobywpor.com/
acgzc,正版小说 书源,异常状态,503,http://www.acgzc.com-8
x知轩藏书♥下载链接♥.zxcs#玄奇21.0202,"﹅ ㊦ 下载,发现失效,搜索失效",其它错误,,http://www.zxcs.me#玄奇21.0202
●🎉 有兔阅读##3♥ 日更热门🍺🔱📡⚡️,"发现失效,发现,﹅ ♛ 精品,搜索失效",其它错误,,http://app.youzibank.com##3
♛无锡图书馆API #关耳,"♛42,🍋🍋🍋🍋🍋🍋,搜索目录失效",其它错误,,http://es.bookan.com.cn1#guaner
♜ 笔趣阁⑤ #一程,"【】👾笔趣阁,【🈵♥🈵💯】231123千组1,搜索失效",异常状态,523,https://m.biqooge.com#♤yc
♜+5200小说网① #破冰,"2,搜索失效",其它错误,,http://www.xiaoshuo.cc/#♤pb
♜+读一读③ #破冰1101,"【❌❌】搜索失-效,发现失效,搜索失效",异常状态,503,http://du11du.com/#pb1101
♜360小说网② #破冰1101,"发现失效,﹅ ♜ 优质,搜索失效",异常状态,503,http://www.tushu360.com/#pb1101
♜书林文学 #破冰1101,"发现失效,﹅ ♜ 优质,搜索失效",异常状态,503,http://www.miz5.com/#pb1101
♜第九源言情 #破冰,⁴☃晨光雨露᭄精品源,异常状态,400,https://www.dijiuyuan.com/#♤pb
♝ ✎笔趣阁㉟ #破冰,"2,搜索失效",异常状态,521,https://www.zpxsw.com/#♤pb
♠ 八一中文④,破冰,异常状态,503,http://www.81zw.me/
⚡️116文学,🔮  优选,异常状态,503,http://m.116wx.com
✐ 友绘漫画网-M #Haxc,漫画🎟️,其它错误,,http://m.xzcstjx.com#♤Haxc
✾♜+梦远书城,需要登录,异常状态,520,https://www.mengyuanshucheng.com/#kd11
㊝三海屋 ♜♜,,其它错误,,http://www.sanhaiwu.com#渊呀81
一听小说,网页源,异常状态,503,http://www.yitingxs.com/
三点书屋,"发现失效,搜索失效",异常状态,503,http://www.3shuwu.net
丫丫,,异常状态,503,http://m.yayad.com
乐文小说网🎃,,其它错误,,http://www.lwxs.net#🎃
书朋网,"发现失效,如月流光,▽置顶`ȏ´正版发现,搜索失效",其它错误,,https://wap.txtle.com
书海小说,9月,异常状态,302,http://www.shuhai.com
书迷阁#玄奇21.0202,"发现失效,﹅ 通用书源▪︎玄奇,搜索失效",其它错误,,http://www.eshu.cc#玄奇21.0202
亲亲小说qinqinxiaoshuo,,异常状态,444,https://www.qinqinxiaoshuo.cc
今日漫画📱,,异常状态,503,http://m.todaymanhua.com
优书网,天域战歌整理,异常状态,503,http://www.duiguoguo.com
倾城漫画,"漫画,发现目录失效,搜索目录失效",异常状态,503,http://www.thyysj.com
免费小说,,异常状态,503,http://api.motie.com
兔兔府📱,,异常状态,503,http://m.tutufu.com
全本小说网🎃,,异常状态,520,https://m.qbxsw.com#🎃
八区小说,小说 书源,异常状态,503,http://www.hotrydersffmc.com
刷漫画[手机]  {缺发现},发现读不了; 发现规则语法错误; 失效,异常状态,503,http://m.shuamanhua.com
博仕书屋🎃,,其它错误,,http://m.boshisw.com#🎃
受漫画-M,漫画,异常状态,503,http://m.shoumanhua.com
吧书荒慌🎃,,其它错误,,http://m.shuhuanghuang.com#🎃
吾爱中文,💠 其他,异常状态,503,http://waehrqui.fun
哈哈漫画,漫画,异常状态,503,http://www.hahamh.net
唐门免费看书🎃,,异常状态,502,https://zbwq.wmg.weimeigu.net/app/index.php?i=16414&c=entry&do=index&m=iweite_xiaoshuo#🎃
图书世界,S_Lin,异常状态,503,http://losqo2.9ap7f7xm9.xy930m.sbs/
夜伴书屋🎃,,其它错误,,http://www.ybsws.com#🎃
夜色小说🈲🔍🌄,🈲7/14,异常状态,503,http://8wjcyazxw7.www.yeseshuge.xyz/
天堂深圳,,异常状态,521,http://tiantangxiangzuoshenzhenwangyou.qwyd.net
天涯知识（优+）,小说 书源,异常状态,502,http://3g.sbkk8.com#
天籁小说🎃#2,,异常状态,521,https://wap.hsjsby.com#🎃
奇快中文,小说 书源,异常状态,530,http://m.qikuaizw.com/
安之原创,正版,异常状态,503,http://www.azycjd.com-6
安之原创,-------,异常状态,503,http://www.azycjd.com-8
宝来小说网🎃,,其它错误,,http://m.baolaixsw.com#🎃
小白漫画📱💰,规则,异常状态,503,http://m.xbxem.cn
小说居🎃,,其它错误,,http://m.xiaoshuoju.com#🎃
小说线路,小说 书源,异常状态,525,https://www.12xs.com/
小说阅读,"已检测,校验超时",异常状态,503,http://mds.kkyd.cn
山村风狂,②一般; 发现,异常状态,503,http://www.shancunfengkuang.com
布咕阅读🎃,轩1,其它错误,,http://www.bgwxc.com#🎃
开阅小说,¹▽置顶`ȏ´正版发现,异常状态,503,http://api.kyxsapp.com
微曲小说,小说 书源,异常状态,503,http://www.acgzc.com-7
悟空追书,②一般; 发现,异常状态,503,http://m.kong.mg.92fangzhan.net
憨憨的漫画-M,"漫画,发现失效,搜索失效",异常状态,503,http://m.hhdmh.net
拂袖,,异常状态,503,http://open.zzzapp.cn
拂袖渊呀,小说 书源,其它错误,,http://open.zzzapp.cn#yuan1107
换源神器修复,,异常状态,503,http://api.xmtcpz.com
搜狗书库,网页源,异常状态,503,http://www.sogouso.com/
文桑小说,小说 书源,其它错误,,http://www.wlwx.la#🎃
新笔中文,小说 书源,异常状态,503,http://wap.xbiquzw.com
新笔趣阁,,异常状态,503,http://m.xbiqugea.com/
新顶点网,小说 书源,异常状态,521,http://www.ttwx.net
无锡图书,小说 书源,异常状态,503,http://es.bookan.com.cn1
日升小说,小说 书源,异常状态,503,http://www.acgzc.com-9
晚安小说,网页源,可达,200,http://www.wananxs.com/
有兔·女生💯,,异常状态,503,http://app.youzibank.com/nvsheng
梦幻小说,小说 书源,异常状态,503,http://www.pan5.net*
橙子免费小说,"API,21.0317渊呀,★,🎉 精品,🌸  常用,☀️搜书/换源 A▪精品",异常状态,503,http://api.smaoxs.com
歪歪书库,,异常状态,521,http://www.yysk.net
残月小说网,CM普通,异常状态,502,http://xs.23yue.cn
汤圆创作#玄奇21.0202,"发现失效,搜索失效",其它错误,,http://m.itangyuan.com#玄奇21.0202
源坛坛-笔趣阁⑤,全部来自论坛,异常状态,503,http://www.biqu.ge
漫画多📱⛅,,异常状态,503,http://m.manhuaduo.cn
漫画搜🅰,🅰【json】,异常状态,503,http://mh.zxh.la
灰小说网,³۝天域整理,异常状态,503,http://m.huixsw.com
燃文小说,网页源,异常状态,521,https://www.jjshu.com/
爱听俗语,有声,异常状态,500,app.365ting.com
爱尚文学网,💭💭💭💭💭💭,异常状态,503,http://www.958250.com/
爱看漫画网💡,,异常状态,503,http://www.ikmanhua.net
猫念小说,天域战歌整理,异常状态,503,http://x.maojj.cc
猴子小说网,,异常状态,521,https://www.hzxsw.com##细雨尘寰
白蓝紫,CM精品,异常状态,503,http://www.bailanzi.com
看全本🎃,,其它错误,,http://www.kanquanben.org#🎃
神仙肉小小说,禁,异常状态,503,http://www.ltxxs.com
秀十八漫画📱,💯【稳定】,异常状态,503,http://mip.xiu18.cn
章鱼小说🎃,,其它错误,,http://www.z1xs.com#🎃
笔仙阁,"资源,出版",异常状态,503,http://www.bixiange.me
笔趣网吧,小说 书源,其它错误,,http://www.biquw.com#嘚嘚21.0201
笔趣阁,,异常状态,503,http://www.shfljx.com
笔趣阁#12,"💭💭💭💭💭💭,搜索失效",异常状态,503,http://m.1kzw.com/
笔趣阁91,念心 || 小说,异常状态,503,http://www.limkokwingchina.com
笔趣阁bqww.net,,异常状态,503,http://www.bqww.net
笔趣阁网🎃,📃论坛,其它错误,,http://www.yjcat.com#🎃
笔趣阁🎃#37,,其它错误,,http://www.downcg.cc#🎃
笔趣阁🎃30,,其它错误,,http://www.xsbiquge.co#🎃
第一版主③,,异常状态,503,http://www.diyibanzhu3.in/
第三小说网[笔趣模板][🈚发现],★酷安所求,异常状态,456,https://www.d3xsw.com/
纵横中文,正版小说 书源,异常状态,500,https://www.zongheng.com/##zhbyjm7783
纵横中文网,,异常状态,500,https://www.zongheng.com
网飞猫,全部来自论坛,异常状态,850,https://www.ncat1.app/
聚小说,📙大众书,异常状态,503,http://www.juxiaoshuo.net
腐小说🎃#2,"6666666666666666,颜色",其它错误,,http://www.fxsw.top#🎃
芙蓉小说,🏵️  小说,异常状态,503,http://www.fryutong.com
菠萝动漫❕🇰🇷,韩漫,异常状态,503,http://www.boluodm.com
蚂蚁看书🎃,,其它错误,,http://www.mayiks.com#🎃
衍墨轩吧（优）,小说 书源,异常状态,503,http://www.ymoxuan.com
衍墨轩子,小说 书源,异常状态,503,http://www.ymoxuan.com-7
衍墨轩子,小说 书源,异常状态,503,http://www.ymoxuan.com-2
言情中文,小说 书源,异常状态,530,https://m.nsxsw.net#🎃
读零零小说🎃,,其它错误,,http://www.du00.co#🎃
豌豆文学🎃,,其它错误,,http://www.wandouwx.com#🎃
贝切阁,"💭💭💭💭💭💭,搜索失效",异常状态,503,http://www.beqege.cc
趣看小说,"发现失效,搜索失效",异常状态,503,http://www.qk-tv.com
追书神器jjxsw,❤小说,异常状态,503,http://www.jjxsw.net
逆天邪神[93x],🏖️免费+,可达,200,https://www.93xscc.com/
酷库小说,-------,异常状态,444,http://www.kbkxs.net
酷读文学,新+,异常状态,503,http://door.kuduwxw.com
陶瓷小说,小说 书源,异常状态,503,http://www.uuxsw8.net
零点小说,CM名著,异常状态,503,http://www.ypook.com
零点看书sinuoteguolv,❤小说,异常状态,503,http://www.sinuoteguolv.com
韩漫漫画🇰🇷,漫画,异常状态,503,http://www.vipshow.cc
飞飞漫画,漫画,可达,200,http://www.ffmanhua.com
香网小说,小说 书源,异常状态,503,http://www.xiang5.com-6
鸟书网吧🎃,,其它错误,,http://wap.99xs.info#🎃
黑鼠吧,漫画,异常状态,503,http://www.heishuba.com
🌐 奇书网页,优选书源by沐云风,可达,200,http://www.xqishuta.net/
🌸 小小说,🌸常用,异常状态,503,http://www.xsese.com
🌸 给力文学④,🌸常用,异常状态,503,http://www.glwx.net
🌸梦远书城,②🌸  常用,异常状态,520,https://m.mengyuanshucheng.com
🍁笔趣阁⑫④,🍁 笔趣 🍁,异常状态,503,http://www.biqu321.com/
🍁笔趣阁⑭③,🍁 笔趣 🍁,异常状态,503,http://www.x27gu.com/
🍁笔趣阁⑮⑦,🍁 笔趣 🍁,异常状态,503,http://www.xbqg.buzz/
🍁风云小说,"优质源👍,🏵️  小说",异常状态,503,http://wap.fyxsw.cc
🍊 鲤鱼乡②,"💊无搜,🍊女频",异常状态,503,http://www.liyuxiangbl.com
🍒 言情小小说,🍒言情,异常状态,503,http://m.yqxxs.net
🍺 铅笔文学,🍺 特优,异常状态,503,http://www.lbbin.com
🎃去读读🎃#2,,其它错误,,http://m.qudvdu.com#🎃
🎃笔趣阁🎃#52,,其它错误,,http://www.biquy.com#🎃
🎃逼事阁🎃,,其它错误,,http://m.youdian5.com#🎃
🎉 92读书,🎉精品,异常状态,503,http://www.92dus.com
🎉 乐乐爱,🎉精品,异常状态,503,http://m.lelelove.com
🎉 五一小说网[仅发现],🎉精品,异常状态,503,http://www.11111s.info
🎉 冰地中文bingdizw,🎉精品,异常状态,503,http://m.bingdizw.com
🎉 四合读书[仅发现],,异常状态,503,http://www.siheds.com
🎉 溜书网[仅发现],,异常状态,503,http://www.jsls1.com
🎉 笔趣阁㉘,,异常状态,521,https://www.tingshuge.com
🎉 龙腾5200,🎉精品,异常状态,503,http://www.longteng52.com
🎉58小说③①,,异常状态,521,http://xs.5800.cc/
🎉七猫小说①,,异常状态,503,http://www.tuofa.org/
🎉书阅小说网,🎉 精选 🎉,异常状态,503,http://www.shuyue.la/
🎉叶非夜小说,🎉 精选 🎉,异常状态,503,http://www.yefeiyexsw.com/
🎉小说书网①,,异常状态,503,https://www.xiaoshuoshu.org/
🎉格格党①①,,异常状态,521,https://www.lwxs99.com/
🎉爱书阁小说,,异常状态,503,http://www.aizijc.com/
🎉笔趣库④①,,异常状态,503,http://www.biquk.org/
🎉顶点中文①,,异常状态,503,http://www.btwenhao.com/
🎊榕树下小说,优质源👍,异常状态,503,http://m.rongshus.com/
🎨 CC漫画网,🎨漫画,异常状态,503,http://www.ccdm5.com
🎨 一拳漫画,🎨漫画,异常状态,444,http://www.1manhua.net
🎨 哇嘎漫画🇰🇷,🎨漫画,超时,,http://www.xoiof.com
🎨 天天爱动漫,🎨漫画,异常状态,503,http://www.ttadm.com
🎨 腐漫画,🎨漫画,异常状态,503,http://app.fmmhua.com
🎨 黑白漫话,🎨漫画,超时,,http://m.heibaimanhua.com
🎨爱漫画,🎨 漫画,异常状态,503,http://mh.2manhua.com
🐣追书啦,-------,异常状态,521,https://b.zhuishua.cc/##ʕ ᵔᴥᵔ ʔ喜静
👍 5200文学网[仅发现],,异常状态,503,http://www.5200wxw.com
👍 书馆中文,优质源👍,异常状态,503,http://www.sgaaw.com
👍 奇塔文学[仅发现],👍优质,异常状态,503,http://m.qqtshu.com
👍 爱阿巴小说,🌼晨光雨露🍒精品源💯,异常状态,503,http://www.iabatech.com
👍乐文小说⑱,优质源👍,异常状态,521,https://m.lwxs.net/
💊 笔趣阁,💊无搜,异常状态,521,http://www.xxbiquge.cc
💠 鬼大大,"💠 其他,失效",异常状态,503,http://www.guidada.com
💦多本小说①,,异常状态,521,https://m.duoben.net/
💦趣趣书屋①,,异常状态,503,http://www.wtxsw.com/
💯58小说①,💯 精品 💯,异常状态,503,http://www.fbxsw.com/
💰 书海,搜索失效,其它错误,,http://www.shuhai.com#一程
💰优书网,"﹅ ㊣ 正版,发现失效,搜索失效",异常状态,503,http://www.yousuu.com
💵 HI!喵,"💵正版,🚬刘备",异常状态,503,http://www.hicat.co
📒 第一版主,📒 绯梦,其它错误,,http://hdyp.net#吗
📖 梦远书城,📖 小说,异常状态,520,https://www.mengyuanshucheng.com/
📖 笔尖小说,📜 轻小说类 📜,异常状态,503,http://m.bjcan.com
📚 99藏书,📚出版,异常状态,503,http://99lib.net
📚 黃金屋网,👻 隐藏,异常状态,503,http://m.twnovel.org/
📜 图畅数字图书馆,[小说源],异常状态,503,http://www.gxgsxx.net:81
📜速酷小说,[小说源],异常状态,503,http://www.sukucc.com/
📥 新奇书网[仅发现],📥下载,异常状态,503,http://m.qishudu.com
📥云海电子图书馆,【❌❌】搜索失-效,其它错误,,http://www.pdfbook.cn#关耳
📻 一路听书,"【❌❌】网站失-效,【】👂有声,搜索失效",异常状态,503,http://16ting.com
🔖 作品集,🔖 书刊,超时,,http://zuopinj.com-DM
🔰 七七716,🏵️  小说,异常状态,503,http://api.zhuishushen.com
🔰搜小说④,🔰 一般 🔰,异常状态,503,http://www.shouxs.com/
🖤有兔★APP ♛♛,,其它错误,,http://app.youzibank.com#825md
🚬 乐文小说[仅发现],🚬刘备,异常状态,503,http://m.00lewen.com
🚬 小强小说网④[仅发现],🚬刘备,异常状态,503,http://www.335xs.in
🚬 斗书阁[仅发现],🚬刘备,异常状态,503,http://www.doushuge.com
🚬 甜梦文库,"🍊女频,🚬刘备,💊无搜",异常状态,521,http://www.tmxs.net
🚬 第一版主④（乱字）,"发现失效,﹅ ㊕ 特殊,搜索失效",异常状态,503,http://www.diyibanzhume5.com/
🚬 翠微居,🚬刘备,异常状态,503,http://wap.cuiweiju6.com
🚬 麒麟书城,🚬刘备,异常状态,503,www.qlsc2.com
🧐我们爱看小说,"发现失效,﹅ ♝ 优良,搜索失效",异常状态,503,http://www.womenaikan.com
100本·出版,"发现失效,搜索失效",有响应(拦截),429,https://www.100ben.net#🇨🇳Namo
166小说,,超时,,https://m.166xs.cc
23书吧,👍 备用,超时,,https://m.23shu8.net
2b小说网~2bzy.com,"AAA,发现失效,搜索失效",超时,,http://www.2bzy.com
360小说网🎃,,超时,,https://h.x360xs.com#🎃
36漫画,漫画,可达,200,https://www.36mh.net
39小说,🏵️  小说,超时,,http://m.fashuwx.com
4020电子书·陆🎃,,其它错误,,http://m.wrlwx.com#🎃
4020电子书🎃#3,,超时,,https://www.iwurexs.net#🎃
4小说🎃,,其它错误,,http://www.xyusk.com#🎃
52PO小说🎃,,有响应(拦截),429,https://wap3g.po52.cc#🎃
55读书,综合,超时,,https://www.changduzw.com/
67书吧🎃,,超时,,https://www.67book.net#🎃
69书啦,神段【大乘级】（小说源）,有响应(拦截),429,http://m.69shu.la
7766小说🎃,,其它错误,,http://wap.qiliuwx.com#🎃
81中文网🎃,,超时,,https://m.81cnw.com#🎃
8comic 🅰,漫画,超时,,http://app.6comic.com:88
ACG和谐漫画-M,"漫画,发现失效,搜索失效",异常状态,504,https://acgz.lianaimh.com
HanaScan🇬🇧,,有响应(拦截),429,https://hanascan.com
MM小说网,女频,异常状态,522,https://www.mmtxt.com/
QC轻小说,轻小说,异常状态,503,www.qcacg.com
SoDu小说🎃,,其它错误,,http://m.soduzw.com#🎃
UC小说🎃,平台,其它错误,,http://m.ucshuku.net#🎃
bak🐼 丹书铁卷 ♛♛✘b,,超时,,https://www.dstiejuan.com#MDedit111x
https://www.pilibook.com/,微筛选,超时,,https://www.pilibook.com/
md♜+百合小说 #一程,"【❌❌】搜索失-效,发现失效,搜索失效",超时,,https://m.baihexs.com#md-yc1101
xheiyan黑岩阅读pc,正版,超时,,http://www.xheiyan.info
♛搜小说①,"﹅ ♛ 精品,发现失效,搜索失效",有响应(拦截),429,http://m.soxscc.org/#pb1101
♜ ✎笔趣阁⑧④ #破冰1101,²♨笔-趣-阁❆,超时,,https://www.mcmssc.com/#pb1101
♜ ✎笔趣阁⑬ #破冰1101,²♨笔-趣-阁❆,超时,,https://www.xxxbiquge.com/#pb1101
♜ ✎笔趣阁㊾ #破冰,"发现失效,小说",超时,,https://www.bbiquge.cc/#♤pb
♜ 官场小说 #一程,¹▽置顶`ȏ´正版发现,其它错误,,http://www.gcxs8.com#♤yc
♜ 若雨中文 #一程1101,校验超时,其它错误,,http://www.3yt.com#yc1101
♜+166小说② #破冰,已检验,超时,,https://www.166xs.cc/#♤pb
♜+3Z中文网 #破冰,⁴☃晨光雨露᭄精品源,可达,200,http://www.530p.com/#pb1101
♜+搜书网① #破冰1101,"发现失效,搜书,﹅ ♜ 优质,搜索失效",超时,,https://m.soshuwu.com/#pb1101
♜+求小说网 #破冰,已检验,超时,,https://www.qiuxiaoshuo.org/#pb1101
♜-31小说网② #破冰1101,"发现失效,﹅ ♜ 优质,搜索失效",可达,200,https://www.31xsw.net/#pb1101
♜-全小说② #破冰,⁴☃晨光雨露᭄精品源,其它错误,,http://quanxiaoshuo.net/#♤pb
♜-来读读 #破冰1101,"﹅ ♜ 优质,搜索失效",超时,,https://www.laidudu.com/#pb1101
♜67书吧① #破冰1101,"发现失效,﹅ ♜ 优质,搜索失效",超时,,https://www.67shu.net/#pb1101
♜800文学网②,【❌❌】搜索失-效,超时,,https://www.800wx.net/#pb1101
♜三六中文网,"﹅ ♜ 优质,搜索失效",其它错误,,http://www.36zw.net/#♤pb
♜千千小说⑦ #破冰1101,"发现失效,【❌❌】网站失-效",超时,,https://www.qqxsw.info/#pb1101
♜天翼文学② #破冰1101,"发现失效,【🈵♥🈵💯】231123千组1,搜索目录失效",超时,,https://www.tianyibook.la/#pb1101
♜奇热小说② #破冰1101,"发现失效,﹅ ♜ 优质,搜索失效",超时,,https://www.qirexs.com/#pb1101
♜小说旗② #破冰1101,"发现目录失效,【❌❌】网站失-效,搜索失效",超时,,https://www.xs7.la/#pb1101
♜烟雨小说网 #破冰1101,"发现失效,﹅ ♜ 优质,搜索失效",超时,,https://www.yyxsw.org/#pb1101
♜爱看中文网 #破冰1101,"🍍🍍🍍🍍🍍🍍,♜230",超时,,https://www.akzw.com/#pb1101
♜给力文学③ #破冰1101,"发现失效,﹅ ♜ 优质,搜索失效",超时,,http://www.wxg7.com/#pb1101
♜零点看书④ #破冰1101,"﹅ ♜ 优质,搜索失效",超时,,http://www.lingdiankanshu.com/#pb1101
♜鬼吹灯①破冰,👍🏻 普通,其它错误,,http://www.gdbzkz.com/#♤pb
♞奇书网⑥ #破冰1101,"﹅ ♞ 普通,发现失效,搜索失效",超时,,https://www.qishuw.com/#pb1101
♬ 520听书 #破冰,"发现失效,2,搜索失效",其它错误,,http://www.fushu520.com/#♤pb
♬ 芒果听书 #破冰,"发现失效,【❌❌】搜索正文失-效,【】👂有声,搜索失效",超时,,https://www.mgting.com/#♤pb
♻️丹书铁卷🌱⭐,,超时,,https://www.dstiejuan.com#温暖满怀
✈ 悠久小说,精品书源,超时,,http://www.ujxsw.org
✈ 碧曲书库,精品书源,超时,,http://www.biqugewx.info
✈ 鸟书网,精品书源,超时,,http://www.99xs.info
✐   新笔趣阁,☃ 自用,连接失败,,https://api.diwudianqi6.cn
✐ ㊣极速漫画 #Haxc1107,【🈵♥🈵💯】231123千组4,其它错误,,http://www.1kkk.com#Haxc1107
✔︎㊝ 搜小说✦ ♛♛♛ soxscc.org,,超时,,http://m.soxscc.org/#m1
✾+ 搜小说,"﹅ ✾ 言耽,搜索失效",超时,,https://m.soxscc.net/#kd11
❗️闲读小说,"发现失效,----> 06_开车源,---> 061_ 成长,搜索失效",超时,,https://www.xianduxs.info/
㊕ ✾爱他小说 #一程1101,"【❌❌】搜索失-效,发现失效,搜索失效",其它错误,,http://www.hiaita.com#yc1101
㊝ 思路客① ♜♜,,连接失败,,https://www.shuquxs.com/#破冰
㊝ 热门小说m ♛♛,,超时,,https://m.rmxs8.net/#pb
㊝ 笔下文学m✦ ♛♛♛,,超时,,https://www.bxwxorg.com/#m
㊝ 青豆小说 ♜♜♜,,超时,,http://www.xinqingdou.cc/#md
一个漫画amcomic,💜漫画,超时,,https://www.amcomic.com
一百本网#玄奇21.0202,"发现失效,搜索失效",有响应(拦截),429,https://www.100ben.net#玄奇21.0202
一起看书网,🏵️  小说,超时,,http://www.17books.xyz
七七读书,,可达,200,http://www.shuku.net
七六小说,,超时,,http://wap.qiliuwx.com/
万相书城🎃#2,,超时,,https://www.wxscn.com#🎃
三九小说,小说 书源,超时,,http://www.xyshuk.com
三九小说网,"发现失效,搜索失效",连接失败,,https://www.39xsw.com/
三五文学🎃,,超时,,https://www.35wx.la#🎃
三好小说网#玄奇21.0202,"发现失效,搜索失效",其它错误,,http://www.sanhaoxs.net#玄奇21.0202
专业txt小说下载,天域战歌整理,连接失败,,https://www.xiazaitxt.net
东阳小说,小说 书源,超时,,http://www.77shuku.la
久久小说🎃,小说,其它错误,,http://www.5299txt.net#🎃
乐文⁷⁷,,超时,,https://www.lw77.cc
乐文小说🎃#2,小说,其它错误,,http://m.lewenge.cc#🎃
乐文阁网🎃,小说,其它错误,,http://www.lewenge.cc#🎃
九五书包🎃#2,222最新校验成功,其它错误,,http://www.95dushu.net#🎃
九五小说🎃#2,,其它错误,,http://m.95dushu.com#🎃
九桃小说,小说 书源,超时,,http://www.11txs.com
书书小说网,综合,超时,,http://www.shushun.cc
书枫迟诗,自查,有响应(拦截),429,https://s.fjwhcbsh.com
书籍推荐🎃,,超时,,https://www.aixiake.com#🎃
书趣阁吧,,超时,,http://www.xshuquge.net
书连阅读,小说 书源,超时,,https://www.facerome.com
二三中文,综合,超时,,http://wap.ersanxs.info
云中书库,小说 书源,超时,,http://m.yunxs.cc#
云中书库,小说 书源,其它错误,,http://www.yunxs.com#嘚嘚21.0201
云中书库3,,超时,,http://www.yunxs.com/#wy18-1001
云来阁,👍 优质,可达,200,https://www.yunlaige.com
五五小说,小说 书源,超时,,https://www.changduzw.com#未月十八改
五湖中文网,普通,超时,,http://www.5hzw.com
亿软小说,,其它错误,,http://www.yiruan.info#🎃
亿软网吧,-------,超时,,http://www.yruan.com
优书荒子,-------,超时,,http://www.shuhuanghuang.com
优特小说🎃,,超时,,https://m.utexs.com#🎃
修真堂,已检,超时,,http://www.xiuzhent.com/
免费看,"发现失效,搜索失效",超时,,http://m.qshuk.com/
全免小说,女频,可达,200,https://www.danmeic.com
全本小说5200🎃,,其它错误,,http://www.xs5200.com#🎃
全本小说🎃#4,,超时,,https://www.qb50.net#🎃
八一中文,-------,其它错误,,http://www.zwduxs.com#grid tr!0#芜恙
八一中文2,[小说源],超时,,https://m.blxs.la/
八一中文🎃#2,,其它错误,,http://m.zwduxs.com#🎃
八零中文80zw,❤小说,超时,,http://www.80zw.cc
冬天中文,小说 书源,超时,,https://www.xkushu.com/
凌晨看书,"发现规则为空,破冰&一程0902",超时,,https://www.lingchenkanshu.com
凤凰小说,"💭💭💭💭💭💭,搜索失效",超时,,http://www.11txt.com
出处源-仓库🔰 笔趣阁⑦,,超时,,http://www.biqushu100.com/
动漫之家s₁️-A,漫画,超时,,http://s.acg.dmzj.com
千帆小说,"💭💭💭💭💭💭,搜索失效",超时,,https://www.qianfanxs.com#未月十八改
南山书院⑤,"【❌❌】搜索失-效,搜索失效",异常状态,522,https://www.szyangxiao.com#温暖满怀
卡卡文学,小说 书源,超时,,https://m.kkwxw.cc
去看书网,"🔱 绅士淑女 🔱,网站失效",可达,200,https://www.qkshu.com
发的小说,-------,超时,,https://m.xiaxs.la##响海
句子迷🎃,,超时,,https://www.juzimi.com.cn#🎃
同人小说🎃,,超时,,https://199.33.125.173#🎃
吧电子书,小说 书源,其它错误,,http://www.wsskw.com#🎃
咔咪漫画,失效,超时,,http://www.nkcartoon.com/comic
品书居,"破冰｜黄凡凡,搜索失效",超时,,http://www.pinshuw.la/
唐三中文,,其它错误,,http://www.tangsanshu.org#🎃
唐三中文🎃,常规,其它错误,,http://www.xtangsanshu.com#🎃
啃文中文,天域战歌整理,超时,,https://m.kenwenzw.com
四零二零,-------,超时,,https://m.iwurexs.com/
土豆小说,⁵♡ོ晨光雨露✺普通源,超时,,https://www.tdxs.com/
地狱,18,超时,,https://18comic2.one/?__cf_chl_jschl_tk__=69592bfcc4e6033828b7655b38ba87681781ec8f-1620649642-0-AbUKXGE3fR7Fm5xD4GE9r5iJz2DfS3m
多多漫画-M,漫画,连接失败,,https://m.duoduomh.com
大漠阁,🏵️  小说,可达,200,https://www.damoke.cc
天域小说,小说 书源,超时,,https://www.tycqzw.la#🎃
天平小说,,超时,,http://www.77shuku.net
天籁小说网🎃,,超时,,https://m.tlaibook.cc#🎃
奇书网①,3、精品,连接失败,,https://www.xqishuta.com
奇塔小说,小说 书源,超时,,http://www.feishuwx.com
女生文学🎃,,其它错误,,http://www.wenxuem.com#🎃
奴奴漫画,漫画,异常状态,522,https://www.2nunu.com
妙笔文学,🏖️免费+,超时,,https://www.mbtxt.la/
宅阅读吧,小说 书源,有响应(拦截),401,https://m.zydu3.com
完本小说🎃,常规,超时,,https://www.wbxs.org#🎃
完结屋,,超时,,http://www.wanjie.com
完美小说🎃,,连接失败,,https://m.umiwx.com#🎃
小强小说网（网站不稳定）,"☣️精选senhora,天域战歌,☣️发现大精选",有响应(拦截),429,https://www.xiaoqiang520.cc
小说520,💠精选,连接失败,,https://m.xiaoshuo520.com#
小说书库,小说 书源,超时,,https://www.xssk.net#🎃
小说云🎃,,其它错误,,http://api.xiaoshuoyun.cn#🎃
小说旗🎃,🍜其他,超时,,https://www.xs7.la#🎃
就爱文学🎃,,其它错误,,http://www.92xs.info#🎃
就爱言情🎃,,超时,,https://www.92yanqing.com#🎃
山立漫画,漫画,异常状态,522,https://www.setnmh.com
巴蜀库,"﹅ 通用书源▪︎玄奇,搜索失效",超时,,http://www.bashuku.net/
常新小说,,超时,,https://m.xinqiaoxs.com
平凡文学,水幽临渊0905,超时,,http://www.pksge.com/
废纸文学🎃,,有响应(拦截),429,https://www.sosadhappy.com#🎃
御宅书屋🎃,,其它错误,,http://m.xbbxs.com#🎃
必去楼🎃,🎄常用,其它错误,,http://m.bequ6.org#🎃
志虎文学,小说 书源,超时,,https://zhihuwenxue.com/
思路客,,超时,,http://www.shuqusk.info
思路客网,,超时,,http://www.siluwu.com/
悠久小说,小说 书源,其它错误,,http://wap.ujxsw.net/##细雨尘寰
懒人小说,小说 书源,超时,,https://www.lrxsw.org
我看书斋,111最新校验成功,超时,,https://www.5ccc.net/
手机小说,-------,超时,,https://www.xiaxs.la/#pb1101
找找小说,小说 书源,超时,,https://m.zzxsw.cc
掌中免费读书香网,小说,超时,,https://www.jgzydp.com
搜狗小说🎃,,有响应(拦截),403,https://www.sgzw.net#🎃
搜读中文,小说 书源,其它错误,,http://www.soduzw.com#🎃
文墨中文,综合,超时,,https://www.maxreader.la/
文学度网,小说 书源,超时,,http://www.wenxuedu.com/
文档小说,小说 书源,连接失败,,https://www.xsjtxt.com
斗破苍穹,小说 书源,连接失败,,https://www.doupocangqiong1.com#
斗破苍穹小说xdoupo,❤小说,超时,,http://www.xdoupocangqiong.com
斗破苍穹小说网🎃2,,其它错误,,http://www.doupocangqiong.info#🎃
新笔趣阁,笔趣阁,超时,,http://www.paoshuzw.com/
新笔趣🎃,,其它错误,,http://www.vvss.net#🎃
新龙小说🎃,,超时,,https://www.longmebook.com#🎃
无双小说🎃,,其它错误,,http://www.buxia.la#🎃
无敌小说,,连接失败,,https://www.8xs.org
无极小说,优选书源by沐云风,超时,,https://wujixsw.info
无限小说,综合,超时,,http://154.19.89.72:80
无限小说网🎃,,其它错误,,http://m.wenxuesk.info#🎃
旧时光文学,"自写,搜索失效",连接失败,,https://www.oldtimescc.net/
时时激情h小说网,🔱 绅士淑女 🔱,连接失败,,https://wap.24novel.com
明月小说,小说 书源,超时,,https://wap.aishuge.org#🎃
明月文学mingyue,❤小说,超时,,https://www.mingyuewenxue.cn
易读手机网,🎃 通用,超时,,https://yqzw5.net#
星月书吧①,未分,可达,200,https://www.xyshu8.com/#pb1101
星空小说🎃,小说,其它错误,,http://wap.aixswx.org#🎃
晚班小说,,超时,,https://www.99mk.info#🎃
有声听书,听书 书源,有响应(拦截),403,https://m.ysts.cc
望书阁网🎃,小说,其它错误,,http://wap.wangshugu.org#🎃
木叶小说网,🏵️  小说,连接失败,,https://wap.xiaqu.org
未来天王🎃,,其它错误,,http://www.weilaitianwang.org#🎃
杰众文学,,异常状态,503,http://www.jiezhong.cc
柚子小说,小说 书源,超时,,https://www.xizu.org/
格格党小说🎃,,其它错误,,http://206.238.220.99#🎃
梦书中文🎃,小说,其它错误,,http://www.mcmssc.la#🎃
棉花小说,👍 备用,超时,,http://www.mhtxs.cc
棉花糖网,小说 书源,其它错误,,http://www.mhtxs.cc#🎃
橘子小说🎃#2,常规,其它错误,,http://www.cxinbz.com#🎃
歌书小说,小说 书源,其它错误,,http://m.gashuw.com#🎃
武侠小说,小说 书源,异常状态,522,https://www.wuxia8.com
民国奇人,综合,超时,,http://www.minguoqiren.net/
民国奇人,-------,其它错误,,http://www.minguoqiren.org/#♤pb
民国奇人minguo,❤小说,超时,,http://www.minguoqiren.info
永恒小说网🎃,,其它错误,,http://wap.4pan.org#🎃
求小说网,小说 书源,超时,,http://m.81ht.com
求小说网🎃,,异常状态,522,https://www.qiuxiaoshuo.org#🎃
求小说网🎃3,免费,其它错误,,http://m.81ht.com#🎃
泡泡小说🎃,,连接失败,,https://www.paopaoxs.cn#🎃
深夜看书,小说 书源,超时,,https://www.shenyebook.com
游湖小说网手机版🎃,,超时,,https://m.uhuxs.com#🎃
源书库🎃,,超时,,https://www.yuanshuku.com#🎃
溜达小说,-------,超时,,http://www.liudatxt.net
溜达小说🎃4,🎄常用,其它错误,,http://www.liudatxt.net#🎃
漫画呗,💯【稳定】,有响应(拦截),429,https://www.manhuabei.com
漫畫寶,漫画,有响应(拦截),429,https://www.magabao.com
灵梦小说,,有响应(拦截),429,https://www.lengmen.org/search/
燃文小说,"💭💭💭💭💭💭,搜索失效",超时,,https://www.ranwen.la/
燕山小说,综合,超时,,http://www.yanshan33.com/
爱下小说,小说 书源,超时,,http://api.aixdzs.com/
爱下🎃,小说,其它错误,,http://www.sjwx.la#🎃
爱书屋,³۝天域整理,超时,,https://www.ishuw.la
爱奇电子,小说 书源,其它错误,,http://m.i7txt.cc#🎃
爱尚小说,小说 书源,超时,,https://www.23hh.la#🎃
爱心书阁,小说 书源,超时,,https://wap.aishuge.org/
爱看中文网,已校验,超时,,https://www.akzw.com/#♤pb
爱看书吧,小说 书源,连接失败,,https://m.kbiquge8.com/
爱笔楼🎃,,超时,,https://m.ibiquge.info#🎃
爱青果网,小说 书源; 发现规则语法错误,连接失败,,https://www.iqingguo.com
独阅读吧,,超时,,https://app.duread8.com
猪猪岛小说网,"1.1 ⭐️直连,1.2 🚀翻墙",超时,,http://www.zzdxss.com
玄幻阁网,小说 书源,其它错误,,http://wap.xuanyge.org/##细雨尘寰
电吧子书,小说 书源,超时,,https://m.iwurexs.net#🎃
电子小说🎃,,超时,,https://www.dzxs8.com#🎃
白马小说,小说 书源,超时,,https://www.baimakanshu.com#🎃
百年漫画网📱,💯【稳定】,超时,,https://m.bainianx.com
皮小说网,小说 书源,连接失败,,https://www.00shu.com/
看书吧,"2,搜索失效",超时,,www.shuquge.com
看妹子漫画🇰🇷,韩漫,有响应(拦截),429,https://www.kanmeizi.cc
神书网pi12345,已检,超时,,https://www.pi12345.com/
神藏小说,小说 书源,其它错误,,http://www.swangwx.com#玄奇
神藏小说网🎃,,其它错误,,http://www.swangwx.la#🎃
笑佳人文学🎃,🍜其他,超时,,https://www.xiaojiaren.com#🎃
笔下文学,,超时,,http://www.bxwxorg.com/
笔下文学,,超时,,http://www.bxwx.la
笔下文学🎃,,其它错误,,http://88txs.com#🎃
笔下文学🎃3,,其它错误,,http://www.bxwx8.la#🎃
笔翠小说🎃#2,,其它错误,,http://www.bicui6.com#🎃
笔趣小说,小说 书源,超时,,https://www.xbiqusa.com#🎃
笔趣网吧,小说 书源,超时,,http://www.biquw.com#
笔趣阁,网页源,超时,,https://www.ku162.com/
笔趣阁,💜未分组,超时,,https://m.52bqg.net
笔趣阁,,超时,,https://wap.ishuquge.la#🎃
笔趣阁,小说 书源,其它错误,,http://www.kshuwx.com#🎃
笔趣阁,小说 书源,超时,,https://m.bswtan.com
笔趣阁,小说 书源,超时,,http://www.biqusk.com#
笔趣阁,小说 书源,超时,,https://www.bequgew.com
笔趣阁,小说 书源,可达,200,http://www.bequgew.com/
笔趣阁,小说 书源,超时,,http://www.kshuwx.com
笔趣阁,-------,超时,,http://www.173kt.net
笔趣阁,小说 书源,异常状态,522,https://www.boquge.com
笔趣阁,小说 书源,超时,,https://m.bswtan.com#🎃
笔趣阁,小说 书源,其它错误,,http://www.biqusk.com#🎃
笔趣阁,小说 书源,其它错误,,http://www.biqu520.net#🎃
笔趣阁,小说 书源,超时,,https://www.52bqg.net#🎃
笔趣阁,小说 书源,超时,,https://www.52bqg.com
笔趣阁#31,🍁 笔趣,可达,200,https://www.bqg10.com#
笔趣阁188,念心 || 小说,超时,,http://www.biqugedd.com/
笔趣阁34,S_Lin,超时,,https://www.bqg34.org/
笔趣阁99,4月2号静白,连接失败,,https://m.ibiquge.net
笔趣阁fun,综合,超时,,https://www.bqg.fun
笔趣阁③,,超时,,https://www.uubiqu.com/
笔趣阁⑭⑥,²♨笔-趣-阁❆,超时,,http://www.ibiqunai.com
笔趣阁网,小说 书源,连接失败,,https://www.biquge.info#🎃
笔趣阁🎃#108,,超时,,https://m.quge7.cc#🎃
笔趣阁🎃#14,小说,其它错误,,http://www.ibiquw.info#🎃
笔趣阁🎃#38,小说,超时,,https://www.biquzw.info#🎃
笔趣阁🎃#43,,超时,,https://m.egyguard.com#🎃
笔趣阁🎃#54,,其它错误,,http://www.vvbiquge.cc#🎃
笔趣阁🎃#66,,其它错误,,http://wap.biqugewx.info#🎃
笔趣阁🎃#98,,超时,,https://www.biqugesk.org#🎃
笔趣阁🎃22,,其它错误,,http://wap.xshuquge.net#🎃
笔趣阁🎃6,笔趣阁,其它错误,,http://www.biqushu100.com#🎃
第一版主🎃#7,,可达,200,https://www.diyibanzhu444.com#🎃
管我小说,小说 书源,超时,,http://www.2kxs.org
紫幽阁,🌼晨光雨露🍒精品源💯,超时,,https://www.ziyouge.com
统计书啦,念心 || 小说,有响应(拦截),429,https://www.69shu.la#1
绳艺故事网,"优,18,new_added",超时,,https://www.sygs123.club/
老幺小说网,小说 书源,超时,,https://m.laoyaoxs.org#&喵~ 改
聚合书库,微筛选,超时,,https://mjjxs.net/##by:landseer<9.15>
聚合书库,@jwk,超时,,https://mjjxs.net##尐哖
腐书网,"发现失效,﹅ 通用书源▪︎玄奇,搜索失效",超时,,https://www.fubooks.org/
艾克小说,3,超时,,http://m.ik555.net/
若初(test),,超时,,http://www.ruochuwx.com/
茂鑫小说,综合,超时,,http://www.tcmaoxin.org#
茶叶小说,小说 书源,页面不存在,404,http://xs.168xs.org/#xsw8093
菠萝笔记🎃,,超时,,https://www.boluobiji.com#🎃
落尘小说,🏵️  小说,可达,200,https://m.luocs.cn
藏海花,神段【大乘级】（小说源）,有响应(拦截),429,http://www.nanpaisanshu.org
蚂蚁文学,,超时,,https://www.mayiwxw.com/#♤pb
蚂蚁文学,③🌸  精品,超时,,https://www.mayiwxw.com#🎃
蚂蚁阅读,,其它错误,,http://www.imayitxt.com#md-yc
蚂蚁阅读🎃,🍜其他,其它错误,,http://wap.mayitxt.org#🎃
西德书屋,"全部来自论坛,搜索失效",有响应(拦截),401,https://m.xide8.com/
言情999🎃,,超时,,https://m.yanqing999.com#🎃
读万卷🎃#3,小说,其它错误,,http://m.duwanjuan.info#🎃
读书阁,🪜,超时,,https://m.mobanjishi.com
豆豆小说,小说 书源,超时,,https://www.ddshu.net
超凡小说,小说 书源,连接失败,,https://wap.pan8.net/##手机版
轻之文库🎃,轩1,其它错误,,http://www.linovel.net#🎃
追书神器,正版小说 书源,可达,200,http://zhuishushenqi.com/
酸奶全额（越语）,小说 书源,有响应(拦截),429,https://truyenyy.pro
键盘小说🎃,,其它错误,,http://www.janpn.com#🎃
长沙❤️💜,🏵️  小说,超时,,https://m.csxsrc.com
阳光小说,🏵️  小说,连接失败,,https://www.ygycwx.com
阿宝小说,念心 || 小说,超时,,https://www.2kxs.org#guaner
零点中文[lgaa],"﹅ 通用书源▪︎玄奇,搜索失效",可达,200,http://www.lgaa.net/
青果破解,🏵️  小说,其它错误,,http://www.qingoo.cn#myself
青豆小说,"🎉 精选,搜索失效",超时,,http://m.xinqingdou.net
韩漫漫画🇰🇷,,有响应(拦截),429,https://www.manhwa.cc
顶点小说,小说 书源,超时,,https://m.23wx.cc/
顶点小说,小说 书源,超时,,https://www.23us.so
顶点小说~f,🎉️精选,超时,,http://m.dingdianxs.la
香书小说,小说 书源,超时,,https://www.ibiquges.com#🎃
香书小说,小说 书源,超时,,http://www.xbiqugu.net/
鬼吹灯,,超时,,http://m.cxbz958.org
鬼吹灯🎃,,其它错误,,http://www.cxbz958.com#🎃
鸟书网吧,小说 书源,超时,,https://m.99mk.la
鹅儿小说,小说 书源,超时,,https://www.39xs.cc
黄易小说,🎄常用,超时,,http://www.xhytd.com
黑岩阅读,正版,超时,,http://www.heiyan.org
黑岩阅读网🎃2,,其它错误,,http://m.xheiyan.info#🎃
黑炎小说,,超时,,http://www.heiyan.info
️乐文🎃,,其它错误,,http://m.lewenge.la#🎃
️星空小说🎃,,其它错误,,http://wap.aixswx.la#🎃
️轮回小说🎃,,超时,,https://m.9xs.info#🎃
️顶点小说️🎃,,超时,,https://wap.maxreader.la#🎃
🌐 文墨中文网,📃论坛,超时,,http://www.maxreader.net/
🌙 聚合书源,👍 备用,超时,,http://39.104.64.234:9999/
🌞晴天融合漫画2.1(独立版),"晴天小说会员专属请勿传播,番茄漫画,漫画",其它错误,,http://api.qingtian618.cn:9999/#漫画/
🌸 18小说②,,超时,,https://www.18xs.com
🌸 稻草人,防盗,超时,,https://www.daocaorenshuwu.com#tbody tr
🌸棉花糖,②🌸  常用,超时,,https://www.mhtxs.la/
🌸笔趣阁①,②🌸  常用,超时,,https://m.gebiqu.com
🌹棉花糖网,免费,超时,,https://m.mhtxss.com
🍁笔趣阁⑫①,,超时,,https://www.haobiquge.com/
🍁笔趣阁㉚①,,连接失败,,https://www.biqugo.com/
🍅番茄听书🍅,,超时,,http://novelsdk.hhlqilongzhu.cn/
🍏永恒小说网cizi,,超时,,https://www.cizi.org
🍒BL漫画网,"发现失效,﹅ ♞ 普通,漫画,搜索失效",有响应(拦截),429,https://www.kanbl.cc
🍩巴士看书[必应搜索],【小说 书源】,页面不存在,404,https://www.84kanshu.com/##xsw8093
🍩笔趣阁yqbsv,笔趣阁,异常状态,522,https://www.yuyouku.com/#xsw8093
🍺 无极小说ajnnan,🍺特优,超时,,http://ajnnan.com
🍺 读远手机版🌱,,超时,,https://wap.readfar.com
🍺 顶点小说㉚,,超时,,https://www.222book.com
🎃123文学网🎃,,其它错误,,http://www.123txt.cc#🎃
🎃书香阁🎃,,超时,,https://www.sxgread.com#🎃
🎃大帝小说库🎃,,其它错误,,http://m.aikushuge.com#🎃
🎃御宅书屋🎃,,超时,,https://www.3wx9.com#🎃
🎃晋南言情🎃,,连接失败,,https://www.jinnanyq.com#🎃
🎃爱小说🎃,,其它错误,,http://m.18ys.net#🎃
🎃笔趣阁🎃#71,,超时,,https://wap.ibiquge.la#🎃
🎃笔趣阁🎃#89,,超时,,https://m.xbiqusa.com#🎃
🎃醉读小说🎃,,其它错误,,http://wap.imaxreader.com#🎃
🎈爱看书吧,"🎈36,🍋🍋🍋🍋🍋🍋,搜索失效",超时,,http://www.ikshu8.com
🎉 9书库,🎉 精选 🎉,超时,,http://www.9shuku.com
🎉 八零电子书[仅发现],,连接失败,,https://www.balingtxt.com
🎉 奇书阁,🎉 优质,超时,,https://m.7shuge.com
🎉 小疙瘩小说,🎉精品,超时,,https://www.xgeda.com
🎉 次元猫𖤓,🎉 精选 🎉,有响应(拦截),429,https://www.ciymao.com
🎉 热门小说[仅发现],,超时,,https://m.rmxsba.net
🎉 电子书,,超时,,https://www.txtbook.org
🎉 笑傲文学,🎉 精选,超时,,https://m.xaanr.com
🎉 笔趣阁,🎉 精选,可达,200,https://m.bqg.fun
🎉 笔趣阁⑩⑧,,超时,,https://hananke.com
🎉 说说520™[仅发现],🎉 精选 🎉,超时,,http://m.xshuoshuo.com
🎉 顶点小说,📃论坛,超时,,https://www.23wx.cx
🎉 香书小说,已检,超时,,https://www.xbiqugu.info
🎉800小说⑤,🎉 精选 🎉,超时,,https://www.800xs.org/
🎉一二小说网,,页面不存在,404,http://www.android123.com.cn/
🎉一四中文网,,超时,,https://www.114zww.com/
🎉万书网文学,,超时,,https://www.wanshuwang.cc/
🎉主机屋小说,,超时,,https://www.zhujiwu.org/
🎉书海小说①,,有响应(拦截),403,http://www.ai0817.com/
🎉免费读小说,,有响应(拦截),403,http://www.iewatch.com/
🎉小书窝小说,,可达,200,https://m.xiaoshuwo.cc/
🎉小说13①①,,超时,,https://www.xs123.org/
🎉帝书阁小说,,超时,,http://www.dishuge.com/
🎉手机TXT小说,,超时,,https://www.xiaxs.la
🎉棉花糖小说,,连接失败,,http://www.dlcbjx.com/
🎉热门小说③,⁴☃晨光雨露᭄精品源,超时,,https://m.rmxs8.net/
🎉看全本小说,"🎉 精选 🎉,🏵️  小说",连接失败,,https://www.kquanben.com/
🎉笔趣吧小说,,超时,,http://www.biquba.net/
🎉零点书院,🎉 精选 🎉,超时,,https://www.00sy.net/
🎋完美小说网🎋,🍜其他,连接失败,,https://m.umiwx.com
🎨 98漫画网,🎨漫画,超时,,https://www.98comic.com
🎨 喵绅士,🎨漫画,超时,,https://hmghmg.xyz
🎨 汗汗酷漫,🎨漫画,超时,,http://www.hhimm.com
🎨 漫画淘,🎨漫画,超时,,https://www.manhuatao.com
🎨 绅士漫画网,🎨漫画,超时,,http://ssmh.cc
🎨 非麻瓜$,[漫画源],超时,,https://www.fmgmh.com
🎨吹雪漫画,🎨 漫画,超时,,http://www.chuixue.net
🎼 看见音乐1,🎼音乐,可达,200,https://www.kanjianmusic.com#
🐳爱听书,⏳ 听书有声 ⏳,有响应(拦截),429,http://www.2uxs.com/
👍 567中文网,👍优质,超时,,http://211.151.212.88
👍 乐文小说,,连接失败,,https://m.lwlewen.net
👍 同人小说,"。,3",异常状态,522,https://www.tczh.cn
👍 峡谷小说,👍优质,超时,,https://www.xiagu.org
👍 暖才文学网,👍 优质,超时,,http://wap.nuancaiwenxue.com
👍 爪机小说[仅发现],优质源👍,超时,,https://m.zhuaji.org
👍 爱好中文网[仅发现],👍优质,超时,,https://www.ahzww.net
👍 笔趣阁儿,👍优质,超时,,http://wap.biquger.com
👍 系统小说[仅发现],,超时,,https://wap.kuwx.net
👍 闪闪书网,"优质源👍,🏵️  小说",异常状态,503,http://www.33shu.net
👍千千小说⑫,优质源👍,超时,,http://www.77nt.net/
💊 秀书网①,💊无搜,超时,,https://www.xiumb.net
💎 完美小说,喵公子,可达,200,wanmeitxt.com
💗潇湘文学,"🔍校验组0619,📙大众书",超时,,http://www.xxwx.net/
💠 哇啊书库,💠 综合,超时,,http://m.pingshuku.com
💦三五文学网,小说,超时,,https://www.35wx.com/
💦云轩阁②①,,超时,,https://www.yxgsk.com/
💦清逸文学①,,超时,,https://www.71wx.com/
💫选书网①,,超时,,http://www.xuanshu.com/
💯笔趣阁①,-------,超时,,http://www.b520.org/
💰八一中文,付费,超时,,http://www.zwduxs.com
💰达文小说,付费,超时,,http://www.dawensk.com
📃亲小说qinxiaoshuo,"发现失效,搜索失效",超时,,https://www.qinxiaoshuo.com#玄奇
📖 五一看书 静白校验搬运其他渠道去除防伪,搜索失效,超时,,https://m.51nm.cc/
📖 无敌小说,"【❌❌】搜索失-效,搜索失效",超时,,http://www.bashuku.com
📖 红甘泉网,"﹅ ♞ 普通,搜索失效",连接失败,,https://hgq26.com
📖 谷歌小说,B组,可达,200,http://www.gugexs.com
📖亲小说#嘚嘚21.0201,"﹅ ♞ 普通,发现失效,搜索失效",超时,,https://www.qinxiaoshuo.com#嘚嘚21.0201
📗缤纷幻想,,超时,,http://www.colorful-fantasybooks.com
📚 古典小说,📚 出版,超时,,https://www.seeol.com
📚 明清小说[仅发现],📚出版,超时,,https://www.mingqingxiaoshuo.com
📚 读典籍,📚出版,超时,,http://www.dudj.net
📚一百本网,📚 出版发行 📚,有响应(拦截),429,https://www.100ben.net
📜 学笔网,[小说源],超时,,https://m.xuebiw.com
📜🧾妙笔阁,[小说源],连接失败,,https://h5.imiaobige.com
📡 高端书院,📡发现,连接失败,,http://gaoduan.szjinruixin.com/yushuge/index/index.html
🔆妙笔阁❼🌱⭐,,超时,,https://www.imiaobige.com#一程
🔆笔趣阁❻⓿,,超时,,https://www.236n.cn/
🔥 24中文,喵公子,超时,,http://www.24zw.com
🔥Imgasd-最新,"🧜‍♀️,自制",超时,,https://imgasd.com/
🔰 三九书屋,"4,。",可达,200,https://www.sanjiushuwu.com
🔰 暖才文学,🔰 普通,超时,,https://www.xncwxw.net
🔰 混混小说网,"🍍🍍🍍🍍🍍🍍,🔰347,搜索失效",超时,,https://m.hunhun520.com
🔰 笔趣阁27,"🏵️  小说,💒 笔趣",超时,,https://m.biqugemm.com
🔰 顶点书库,-------,连接失败,,https://wap.dingdiansk.com
🔰伍九文学,🔰 一般 🔰,连接失败,,https://www.wujiuwenxue.com/
🔰热书小说,🔰 一般 🔰,超时,,https://www.reshuxs.com/
🔰领域文学,🏵️  小说,超时,,https://www.lingyu.org/
🖤妙笔阁 ♛♛♛✘ 自用,,超时,,https://www.imiaobige.com#onede-edit
🚬 久久文学,BAD,有响应(拦截),429,http://m.99wenku.org
🚬 御书宅[仅发现],"🙈🙈🙈🙈🙈🙈,🚬185,搜索失效",超时,,http://wap.fjxs.net
🚬 涩文书库,i,超时,,https://sewen.cc/shuku
🚬 神书网,"🚬刘备,💊无搜,🚀VPN",超时,,http://www.shenshu.la
🚬 第二书包网,🚬刘备,超时,,http://m.shubaowang123.cc
🛸得间小说🌱⭐📑,"☀晨光雨露💫精俢源💯,♻️️置顶🍹破防书源",可达,200,https://www.idejian.com#叶落风起
🧐147小说🅰💜💜💜m#嘚嘚💯,"漫画,﹅ ♛ 精品,搜索失效",其它错误,,http://m.147xs.org#嘚嘚21.0201
🧐长沙小说[仅发现]💯,"﹅ ♛ 精品,发现失效,搜索失效",超时,,https://www.csxsrc.com
1359漫画💡,💡【提示】,超时,,https://www.1359mh.com
22🇨🇳,,连接失败,,https://www.22shuquge.net/search/#🎃
321书吧,³۝天域整理,连接失败,,https://m.eq321.com
360漫画📱,💯【稳定】,连接失败,,https://m.100fanwo.com
38看书,天域战歌,连接失败,,https://www.38kanshu.cc
51图库🌇🔍,柳树🌇图片,连接失败,,https://wuyi1.shop/123/456/
567中文™,"发现失效,﹅ 通用书源▪︎玄奇,搜索失效",连接失败,,https://www.xntk.net
69完本🎃,,连接失败,,https://69wb.net#🎃
83中文🎃#3,,连接失败,,https://m.x83zw.net#🎃
993小说,网页源,连接失败,,https://www.993xs.com/
Ammmi二次元-P,"发现目录失效,﹅ 通用书源▪︎玄奇,搜索目录失效",连接失败,,https://www.ammmi.com
PO文学,,连接失败,,https://m.poyu.com
R 乐阅读🐶,R🐶,连接失败,,https://www.22is.com/##RosiaPng
UU小说网㈡,"发现失效,发现,A级,搜索失效",连接失败,,https://m.uu234w.com
X18漫画⛅,部分漫画乱章节,连接失败,,https://www.x18.cn
xo小说网🎃,,连接失败,,https://xoxiaoshuo.com#🎃
●棉花糖小说▪APP ♝♝+,"发现失效,﹅ ♝ 优良,搜索失效",连接失败,,https://api.mianhuatangxs.cn#haxc
♜ ✎笔趣阁⑨① #破冰1101,"【❌❌】网站失-效,【】👾笔趣阁",连接失败,,https://www.20biquge.com/#pb1101
♜ ✎笔趣阁⑮③ #破冰,笔趣阁,连接失败,,https://www.biqugexx.net/#♤pb
♜ 笔趣阁④ #一程1101,"【】👾笔趣阁,搜索目录失效,【❌❌】搜索目录失-效",连接失败,,https://www.bqg34.net#yc1101
♜-3000小说 #破冰1101,"﹅ ♜ 优质,搜索失效",连接失败,,https://www.3000xs.com/#pb1101
♜-全本小说③ #破冰1101,"发现失效,﹅ ♜ 优质,搜索失效",连接失败,,https://www.xqb5200.com/#pb1101
♜博看小说 #破冰1101,"发现失效,﹅ ♜ 优质,搜索失效",连接失败,,https://www.bkxsw.net/#pb1101
♜选书网② #破冰,⁴☃晨光雨露᭄精品源,连接失败,,https://www.xuanshu6.com/#♤pb
♠ 114中文网,"♠ 精品 ♠,🎉 精选 🎉",连接失败,,https://www.114zw.la/
⚡️凤凰小说,🏵️  小说,连接失败,,https://m.fhxsz.com
✐    随梦小说,☃ 自用,连接失败,,https://www.cjudfcg.net
✐ 动漫之家₁-M #Haxc,"🎨 C漫画,0-🏜️ 图片",连接失败,,https://m.dmzj.com#♤Haxc
✐ 多多漫画🅰 #Haxc,"🎨 C漫画,0-🏜️ 图片",连接失败,,https://api.duoduomh.1a3.net#♤Haxc
✐ 最漫画 #Haxc,"🎨漫画,公众号:皮斯精选,搜索失效",超时,,https://m.zuimh.com#♤Haxc
✾+巴巴鱼,"﹅ ✾ 言耽,发现失效,搜索失效",连接失败,,https://m.babayu.com#kd11
㊝ ABC小说 ♜♜ yb3.cc,,连接失败,,https://www.yb3.cc/#pb
㊝棉花糖API ♝♝+,,连接失败,,https://api.mianhuatangxs.cn#一程
一直看🅰,🏵️  小说,连接失败,,https://otherapi.yizhikan.cn
七猫读书网,,连接失败,,https://www.ygbqtl.com/
三四中文,小说 书源,连接失败,,https://www.zw34.net#未月十八改
不可能的世界🎃,🎄常用,连接失败,,https://m.8kana.com#🎃
丫电子书,-------,连接失败,,https://www.xshuyaya.cc/#♤pb
久久小说,天域战歌,连接失败,,https://www.jjx.la
乐文书包网,"☣️精选senhora,天域战歌整理",连接失败,,https://m.bookbao.hk
乐读窝,,连接失败,,https://m.xleduwo.com/
九桃小说‼️,🏵️  小说,连接失败,,https://www.9txs.com/#🌱
书趣阁,,连接失败,,https://www.2shuquge.net
书香小说,网页源,连接失败,,https://www.shuxzy.com/
五二书库🎃#2,,连接失败,,https://www.52shukuw.com#🎃
亲亲小说,"💭💭💭💭💭💭,搜索失效",连接失败,,https://www.qinqinxsw.com#未月十八改
人人阅读,A级; 发现,连接失败,,https://m.rrtxt.com
傲世中文,小说 书源,连接失败,,https://www.23zw.la
先锋小说,🏖️免费+,连接失败,,https://www.xfwxs.com/
全本免费,🏵️  小说,连接失败,,https://www.88quanben.com
八叉书库🎃,,连接失败,,https://www.8xbook.org#🎃
六零小说,,连接失败,,https://www.60355.com
冷门书屋,小说 书源,连接失败,,https://www.ilengmen.com#🎃
动漫AGE2（优）,,连接失败,,https://www.agedm.org/search#🎃
动漫之家₂-M,"🎨漫画,JSON,失效",连接失败,,https://m.dmzj1.com@2
包同人圈,,连接失败,,https://199.33.126.51
华文在线,禁,连接失败,,https://m.chinesezj.net
去兔九三,小说 书源,连接失败,,https://bd.tu93.biz
古风漫画,💯【稳定】,连接失败,,https://www.123gf.com
可能世界,-------,连接失败,,https://m.8kana.com#
哆哩漫画🇰🇷,漫画,连接失败,,https://duolimh.com
喜纯小说,,连接失败,,https://m.xichubao.com
喵上漫画🌟,𐄛🎨 漫画常用,连接失败,,https://www.miaoshangmanhua.com
四合读书（修复发现）,🏵️  小说,连接失败,,https://www.siheds.com
土豪漫画网-M,漫画,连接失败,,https://m.tuhao456.com
坏蛋1234 #关耳,"💭💭💭💭💭💭,搜索失效",连接失败,,https://www.huaidan1234.com/#♤guaner
墨语小说mys8,❤小说,连接失败,,https://www.mys8.net
夜空漫画🇰🇷,失效,连接失败,,https://www.sotns.com
大网文,💜未分组,连接失败,,https://m.dawangwen.com
天籁小说[sobi],"5.24,搜索失效",连接失败,,https://wap.sobiquge.com/
奥安小说（魔法）,"0227⭐,校验超时",连接失败,,https://1.ao3-cn.top/
学姐吧🌇🔍,柳树🌇图片,连接失败,,https://xuejievip.com
官术网,🌼晨光雨露🍒精品源💯,连接失败,,https://m.gsdushu.com
小小追书,¹▽置顶`ȏ´正版发现,连接失败,,https://book.zsngf.com
小说-🥝koko🍒,第一分组,连接失败,,https://mnz.koroneko.co/
小说精品屋,,连接失败,,https://miwen.net
就爱文学~9awx.com,"优,发现失效,发现,搜索失效",连接失败,,https://www.9awx.com
巅峰小说🎃,🍜其他,连接失败,,https://wap.fdsrxx.com#🎃
幼狮小说,网页源,连接失败,,https://www.youshixs.com/
微风小说②,,连接失败,,https://www.wfxs.org
快岸漫画-M,漫画,连接失败,,https://www.kanbook.net
我爱文学城,B类,连接失败,,https://m.8kzw.com
我看读书,网页源,连接失败,,https://www.wkdushu.com/
搜本书,,连接失败,,https://m.sobenshu.com/
文学城🎃,,连接失败,,https://m.wxc.cc#🎃
斋书苑②,"发现失效,搜索失效",连接失败,,https://m.zhaishuyuan.comj
新新漫画₁,💯【稳定】,连接失败,,https://www.77mh.cool
新笔趣阁,"笔趣,搜索失效",连接失败,,https://www.dghsym.com/
时光小说,,连接失败,,https://wap.3399st.com
晋江文学城(仅发现),天域战歌,连接失败,,https://www.bm-xiaoshuo.com
暖酒小说,小说 书源,连接失败,,https://nuan9.com#🎃
望海,男频,连接失败,,https://m.wanghairead.com
格格党,⁴☃晨光雨露᭄精品源,连接失败,,https://m.gegedownn.com/
梦幻小说🎃,,连接失败,,https://www.pan5.la#🎃
棉花糖小说网[xw],🏖️免费+,连接失败,,https://m.mhtwxw.com/
武侠文学,网页源,连接失败,,https://www.wuxiawx.com/
毒部小说,小说 书源,其它错误,,https://www.dubu123.com#未月十八净化#wy18-1001
沙迦小说,,连接失败,,https://www.isjxs.com
海岸线文学网,B级; 18; 发现,连接失败,,https://www.22hax.com
源社区出品-小果短剧,收集出处：源论坛 4月29号,连接失败,,https://mov.xhl97.cn/
漫画160,失效,超时,,https://m.mh160.com
火鹰小说网,天域战歌,连接失败,,https://m.1358.tv
热血小说,🏵️  小说,连接失败,,https://www.rexue.org
爱听书🎧,有声,连接失败,,https://m.ting22.com
爱看文学,天域战歌整理,连接失败,,https://m.akwenxue.com
爱豆浆小说,,连接失败,,https://www.idoujiang.com
独步小说,小说 书源,连接失败,,https://www.dubu123.com
独漫画-M,漫画,连接失败,,https://m.dumanhhua.com
电影先生🌟,𐄝🎥 视频,连接失败,,https://dianyi.ng
番茄最新版本,"番茄小说,慢速",连接失败,,https://api.langge.tk
番薯小说,小说 书源,连接失败,,https://ggs.manmeng168.com#kd11
百书阁小说网,"💭💭💭💭💭💭,搜索失效",连接失败,,https://www.baitxt.com/
看书吧,天域战歌,连接失败,,https://m.kanshu78.com
看漫社,,连接失败,,https://www.kanmanshe.com
知轩藏书,CM名著,连接失败,,https://m.zhixuancs.com
神书小皮🎃,,连接失败,,https://www.shensuw.com#🎃
福书网🎃#2,,连接失败,,https://www.fushuwang.net#🎃
笔下文学[bixi],"测试组,@念丶无 残留,🏖️免费",连接失败,,https://www.bixiawenku.com
笔仙阁小说网🎃,,连接失败,,https://www.bxge8.com#🎃
笔屋小说,小说 书源,连接失败,,https://www.ibiwu.cc
笔趣客(手痒做一下),💯  精选,连接失败,,https://www.biquker.com
笔趣泡,优质,连接失败,,https://m.biqupao.la
笔趣阁,"破冰｜黄凡凡,发现失效,搜索失效",连接失败,,https://www.xinbiqugew.com/
笔趣阁,-------,连接失败,,https://www.biqubao.com-By Dark
笔趣阁,小说 书源,连接失败,,https://www.ybiquge.com
笔趣阁164,小说 书源,连接失败,,https://www.bqg34.net/
笔趣阁aishu9,𐄞📖 𐄚𐄙精品,连接失败,,https://www.aishu9.com
笔趣阁⑤🎗,特殊,连接失败,,https://www.22shuquge.com#🎃
笔趣阁快眼,,连接失败,,https://www.hengfaienterprises.com
笔趣阁🎃#60,,连接失败,,https://m.22biqu.net#🎃
笔趣阁🎃#83,,连接失败,,https://m.bqgie.com#🎃
笔趣阁🎃#99,,连接失败,,https://m.bqg234.com#🎃
第一版主,,连接失败,,https://hdyp.net
第一版主cc,,连接失败,,https://diyibanzhu4.in
第一版主⑨,"B级,发现,18",连接失败,,https://www.diyibanzhu9.in
第五放映,视频,连接失败,,https://www.d5uu.com/
米趣小说‼️,🏵️  小说,连接失败,,https://www.meegoq.com/#🌱
红包小说,小说 书源,连接失败,,https://wwww.2kxs.org
绮洺小说,漫画,连接失败,,https://book.moec.cc
缥缈小说,网页源,连接失败,,https://www.piaomiaoxs.com/
群书库,天域战歌,连接失败,,https://www.qunshuku.com
肉肉屋🎃2,,连接失败,,https://www.rourouwu.in#🎃
腐读阁,,连接失败,,https://www.ffuduge.com
船说CMS,,连接失败,,https://ziyuan.jipingxs.com/
蚂蚁文学,,连接失败,,https://www.mayiwxw.comNamo
言情小筑🎃,,连接失败,,https://m.yqxz.org#🎃
读书阁🎃,⑤🛍︎  小说,连接失败,,https://stxt.top#🎃
读小说,³۝天域整理,连接失败,,https://m.23dxs.com
豆腐阅读,,连接失败,,https://doufu.la
超凡小说,,连接失败,,https://www.pan8.info/
躺着看,🐿️,连接失败,,https://www.tzkxs9.com
轻文库🎃,,连接失败,,https://m.wenkuchina.com#🎃
酷酷小说,网页源,连接失败,,https://www.kukusxs.com/
长夜读书,🏵️  小说,连接失败,,https://www.changyedu.com/
随心看吧,,连接失败,,https://m.suixkan.comguaner
零点看书🇨🇳🎃,,连接失败,,https://www.rhmm18.com#🎃
青梨小说,女频,连接失败,,https://qingly.ink/
韩漫吧,漫画,连接失败,,https://www.hanman8.net
顶点小说🎃#7,小说,连接失败,,https://m.23ddw.net#🎃
饭饭论坛,自用,连接失败,,https://bbs.fanfanf.com##发现
魅夜小说,天域战歌整理,连接失败,,https://m.pcwap.cn
鸭蛋秀（可搜索）,美女图片,连接失败,,https://www.yadanxiu.com
龙族小说网,⁴☃晨光雨露᭄精品源,连接失败,,https://www.longfu8.com
🌟 丫丫读书,🌟 精品,连接失败,,https://www.yayayd.com
🌠 韩漫大全,🌠 漫画,连接失败,,https://www.hanmandq.com/
🌸 书海文学,🌸常用,连接失败,,https://www.kanshuhai.net
🌸 晨曦小说,🌸常用,连接失败,,https://m.chenxixiaoshuo.net
🌸 起读书,,连接失败,,https://m.qidushu.com
🌸晨曦小说,②🌸  常用,连接失败,,https://m.chenxixsw.com
🌼L M A P P,,连接失败,,https://api.laomaoxs.com##
🍁 一品侠小说,"【❌❌】搜索正文失-效,搜索失效",连接失败,,https://www.yipingxia.com##旅途
🍁笔趣阁⑩⑤,🍁 笔趣 🍁,连接失败,,https://www.bixuege.com/
🍁笔趣阁㉜,🍁 笔趣 🍁,连接失败,,https://www.xxbiquge.net/
🍅大灰狼融合短剧2.1(独立版),大灰狼,连接失败,,https://20.langge.tk/#短剧/
🍒 凤鸣轩hndzqx,"🍒30,🍋🍋🍋🍋🍋🍋,搜索失效",连接失败,,https://www.hndzqx.com
🍒乐阅读,全部来自论坛,连接失败,,https://so.27k.net/
🍩西红柿小说,,连接失败,,https://api.xihongshixsapp.com
🍺 MI看书,"﹅ ♛ 精品,发现失效,搜索失效",连接失败,,https://www.mikanshu.com44
🍺 宜搜文学,🍺特优,连接失败,,https://www.yisouwx.com
🍺 米妮小说,🍺特优,连接失败,,https://m.amini.net
🎃69书吧🎃#2,,连接失败,,https://www.69haoshu.net#🎃
🎃下书小说网🎃,,连接失败,,https://www.frxsw.com#🎃
🎃奇怪小说🎃,,连接失败,,https://www.aahhss.com#🎃
🎃顶点小说🎃#4,,连接失败,,https://www.2dingdian.net#🎃
🎈52书库② #关耳,"轻文,发现失效,搜索失效",连接失败,,https://www.52shukuw.com#guaner
🎉 2000book💙💙 ▼嗅探？,"👍 优质,夏一L,★,☀️搜书/换源 B▪优质",连接失败,,https://www.2000book.com
🎉 88读书③,,连接失败,,https://www.jiyaetuomaoji.com
🎉 中文泡泡,,连接失败,,https://zwpaopao.com
🎉 书呆网,🎉精品,连接失败,,https://m.shudai.xyz
🎉 你我看书,🎉精品,连接失败,,https://wap.25kanshu.com
🎉 宙斯[仅发现],,连接失败,,https://m.zhousixs.com
🎉 思路客𖤓,"🎉 精品,☣️senhora起点",连接失败,,https://www.siluke.tv
🎉 无名中文,🎉精品,连接失败,,https://www.wumingwx.com
🎉 爱情小说,🎉精品,连接失败,,https://www.aiqingxs.com
🎉 笑傲文学,一程,连接失败,,https://m.23sk.net
🎉 速赢文学,🎉 精选,连接失败,,https://m.tenghuxs.com
🎉 顶点小说23us,🎉精品,连接失败,,https://m.23us.net
🎉 黑客小说,,超时,,https://www.heikexs.com
🎉88读书网①,"🚀 加速,💗 男频",连接失败,,https://www.88dutxt.com/
🎉乐文小说⑬,🎉 精选 🎉,连接失败,,https://www.lewen.cm/
🎉全本小说网,5.26,连接失败,,https://www.qb5.tw-By Dark#嘚嘚21.0201
🎉奇书网⑤,🎉 精选 🎉,连接失败,,https://www.cnziyuan.com/
🎉快眼看书,🎉 精选 🎉,连接失败,,https://www.niaoyan.net/
🎉查书库小说,,连接失败,,https://www.caku.cc/
🎉紫薇中文①,,连接失败,,https://m.zw0000.com/
🎉起读书小说,,连接失败,,https://www.qidushu.com/
🎉速阅▪︎API💜💜💜🔎,,连接失败,,https://api.suyuexs.com#渊呀
🎉顶点小说㉙,"🎉 男频精选 🎉,⌛️ 全局搜书 ⌛️,®️ 搜书男频 ®️",连接失败,,https://www.222xs.com/
🎧 听书宝,🎧 有声,连接失败,,https://m.tingshubao.com
🎨 686漫画✈️,"7.13,漫画",连接失败,,https://www.686mh.com
🎨 动漫之家W,🎨漫画,连接失败,,https://www.dmzj.com
🎨 漫番漫画,🎨漫画,连接失败,,https://codetest.myfcomic.com
🎨 親漫畫,🎨漫画,连接失败,,https://www.qinmanga.com
🎨侠漫画,🎨 漫画,连接失败,,https://m.xiamh.com
🎨漫客栈,漫画,连接失败,,https://xs.mkzhan.com
🏷️飘天文学①,,连接失败,,https://www.piaotian5.com/
🐳歪歪小说,,连接失败,,https://www.99xiyue.com
👍 一曲书斋,优质源👍,连接失败,,https://m.yiqushu.cc
👍 免费看,👍 优质,连接失败,,https://m.wxmfk.com
👍 吞噬小说[仅发现],,连接失败,,https://m.tsxs.org
👍 妙笔文学,👍优质,连接失败,,https://www.mbtxt.cc
👍 海岸线文学,👍 优质,连接失败,,https://m.haxreader.com
👍 老幺小说,👍 优质,连接失败,,https://m.laoyao.org
👍全书书阁,"【❌❌】搜索正文失-效,搜索失效",连接失败,,https://7book.cc
👔肉肉屋站,第一批,连接失败,,https://www.rourouwu.info
💊 玄葫堂™,💊无搜,超时,,https://m.xuanhutang.com
💗泊星石,"发现失效,💗女频,搜索失效",连接失败,,https://m.mkxs8.com
💦三五文学网,💦 精品 💦,连接失败,,https://www.35booktxt.com/
💦新笔下文学②,💦 精品 💦,连接失败,,https://www.newbixia.cc/
💫笔趣阁❶❹❾,🌴💒笔趣阁,连接失败,,https://www.biquvv.com/
💯新笔下文学①,"⌛️ 全局搜书 ⌛️,🍄   💯 精品 🍄,®️ 搜书男频 ®️",连接失败,,https://www.xbxwx.net/
💯笔趣阁⑭,💯 精品 💯,连接失败,,https://www.ebqg.net/
💰 多多看书,💰 正版,连接失败,,https://xiaoshuo.sogou.com
📒红 袖 招,"💠 其他,🚀 加速",连接失败,,https://hongxiu.me
📖 永恒小说,"测试组,@念丶无 残留,👻 隐藏",连接失败,,https://www.4pan.net
📖 言情文库,📖 小说,连接失败,,https://www.yqwenku.com/
📖新御书,,连接失败,,https://www.xyushuwu.in
📚 精华书阁,发现规则为空,连接失败,,https://www.babahome.net#🎃
📚官场小说,📚出版,连接失败,,https://www.gcxsall.com/
📜八一中文⑭,[小说源],连接失败,,https://www.xzwdu.com/
📡 完本神站,"📡发现,💊无搜",连接失败,,https://www.wanben.org
📺,,连接失败,,https://18hc.life/vod
📻 快听™,📻有声,连接失败,,https://api.micromsc.net
🔖爱小说③,"【❌❌】搜索失-效,搜索失效",连接失败,,https://www.ixs.cc-By Dark
🔥 福书网①,🍀 女频备用 🍀,连接失败,,https://www.fushuu.in
🔥爱美女,"🧜‍♀️,自制",连接失败,,https://www.2meinv.com/
🔰 全本小说网,🔰 普通,连接失败,,https://m.qb5.ac
🔰 六看小说,🔰 普通,连接失败,,https://www.6kxs.net
🔰 大佬读,🏵️  小说,连接失败,,https://m.dalaodu.com
🔰 灵境行者,,连接失败,,https://www.biqugege.cc
🔰 笔趣阁,,连接失败,,https://m.cc148.com
🔰 艾米小说,,连接失败,,https://m.amxs.cc
🔰 读看看书屋[仅发现],🔰普通,连接失败,,https://www.dukankan.com
🔰6毛书院,🔰 一般 🔰,连接失败,,https://www.6maosy.com/
🔰三月中文,🔰 一般 🔰,连接失败,,https://www.cnsyhz.com/
🔰小飞电子书,🔰 一般 🔰,连接失败,,https://www.txtxf.com/
🔰明朝小说,🔰 一般 🔰,连接失败,,https://www.mingchaoxs.com/
🔰电子小说,🔰 一般 🔰,连接失败,,https://www.dianzixs.com/
🔰阅书海,🏵️  小说,连接失败,,https://www.yueshuhai.com/
🔰黑客书屋,🔰 一般 🔰,连接失败,,https://www.heikesw.com/
🚩 顶点小说[盾],🚩 弹窗,连接失败,,https://www.xxdingdian.com
🚬 乡村小说,🚬刘备,连接失败,,https://www.xcxsw.net
🚬 棉花糖,🚬刘备,连接失败,,https://www.mhtla.com
🚬 第二书包,🚬刘备,连接失败,,https://m.shubao23.net/s.php
🛠️ 92读书网[无正文],🛠️待修,连接失败,,https://m.92dus.com
🥇顶点书城,🔱  常用,连接失败,,https://www.villadroman.com
🧐三尺小说网💯,"﹅ ♛ 精品,发现失效,搜索失效",连接失败,,https://m.3cxs.com
(教程)网站不跳转手机页面~写书源的必看,"搜索链接规则为空,天龙",其它错误,,晨光雨露   大大制作滴>有事联系他/她
17K小说网,发现,其它错误,,http://yuan.mumuceo.com/17K小说网by木木
37å°è¯´,â¯à¼èç½é­äººâª,其它错误,,https://www.37xs.comã
M页模板,！绝对领域,其它错误,,M页模板【‼️①填入网址】
UAA目录分卷修复,﹅ 通用书源▪︎玄奇,其它错误,,UAA修复目录
ä¹æ¡,1ãä¼,其它错误,,https://www.9txs.com/â
æè¡,4ãæ®é,其它错误,,https://â.com/rank
è±ä¹¦,4ãæ®é,其它错误,,https://book.douban.com/â
èµ·ç¹ â,ð åæº,其它错误,,https://www.qidian.com/â
⋙ 欢迎加群闲聊分享好书。群号637775313 ⋘,,其它错误,,暗香迷蝶
Ⓢ 19826,𐄚 Ⓢ级,其它错误,,https://www.19826.net
♜宝来小说 #关耳 起舞？,"﹅ ♜ 优质,搜索失效",可达,200,https://m.baolaixsw.org/#guaner
✈ 通用书源,精品书源,其它错误,,通用书源
✾书仓网 #关耳,"﹅ ✾ 言耽,搜索失效",可达,200,https://m.shucang.cc/#guaner
一个发现,"校验可用,搜索链接规则为空",其它错误,,一个发现
中转,💟中转,其它错误,,中转
九桃小说,,其它错误,,❀.9txs
书旗小说APP[榜单],发现,其它错误,,http://yuan.mumuceo.com/书旗小说APPby木木
云起书院[榜单],发现,其它错误,,http://ku.mumuceo.com/云起书院by木木
农夫小说🎃,,其它错误,,https://m.nfxs.com#🎃
刺猬小说,正版小说 书源,其它错误,,刺猬猫
咪咕阅读,发现,其它错误,,http://yuan.mumuceo.com/咪咕阅读by木木
国风中文网,发现,其它错误,,http://yuan.mumuceo.com/国风中文网by木木
多看阅读APP[榜单],发现,其它错误,,http://ku.mumuceo.com/多看阅读APPby木木
妙笔阁,🏵️  小说,其它错误,,❀.imiaobige
幻想小说网,瑟瑟,其它错误,,https://www.yilagu.com/##十一
思思电子书,¹▽置顶`ȏ´正版发现,其它错误,,https://www.44txt.com
手打书小说网,已检,其它错误,,https://www.shoudashu.com
排行,🎉 十源,其它错误,,https://❀.com/rank
新热门小说③,小说,可达,200,https://m.remenxsxs.com
有意思书院②,天域战歌整理,其它错误,,https://www.yysbook.com
桔纸书屋🎃,小说,其它错误,,https://m.juzhishuwu.com#🎃
源,已检,其它错误,,"[
  {
    ""bookSourceComment"": ""一般关键词，搜书名；\n@关键词，搜作者。\n--未月十八小改"",
    ""bookSourceGroup"": ""𐄙 书评"",
    ""bookSourceName"": ""优书🔹书评"",
    ""bookSourceType"": 0,
    ""bookSourceUrl"": ""https://api.yousuu.com#未月十八小改"",
    ""bookUrlPattern"": "".+/api/book/.+"",
    ""customOrder"": -296370,
    ""enabled"": true,
    ""enabledExplore"": true,
    ""exploreUrl"": ""[{\""title\"":\""☆                 总    书    库                 ☆\"",\""url\"":\""/api/bookStore/books?sort=scorer&page={{page}}\"",\""style\"":{\""layout_flexGrow\"":1,\""layout_flexBasisPercent\"":1}},{\""title\"":\""今日热门\"",\""url\"":\""/api/home/hotJumpBoard\"",\""style\"":{\""layout_flexGrow\"":1,\""layout_flexBasisPercent\"":0.25}},{\""title\"":\""优秀新书\"",\""url\"":\""/api/home/recomBook\"",\""style\"":{\""layout_flexGrow\"":1,\""layout_flexBasisPercent\"":0.25}},{\""title\"":\""在读指数\"",\""url\"":\""/api/home/readBoard?page={{page}}\"",\""style\"":{\""layout_flexGrow\"":1,\""layout_flexBasisPercent\"":0.25}},{\""title\"":\""     男   ♂   频     \"",\""url\"":\""/api/bookStore/books?sort=scorer&channel=0&pa"
潇湘书院,发现,其它错误,,http://yuan.mumuceo.com/潇湘书院by木木
熊猫看书,发现,其它错误,,http://yuan.mumuceo.com/熊猫看书by木木
爱奇艺阅读APP[榜单],发现,其它错误,,http://ku.mumuceo.com/爱奇艺阅读APPby木木
特殊-🥝通用书源🍒,搜索链接规则为空,其它错误,,🥝通用书源🍒
玩吧🎃,,可达,200,https://www.wanbaxsw.com#🎃
百家网,,其它错误,,https://www.baijiaw.com
百度知道,特殊 书源,其它错误,,https://zhidao.baidu.com已校验
秋田书屋🎃,,其它错误,,https://m.qiutiandog.com#🎃
笔趣阁①⓪④,②一般,超时,,https://www.chinacbr.com
红袖添香,发现,其它错误,,http://yuan.mumuceo.com/红袖添香by木木
纵横中文网[榜单],发现,其它错误,,http://ku.mumuceo.com/纵横中文网by木木
花语女生网,发现,其它错误,,http://yuan.mumuceo.com/花语女生网by木木
言情小说吧,发现,其它错误,,http://yuan.mumuceo.com/言情小说吧by木木
起点中文网[榜单],发现,其它错误,,http://ku.mumuceo.com/起点中文网by木木
起点数据网,发现,其它错误,,http://yuan.mumuceo.com/起点数据网by木木
追书神器[榜单],发现,其它错误,,http://ku.mumuceo.com/追书神器by木木
逐浪小说网,发现,其它错误,,http://yuan.mumuceo.com/逐浪小说网by木木
采薇书院[榜单],发现,其它错误,,http://ku.mumuceo.com/采薇书院by木木
音乐-网易,念心 || 音乐,其它错误,,https://music.liuzhijin.cn-netease已校验
鸠摩搜书（下载）,,其它错误,,https://www.jiumodiary.com乃星
"🈲二传仅能自用的书源有：

啵乐漫画 + TXT之梦 + 书香门第 + 淑女组书源

ps：绝对不要二传啵乐漫画源 我怕被某些人恶意使用导致书源崩了影响我自己使用 我分享啵乐是信任你 请不要辜负我对你的信任 写书源很废时间 尤其是写一个好用的源 所以大家都自觉点 你好我也好

🔆该书源合集仅适用于最新版阅读 若点不开发现请更新阅读","已校验10.21,漫画,搜索链接规则为空",其它错误,,乃星2021.7.14更
🌸 wqge,"🎉 精选 🎉,🏵️  小说",其它错误,,❀.wqge
🌸 言情中文,🌸常用,其它错误,,❀.yqzww
🍁笔趣阁⑱⑤,🍁 笔趣 🍁,其它错误,,https://www.sdlchxwz.com/
🍒 言情888,"🚬刘备,🍒言情",其它错误,,❀.yanqing-888
🍺 千千,🍺特优,其它错误,,❀.qqxsw
🍺 爱书吧,"⛓️破防,🍺特优",其它错误,,https://www.2shu8.cc/❀
🎃笔趣阁🎃#79,,其它错误,,http://www.zzrx.net#🎃
🎈 SF轻小说,【小说2书源】,其它错误,,book.sfacg.com已整理
🎉 yb3,🎉精品,其它错误,,❀.yb3
🎉 元尊,🏵️  小说,其它错误,,❀.yuanzun888
🎉 宝来小说,🎉精品,可达,200,https://m.baolaixsw.org
🎉 手打吧,已校验,其它错误,,http://www.shouda8.net已校验
🎉 笔下文学,🏵️  小说,其它错误,,❀.bxwxorg
🎉 笔趣阁ⓡ,🎉精品,其它错误,,❀.biquger
🎉 采墨阁,🎉精品,其它错误,,❀.caimoge
🎉书海阁,🎉,其它错误,,https://www.shuhaige.com，，
🎉精品笔趣库,🎉精品,其它错误,,http://www.biquku.la/❀
🎨 图文韩漫,🎨 漫画,其它错误,,图文韩漫
🎨下拉式漫画,漫画,其它错误,,https://m.xialashimanhua.com/?接书源定制q2802580445
🏵️完本TXT,🏵️  小说,其它错误,,https://m.wanbentxt.com/❀
🐶手打吧,搜索失效,其它错误,,❀.shouda8
🐶起点,搜索失效,其它错误,,https://www.qidian.com/❀
👍 书海阁,"﹅ ♜ 优质,搜索失效",其它错误,,https://www.shuhaige.net#novelslist2 li!0
💃夸克原网,已检,其它错误,,夸克原网
💐✡标签✡【点击查看】,搜索链接规则为空,其它错误,,💐✡标签✡
💵 创世榜单,💵正版,其它错误,,http://ku.mumuceo.com/创世中文网by木木
💵 晋江[百合],搜索链接规则为空,其它错误,,http://www.jjwxc.net，，，
💵 起点大神,搜索链接规则为空,其它错误,,https://www.qidian.com/起点大神
💽 美女图站,,其它错误,,这是一个图集-----鲁迅
📚 豆书,📚出版,其它错误,,https://book.douban.com/❀
📡 有兔阅读,"📡发现,🌸常用",其它错误,,有兔阅读
📥 武侠小说,👍 备用,异常状态,503,http://www.wuxia.net.cn
🔖 模板（Json）,搜索链接规则为空,其它错误,,模板（Json）
🔗谷歌搜书,🔗聚合,其它错误,,谷歌
🔰 笔趣阁,🔰 普通,其它错误,,https://www.biqugg.com
🔰妖月中文,🔰 一般 🔰,可达,200,https://www.yaoyuezw.com/
🔰飞卢书屋①,🔰 一般 🔰,其它错误,,https://www.feilusw.com/
118漫画,失效,异常状态,503,http://m.lxt188.com
147小说,已检,超时,,http://m.147xs.com
1980xx,1、优;6、特殊,异常状态,503,http://www.1980xx.com
19楼书包网②,天域战歌整理,异常状态,503,http://m.aishuzw.com
31小说网,漫画,异常状态,503,http://www.3311xs.com
360漫画[手机版],失效,异常状态,503,http://m.xatxwh.com
51,搜索链接规则为空,异常状态,503,http://51xs.site#
52小说,普通,异常状态,530,https://m.52xiaoshuo.com
58小说网手机版,已检,异常状态,530,http://m.58xs.la
60看书[📱]~60kanshu.com,Arakawa,异常状态,503,http://m.60kanshu.com
666,,异常状态,423,https://gitee.com/no-mystery/bushixuanqi-quanwangsoushu/raw/master/%E5%85%A8%E7%BD%91%E6%90%9C%E4%B9%A6(%E7%99%BE%E5%BA%A6%E3%80%81%E8%B0%B7%E6%AD%8C%E3%80%81%E5%A4%B8%E5%85%8B).json
69笔趣阁,,异常状态,503,http://m.69biubiu.com/
79文学,⁴☃晨光雨露᭄精品源,异常状态,521,https://www.79wx.com
88读书⑧,默认,异常状态,503,http://www.zzhtc.com
CC小说网,②一般,异常状态,503,http://c-cccc.cc
NB中文网,已检验,其它错误,,http://www.nbw.la#鸡排饭
UU小说吧🎃,,其它错误,,http://www.uuxsw8.net#🎃
ZERO搬运网,微筛选,异常状态,503,http://www.zerobyw.top
bt7086,🍼自制H,异常状态,503,http://k5.99e5be8a.com/pw/
pkgg,,异常状态,503,http://www.pkgg.net
x🔰笔粒文学社#温暖满怀,,其它错误,,http://www.biliwx.com#温暖满怀
Ⓐ 七星阁,"﹅ 通用书源▪︎玄奇,搜索失效",异常状态,521,https://www.qixinge.com#未月十八改
Ⓐ 燃文小说网②,"𐄛 Ⓐ级,﹆7.未月十八10.1",其它错误,,http://m.ranwen.me#未月十八净化
Ⓐ 笔趣阁⑫,𐄛 Ⓐ级,其它错误,,http://m.1kzw.com#未月十八改
Ⓑ 茶桃玩家,,其它错误,,http://www.chataowanjia.com#关耳
Ⓢ 梦远书城,¹▽置顶`ȏ´正版发现,异常状态,520,https://www.mengyuanshucheng.com#未月十八改
☘️全本1☘️,,异常状态,530,https://m.qb5200.co/
☘️可乐小说☘️,,其它错误,,http://m.klxsw.org##响海
☘️零点看书☘️,,异常状态,444,http://www.7725808.com
♛乐兔阅读▪︎API✘  #渊呀,¹▽置顶`ȏ´正版发现,其它错误,,http://door.tl05.com#yuan1107
♜ ✎笔趣阁⑯③ #破冰,²♨笔-趣-阁❆,其它错误,,http://www.i7oo.com/#♤pb
♜-藏书阁 #破冰,"2,搜索失效",其它错误,,http://www.cangshuge.com/#♤pb
♜-读书阁② #破冰1101,"﹅ ♜ 优质,搜索失效",异常状态,521,http://www.dushuge.com/#pb1101
♜17k小说网 #破冰,已检验,异常状态,503,https://m.17kxsw.com/#♤pb
♜5200小说网③w #破冰,"﹅ ♜ 优质,搜索失效",异常状态,521,https://www.5200.tv/#pb1101
♜TXT书籍 #破冰1101,"﹅ ♜ 优质,搜索失效",异常状态,503,http://www.txtshuji.com/#pb1101
♜九尾小说网 #破冰1101,"可用,搜索失效",异常状态,503,http://www.9vxs.com/#pb1101
♜咸鱼文学网 #破冰,¹▽置顶`ȏ´正版发现,其它错误,,http://www.xywxw.com/#♤pb
♜苦瓜文学网,已检验,其它错误,,http://www.kgwxw.com/#♤pb
♜血红小说,¹▽置顶`ȏ´正版发现,其它错误,,http://www.xuehong.co/#♤pb
♜请看书② #破冰,"2,搜索失效",其它错误,,http://www.qingkanshu.com/#♤pb
♜飞速中文网②,"﹅ ♜ 优质,搜索失效",异常状态,502,http://www.fsleike.com/#pb1101
♠ 八戒中文,破冰,异常状态,503,http://www.biquyi.com/
♠ 请看书,"♠ 精品 ♠,🎉 精选 🎉",异常状态,521,https://www.qingkanshu.cc/
✐   abc  小 说,☃ 自用,异常状态,503,http://www.yb3.cc
✐  三海屋,☃ 自用,异常状态,503,http://www.sanhaiwu.com
✾.Ⓐ 沧元图 #未月十八1001,"﹅ ✾ 言耽,﹅ ♜ 优质,搜索失效",异常状态,521,https://www.qixinge.com#wy18-1001
❄️ 四库书#onede,"❄️ 冷门,🌈onede,★",其它错误,,http://www.sksxsw.com#onede
一起看,,异常状态,503,http://www.17kxs.club
七真书院🎃,,其它错误,,http://www.7zzw.com#🎃
三优,,异常状态,503,http://www.333uu.net/
下书吧,s,异常状态,503,http://www.xiashuba.com
久久下载,,异常状态,503,http://m.net.com
乐文小说⑩,¹▽置顶`ȏ´正版发现,异常状态,503,http://m.lewenxs.cc
书库网🎃,222最新校验成功,其它错误,,http://m.shuku123.com#🎃
二九漫画™⛅,漫画,异常状态,503,http://www.29manhua.com
亲亲小说🎃,,异常状态,444,https://www.qinqinxiaoshuo.cc#🎃
元尊小说网,☃晨光雨露🍒精品源💯,其它错误,,http://www.yuanzun888.com-By Dark
免费追更,六月:只能看最新章节; 失效,异常状态,503,http://dahuotu.bdery.com/api
八一中文,微筛选,异常状态,521,https://m.81zw.net/s.php
八仙小说,已检,异常状态,503,http://m.baxianxs.com
博仕书屋,A级,异常状态,503,www.boshisw.com
听书阁,失效; 有声; 发现,异常状态,521,http://www.tingshuge.com
咸鱼文学网,已检验,异常状态,503,http://www.xywxw.com/
喜马拉雅,,异常状态,503,http://search.ximalaya.compb
圣美文,已检,超时,,http://m.blnovel.com
夜色™🔥,普通; 失效,异常状态,503,http://www.aaa14a.pw/article
天下书库,默认,异常状态,503,http://www.txshuku.com
天翼阅读💯,🏵️  小说,异常状态,503,http://wap.tyread.com
太子小说,83d,异常状态,503,http://www.taizixsw.com
奇书网2,🏵️  小说,异常状态,503,http://m.qishu2.com/
好客小说,83d,异常状态,503,http://www.haokexs.com
好看小说,❤小说,异常状态,503,http://www.fengliumishi.com
安之原创基地💯,【🈵♥🈵💯】231123千组1,异常状态,503,http://www.azycjd.com-4
小说下载站,,异常状态,503,https://down.imwcr.com/1/main
小说屋,【❌❌】网站失-效,超时,,http://m.xiaoshuowu.com
就爱文学,,异常状态,503,http://m.xs.info
幻想漫画™📶,<移动能; 联通不能; 电信自测>; 失效,异常状态,503,http://xqmanhua.com
当书网 downbook.cc,未测试,异常状态,530,https://www.downbook.cc
必去楼,,异常状态,503,http://www.bequ.org
思思电子书,,异常状态,503,http://www.44txt.com
懒宝小说网,"【❌❌】网站失-效,搜索失效",可达,200,https://www.lanbaoo.com
搜书小说,,异常状态,503,http://www.soshu.com
无名,,异常状态,503,http://www.wmzhanqun.com
无弹窗小说网,已检验,异常状态,530,http://m.22ff.vip
有兔阅读,"✔️,搜索失效",异常状态,503,http://app.youzibank.com/
柒六八文学网🎃,,异常状态,526,https://www.778668.com#🎃
梦远书城,B类,异常状态,503,http://my2852.com
棉花小说（发现）,小说 书源,异常状态,456,http://www.heyhuo.com
求书帮,"🍀,搜索失效",异常状态,503,http://m.qiushubang.me/
海岸线文学网,,异常状态,503,http://www.44hax.com
漫画,,异常状态,503,http://m.mh.net
漫阅媒💡,💡【提示】,异常状态,503,http://comicberry.ga
燃烧中文,,异常状态,503,http://www.ranshaozw.com
爱奇艺文学💯,"【❌❌】搜索正文失-效,搜索失效",异常状态,503,http://wenxue.iqiyi.com-9
爱奇艺文学💯,"【❌❌】搜索正文失-效,搜索失效",异常状态,503,http://wenxue.iqiyi.com-6
爱奇艺文学💯,"【❌❌】搜索正文失-效,搜索失效",异常状态,503,http://wenxue.iqiyi.com-2
爱阅书香,搜索失效,异常状态,503,http://www.aiyueshuxiang.com/
牛牛小说网™,漫画,异常状态,503,http://www.66rou.net
畅阅吧,🏵️  小说,异常状态,503,http://www.changyueba.la
番茄影院,,异常状态,503,http://gotv258.com
看书阁,已检,可达,200,http://www.kanshuge.co
知乎短篇（发现）,小说 书源,异常状态,500,http://read.9191net.com
知轩藏书,"💭💭💭💭💭💭,搜索失效",其它错误,,http://zxcs.me#md1
神坛小说,83d,异常状态,503,http://www.shentanxs.com
神马小说网,5、名著,其它错误,,http://www.shenmaxs.com-By Dark
移动阅读 cm,,异常状态,503,http://m.ndlib.cn-.
笔搜阁m,🏵️  小说,异常状态,503,http://m.bisoge.com
笔趣趣②,³۝天域整理,异常状态,503,http://m.biququ.info
笔趣阁,,异常状态,503,http://www.b.net
笔趣阁qgxs[仅发现],,异常状态,503,http://www.qgxs.cc
笔趣阁⑨⑥,"笔趣,搜索失效",异常状态,444,http://m.jibqg.com
笔趣阁🎃#67,,其它错误,,http://88yuedu.com#🎃
第一版主diyibanzhu9.xyz,失效; 18,异常状态,503,http://www.diyibanzhu9.xyz
第一阅读网,namofree,异常状态,521,http://www.01sk.com
紫苏中文网™🔥,失效,异常状态,503,http://www.zisu88.cc
经典文学,🏵️  小说,异常状态,503,http://app.bailianyu.com
老文屋小说网,"搜索,搜索失效",异常状态,503,http://m.laowenwu.com/
腐国度网,,异常状态,503,http://m.fuguodu3.com
腐读阁,漫画,异常状态,503,http://www.xfuduge.com*
色图🌇,🌇柳树,异常状态,503,http://slspaq8t23.www.seshusetu.cfd/index.php
落秋中文网,³۝天域整理,异常状态,503,http://m.luoqiu888.com
衍墨轩,🌼晨光雨露🍒精品源💯,其它错误,,http://www.ymoxuan.org-By Dark
补充716,CM普通,异常状态,503,http://apizhuishushenqi.com
西红柿小说网[sdjngd],"搜索,搜索失效",异常状态,503,http://www.sdjngd.com/
读一起,,异常状态,503,http://www.duyiqi.com
谷歌网,【🈵♥🈵💯】231123千组1,异常状态,503,http://m.gugexs.com-3
谷歌网,【🈵♥🈵💯】231123千组1,异常状态,503,http://m.gugexs.com-a
趣闻小说,,异常状态,503,http://www.quwenxs.com/
连环画小人书,,异常状态,503,http://www.lianhuanhuawang.com.
逗逼联盟,zky自制,异常状态,503,http://novel.luckymorning.cn
造化图小说网,,异常状态,521,http://m.zaohuatu.com/
都市言情,"【❌❌】搜索正文失-效,搜索失效",异常状态,503,http://www.hzzjtz.com
酷比库小说🎃,,其它错误,,http://www.kbkxs.net#🎃
随梦,,异常状态,503,http://www.suimeng.in
零点看书[soruncg],,异常状态,503,http://www.xsyz.cc/xiaoshuo//
顶点小说④,天域战歌整理,异常状态,503,http://www.kjyxy.com
顶级小说,⁴☃晨光雨露᭄精品源,异常状态,503,http://dengpao012.top/wap
飞言情,自制,异常状态,503,http://www.fyq99.net
香网,"【🈵♥🈵💯】231123千组1,搜索失效",异常状态,503,http://www.xiang5.com-9
香网,"【❌❌】搜索正文失-效,搜索失效",异常状态,503,http://www.xiang5.com-1
鬼怪吧[仅发现],🏵️  小说,异常状态,503,http://www.guiguaiba.com
龙腾小说网,网文,异常状态,503,http://www.ltxs.me
🌐 isekaiscan™,🌐外语,可达,200,http://isekaiscan.com
🌸 啃书屋,,异常状态,503,http://www.kenshuwu.com
🌸 米阅,🏵️  小说,异常状态,503,http://www.miyuesf.com
🌸久久小说,②🌸  常用,异常状态,503,http://www.jjtxt.co
🍁笔趣阁⑯③,²♨笔-趣-阁❆,异常状态,444,http://www.i7oo.com/
🍁笔趣阁⑱⑥,🍁 笔趣 🍁,异常状态,503,http://www.lyyww.com/
🍊17k小说网 #破冰1101,🍊山有木兮木有枝🍊,异常状态,503,https://www.17kxsw.com/#pb1101
🍑 下书套管,³۝天域整理,异常状态,503,http://wap.xiashucom
🍒 玖陆文学,🍒言情,异常状态,503,http://m.9669.com
🍩 读书族,"﹅ 通用书源▪︎玄奇,搜索失效",异常状态,503,http://www.zwwxs.com/
🍺 88读书网,🍺特优,异常状态,503,http://m.88dutxt.com
🍺 奇书网uidzhx,"🎉 精选 🎉,🏵️  小说",可达,200,http://m.uidzhx.com
🍺 斋书苑,🍺特优,异常状态,503,http://zaishuyuan.com
🍺 最新小说,🎉 精选 🎉,异常状态,503,http://m.zuixiaoshuo.net
🍺 看书屋,🌿精选源,异常状态,503,http://m.kanshu55.com
🍺 阅读星②,🍺特优,异常状态,503,http://api.ibookstar.com:80
🎃亲亲小说🎃,,异常状态,444,https://www.qinqinxs.com#🎃
🎃猴子小说网🎃,,异常状态,521,https://www.hzxsw.com#🎃
🎃网飞猫🎃,,异常状态,850,https://www.ncat1.app#🎃
🎈 随想轻小说,🔖 轻小说,异常状态,503,http://book.suixw.com
🎉 188小说,🎉 精选 🎉,异常状态,503,http://188txt.cn
🎉 4G小说网,优质源👍,异常状态,503,http://m.4gxsw.com
🎉 97阅读,🎉精品,异常状态,400,https://97parse.com
🎉 乐文小说②,👍 优质,异常状态,503,http://www.22lewen.com
🎉 书农,🎉精品,异常状态,503,http://www.qxswk.com
🎉 八戒中文网,🎉精品,其它错误,,http://www.8jzw.cc-By Dark
🎉 启点,🎉精品,异常状态,521,http://www.qdzw.net
🎉 悠悠书盟,🎉精品,异常状态,503,http://wap.u33.me
🎉 斗罗大陆网#onede,"🌈onede,★,☀️搜书/换源 B▪优质,👍 优质",其它错误,,http://www.553wx.com#onede
🎉 梧州中文台 wzzw,🎉精品,异常状态,503,http://www.wzzw.la/
🎉 泡书吧②,🎉 精选 🎉,异常状态,503,http://m.xpaoshuba.cc
🎉 猎鹰阅读,一程,异常状态,503,http://api.book.lieying.cn
🎉 笔笔文学,🎉精品,异常状态,503,http://www.bibiwxx.com
🎉 笔趣阁,,异常状态,503,http://m.wed2010.com
🎉 笔趣阁⑨,🎉精品,异常状态,503,http://www.xbiquge6.com
🎉 顶点小说,🎉 精选 🎉,异常状态,503,http://m.x23us.cc
🎉 龙族小说网,🎉 精选 🎉,异常状态,503,http://lz.yunzhonggexiaoshuo.com
🎉56小说①,小说,异常状态,503,http://www.56xs.com/
🎉IP小说网,🎉 精选 🎉,异常状态,503,http://www.ipxsw.com/
🎉爱看书吧,🎉 精选 🎉,异常状态,525,https://www.iksb.cc/
🎉笔趣乐,🎉 精选 🎉,异常状态,503,http://www.biqule8.com/
🎉西瓜567,漫画,异常状态,503,http://www.xigua567.com-axin
🎉零点看书⑥,🎉 精选 🎉,异常状态,503,http://www.ylzsxx.com/
🎊 爱阅,⭐️小说,其它错误,,http://www.hybooks.cn#bookbox#芜恙
🎨 96漫画,🎨漫画,超时,,http://m.96mh.com
🎨 动漫之家,🎨漫画,异常状态,503,http://v2.api.dmzj.com
🎨 樱花动漫dp,-------,异常状态,503,http://qdtsdp.com
🎨 热漫画,🎨漫画,异常状态,503,http://mangahere.us
🎨笔趣阁 biquger,笔趣阁🎨,异常状态,503,http://m.biquger.me/
🎼 抖音歌曲,,异常状态,503,http://m.douyingequ.com
🏀 燃文小说④,,异常状态,503,http://www.wllda.com/
🏀太白阁,,异常状态,503,http://www.taibaige.com/
🐶免费小说,搜索失效,异常状态,503,http://www.mianfeixiaoshuoyueduwang.com
👍 4G,优质源👍,其它错误,,http://www.4gxsw.com#grid tr!0
👍 书籍网,👍优质,异常状态,503,www.shujw.com
👍 悠悠书盟,👍优质,异常状态,503,http://wap.u33.cc-
👍 棉花糖,优质源👍,异常状态,503,http://www.mht.tw
👍 笔趣阁 biqubu,²♨笔-趣-阁❆,其它错误,,http://www.biqubu.com-By Dark
👍番茄小说②,"﹅ ♜ 优质,搜索失效",异常状态,503,http://www.fanqiexs.cc/
👑有兔APP_未月十八净化,"2.👑首选,搜索失效",其它错误,,"http://app.youzibank.com#渊呀edit,未月十八净化"
👾牛牛中文,,异常状态,503,http://m.nnzw.net/
💠 多本小说,🏵️  小说,异常状态,521,http://m.duoben.net
💠 泡书吧,🏵️  小说,异常状态,503,http://www.paoshuba.cc
💦笔趣窝,💦 精品 💦,异常状态,503,http://www.biquwoo.com/
💯166小说网,🎉 精选 🎉,其它错误,,http://www.166xs.com-By Dark
📍8000中文网,搜索失效,异常状态,503,http://www.8000wxw.com
📖无锡图书馆,已检验,其它错误,,http://es.bookan.com.cn1#乃星
📚 梦远书城,搜索链接规则为空,异常状态,503,http://www.my2852.com
📚 鲸鱼阅读,📚 出版,异常状态,503,http://m.jingyu.com
📡 贰叁肆伍[榜单],📡发现,异常状态,503,http://mbook.km.com
📩奇书网,搜索失效,异常状态,503,http://www.qishu2.com
📻 有兔听书,📻有声,异常状态,503,http://app1.youzibank.com
🔖88读书②,微筛选,异常状态,503,http://www.88dutxt.com
🔖读一读①,"【❌❌】搜索正文失-效,搜索失效",其它错误,,http://du1du.org-By Dark
🔰 63小说,🔰普通,异常状态,503,http://www.63xs.com
🔰 久久小说①,🔰普通,异常状态,503,http://www.jjxs.la
🔰 易看小说,🔰普通,异常状态,502,https://m.yikanxiaoshuo.com
🔰 杰米哒小说网,🏵️  小说,异常状态,503,http://www.yttke.com
🔰 爱搜吧,🔰普通,异常状态,503,http://www.aisou8.com
🔰 笔趣阁,,异常状态,503,http://m.bqg.ooo
🔰 精彩小说,🔰普通,异常状态,503,http://www.jingcaiyuedu8.com
🔰 醉小说,🏵️  小说,异常状态,503,http://m.zuixs.net
🔰 霸气书库,🔰普通,异常状态,503,http://m.8shuku.net
🔰思路客⑳,"🔰 普通,🍀,搜索失效",异常状态,503,http://www.slkxs8.com/
🔰零点书吧,¹▽置顶`ȏ´正版发现,异常状态,503,http://www.0ds8.com/
🚀 抗人小说,🚀 VPN,异常状态,503,http://www.krxs.xyz
🚬 乐文小说⑧,🚬刘备,异常状态,503,http://www.66lewen.com
🚬 八毛小说网,,异常状态,503,http://www.bamaoxs.com
🚬 第一版主,𐄞📖 𐄛𐄙备用,异常状态,503,http://www.diyibanzhu9.pro
🚬 辣文网,,异常状态,503,http://m.6lawen.com
🚬 逆流小说网①,"🚬刘备,🚀VPN",异常状态,503,http://m.niliuxs.org
🥉四库书,💗 女频,异常状态,503,http://m.sksxsw.com
#书荒阁~shuhuangge.org,🏵️  小说,可达,200,http://www.9cwx.com
118阅读网,A级,超时,,https://m.118yuedu.com
171小说,"❀耽女︎ºั轻言,如月流光,搜索失效",超时,,http://m.171xs.cc
18AV小说,,可达,200,https://maa1802.com
235中文,A级,超时,,https://www.235zwb.com
2K中文,常用,超时,,https://m.2kzw.cc/
31小说网,"发现失效,搜索失效",超时,,http://xx31xs.org:80
33小说网,普通,超时,,https://www.33xs.com
3Z中文网,⁵♡ོ晨光雨露✺普通源,其它错误,,http://www.530p.com#未月十八repair
4020电子书🎃,,其它错误,,http://www.wurexs.com#🎃
520小说网,,连接失败,,https://m.520yix.cn
56书库,默认,超时,,http://wap.ppskw.com
65TXT,天域战歌整理,超时,,https://m.665txt.com
77小说网🎃,,其它错误,,http://www.77shuku.la#🎃
86笔趣阁,已检验,超时,,https://www.86ebook.com/search/
91baby,,超时,,http://m.91baby.org
96漫画¹-M,漫画,超时,,http://m2.96mh.com
CG游戏论坛,失效,超时,,http://111.67.194.25
MM小说网🎃,,超时,,https://www.mmtxt.com#🎃
UU小说吧,,超时,,http://www.uuxsw.net
a🔎全网榜单💙仅发现mumuceo➖➖➖➖➖,"21.0228乃星,★",其它错误,,http://ku.mumuceo.com#乃星edit
damoke,测试,超时,,https://m.damoke.cc
pan🎃,,超时,,https://wap.pan8.net#🎃
xx♜紫幽阁 #破冰,"﹅ ♜ 优质,搜索失效",超时,,http://www.ziyouge.org/#pb1101
Ⓐ 书海阁①,搜索失效,超时,,http://m.xinshuhaige.net
Ⓐ 神书网,𐄛 Ⓐ级,超时,,https://www.shenshuxs.com#未月十八改
Ⓐ 笔趣阁③,²♨笔-趣-阁❆,超时,,https://www.bbiquge.cc#未月十八改
Ⓐ 笔趣阁⑮,²♨笔-趣-阁❆,连接失败,,https://www.biqugetv.com#未月十八repair
Ⓑ 思路客①,,连接失败,,https://www.shuquxs.com#未月十八改
Ⓑ 铅笔小说【需登录】,𐄜 Ⓑ级,超时,,https://www.23qb.net#未月十八改
Ⓒ 千千小说网②,,超时,,https://wap.qqtxt.net#未月十八净化
Ⓢ 笔趣阁⑮,𐄚 Ⓢ级,连接失败,,https://www.biqugetv.com#未月十八改
☘️UU看图书☘️,,超时,,https://sj.uukanshu.com
☘️小小说☘️,,超时,,https://www.xiaoxs.com#响海
☘️爱小说☘️,,超时,,http://m.ixs5200.com
♛ 爱 书 网 #Namo1101,"﹅ ♛ 精品,搜索失效",超时,,https://www.22ff.org#Namo1101
♛㊦ 知轩藏书 zxcs.me 精校版下载,,其它错误,,http://www.zxcs.me#md2
♜-小说楼 #pb,"【❌❌】网站失-效,搜索失效",其它错误,,http://www.xs6.cc/#♤pb
♜万书网 #破冰,"2,搜索失效",超时,,https://www.wanshuwang.cc/#♤pb
♜书楼吧 #破冰1101,"﹅ ♜ 优质,搜索失效",超时,,https://www.shulouba8.com/#pb1101
♜八零中文网 #破冰,【⚙️已检书源】,其它错误,,http://www.80zw.cc/#♤pb
♜天天中文网 #破冰,"【❌❌】搜索失-效,搜索失效",其它错误,,http://www.ttzw.tv/#♤pb
♜帝书阁 #破冰,已检验,其它错误,,http://www.dishuge.com/#♤pb
♜桐树小说网,"﹅ ♜ 优质,搜索失效",超时,,https://www.tongshu.net/#♤pb
♜爱去小说网⑤ #破冰1101,¹▽置顶`ȏ´正版发现,超时,,https://www.iquxs.com/#pb1101
♜阴阳代理人 #破冰1101,¹▽置顶`ȏ´正版发现,超时,,http://www.yinyangdailiren.org/#pb1101
♠ 七八中文,"♠ 精品 ♠,🎉 精选 🎉",连接失败,,https://m.78zw.com/
♠ 飘天文学②,"男频,搜索失效",超时,,http://www.piaotianx.com/
✈ 搜书网,"【❌❌】搜索失-效,搜索失效",超时,,https://www.soshuwu.com
✨速阅小说,💖API,超时,,http://43.128.46.230:5050
✾.Ⓐ 166小说 #未月十八1001,搜索失效,其它错误,,https://www.166xs.cc#未月十八净化#wy18-1001
✾.Ⓐ 小说书库 #未月十八1001,"﹅ ✾ 言耽,搜索失效",超时,,https://www.xssk.net/#wy18-1001
✾.Ⓐ 笔趣阁㉑ #未月十八1001,"【🈵♥🈵💯】231123千组1,【】👾笔趣阁",超时,,http://www.tongluzixun.com/#wy18-1001
✾.Ⓑ 桂花小说 #未月十八1001,"﹅ ✾ 言耽,搜索失效",其它错误,,http://m.guigs01.com#wy18-1001
✾♝MM小说网 #关耳,"﹅ ✾ 言耽,﹅ ♝ 优良,搜索失效",超时,,https://www.mmtxt.com/#guaner
❄️  玫瑰小说,已检验,超时,,https://m.meiguixsw.com#wy18-1001
【墨澜小说】,已检验,可达,200,http://www.mlwhcb.com/
一本读,"﹅ 通用书源▪︎玄奇,搜索失效",其它错误,,http://www.ybdu.me#鸡排饭
一纸阅读,小说 书源,超时,,https://www.yizhiyc.com/
一读小说,"【❌❌】搜索正文失-效,搜索失效",超时,,https://m.121du.net/#001
七猫小说网(此源作废),🏵️  小说,连接失败,,http://m.chiyou.cc
三九小说#南笙21.0101,搜索失效,其它错误,,http://m.fywenx.com#南笙21.0101
三五第一小说网,83d,超时,,http://www.35d1.com
中文泡泡,已检,超时,,https://m.zwpop.com
乐文小说,已检验,超时,,https://www.365xs.la#alistbox
乐文小说⑩,已检验,超时,,https://www.lewen001.com
乐清都市网,已检,可达,200,http://www.lqdsw.com
九桃小说网🎃,,其它错误,,http://www.11txs.com#🎃
书包网,"⚙️已检,优质",超时,,http://www.shubaowang123.cc
书林文学,已检,超时,,http://m.shu111.com
书荒啦文学网#玄奇21.0202,"﹅ 通用书源▪︎玄奇,搜索失效",超时,,https://m.shuhuang.la#玄奇21.0202
书虫中文网#玄奇21.0202,搜索失效,超时,,https://www.shuchong.info#玄奇21.0202
书阅屋🎃,,其它错误,,http://www.shuyuewu.cc#🎃
云阅💯,搜索链接规则为空,超时,,http://www.iyunyue.com
人人小说,漫画,超时,,https://www.agxs.net#axin
优·大众文学网,,超时,,http://www.dzwx520.com
优·笔趣阁³⁴,✨极速,超时,,http://www.changshengrui.com
优·顶点小说⑨™,👍 优质,超时,,http://m.32xs.cc
作客小说,"☀晨光雨露💫精俢源💯,搜索失效",超时,,https://www.zuokexs.com/
偶得读书,🏵️  小说,超时,,http://www.60fan.com
傲雪情缘,漫画,超时,,http://m.axqy8.com
全本小说🎃#5,222最新校验成功,其它错误,,http://www.quanben3.com#🎃
凌晨看书#南笙21.0101,校验超时,超时,,https://m.lingchenkanshu.com#南笙21.0101
加窜小说①,网文,超时,,http://www.jiacuan.com
千千小说网,已检,超时,,https://wap.qqtxt.net
卡夜阁1#南笙21.0101,"﹅ 通用书源▪︎玄奇,搜索失效",有响应(拦截),429,https://www.kayege.net#南笙21.0101
同人小说🎃,小说,异常状态,522,https://www.tczh.cn#🎃
唐三中文网,默认,超时,,http://m.tangsanshu.com
圣罗兰雾,搜索失效,超时,,https://www.360wxw.com/
墨缘文学,,超时,,https://wap.mywenxue.cc
多吉搜书,"⚙️已检,📑多吉搜书",超时,,https://www.dogedoge.com/
大帝小说库🎃,,其它错误,,http://www.anshuge.com#🎃
头条,💰 正版,异常状态,504,https://ic.snssdk.com
如屋,已检,超时,,http://m.duozhekan.com/
完结小说,已检,超时,,https://m.u8txt.com
小书包网xshubao.org,🏵️  小说,超时,,https://www.xshubao.org
小疙瘩小说网🎃,,其它错误,,http://m.xgedaa.com#🎃
小说图书馆🎃,,其它错误,,http://www.tushuguan.cc#🎃
小说巴士,,超时,,http://m.xs84.me/
小说者,默认,超时,,https://wap.bookzx.org
就爱读小说,A级,超时,,http://www.92dxs.com
帝书阁,搜索失效,超时,,http://m.dishuge.com
御书阁,已检,超时,,https://www.yushuge.com#grid tr!0
快眼看书,,可达,200,http://read.zbgsw.com:80
思路文学（发现）,小说 书源,超时,,https://m.sunsilu.com
悠久小说网,,超时,,http://ujxs.com
我文阁,,可达,200,http://www.mytxt.cc
我看书斋🎃,,超时,,https://www.5ccc.net#🎃
抖音漫画,"全部来自论坛,网站失效",超时,,https://api.dragonlongzhu.cn
搜猫小说🎃,,超时,,https://www.soumal.com#🎃
斗破苍穹小说网🎃,,连接失败,,https://m.doupocangqiong1.com#🎃
新墨坛文学,A级,可达,200,https://www.22mta.cc
新笔趣阁,,超时,,https://www.86ebook.com/
新笔趣阁①,已检,超时,,http://www.bxquge.com
无弹窗小说网[📱]~22ff.org,"【❌❌】网站失-效,搜索失效",超时,,http://m.22ff.org
无限小说🎃,,其它错误,,http://154.19.89.72:80#🎃
星空小说网,小说,超时,,http://www.aixswx.com
有伴小说网,已检,超时,,http://www.iuban.com
未来小说🎃,,超时,,https://wap.7yun.org#🎃
梦幻小说🎃#2,,其它错误,,http://www.pan5.net#🎃
欲书台🎃,,异常状态,522,https://58rom.org#🎃
每日一声,有声发现,超时,,http://voice.meiriyiwen.com#
求小说网🎃,,其它错误,,http://www.qiuxiaoshuo.org#🎃
泡书吧,优质源👍,超时,,http://www.paoshuba.org
深度小说,小说 书源,可达,200,https://www.duyuedu.net
溜达小说,,超时,,http://www.liudatxt.com/
溜达小说🎃#2,,其它错误,,http://m.liudatxt.la#🎃
灯笔小说网,,超时,,https://www.dengbi.com
热门,,异常状态,503,http://m.re.com
爱 书 网,已检验,超时,,https://www.22ff.org#namo
爱你文学网,,超时,,http://m.20wx.com
爱小说网,"【❌❌】搜索正文失-效,搜索失效",超时,,https://www.ixs.cc#namo
爱源论坛,,超时,,https://5yd.cc/
爱豆看书网🎃,,其它错误,,http://m.26ks.org#🎃
牛马TV,已检,超时,,http://www.niumatv.com
猪猪手机TXT小说下载网🎃,,其它错误,,http://wap.zzs5.info#🎃
玄葫堂,,超时,,https://www.xuanhutang.com
皇帝之家🎃,,超时,,https://m.huangdizhijia.com#🎃
看书室,"💠 其他,搜索链接规则为空,有效书源",有响应(拦截),403,https://m.kanshushi.com
着笔中文网,已检验,超时,,https://www.zbzw.la
神书文学网,06.🍇🍇🍇,超时,,http://m.heyenovel.com/
神藏小说_正文加载错,🏵️  小说,超时,,http://www.swang8.com
穿越小说吧,默认,超时,,http://www.sj133.com
笔下文学,已检,超时,,http://wap.bxwenku.com
笔下文学（字体替换）,校验超时,超时,,https://www.bxwx.tw
笔趣屋🎃,,超时,,https://www.3378.org#🎃
笔趣阁,"晋江,☣️senhora起点,酷友",其它错误,,http://www.156n.com#search-list li
笔趣阁,已检,超时,,https://www.ggzuo.com
笔趣阁9x,,超时,,https://www.9x.com/h5
笔趣阁[pingtiance],校验可用,超时,,http://www.pingtiance.org
笔趣阁cyewx,,超时,,https://wap.cyewx.com/
笔趣阁xsbiqu,"🏵️  小说,💒 笔趣",超时,,http://www.xsbiqu.com
笔趣阁⑭,天域战歌整理,超时,,http://m.biquge.se
笔趣阁㉟,②一般,超时,,https://www.jibige.com
笔趣阁网🎃,,其它错误,,http://www.szqccw.com#🎃
笔趣阁🎃#2,,超时,,https://www.biqusk.com#🎃
笔趣阁🎃#41,,超时,,https://www.ibqg.cc#🎃
笔趣阁🎃#6,,其它错误,,http://www.xbiqugu.la#🎃
笔趣阁🎃#8,,连接失败,,https://www.ibiquge.net#🎃
笔趣馆,,可达,200,https://www.bqguan.com
第七文学网™,失效,异常状态,503,http://www.7wenxue.com
第二书包⭐,已检,可达,200,https://m.shubaoan.com
精品书城,C级,超时,,https://www.jingpinshucheng.com
绝世唐门,搜索失效,有响应(拦截),429,https://www.jueshitangmen.info
舞文小说网,,连接失败,,https://www.5wx.org
荷塘小说🎃,,超时,,https://www.myhetang.com#🎃
衍墨轩,已检验,超时,,https://www.ymxxs.com/
读一读啦,4、普通,可达,200,https://www.du1du.cc
读来读往,搜索失效,超时,,https://www.dulaidw.com/
豆豆小说网,普通,异常状态,522,http://www.ddshu.net/search.php
轻小说文库,,超时,,http://app.wenku.com
迷了吧,酷友,超时,,https://www.mile8.cc#content dl
追书阁,已检,超时,,https://m.keepshu.com
酷书包,"AAA,搜索失效",超时,,https://www.ucyst.com
醋溜文学2,普通,超时,,https://m.clewxc.com
闪舞小说,,超时,,https://www.35xs.org
随梦小说网③™叶子,普通,超时,,https://www.suimeng.com
零点中文,🏵️  小说,超时,,https://www.ldzw.la
霹雳书坊,test,连接失败,,https://m.pilibook.com/wap
音乐-千千,音乐 书源,连接失败,,https://music.liuzhijin.cn#千千
顶点书包[朝阳],漫画,超时,,https://www.ddshubao.com
顶点小说,,超时,,https://www.230book.net
顶点小说网,,连接失败,,https://m.ddxsku.com
顺隆书院(搜书网)#玄奇21.0202,"搜书,搜索失效",超时,,https://www.soshuwu.com#玄奇21.0202
饭饭中文#南笙21.0101,"﹅ 通用书源▪︎玄奇,搜索失效",有响应(拦截),429,https://www.fanfanzw.com#南笙21.0101
高端书院,天域战歌整理,连接失败,,http://gaoduan.szjinruixin.com
鬼故事集（优+）,小说 书源,超时,,http://www.guishiji.com/
黄易小说™,已检,超时,,https://m.huangyixiaoshuo.com
龙腾小说网①,⁴☃晨光雨露᭄精品源,有响应(拦截),429,http://www.bz01.org
🌐 推薦的記録,🌐外语,超时,,http://www.iot2ai.top/cgi-bin/intel/novel18/syosetu.html?nv=reco&pg=0
🌠 亲亲漫画,🌠 漫画,超时,,https://m.acgqd.com
🌠 风车漫画,🌠 漫画,超时,,https://m.qyy158.com
🌸 九天中文,🌸常用,可达,200,https://www.9tzw.com
🌸 峡谷,"🌸常用,防盗",超时,,https://m.xiagu.org#subject-list li
🌸 若晨,🏵️  小说,异常状态,504,https://m.ruochenwx.com#list li
🌸2K小说,,超时,,https://www.2kxs.org#关耳
🌸若晨文学,"﹅ ✾ 言耽,搜索失效",异常状态,504,https://m.ruochenwx.com#关耳
🍁笔趣阁⑥⑥,🍁 笔趣 🍁,连接失败,,https://www.biquge.com.cn/
🍁笔趣阁⑪⑨,🍁 笔趣 🍁,超时,,https://www.biqufan.com/
🍁笔趣阁⑭⑦,🍁 笔趣 🍁,超时,,https://www.xiaoshuo8.net/
🍊 530小说,🍊女频,可达,200,http://m.530p.com
🍑 指尖豆蔻文学网,,超时,,https://www.zhijiandoukou.com
🍒 言情中文,"🍒30,🍋🍋🍋🍋🍋🍋,搜索失效",超时,,https://www.yqzww.net
🍒 言情花园(新),🍒言情,超时,,http://www.yqhy.org
🍺 2K小说,🌼晨光雨露🍒精品源💯,超时,,http://m.2kxsw.com
🍺 5Z中文,🍺特优,连接失败,,https://www.5zzw.com
🍺 丹书铁券,,超时,,https://www.dstiejuan.com#library li
🍺 八零电子书①,🍺特优,连接失败,,https://m.balingtxt.com
🍺 思路客③,"⛓️破防,🍺特优",其它错误,,http://www.siluwu.com#grid tr!0
🍺 斗破苍穹,🍺特优,超时,,http://doupocangqiong1.com
🍺 星空小说,🍺特优,超时,,https://www.aixs.la
🍺 爱心9999,,超时,,https://www.ax999.org
🍺 笔趣阁info,"优质源👍,💒 笔趣",其它错误,,http://m.biquge.info#bookone
🍺 读下小说网,🍺特优,超时,,https://www.duxia.org
🍺 阅读悦,🍺特优,超时,,https://m.yuedyue.com
🍻 爱小说,"【❌❌】搜索正文失-效,搜索失效",超时,,https://m.ixs.cc
🎃二三中文🎃,,其它错误,,http://wap.ersanxs.info#🎃
🎃哎哟小说🎃,,其它错误,,http://www.2kxs.org#🎃
🎃就爱言情🎃,,超时,,https://m.92yanqing.com#🎃
🎃星空小说🎃,,其它错误,,http://wap.aixswx.com#🎃
🎃歌书网🎃,,其它错误,,http://www.gashuw.com#🎃
🎃笔下文学🎃#2,,其它错误,,http://www.bxwx.la#🎃
🎃笔趣阁🎃#7,,其它错误,,http://www.xshuquge.net#🎃
🎃️悸花API🎃,,其它错误,,http://api.lestory.cn#🎃
🎈私塾网 #关耳,"【❌❌】搜索失-效,搜索失效",连接失败,,https://m.4shuwang.net#guaner
🎉 万书楼③,🎉精品,超时,,https://www.wshulou.com
🎉 九六中文,🎉 精选 🎉,超时,,https://www.96kanshu.com
🎉 云山千叠,¹▽置顶`ȏ´正版发现,超时,,http://www.yunshanqiandie.com
🎉 六酷小说网,🎉精品,超时,,https://www.6co.cc
🎉 四库书,"﹅ ♛ 精品,搜索失效",有响应(拦截),429,https://www.sikushu8.com#grid tr
🎉 大秦铁甲如云,🎉精品,超时,,https://www.daqinshu.com
🎉 小说娃,"﹅ ♛ 精品,搜索失效",其它错误,,https://www.xiaoshuowawa.com#sitembox dl#芜恙
🎉 新笔趣阁②,²♨笔-趣-阁❆,超时,,https://www.xxbiquge.com
🎉 暖才,🎉精品,其它错误,,http://www.nuancaiwenxue.com#c_row
🎉 桂花小说,🎉精品,异常状态,522,http://m.guigs01.com
🎉 爱奇,"🎉 精选,搜索失效",其它错误,,http://www.i7wx.net#grid
🎉 笔下文学,🎉 精选,超时,,https://www.bxwxorg.com#sitembox dl
🎉 笔趣阁,"🎉 精选 🎉,💒 笔趣",可达,200,http://m.yingsx.com
🎉 笔趣阁㊶,🎉精品,连接失败,,https://www.biqugexsw.com
🎉 第五文学,,超时,,https://www.d5wx.com
🎉 苗疆文学,³۝天域整理,超时,,https://www.miaojiang8.net
🎉 达文小说网,🎉精品,超时,,http://wap.dawen.org
🎉 零点书院①,🎉精品,超时,,https://m.00sy.com
🎉 骑士,,其它错误,,http://www.74qb.com#grid tr!0
🎉一六中文网,🎉 精选 🎉,可达,200,https://www.16zw.com/
🎉乐文小说⑩,🎉 精选 🎉,超时,,https://www.lewen0.com/
🎉倚天中文网,🎉 精选 🎉,超时,,http://www.ytzww.com/
🎉奇快中文③,🎉 精选 🎉,超时,,https://wap.7kzw.com/
🎉星月书吧②,🎉 精选 🎉,可达,200,https://www.xy48.net/
🎉棉花糖小说③,🎉 精选 🎉,超时,,https://www.mht99.com/
🎉笔趣泡,²♨笔-趣-阁❆,连接失败,,https://www.biqupao.com/
🎉笔趣阁⑩⑦,🎉 精选 🎉,超时,,http://hananke.com/
🎉铁书网,🎉 精选 🎉,超时,,http://www.tieshuw.com/
🎉饭饭中文#嘚嘚21.0201,"﹅ ♛ 精品,搜索失效",可达,200,https://www.fanfanzw.com#嘚嘚21.0201
🎊飘天文学⑤,优质源👍,可达,200,http://www.piaotiange.com/
🎋雨枫轩（长篇有竖目录阅读）🎋🌿,,连接失败,,https://m.rain8.com/##响海1
🎨 36漫画,,超时,,https://m.36mh.net
🎨 女神漫画,漫画,超时,,https://zxneo.com
🎯书趣阁sizhicn,"🐌,一般,有效,可用书源",超时,,http://m.sizhicn.com
🎯看书小说,🏵️  小说,超时,,http://www.kssw.net
🏀 爱奇小说,,超时,,https://www.i7q8.com/
🏷️龙坛书网,☀晨光雨露💫精俢源💯,超时,,http://www.ltsw888.com
🐳吾的轻小说,🔖 轻小说,超时,,https://book.crazyideal.com
🐶Ⓢ 言情阁🍒,"﹅ ✾ 言耽,搜索失效",其它错误,,http://m.yqingge.com#未月十八改
🐶笔趣阁⑥,SSS,其它错误,,https://www.bqg5.cc       ⑥
👍 147小说,👍优质,其它错误,,http://www.147xs.org#grid tr!0
👍 一本读,"﹅ ♜ 优质,搜索失效",其它错误,,http://www.ybdu.me#novelslist2 li!0#芜恙
👍 乐文①,👍优质,超时,,https://www.xs26.com#novelslistss li
👍 云顶小说,优质源👍,可达,200,https://www.yundingxs.com
👍 八月文学,👍优质,连接失败,,https://www.xiaqu.org
👍 奇书,👍优质,其它错误,,http://m.iqishu.la#searchresult p
👍 懒人小说,⁴☃晨光雨露᭄精品源,超时,,http://www.lrxsw.org
👍 无错小说网xquledu.com,🏵️  小说,超时,,https://www.xquledu.com
👍 特特,"﹅ ♜ 优质,搜索失效",其它错误,,http://www.tetewx.com#grid tr#芜恙
👍 猎文网,"﹅ ♜ 优质,搜索失效",超时,,https://www.liewen.cc
👍 笔下文学,"﹅ ♜ 优质,搜索失效",超时,,www.bxwxorg.com
👍 落秋②,,其它错误,,http://www.luoqiuxs.com#grid tr!0
👍 速阅阁,优质源👍,超时,,http://m.suyueg.com
👍三七中文,优质源👍,可达,200,http://m.37zww.net
👍思路客⑲,优质源👍,超时,,https://www.slkzw.com/
👍笔趣阁⑥⑨,"👍 优质,🍀",超时,,https://www.biquge98.net/
👍笔趣阁⑨⑤,"优质源👍,💒 笔趣",超时,,https://www.biqugemm.com/
👑 夜夜中文,,异常状态,522,https://m.yeyezw.com
💠 乐文小说网,"《精选书源》,搜索失效",超时,,https://www.lwxstxt.com
💮爱书吧,神段【大乘级】（小说源）,超时,,http://www.aibookba.com
💯熊猫看书#温暖满怀,"3.精品,★c66,×××1,★",超时,,https://www.xmkanshu.com
📒御宅窝,🤶🏻  淑女,超时,,https://www.yuzhaio.com
📖 五一读书,"【❌❌】搜索失-效,搜索失效",超时,,https://m.51dxs.org/
📖 笔趣阁①#onede,"📖 笔趣,🌈onede,★",连接失败,,https://www.biquge.com.cn#onede
📘漫画呗,📘漫画,可达,200,https://m.manhuabei.com
📚 起舞中文,js失效,超时,,https://www.75zw.com
📡 4020,搜索链接规则为空,超时,,https://www.520txtba.com
📥 说说520[仅发现],📥下载,超时,,http://www.xshuoshuo.com
📻 爱上你听书,📻 有声,超时,,http://www.23ts.com
🔍 全网榜单数据,喵公子,超时,,http://yck.mumuceo.com/
🔓久久文学,"﹅ 通用书源▪︎玄奇,搜索失效",其它错误,,http://www.99wenku.org#乃星
🔖69书,"🪜 代理,0-1文本",有响应(拦截),429,https://m.69shu.la
🔖爱小说,"【❌❌】搜索失-效,搜索失效",超时,,http://www.ixs.cc
🔖笔趣阁b15,💦精品,超时,,https://m.biqudu.net
🔖黄易小说①,"【❌❌】搜索失-效,搜索失效",超时,,https://www.huangyixiaoshuo.com/
🔥橘子小说,CSS; 正则,超时,,http://m.cxinbz.com/
🔰 tvbts,🔰 普通,连接失败,,https://www.tvbts.com
🔰 七猫小说网,🔰 普通,超时,,http://www.chiyou.cc
🔰 二五零书院[缺页],🏵️  小说,超时,,https://www.250sy.cc
🔰 去读读,🔰普通,超时,,http://www.qududu.net
🔰 好漫,🔰 普通,超时,,http://www.haoman8.com
🔰 新百年网,🔰普通,可达,200,http://www.bnnew.com
🔰 来读读,"🔰 普通,☣️可用",超时,,https://m.laidudu.com
🔰 番茄测试,🔰 普通,超时,,http://fq.travacocro.com
🔰 笔下文学,🔰 普通,超时,,http://www.bxwenku.com
🔰 笔趣阁,🔰 普通,超时,,https://www.biqugeka.com
🔰 第三荷包网,🔰 普通,超时,,https://www.33hebao.com
🔰 言情360,🔰 普通,可达,200,http://www.yanqing360.com
🔰 顶点小说网㉓,🔰普通,超时,,https://www.023shu.com
🔰乐园中文,🔰 一般 🔰,超时,,https://www.leyuanzw.com/
🔰北辰小说,🔰 一般 🔰,超时,,https://www.bcxiaoshuo.com/
🔰新笔趣阁,🔰 一般 🔰,超时,,https://www.xbiquge520.com/
🔰超多小说,🔰 一般 🔰,超时,,https://www.cdxiaoshuo.com/
🚬 00言情小说网,🚬刘备,有响应(拦截),429,http://m.00ui.cc
🚬 大漠阁,"【❌❌】搜索失-效,搜索失效",可达,200,http://www.damoge.com
🚬 新龙腾小说,🚬刘备,有响应(拦截),429,http://www.longtengxs.org
🚬 第二书包网,🚬刘备,超时,,http://m.shubao222.cc
🚬 蔡萝莉,"🚬刘备,💊无搜",超时,,https://3mtn6.xyz
🛠️ 笔趣阁⑦⑥[无正文],🛠️待修,超时,,https://www.niupiantv.com
🥂   520文库,"🥂 常用,搜索失效",超时,,http://m.520wenku.com
🥈百合小说,已检验,超时,,https://m.baihexs.com#乃星
🧐连载阅读,"发现失效,搜索失效",超时,,https://www.lianzai.com
199中文[📱],🏵️  小说,连接失败,,https://m.199zw.com
1vip,🔱 绅士淑女 🔱,连接失败,,https://m.11vip.org
360漫画™💡,💡【提示】,连接失败,,https://www.100fanwo.com
388小说,菊花大侠2,连接失败,,https://m.388xs.com
48文学网,"♡ོ晨光雨露✺精品源,如月流光,搜索失效",连接失败,,https://www.48rx.net
53中文网,☀晨光雨露🍒精俢源💯,连接失败,,https://m.wusanzw.com
55读书,小说,连接失败,,https://www.xschong.com
69文学,,连接失败,,https://www.69wxw.cc
77读书网,自用,连接失败,,https://www.wuchttp://www.77dushu.la/uoxs.com/
81中文,,连接失败,,https://www.81zw.me
88读书网,,连接失败,,https://www.fjqzcs.com
92K小说网,默认,连接失败,,https://wap.92k.cc
EZ看书,失效,连接失败,,https://www.luolaii.com
R 可乐阅读🐶🛡️,0227⭐,连接失败,,https://www.keledushu.com/
TWKAN,PROXY,连接失败,,https://book-3.dancying.cn
b💯九桃小说🅰🔎com#关耳 bak,"21.0619关耳,★,★🔎",连接失败,,https://m.9txs.com#关耳
i猎奇,6、正版,连接失败,,https://m.ilieqi.net
r小说™九天之狼,普通; 失效,连接失败,,https://www.rxiaoshuo8.com
Ⓐ 16号书库,,连接失败,,https://m.as16.me#未月十八repair
Ⓐ 三八读书网,¹▽置顶`ȏ´正版发现,连接失败,,https://www.38dushu.com#未月十八repair
Ⓐ 千千小说网①,,连接失败,,"https://www.qqxsw.la-By Dark#onede,未月十八净化"
Ⓐ 笔趣阁⑲,²♨笔-趣-阁❆,连接失败,,https://m.paozw.com#未月十八改
Ⓑ 88读书,𐄜 Ⓑ级,连接失败,,https://www.jiyaetuomaoji.com/#乃星111
Ⓑ 新千千,𐄜 Ⓑ级,连接失败,,https://www.jxtemi.com#ag2s
Ⓒ 无限小说,𐄝 Ⓒ级,其它错误,,https://m.wuxbook.com/🐤
Ⓢ 卡门小说,𐄚 Ⓢ级,连接失败,,https://www.kmzjw.com#未月十八改
Ⓢ 有兔阅读②,¹▽置顶`ȏ´正版发现,连接失败,,"https://app.youzibank.com#一程edit,未月十八repair"
Ⓢ 随梦小说,𐄚 Ⓢ级,连接失败,,https://www.cjudfcg.net#未月十八改
☘️大美书网☘️,,连接失败,,https://wap.dmshuwang.org#响海
☘️黄金小说☘️,,连接失败,,https://m.huangjinxs.com
♜-读读窝 #破冰,"﹅ ♜ 优质,搜索失效",连接失败,,https://www.duduwo.com/#♤pb
♜518小说网 #破冰1101,﹅ ♜ 优质,连接失败,,https://www.518xs.com/#pb1101
♜文学屋 #破冰1101,¹▽置顶`ȏ´正版发现,连接失败,,https://www.wenxue5.net/#pb1101
♠ 万书楼小说,♠ 优选 ♠,连接失败,,https://www.eastshu.com/
✎ 笔趣阁,"测试组,测试1,神",连接失败,,https://m.biqu.vip
✐   快眼看书,☃ 自用,连接失败,,https://www.feisitesujiao.com
✐   笔下看书②,☃ 自用,连接失败,,https://www.gzthby.com
✔︎㊝ 忽忽小说API ♛♛,,连接失败,,https://api.255zw.com#渊呀81
✾.Ⓐ 三八读书网 #未月十八1001,"﹅ ✾ 言耽,搜索失效",其它错误,,https://www.38dushu.com#未月十八repair#wy18-1001
㊝ txt免费全本小说m ♛♛,⁴☃晨光雨露᭄精品源,连接失败,,https://m.nbbookne.com#渊呀81
一起看小说,A级,连接失败,,https://www.17kxs.club
三七书屋,S级,连接失败,,https://www.37shuwu.com-By Dark
下书网M,反防盗,连接失败,,https://m.xiashuwu.com
中网文学,5、名著,连接失败,,https://m.zwwx.com
久久小说网,1、优;6、特殊,连接失败,,https://www.fifm.cn
乐文乐文,"☣️精选senhora,晋江",连接失败,,https://m.lewenlewen.com
乐文文学网#玄奇21.0202,搜索失效,连接失败,,https://m.lwwxw.com#玄奇21.0202
九层塔小说™,漫画,连接失败,,https://www.jctxs.com
书荒啦,"检验,搜索链接规则为空",连接失败,,https://sou.xanbhx.com
二TXT,"验,📖  小说",连接失败,,https://wap.x2txt.com
亲亲小说2,,连接失败,,https://mmm.qinqinxsw.com/
元气阅读💯,"检验,搜索链接规则为空",连接失败,,https://app.yqacg.com
全本免费,1、优,连接失败,,https://www.yznna.com
八一中文#南笙21.0101,"﹅ 通用书源▪︎玄奇,搜索失效",连接失败,,https://m.x81zw.com-By Dark#南笙21.0101
八哥小说m,new,连接失败,,https://m.bagzw.com
六鸥小说,,连接失败,,https://www.6oxs.com
刺猬猫,🍜其他,连接失败,,https://wap.ciweimao.com1
午夜言情🈲贪心鬼，直接搬空网站,🈲7/14,连接失败,,https://gaoqingcn.cfd
卡门小说,,连接失败,,https://www.kmzjw.com/
吞噬小说网②,默认,连接失败,,https://www.tsxs.org
品书客,搜索链接规则为空,连接失败,,https://www.pinshuke.com
哈罗小说,已检,连接失败,,https://m.hlxs8.com
喜纯小说🎃,,连接失败,,https://m.xichubao.com#🎃
四千资源,𐄝🎥 视频,连接失败,,https://4000zy.com/
土豪小说,,连接失败,,https://www.tuhaoxs.com-1
圣武书库（下载）,小说 书源,连接失败,,https://www.iswsk.com
在线书城™,兼容,连接失败,,https://wap.bookcheng.com
大文学,👍 优质,连接失败,,https://www.dawenxue.net-By Dark
大美书网🎃,👀小说,连接失败,,https://www.dmshuwang.net#🎃
天天看书网www.titibook,💜未分组,可达,200,https://www.titibook.com
天籁小说,🏵️  小说,连接失败,,https://www.233txt.com
天翼中文,搜索链接规则为空,连接失败,,https://book.189dg.com
好来喜小说,自己用,连接失败,,https://www.hlxxs.com
妙笔生花🈲贪心鬼,🈲7/14,连接失败,,https://69uzi.top
完本小说网,搜索链接规则为空,连接失败,,https://m.wanben.me
宜小说网,¹▽置顶`ȏ´正版发现,连接失败,,https://www.zjzfcj.com
小书阁,⁴☃晨光雨露᭄精品源,连接失败,,https://m.weiqu12021.com
小说火火,CM正版,连接失败,,https://m.iflyread.com
屌丝小说网,,连接失败,,https://www.diaosixs.org
幽冰中文,👍 优质,连接失败,,https://www.97ub.cc-By Dark
快眼书海#南笙21.0101,"﹅ 通用书源▪︎玄奇,搜索失效",连接失败,,https://www.jqbh.net#南笙21.0101
思路客小说网,S级,连接失败,,https://www.siluke.org-By Dark
悠悠看书,✯༇薅白魔人♪,连接失败,,https://uukankan.com
我。笔趣阁,已检,连接失败,,https://m.biquxsw.com
搜书网,默认,连接失败,,https://www.soshuw.cn
教父中文②,②💫优选,连接失败,,https://m.jfzw.com
文学巴士,搜索链接规则为空,连接失败,,https://www.wx84.com-By Dark
新书包网,"﹅ 通用书源▪︎玄奇,搜索目录失效",连接失败,,https://www.xingshubao.net#未月十八净化
新书包网②,③慢,连接失败,,https://m.diqiujie.com
新笔趣阁,1、优,连接失败,,https://www.biquxs.cc
新笔趣阁xbiqugew.net,,连接失败,,https://www.xbiqugew.net
新顶点小说,,连接失败,,https://www.xdingdian.com
春雁小说,,连接失败,,https://www.riei.info
枫叶文学,微筛选,连接失败,,https://www.fengyewx.com/
梧州中文台 ztv,🏵️  小说,连接失败,,https://www.ztv.la-By Dark2
武林中文网🎃,,连接失败,,https://www.50zw.so#🎃
比奇屋~m.xbiqiwu.com,已检,连接失败,,https://m.xbiqiwu.com
泼墨小说,,连接失败,,https://www.pomoxs.com
淘淘全本小说,A级,连接失败,,https://www.taotao3.com-By Dark
燃文书库,天域战歌整理,连接失败,,https://m.778buy.com
爱发电🎃,,连接失败,,https://afdian.net#🎃
爱爱中文网,,连接失败,,https://m.aiazw.com/
爱读小说,✯·精品,连接失败,,https://api.nwqwx.com
狂人小说网,漫画,连接失败,,https://g.dushu.kr
番号搜索🛫,"发布页
aabb1801.com
a2a1a2.com
cc5912.com",连接失败,,https://zz2159.com/
百书库小说,搜索链接规则为空,连接失败,,https://m.baishula.com
百度文库 #关耳,"﹅ 通用书源▪︎玄奇,搜索目录失效",连接失败,,https://wk.baidu.com111#guaner
看  书  君,"风杨兮,失效",连接失败,,https://www.kanshujun.com
看书海小说,天域战歌整理,连接失败,,https://www.kanshuhai.com
真本小说,已检,连接失败,,https://m.zhenben.net
神马小说m/需特殊上网,,连接失败,,https://m.shenmaxiaoshuo.com
稻草人书屋,🏵️  小说,连接失败,,https://www.daocaorenshuwu.co
笔趣库②,天域战歌整理,连接失败,,https://m.biqiku8.com
笔趣阁,"笔趣,搜索失效",连接失败,,https://www.biqugexsw8.com-By Dark
笔趣阁,,连接失败,,https://m.2ee7613564.cfd/
笔趣阁 biqugg,💜未分组,连接失败,,https://www.biqugg.com-axin
笔趣阁.guibuyu,★💒笔趣阁,连接失败,,https://m.guibuyu.org
笔趣阁W,Namo,连接失败,,https://www.biquge.win
笔趣阁_乾缘,已检,连接失败,,https://www.wanwenhui.com
笔趣阁gula,漫画,连接失败,,https://www.gu.la
笔趣阁①①⑥,"笔趣,搜索失效",连接失败,,https://www.biquge.ms
笔趣阁。,搜索链接规则为空,超时,,https://www.jinnanyq.com/yq/54425/
笔趣阁新站,,连接失败,,https://biqugexx.net
笔趣阁🎃#4,,连接失败,,https://www.biqujia.cc#🎃
笔趣阁🎃#64,,连接失败,,https://wap.biquger.com#🎃
第一版主,"【❌❌】搜索失-效,搜索失效",连接失败,,https://www.diyibanzhu3.in
第七书,已检验,连接失败,,https://diqishu.com/#1
第九中文[只发现],涩涩,连接失败,,https://m.d9book.net
第八区①,小说,连接失败,,https://www.pholcus.net
精华书阁🎃#2,,连接失败,,https://www.xbyuan.com#🎃
给力文学手机,🏵️  小说,连接失败,,https://m.geilwx.com
绝色,🙈; 发现,连接失败,,https://iiqk.club
翻书看,搜索目录失效,连接失败,,https://www.fanshukan.com
腐书网②,小说,连接失败,,https://www.fsw2020.com
草莓小说网,名著出版,连接失败,,https://www.cmxsw.com
落尘小说,默认,连接失败,,https://m.xluochen.com
藏书阁,🏵️  小说,连接失败,,https://www.ohcsg.com
西楚团,,连接失败,,https://www.xichutuan.com
读书族,,连接失败,,https://www.dushuzu.net
读文族,天域战歌整理,连接失败,,https://www.duwenzu.com
起舞小说网,A级,连接失败,,https://www.75txt.la
躺着看,1、优;6、特殊,连接失败,,https://www.tangzhekan7.xyz
连载中小说阅读网,,连接失败,,https://m.lzzxs.com
追书网 zhuishu5,A级,连接失败,,https://www.zhuishu5.com-By Dark
闪舞🌸,🌼晨光雨露🍒精品源💯,连接失败,,https://www.shanwuwx.com
阅书海小说网🐌,🏵️  小说,连接失败,,https://m.yueshuhai.com/
阿甘小说网,,连接失败,,https://m.8535.org
雅文库,S,连接失败,,https://www.yawenku.com
雨枫轩吧（发现）,小说 书源,连接失败,,https://m.rain8.com##响海2
韩漫塔,漫画,连接失败,,https://hanmanta.com/
音乐-一听,-------,连接失败,,https://music.liuzhijin.cn-1ting/
音乐-荔枝,音乐 书源,连接失败,,https://music.liuzhijin.cn-lizhi
顶点小说,"【🈵♥🈵💯】231123千组1,搜索失效",连接失败,,https://m.23usp.com
顶点小说 xs222,3、精品,连接失败,,https://www.xs222.tw-By Dark
飞库网,疯狂的蜗牛,连接失败,,https://m.feiku.la
飞速中文网™,"搜索链接规则为空,天龙",连接失败,,https://www.feizw.com
？？㊝ 小说楼 ♛♛♛♚,,连接失败,,https://www.xslou.com/#pb
🌟 书香阁,喵公子,连接失败,,https://wap.f96.net
🌠 拼拼漫画,🌠 漫画,连接失败,,https://m.pinmh.com
🌠 漫画,🌠 漫画,连接失败,,https://www.hmh1234.com
🌸 九桃小说™,,连接失败,,https://so.9txs.com
🌸 小说CMS,🌸常用,连接失败,,https://book.xiaoshuocms.com
🌸 棉花糖 无详情,2,连接失败,,https://m.mht.tw
🌸 破晓小说网,🌸常用,连接失败,,https://m.pxtxt.com
🌸五吉小说,"常用,搜索失效",连接失败,,https://m.5gxs.com2
🌸笔趣阁④,🌸  常用,连接失败,,https://www.8bqg.net/
🌸齐努力,🏵️  小说,连接失败,,https://i.qinuli.net
🌼睡前小说,🏵️  小说,连接失败,,https://www.wuliuyilushun.com
🍈 婷阅小说,🏵️  小说,连接失败,,https://www.tyuebook.com
🍒 书家园,🍒言情,连接失败,,https://m.xinshujy.com
🍓owllook【查看源注释】_By未月十八,"6.🍓owllook_一源多源,搜索失效",连接失败,,https://www.owlook.com.cn#未月十八edit
🍺 八一中文,优质源👍,连接失败,,https://m.x81zw.com-By Dark
🍺 小旺书屋,"测试组,🍺 男频,我的精教遗留,搜索链接规则为空",连接失败,,https://3q.tennispai.com/2048
🍺 思路客ⓢⓞ,🍺特优,连接失败,,https://www.siluke.so#book-coverlist
🍺 新热门小说,优质源👍,连接失败,,https://www.xinremenxs.net-By Dark
🍺 爱情,🌼晨光雨露🍒精品源💯,连接失败,,https://www.aiqingxs.com#sitembox dl
🎃乐阅读🎃,,连接失败,,https://so.27k.net#🎃
🎃泼墨小说🎃,,连接失败,,https://www.pomoxs.com#🎃
🎈 小说柜,"🎈轻文,搜索失效",连接失败,,https://www.xiaoshuogui.com
🎉 18小说,🎉 精选 🎉,超时,,https://m.18xs.org
🎉 5200文学,🎉精品,连接失败,,https://m.5200wxw.com
🎉 5Z中文,🎉精品,连接失败,,https://m.5zzw.com
🎉 Mixed Novel,🎉精品,连接失败,,https://mixednovel.net
🎉 乐文小说④,🎉精品,连接失败,,https://m.lewxs.com
🎉 免费小说,🎉 精选 🎉,连接失败,,https://qmzs.52miniapps.com
🎉 六一课堂,🎉精品,连接失败,,https://61ketang.com
🎉 品书网,🎉精品,连接失败,,https://m.pinshu.cc
🎉 大网文,🎉 精选 🎉,连接失败,,https://www.dawangwen.com
🎉 小说旗co,🎉精品,连接失败,,https://www.xs7.co
🎉 易读小说,🎉精品,连接失败,,https://www.yidu.la
🎉 来也小说,🎉 精选 🎉,连接失败,,https://www.xs880.com
🎉 深圳小说阅读,🎉精品,连接失败,,https://www.jnxiaoshuoc.com
🎉 爱奇文学,🎉精品,连接失败,,https://www.iqiwx.com
🎉 爱阅小说,🎉精品,连接失败,,https://api.dgjiayuan.cn/3
🎉 笔下星空,,连接失败,,https://www.bxxk.org
🎉 笔趣阁,,连接失败,,https://www.biqujia.com
🎉 笔趣阁 bbiquge,"【❌❌】网站失-效,【】👾笔趣阁",连接失败,,https://www.bbiquge.com-By Dark
🎉 笔趣阁14,🎉精品,连接失败,,https://www.biquge5200.cc-By Dark
🎉 草莓小说网,🎉精品,连接失败,,https://m.xcmxsw.com
🎉518小说网,🎉 精选 🎉,连接失败,,https://www.518xs.com/
🎉ABC小说💙💙💙yb3.cc#一介,"一介20.0831,🎉 精品,★,☀️搜书/换源 B▪优质",连接失败,,https://www.yb3.cc#一介20.0831
🎉八一中文⑮,🎉 精选 🎉,连接失败,,https://www.shxczl.com/
🎉快眼小说网,🎉 精选 🎉,连接失败,,https://www.biqugej.com/
🎉棉花糖小说③,小说,连接失败,,https://www.mht.tw/
🎉读读窝,🎉 精选 🎉,连接失败,,https://www.duduwo.com/
🎉饭饭小说,搜索链接规则为空,连接失败,,https://ffxs.me
🎊 圣武,🏵️  小说,可达,200,https://www.shengwuxingchen.com#tbody tr
🎊 烟云小说,"🏵️  小说,🎉 精选 🎉",连接失败,,https://www.yyun.net
🎋搜狗书城🎋,,连接失败,,https://yd.sogou.com
🎨 85漫画网,漫画,连接失败,,https://m.85iu.com/
🎨 呆哥哥™,🎨漫画,连接失败,,https://www.daigege.com
🎨 酷漫网,🎨漫画,连接失败,,https://www.kuman.com
🎨骚客漫画💞,"【漫画 书源】,搜索失效",连接失败,,https://www.skmh27.com
🎶 音乐-5sing翻唱,"有声,搜索失效",连接失败,,https://music.liuzhijin.cn-5singfc
🎼 豆瓣FM,,连接失败,,https://douban.fm
🏀 趣书吧,,连接失败,,http://www.qushuba.com/
🐑梦洲声茶,¹▽置顶`ȏ´正版发现,连接失败,,https://m.kuaishuku.com/
🐳小说柜,🏅  轻文,连接失败,,https://www.xiaoshuogui.com#sitebox dl
👍 69中文,👍优质,连接失败,,https://www.qingquneiyis.com
👍 下书网,优质源👍,连接失败,,https://m.xiashutxt.com
👍 书家园,👍优质,连接失败,,https://m.shujy.com
👍 千千小说网,👍优质,连接失败,,https://www.15shu.net
👍 娃娃乖小说网,👍优质,连接失败,,https://m.wawaguai.com
👍 思路,优质源👍,连接失败,,https://m.slzww.com#search_box p
👍 我的书城,优质源👍,连接失败,,https://www.wodeshucheng.com
👍 笔趣阁ZZ,👍优质,连接失败,,https://www.zzbiquge.com
👍 精彩小说网,👍优质,连接失败,,https://jingcaiyuedu.com
👍 铅笔备用,👍优质,连接失败,,https://www.x23qb.com-By Dark
👍八七玄幻,优质源👍,连接失败,,https://www.87xh.com/
👍笔趣阁⑧⑨,"优质源👍,💒 笔趣",连接失败,,https://www.kuxiaoshuo.com/
👑老猫小说#2,,连接失败,,https://api.laomaoxs.net##
💎 笔下看书,💎 精品,连接失败,,https://www.yn388.com
💥安卓小说,备用源💥,连接失败,,https://www.anzhuoxs.com
💦笔趣阁㉔,"🎉 精选 🎉,💒 笔趣",连接失败,,https://www.biquge11.com/
💫丝路文学,,连接失败,,https://www.xssilu.com
💫笔趣阁❶❹❺,,连接失败,,https://www.biqukele.com/
💯官术网,💯 精品 💯,连接失败,,https://www.thxsw.com/
💯月色寒,🎉 精选 🎉,连接失败,,https://www.yuesehan.com
💯顶点小说,搜书,连接失败,,https://www.booktxt.com-By Dark
💵 AO3文学✈,"💵正版,🚀VPN",连接失败,,https://www.iao3.com
💵 芒果次元快看小说,,连接失败,,https://api.yisitianxia.com
📖 衍墨轩网,"🚀 加速,🌸 免费",连接失败,,https://www.ymoxuan.com/
📡 牧笔阁[仅发现],,连接失败,,https://www.mubige.com
📻 5 SING,👻 隐藏,连接失败,,https://music.liuzhijin.cn-yc/
📻 博看网™,📻有声,连接失败,,https://es.bookan.com
📻Biu~[qa455355],a1、有声,连接失败,,https://biu.moe
🔆妙笔阁⭐,,超时,,https://www.imiaobige.com#sitembox dl
🔖顶点小说,"1,5.26",连接失败,,https://m.23wx.tw
🔰 16号书库,🔰 普通,连接失败,,https://www.as16.me
🔰 Go追漫,🔰 普通,连接失败,,https://mh.9xxsm.com
🔰 九天中文,⁵♡ོ晨光雨露✺普通源,超时,,https://m.9tzw.com
🔰 小说宝库,🔰 普通,连接失败,,https://www.govtz.com-By Dark
🔰 教育123文学网,🔰普通,连接失败,,https://www.xiaoso5.org-By Dark
🔰 淘淘全本小说,🏵️  小说,连接失败,,https://www.taotaodu.com
🔰 百文择,🔰普通,连接失败,,https://m.mengzeda.cn
🔰 笔趣阁 biqugelu,🔰普通,连接失败,,https://www.biquge.lu-By Dark
🔰 第九中文,,连接失败,,https://m.xin9book.com
🔰 静夜小说网www,🔰普通,连接失败,,https://www.zzxyj.com
🔰 齐努力小说网,🔰普通,连接失败,,https://www.qinuli.com
🔰一起看小说,🔰 一般 🔰,连接失败,,https://www.yiqikanxs.com/
🔰伍文中文,🔰 一般 🔰,连接失败,,https://www.wuwenzw.com/
🔰医学书屋,🔰 一般 🔰,连接失败,,https://www.yixuesw.com/
🔰又看小说,🔰 一般 🔰,连接失败,,https://www.ykxiaoshuo.com/
🔰墨斋文学,🔰 一般 🔰,连接失败,,https://www.mozhaiwx.com/
🔰新书中文,🔰 一般 🔰,连接失败,,https://www.xinshuzw.com/
🔰混混中文,🔰 一般 🔰,连接失败,,https://www.hunhunzw.com/
🔰番奇书屋,🔰 一般 🔰,连接失败,,https://www.fanqisw.com/
🔰自在中文,🔰 一般 🔰,连接失败,,https://www.zizaizw.com/
🔰雁北堂书屋,🔰 一般 🔰,连接失败,,https://www.ybtshuwu.com/
🚬 2048论坛,搜索链接规则为空,连接失败,,https://v1.iu3y.space
🚬 御书楼,🚬刘备,连接失败,,https://www.yubook.la
🚬 百书楼,🚬刘备,连接失败,,https://www.baishulou99.com
🚬 肉色屋,,连接失败,,https://m.30mc.com
🥇最新火热,"﹅ 通用书源▪︎玄奇,搜索失效",连接失败,,https://www.qdtianruimuye.com#乃星
🥉小说族吧,🔱  常用,连接失败,,https://www.xiaoshuozu8.com
