书源名,分组,状态,HTTP,地址
33言情,🍁多型,其它错误,,https://m.x33yq.org/
6G小说网,,其它错误,,https://www.6gxs.net
UAA·文学[正文],校验公众号：【omega推文】,其它错误,,UAA·文学
UU小說,,其它错误,,UU小說感觉挺好用的！
po文学,,其它错误,,https://wap.po.work/彩虹
☑宝来小说,"🔍校验组0218,📙大众书",可达,200,https://m.baolaixsw.com
♜ 恋上你看书 #一程,,其它错误,,https://www.630shu.net#♤yc
♾️ 第一版主-夜明空,8月1日.静,其它错误,,♾️第一版主
✨雅谷中文🎉💻,已检验,其它错误,,雅谷中文
⭐同库(无搜索),,其它错误,,源注释网址
㊣腾讯漫画,,其它错误,,https://m.ac.qq.com♤Haxc
七七读书,小说 书源,其它错误,,http://www.77dushu.com已整理
三八小说,-------,其它错误,,https://www.38xs.com
临高启明,小说 书源,其它错误,,http://lgqm.huijiwiki.com/wiki/同人作品列表已整理
久久漫画①,"【🈵♥🈵💯】231123千组1,【】⛺漫画",其它错误,,久久漫画
书海阁,🍁多型,其它错误,,https://m.shuhaige.net/#pb1101
书海阁 shuhaige.net,校验,其它错误,,https://www.shuhaige.net
书荒部落（下载）,小说 书源,其它错误,,http://noveless.com已整理
二零小说,小说 书源,其它错误,,https://www.20xs.org/##@鱼
付梓漫画,🎨漫画,其它错误,,https://www.serial-online.net
农夫小说,"③🚫  禁验,⑸🔰  优质",其它错误,,https://m.nfxs.com
博仕书屋,综合,其它错误,,https://m.boshishuwu.com
参与书库,,其它错误,,https://www.shukuw.com关耳
吓死你通用书源(任意小说网站做成强制书源),"【】👾笔趣阁,搜索目录失效,【❌❌】搜索目录失-效",其它错误,,吓死你通用书源
四季书屋,,其它错误,,sjsw:youke
夜伴书屋,小说 书源,其它错误,,https://www.yeban360.com/分页
天悦小说,小说 书源,其它错误,,https://m.xtyxsw.org
完美韩漫ζ,需要登录,其它错误,,完美韩漫
宝来小说,小说 书源,可达,200,https://www.baolaixsw.org/
宝来小说,小说 书源,可达,200,https://www.baolaishiye.com/##@遇知
巴卡漫画,"js失效,全部来自论坛",其它错误,,巴卡漫画🎃
掌阅小说,综合,其它错误,,http://m.zhangyue.com，
文坊阁,全部来自论坛,其它错误,,https://wfg.la
新爱漫画,漫画,其它错误,,https://xapi.xinmanhua.net已整理
无名图书（下载）,特殊 书源,可达,200,https://www.book123.info/
晋江,"💭💭💭💭💭💭,发现目录失效",其它错误,,https://m.jjwxc.net/♂♀
晋江文学,正版小说 书源,其它错误,,绿色 和谐
晋江文学13,"搜索正文失效,发现正文失效,【❌❌】搜索正文失-效",其它错误,,http://www.jjwxc.net。。。
晋江详榜,,其它错误,,https://m.jjwxc.net未月十八二次排版
有爱音频🎧,📻 有声,其它错误,,有声
清河文学,小说 书源,其它错误,,飞絮飞花何处是，层冰积雪摧残，疏疏一树五更寒。
爪机书屋,,其它错误,,https://www.zjsw.org
爪机书屋,-------,其它错误,,https://www.zjsw.org##@遇知
爱奇艺漫画,🖼️漫画,其它错误,,https://www.iqiyi.com/manhua已整理
爱看书网,,其它错误,,https://cxb-pro.cread.com已整理
独阅读网,,其它错误,,https://www.duread.com喜静
猫耳FM,,其它错误,,https://www.missevan.com乃星
玄幻楼_优化_by_厉飞雨,已检验,其它错误,,https://www.xuanhuanlou.com
番茄【FQWeb自建】- 模板,番茄小说,其它错误,,在此填写你的服务器地址
番茄小说,小说 书源,其它错误,,https://novel.snssdk.com破冰
盗墓笔记,小说 书源,其它错误,,http://www.daomubiji.org/?yuedu已整理
笔下文学,"发现失效,全部来自论坛",可达,200,https://m.71bxwx.com/
笔趣阁70,自写的,其它错误,,笔趣阁70
笔趣阁tkxyk,"自制,源仓库,网页源",其它错误,,https://m.tkxyk.com
精华书阁,小说 书源,其它错误,,"读书无嗜好，就能尽其多。不先泛览群书，则会无所适从或失之偏好，广然后深，博然后专。                    
                                           ——鲁迅"
肉鸽小说,小说 书源,其它错误,,http://www.fqxs.cc/锋
茄子小说,微筛选,其它错误,,https://m.free-xsw.net
虫虫书屋,综合,其它错误,,http://www.0794r.com
蛋蛋聚合,,其它错误,,蛋蛋聚合
读书社科,小说 书源,其它错误,,https://www.dushu.com/sheke已整理
豆瓣·日记,⭐️ 收藏,其它错误,,https://www.douban.com/note/662056085/?type=rec已校验
资源采集6  #Thomas哟,涩视,其它错误,,资源采集6
辞鱼小说,"待删,鸡肋,希弥",其它错误,,https://m.ciyuxs.com
选书阁,"自制,源仓库,网页源",其它错误,,https://www.bookrbx.com
长夜余火小说网,"发现失效,小说,搜索失效",超时,,https://www.changyeyuhuo.com
顶点小说网,"js失效,全部来自论坛",可达,200,https://m.xddzw.com
黑岩小说玄奇.,,其它错误,,https://www.heiyan.com玄奇.
🌈pixiv小说,🙈,其它错误,,https://洛娅橙.pixiv小说
🌈八叉书库,"🙈,八叉",其它错误,,https://洛娅橙.八叉书库
🌈蓝海搜书🚀,收集方：源论坛 4月25号,其它错误,,搜书搜书搜书
🌈起点助手,"起点,📓",其它错误,,https://起点助手.luoyacheng.ip-ddns.com
🌐台湾小说◎辞晨◎,4月2号静白,其它错误,,🧾台湾小说🧾
🌙 番茄HD,番茄小说〈自用〉,其它错误,,番茄小说-hide#HD
🌠 顶通漫画,"[1],[漫画]",其它错误,,顶通漫画
🌸豆花,月月书源,其它错误,,祝大家天天开心啊
🍅大灰狼融合4.8.28(完全版),大灰狼聚合,其它错误,,大灰狼融合4.0
🍉 疯情书库β,🍉 男频,其它错误,,歪歪斜斜的字眼里，满篇都是吃人二字-----鲁迅
🍒六九[繁],全部,其它错误,,花间一壶酒，独酌无相亲。
🍺 飞速中文.com,🍺 特优,其它错误,,https://飞速中文.com/
🎉 大灰狼融合(vip完全版),🎉 通用书源,其它错误,,大灰狼融合VIP5.0
🎉33言情①①,,其它错误,,https://m.33yq.org/
🎨 快看漫画,-------,其它错误,,http://m.kuaikanmanhua.com🎃🪔️⚖️🏆🌟🌀🐤🍄🍬💯
🎨三四娱乐,-------,其它错误,,🎨三四娱乐
🎶 简单音乐,111最新校验成功,其它错误,,简单音乐
👑笔趣小说阁,🎓自制源,其它错误,,红色笔趣阁App
💦搜书网小说,,其它错误,,https://m.soshuwu.org/
💰 起点标签♀,💰 正版,其它错误,,https://www.qidian.com/女频标签
💵 夸克搜书,💵 正版,其它错误,,🔗夸克搜书
💵 晋江[言情标签],💰 正版,其它错误,,http://www.jjwxc.net/言情标签
💵 起点分类,"精选,精选15S",其它错误,,http://www.qidian.com/分类
📑 夸克,📑通用,其它错误,,夸克
📰 虫虫书屋,"📰 成年（Tg敏感资源库
https://t.me/+Gk4E1u5cvaxhYTY1）",其它错误,,http://www.0794r.com##@尐哖
📺 资源采集22  #Thomas哟,影视,其它错误,,资源采集22
🔎晋江,⁶❀耽女︎ºั轻言,其它错误,,晋江APP
🔖八叉书屋🔖◎辞晨◎,,其它错误,,❗❗❗你猜我是谁👻=>❗🧾❗❗
🔰 晋江文学,"搜索正文失效,发现正文失效,【❌❌】搜索正文失-效",其它错误,,http://www.jjwxc.net，，
🚪修复1,﹅ 通用书源▪︎玄奇,其它错误,,目录1
🚪修复4,﹅ 通用书源▪︎玄奇,其它错误,,目录4
🥝六九书吧,第一分组,其它错误,,人间烟火气，最抚凡人心。
🪔️ 33言情,微筛选,其它错误,,https://m.33yq.org/##@遇知
156中文网,综合,异常状态,503,http://m.156zw.net
4020,综合,超时,,http://www.xwurexs.com
5200小说,综合,异常状态,521,https://www.5200.net
7766小说,综合,超时,,http://wap.qiliuwx.org
8文库,🏖️免费+,异常状态,521,https://www.8wenku.com/
ACGZC,轻小说,异常状态,503,http://www.acgzc.com
E绅士,4月2号静白,异常状态,302,https://exhentai.org
IOS源阅读，千阅，读不舍手,融合,异常状态,503,http://vip.langge.cf:45800
SHF笔趣阁,,异常状态,503,http://m.shfljx.com
UC小说 一程,正版,异常状态,503,http://xiaoshuo.uc.cnyc
md♛+新笔趣阁 ♜♜✘cookie,,异常状态,503,http://www.xbiquge.lacookie
○♛¹读一读c #一程  =duyidu.net,⁴☃晨光雨露᭄精品源,其它错误,,http://du11du.com#♤yc
♛¹NB'中文✘ #破冰,⁴☃晨光雨露᭄精品源,其它错误,,http://www.nbw.la/#♤pb
♜✎笔趣阁⑨,已检验,其它错误,,http://www.bqgwu.com/#♤pb
♝绿竹小说 #关耳,"发现失效,﹅ ♝ 优良,搜索失效",异常状态,503,http://www.lvzhuxs.com/#guaner
✐ 笔下文学漫画 #Haxc1107,"漫画,发现失效,搜索失效",其它错误,,http://open.bxzwapp.com#Haxc1107
✨无奈小说,1005个,异常状态,502,https://m.wnisr.com##@
⭐番茄小说,常用,异常状态,503,http://api.api-fanqienovel.sunianyun.live
⭐️悟空,3,异常状态,503,http://m.548xs.com
⭐️翠微居,3,异常状态,503,http://wap.cuiweishuba.cc
〽️OC轻小说,⁶❀耽女︎ºั轻言,异常状态,503,http://m.ocacg.com/
㊕✾♝绿竹小说 md #关耳,"发现失效,﹅ ㊕ 特殊,﹅ ✾ 言耽,﹅ ♝ 优良,搜索失效",异常状态,503,http://www.lvzhuxs.com/#md-guaner
丁斐,,异常状态,503,http://comic.mh.com
七星阁网,小说 书源,异常状态,503,http://m.qixinge.net
三叠书阁,"发现失效,全部来自论坛,搜索失效",异常状态,503,http://www.8kubook.com
下书小说,小说 书源,异常状态,503,http://www.frxsw.com/
书旗小说网,,异常状态,521,http://www.shuqi.cc
云海电子（下载）,小说 书源,异常状态,503,http://www.pdfbook.cn
优·经典小说¹,"发现目录失效,﹅ ♜ 优质,搜索目录失效",异常状态,503,http://m.jdxs.cc
免费小说🎃,,其它错误,,http://api.motie.com#🎃
全本小说[qbxs520],🏖️免费+,异常状态,530,https://www.qbxs520.com/
全本小说网,"💭💭💭💭💭💭,发现失效,搜索失效",可达,200,https://m.qbxsw.com/##@鱼
八叉,全部来自论坛,异常状态,400,https://427777.xyz/
凌虚阁,,异常状态,530,https://www.lingxuge.com
单刃小说（天天）,,异常状态,301,http://www.drygmt.com
去读读,,异常状态,503,http://m.qudvdu.com
发小说网,小说 书源,异常状态,521,https://www.txtnovels.com
名著小说网,自制,异常状态,503,http://www.mingzhuxiaoshuo
嗨小说,API,异常状态,503,http://m.yixiantian.live/
墨坛文学,小说 书源,异常状态,503,http://www.motanwx.com
天域小说,小说 书源,其它错误,,http://www.zmccx.com#🎃
天籁小说,小说 书源,异常状态,521,http://wap.hsjsby.com
奇快中文,小说 书源,异常状态,503,http://www.x7kzw.com
妙笔阁,"自制,源仓库,网页源",异常状态,503,http://m.miaobiger.com
安卓小说,"☣️senhora起点,☣️发现大精选,☁️可用",异常状态,503,http://m.anzhuoxs.com
小说居,,异常状态,503,http://m.xiaoshuoju.com
小说格子,小说 书源,异常状态,521,http://m.qunshu.net
当书网,,异常状态,530,https://www.downbook.cc//
必应搜索,小说 书源,异常状态,502,https://www.lygyoule.com/
快眼看书（优+）,小说 书源,可达,200,http://www.xbotaodz.com
悟空小说③,💭💭💭💭💭💭,其它错误,,http://www.548xs.com/#♤pb
悟空影院(搜索+发现),"发现目录失效,﹅ 通用书源▪︎玄奇,搜索目录失效",异常状态,503,http://www.91artedu.com
手机电子书,"常用A,希弥",异常状态,503,http://m.waptxt.com
搜书网17pao8,"自制,源仓库,网页源",异常状态,503,http://m.17pao8.com
无敌小说,综合,超时,,http://wap.ibashu.org
旧钢笔文学,4月2号静白,异常状态,503,http://m.jiugangbi.com
晋江榜单,,异常状态,503,http://android.jjwxc.netmyself
晴天小说<晴天>,"❤️番茄,❤️常用",其它错误,,"http://novel.cloudepays.cn
http://api618.qingtian618.site
https://api.gyks.cf"
有声小说吧vip,有声,其它错误,,http://m.ysxs8.top##yz
机翻机器人,轻小说,异常状态,502,https://book.xkvi.top
果冻小说,小说 书源,异常状态,503,http://m.guodongxsw.com/
梦远书城[wap],🏔️免费-,异常状态,520,https://wap.mengyuanshucheng.com/
武侠小说[5],"【❌❌】搜索失-效,发现失效,搜索失效",异常状态,503,http://www.5xxs.net/
海盗听书,"希弥,有声",异常状态,503,http://app.yn21.cn/
溜达小说,综合,其它错误,,http://www.liudatxt.com#一程
热门小说,api·凡,异常状态,503,http://novel.mediaxds.com/
爱上小说（发现）,小说 书源,异常状态,521,http://m.23xo.com
爱优喵iumew,❤小说,异常状态,503,http://www.iumew.com
爱说旗吧（优）,小说 书源,页面不存在,404,http://www.xs7.cc/#pb1101
猫眼看书③,正版,异常状态,503,http://download.yichnmedia.com
玄幻阁网,20250428,超时,,http://www.xuanhuange.net
琵琶曲,"【❌❌】搜索失-效,发现失效,搜索失效",异常状态,503,http://www.hdyp.net
百书阁小说网,07.🍈🍈🍈,异常状态,503,http://baitxt.com
神仙书阁,小说 书源,异常状态,503,http://www.shenxianfaka.top
秀秀漫画,💜漫画,异常状态,503,http://sinaappxx6.q236.cn
章鱼小说,[小说源],其它错误,,http://www.z1xs.com/#♤pb
笔下文学,小说 书源,异常状态,503,http://www.bixia99.co
笔仙阁吧,小说 书源,其它错误,,http://m.bixiange.me#🎃
笔趣屋,💯 常用,异常状态,503,http://statics.rungean.com
笔趣阁,小说 书源,其它错误,,http://www.boquku.com/#♤pb
笔趣阁,小说 书源,其它错误,,http://www.xxbiquge.cc/#♤pb
笔趣阁,小说 书源,异常状态,503,http://www.bqgwu.com
笔趣阁5688w,综合,异常状态,444,http://www.5688w.com/
笔趣阁tkxyk,自写0510,异常状态,503,http://www.tkxyk.com
笔趣阁顶点biqugedd,❤小说,异常状态,503,http://m.biqugedd.com
第九中文,小说 书源,异常状态,530,https://m.d9shu.com/##@遇知
精品小说,💠精选,异常状态,416,http://m.jingp.com#
纵横·女频💯,³۝天域整理,异常状态,500,http://www.zongheng.com/nvpin
经典笔趣阁,cfyyzl,异常状态,530,https://m.xingmingzhi.com
聚合书源,"番茄,失效,发现目录失效,搜索失效",异常状态,503,http://fqphp.yesui.me
苏念番茄番茄小说,,异常状态,503,http://list.api-fanqienovel.sunianyun.live/
衍墨轩吧,小说 书源,其它错误,,http://www.yanmoxuan.net/#♤pb
言情中文,微筛选,异常状态,530,https://m.nsxs5.net/##@遇知
读书阁dushuge,❤小说,异常状态,521,http://m.dushuge.com
豆腐阅读,"发现失效,搜索正文失效,豆腐",异常状态,503,http://m.doufu.me
趣读屋,,异常状态,521,https://m.quduwu.com
逼事阁,,异常状态,444,http://m.youdian5.com/
零点小书,-------,异常状态,444,http://www.ldxsw.co
韩漫网_by_历飞雨,已检验,异常状态,521,https://www.hancomic.com
马甲小说,写源,异常状态,503,http://www.mjlsh.org/
魔蝎小说,🎃常规,异常状态,503,http://m.moxiexs.com/
🈲 No.1版主,"发现失效,【❌❌】搜索正文失-效,搜索失效",异常状态,503,http://hdyp.net/
🌞晴天小说,"❤️视频,❤️番茄",其它错误,,"http://api.cloudepays.cn
http://api618.qingtian618.site
https://api.gyks.cf
提示：点击登录切换服务器按钮可进行切换(当前书源为纯小说阅读)"
🌞晴天融合小说2.1(vip独立版),"📖小说,2505181,🗂 聚合",异常状态,502,https://v1.qingtian618.com/#小说/
🌟全本小说网,,异常状态,503,http://www.quanbenbook.com
🌸 新起点小说,🌸常用,异常状态,503,http://www.xqdhk.net
🌸樱花动漫(作者abyssesml),"影视,发现失效,﹅ ✾ 言耽,搜索失效",异常状态,503,http://m.yinghuacd.com/
🍁 精品小说🔸zjwyzyy,🌸 免费,异常状态,503,http://wap.zjwyzyy.com/
🍁笔趣阁㉑①,,异常状态,521,https://www.dbiquge.com/
🍁笔趣阁㊲①,,异常状态,503,http://www.ghxsw.com/
🍊91小说,✨极速,其它错误,,http://www.9138xs.com##@尐哖
🍺 116文学手机版,"发现目录失效,书源分享,搜索失效",其它错误,,https://www.23meigui.com/🐤
🍺 笔下文学③,"🍺特优,🚀VPN",异常状态,503,http://m.juedao.net
🍺 笔趣阁 biqugem.cc,🍺 特优,异常状态,502,http://www.biqugem.cc
🎈 不可能的世界M,🎈轻读,异常状态,503,http://m.8kana.com
🎉 天翼小说网,"💊无搜,🎉精品",异常状态,503,http://www.tyxsw.cc
🎉 飞鸟小说,🎉 精选,异常状态,503,http://app.xiaoshuo123456789.com:8765
🎉书林文学①,,异常状态,503,http://www.miz5.com/
🎉无二小说①,,异常状态,530,https://www.52xiaoshuo.com/
🎋搜狗读书🎋,,异常状态,503,http://m.sougouds.com/
🎋风鸣轩小说🎋,校验超时,异常状态,503,http://www.pjdt.cn/
🎨 扑飞漫画,🎨 漫画,异常状态,503,http://m.pufei6.top
🎨百漫谷,第四队,异常状态,521,https://darpou.com
🐈 猫眼看书,免费,异常状态,503,http://download.maoyankanshu.la
🐦 青羽阅读,🌟 api,异常状态,503,http://www.qingyubook.com
👌 乐库,👌 常用,其它错误,,http://m.6lg.org##@尐哖
👍 新书虫,👍 优质,异常状态,503,http://www.xinshuchong.com
👍香香小说,"5.26,发现失效,搜索失效",异常状态,521,https://www.xbiqugee.com
💊 笔下文学,💊无搜,异常状态,503,http://www.bjpos.net
💠 悟空小说（修复发现）,💠 综合,异常状态,503,http://www.548xs.com
💦牛牛中文网,,异常状态,503,http://www.nbw.la/
💯五二小说网,,异常状态,521,http://www.xiaoshuo.cc/
💯爱书网小说,,异常状态,530,http://www.22ff.vip/
💰汤圆创作,💰 正版 💰,异常状态,503,http://www.itangyuan.com/
📃第九源言情,,异常状态,400,https://www.dijiuyuan.com
📖 御书宅屋,📖 小说,异常状态,444,http://www.miaodu5.com/
📖 玉才小说,🚀 加速,异常状态,503,http://m.yucaizw.com/
📖下书小说网,,异常状态,503,http://www.frxsw.com/##@Mengteen
📜笔趣阁111(作者abyssesml),"【】👾笔趣阁,【🈵♥🈵💯】231123千组1,搜索失效",异常状态,521,http://m.biquge111.com/
📻 听中国,,异常状态,500,https://app.365ting.com
🔖格格党,"🍍🍍🍍🍍🍍🍍,🔖177,搜索失效",异常状态,503,http://www.ggdwx.com/
🔰书香中文网8/零点看书,【小说 书源】,异常状态,444,https://www.shuxiang8.net
🚬 三Z小说,"🚬刘备,💊无搜,🚀VPN",异常状态,503,http://www.zzzxs8.com
🚬 懒人小说,C组,异常状态,503,http://www.fm530.com/13/13254/
🚬 港岛妹小说,🚬 刘备,异常状态,503,http://www.yiw88.com
🚬 蛋文库,"🚬刘备,🍊女频",异常状态,503,http://danwenku.com
🧐爱书网♨️,"发现失效,﹅ ♝ 优良,搜索失效",异常状态,503,http://www.52kanshu.org/
🪔️ 永恒小说,"遇知,搜索失效",其它错误,,http://www.4pan.net/##@遇知
🪔️ 百书阁,"发现失效,【❌❌】搜索正文失-效,搜索失效",异常状态,503,http://www.baitxt.com/
116中文,,超时,,https://m.116zw.com
153小说,综合,超时,,https://m.153xs.com
234热门,综合,超时,,http://m.234re.com
333uu.org_333uu.org,👍 备用,超时,,https://www.333uu.org
369小说网,第一分组,有响应(拦截),429,https://www.369book.com
444,﹅ 通用书源▪︎玄奇,可达,200,https://www.diyibanzhu444.com/
54看书-笔趣阁（天天书源）,综合,可达,200,https://m.54kanshu.com
67书吧②,🎉 精品,超时,,https://www.67book.net/
7766小说网,🥇小黑网络素材,超时,,http://wap.qiliuxs.com
81中文网,"等待修复,发现目录失效",超时,,https://m.81cnw.com
ACGԪ,"?һ,?",超时,,https://south.yuanacg.com#SUN
ESJ轻小说.me,"日轻小说(2024-12-13)
GitHub@ZWolken",超时,,http://www.esjzone.me
Nhimmeo Mui(刺猬猫),,超时,,https://cwm.elysia.rip/
VV小说网,"已校验,0206⭐",超时,,https://www.vvxs.xyz/
bl书bl,,连接失败,,https://bl-m.shubl.com/
b💯书虫💜全部▪分类▪💜💜💜🔎bak,"﹅ ♛ 精品,发现失效,搜索失效",可达,200,https://www.shuchong.info
⌨书汇小说网,⌨自制,超时,,https://m.shuhui8.com
⌨新热门小说,,异常状态,522,https://www.xinremenxs.com
Ⓐ 风之涯,"发现失效,𐄜 有声,搜索失效",超时,,http://www.fengzhiya.vip/#pb1025
☆妙笔阁,暗涌,超时,,https://www.imiaobige.com##1
☘️小说网1☘️,,其它错误,,http://m.530p.com#响海
☘️笔学网☘️,,连接失败,,https://m.shengcang888.com##响海
☘️鲤鱼乡☘️,,可达,200,https://www.liyuxiang.cc/#响海
♛-147小说✘ #破冰,"💙已校验,🍀,搜索失效",超时,,http://www.147xs.org/#pb1101
♛燃文小说④w #破冰▼列表书少 列表m,"﹅ ♛ 精品,搜索失效",超时,,https://www.ranwen.la/#pb1101
♜ UC书库,"🍍🍍🍍🍍🍍🍍,♜230,搜索失效",其它错误,,http://m.ucshuku.com#♤yc
♜ ✎笔趣阁⑪④ md #破冰,笔趣阁,超时,,https://www.bqg33.com/#md-pb16
♜ 猪猪书网,,其它错误,,http://www.zzs5.com#yc1101
♜+爱书包 #破冰,✨极速,超时,,https://www.ishubao.org/#♤pb
♜-4小说,,可达,200,http://www.xyusk.com/#pb1101
♜3Q中文网 pb,"【❌❌】搜索失-效,搜索失效",其它错误,,http://www.3qzw.cc/#♤pb
♜凤凰小说网 md #破冰,"发现失效,﹅ ♜ 优质,搜索失效",超时,,http://www.11txt.com/#mdpb
♜玲珑小说 #破冰,"发现失效,﹅ ♜ 优质,搜索失效",超时,,http://www.linglongfen.com/#pb1101
♜龙坛书网,,超时,,https://www.longtanshuw.net/#♤pb
♝✎笔趣阁⑫① #pb,"笔趣,发现失效,﹅ ♝ 优良,搜索失效",超时,,https://www2.youtuzige.com/#♤pb
♬ 三五听书网 #破冰1025,听书,连接失败,,https://ting35.com/#pb1025
⚡笔趣阁c20,"💥优质,笔趣阁,🍁 笔趣 🍁",超时,,http://www.xibiquge.com
✍书趣阁2shuquge[修复],1122,超时,,https://91.246.39.21/
✐ 漫画星球 #Haxc,"漫画,发现失效,搜索失效",其它错误,,http://m.mhxqiu.com#♤Haxc
✐ 酷爱漫画 #Haxc1107,"🎨 C漫画,0-🏜️ 图片",超时,,https://www.kuimh.com#Haxc1107
✾ 520小说 #一程,⁶❀耽女︎ºั轻言,其它错误,,http://m.520xsb.com#♤yc
❄笔趣阁Ⅷ,【小说 书源】,超时,,https://m.bqgiii.cc/
⭐乐库小说网,⭐自制,超时,,http://www.6lk.net
⭐️爱看书吧•M,3,超时,,http://m.i2book.com
⭐️黄易小说•M,,超时,,http://m.huangyixiaoshuo.net
㊕ ✾鲤鱼乡① #一程1101,已校验929,可达,200,https://www.liyuxiang.cc#yc1101
㊕✐好吧漫画 #一程,⁹ಥ刘备入川〽️,超时,,https://hao8.net#yc1101
一读小说,小说 书源,超时,,https://www.121du.net#(没问题有可能魔法)
七七漫画,漫画🎟️,可达,200,http://wap.77manhua.net
七夕漫画,"漫画,发现失效,搜索失效",其它错误,,http://m.qiximh.com##@尐哖
七零一七,⭐️ 收藏,超时,,https://www.7017k.net
三七小说（优+）,小说 书源,超时,,https://www.37yq.com
三五听书,听书 书源,连接失败,,https://ting35.com/
三五玫瑰,⑸🔰  优质,超时,,https://www.35meigui.com
三叉小说,全部来自论坛,超时,,http://m.xxxbiquge.info
下载楼,全部来自论坛,超时,,http://m.wxkushu.net
久久下载网②,"发现失效,【❌❌】网站失-效,搜索失效",超时,,http://m.ijjjxs.net
乐库小说6lg,❤小说,超时,,http://www.6lg.org
乐文去阁,小说 书源,其它错误,,http://www.lewenge.la##@尐哖
乐文小说,小说 书源,超时,,http://www.65xs.net/
乐文小说①,💯 满分,超时,,https://www.xlewen.com/
乐文小说网🎃,,超时,,https://www.lewen0001.com#🎃
乐文阁子,小说 书源,其它错误,,http://www.lewenge.la##@遇知
乐语漫画📱,漫画🎟️,连接失败,,https://m.leyuman.com
九五书包,小说 书源,其它错误,,http://www.95shubao.cc#🎃
九五书包🎃#2,,其它错误,,http://www.95shubao.la#🎃
九五小说,综合,异常状态,503,http://m.95dushu.com
九五小说 #一程,综合,其它错误,,http://www.95shubao.net/#%E2%99%A4#♤yc
九桃小说,小说 书源,超时,,http://33txs.com/
乡村小说◾️,"发现失效,💍,搜索失效",可达,200,http://m.xcxs9.com
书林文学[仅发现],综合,超时,,http://www.shu008.com/
书荒小说网,,超时,,https://www.shuhuangxs.com
书趣阁,,超时,,https://www.ishuquge.la/
书趣阁①,"💭💭💭💭💭💭,搜索失效",超时,,https://www.sizhicn.com/
书迷之家,收集出处：源论坛 4月29号,超时,,https://m.vu8o.com
二三中文网,综合,超时,,http://m.ersanxs.net
云中书库,小说 书源,其它错误,,http://www.yunxs.com/#♤pb
云中书库,小说 书源,其它错误,,http://www.yunxs.info#🎃
云读小说,📃论坛,超时,,https://m.yundu9.com
云霄阁,自制,超时,,http://www.e11.net
五六书库,小说 书源,超时,,https://wap.56shuku.info
人文书库,,可达,200,http://www.rwsk2.com
亿软小说,"自制,备用,源仓库,网页源",超时,,http://m.yruan.la
亿软网吧,小说 书源,超时,,https://www.iyruan.com/
以太小说网,女频,超时,,https://m.ethxs.com
侠客小说,小说 书源,超时,,https://www.tcknh.com
修真堂吧,综合,超时,,https://www.xiuzhent.com/
全本小说,小说 书源,超时,,http://www.iqb8.org
全本小说②,﹅ ♞ 普通,超时,,https://www.qb50.net/#♤pb
全本小说（发现）,小说 书源,超时,,https://www.qb50.net/
八一中文,-------,其它错误,,http://www.zwduxs.com#yc1101
八一中文,,超时,,https://m.bayizww.com#🎃
八一中文15,【⚙️已检书源】,超时,,https://www.blxs.la/#pb1101
八一中文🎃#4,常规,连接失败,,https://m.zwduxs.com#🎃
八月文学,,超时,,https://www.qixiashu.com
八足,涩涩(低水平源),可达,200,https://m.bazu.cc/
六月听书,听书 书源,其它错误,,http://m.6yueting.com/#♤pb
冰氪漫画📱,漫画🎟️,超时,,https://m.icekr.com
创维小说,涩文,超时,,https://www.woo16.vip
动漫之家,"影视,发现目录失效,搜索目录失效",连接失败,,https://api.m.dmzj.com
包子漫画2,🎨漫画,有响应(拦截),429,https://www.pkssj.com
千千小说10,"发现失效,【❌❌】网站失-效",超时,,https://www.qqxsw.info
华东看书,,超时,,http://www.ahdzxtd.com/
南屯小说网,,超时,,https://www.zmdy8.com/
南山书院,小说 书源,超时,,http://www.szyangxiao.com
原创星球//壬二酸,AAAAA新,超时,,https://www.novelstar.com.tw/?lang=cn
古典小说,微筛选,超时,,http://www.seeol.com
同人小说,,有响应(拦截),429,https://www.trxs.me/
同人小说,③🌸  精品,超时,,http://www.trxs123.com
吞噬小说,🔰普通,超时,,https://m.tszw.org
吧阅读器,小说 书源,超时,,https://www.9x.com
吾汗血也,"发现失效,小说,搜索失效",超时,,http://www.whxueye.com/
哭吧小说,小说 书源,超时,,http://www.00xs.net
唔小说网（发现）,小说 书源,超时,,http://www.630xsw.com/
嗯群书库（发现）,小说 书源,超时,,http://www.pingshuku.com
四库书屋,,其它错误,,http://www.4ksw.com##旅途
围脖书库,微筛选,超时,,https://www.liuxs.la
外星书库（发现）,小说 书源,超时,,http://www.56shuku.org
夜寒书库,"失效,js失效,收集出处：源论坛 4月29号",超时,,https://www.yinyueyang.com
夜读居,👍 备用,超时,,http://www.yeduju.com
大白小说网,综合,超时,,https://www.dabaipc.com
天域小说,综合,超时,,https://www.tycqzw.com/
天域小说,-------,超时,,https://www.zmccx.com/#pb1101
天域小说,小说 书源,超时,,https://www.tycqzw.com#🎃
天域小说️,小说 书源,其它错误,,http://www.tycqzw.net#🎃
天籁小说,小说 书源,超时,,https://m.tlaibook.cc
天籁小说网🎃,,超时,,https://www.tianlai01.com#🎃
太极书吧（魔法）,魔法,超时,,https://69shux.co/#防同
奇书网,"全部来自论坛,搜索失效",超时,,https://www.ssefu.com
奇书网吧,小说 书源,连接失败,,https://www.qishuta.la#🎃
奇书网络（导入）,小说 书源,超时,,http://www.qishuc.com
奇点中文,小说,超时,,https://m.qidianzw.com
女生文学,-------,其它错误,,http://www.wenxuem.com#yc1101
好笔水阁,小说 书源,超时,,https://www.1688by.com
完本神站,4月2号静白,超时,,https://wbsz.cc/
官术网,！绝对领域,超时,,https://www.biyuwu.cc/
宝书轩,"搜索正文失效,发现正文失效,【❌❌】搜索正文失-效",超时,,https://www.baoshuxuan.com#onede
小猫爱网,小说 书源,超时,,http://www.99mk.org
小说⁷⁷,,超时,,http://www.lw77.cc
小说云吧,小说 书源,超时,,http://api.xiaoshuoyun.cn
小说天堂,小说 书源,超时,,https://www.xstt5.com#yc1101
小说酷笔记,精品,可达,200,https://m.kubiji.net/
就爱文学,小说 书源,超时,,http://m.92xs.la
就爱文学,"源仓库,整理检验,自制,网页源",超时,,https://m.92wx.la
山药小说,微筛选,页面不存在,404,http://www.zhanqunbao.cn
平凡文学,小说 书源,超时,,http://m.pksge.com
平板电子书网,2,超时,,http://www.pbtxt.me
当书网,,超时,,http://www.dangshu.org
得奇小说,综合,超时,,https://www.deqixs.com/##ʕ ᵔᴥᵔ ʔ喜静
得奇小说,小说 书源,超时,,https://www.deqixs.com/##喜静
得间小说,小说 书源,可达,200,https://www.idejian.com/#haxc
御书小说,,可达,200,https://m.yushuwu.mobi
微阅读库,小说 书源,其它错误,,http://www.yuedsk.com###喜静
必去小说,,超时,,http://www.biquw.la
必去楼,综合,超时,,http://www.bequ6.org/
快读文学,测试1111,异常状态,503,http://www.plhydp.com/
思路客吧,小说 书源,超时,,http://www.shuquxs.com/
思路客🎃#2,,其它错误,,http://www.shuquzw.info#🎃
悠久小说,小说 书源,其它错误,,http://www.ujxs.com#一程
悠久小说,小说 书源,其它错误,,http://www.ujxs.com#md-yc14
悠久小说,小说 书源,超时,,http://m.ujxsw.net/
想书楼吧,小说 书源,超时,,https://m.shulouba8.com
我的书城(网站禁搜索),综合,连接失败,,https://wodushu.com
手机小说,小说 书源,其它错误,,http://www.ixiatxt.com#🎃
打枪小说,小说 书源,超时,,http://m.147xs.org
指尖阅读,小说 书源,超时,,https://zjyd.danmofun.com#yuan1107
指尖阅读🎃,,超时,,https://zjyd.danmofun.com#🎃
搜爱动漫（优）,影视 书源,可达,200,https://www.socomic.com/
搜读,综合,超时,,http://m.soduzw.com#
摩西动漫,漫画,超时,,http://www.moxidongman.com
文墨中文,-------,其它错误,,http://www.imaxreader.com##@鱼
文学度子,小说 书源,超时,,http://m.wenxuedu.com
文桑小说,小说 书源,超时,,http://www.wlwx.info
斗破苍穹,小说 书源,其它错误,,http://www.doupocangqiong.cc#🎃
斗破苍穹小说网 m.doupocangqiong.cc,未测试,超时,,http://m.doupocangqiong.cc
新御书屋⑮,,其它错误,,http://www.xinyushuwu2.com/#🚀
新笔趣 vvss.net,未测试,超时,,http://www.vvss.net
新笔趣阁,小说 书源,其它错误,,http://www.xbiquge.la#cookie
新龙小说,👍 备用,超时,,https://www.newloong.cc/#去重复
无双小说,🏖️免费+,超时,,http://www.buxia.info/
无限小说,小说 书源,其它错误,,http://www.55xs.co#🎃
无限小说网②,﹅ ♛ 精品,超时,,https://www.wenxuesk.com/#♤pb
旧时光🎃,,超时,,https://www.oldtimescc.com#🎃
易读,综合,超时,,https://yiduzkk.com
星彬小说阁,综合,超时,,https://www.xbing.cc
星星小说🎃,,超时,,https://m.zbcxw.cn#🎃
星空小说,小说 书源,超时,,http://wap.aixswx.net
星空小说◎辞晨◎,写源,超时,,http://wap.aixswx.org/
最漫画,"漫画,搜索失效",超时,,https://m.zuimh.com/#♤Haxc
最牛漫画,念心 || 漫画,超时,,https://m.zuimh.com#yc1101
望书阁子,小说 书源,超时,,https://wap.wangshuge.com
望书阁网,小说 书源,超时,,http://wap.wangshuge.la
木叶小说网,"5,。",超时,,https://wap.qixiashu.com
来读读破,综合,超时,,https://www.laidudu.com/
松鼠症仓库suqbcgrmwwc,"💜漫画,☀其一",可达,200,http://2023-07-25suqbcgrmwwc.top
格格党,收集出处：源论坛 4月29号,超时,,http://206.238.220.99:66
桃子小说,小说 书源,其它错误,,http://www.taozitxt.net/#喜静
梦书中文,综合,超时,,http://www.mcmssc.la
棉花糖小说,全部来自论坛,超时,,http://www.mianhuatang8.net/
棉花糖网,"发现失效,﹅ 通用书源▪︎玄奇,搜索失效",超时,,https://wap.imianhuatang.info
棋子小说,小说 书源,超时,,https://www.18xsorg.com/#pb1101
武侠小说（魔法）,小说 书源,超时,,https://m.wuxia8.com/
武道文学,小说 书源,超时,,http://www.22pq.com
水小说网,小说 书源,超时,,https://www.147xs.org/
求小说网,-------,异常状态,522,https://www.qiuxiaoshuo.org
汉化吧,🎃 通用,可达,200,http://www.hanhuaba.com#
沐雨阅文,@收藏@,超时,,http://www.qidianyw.com
深夜看书🎃,,超时,,https://www.shenyebook.com#🎃
源社区出品-【🧾悠久小说】,20250428,超时,,http://wap.ujxsw.net
溜达小说,小说 书源,其它错误,,http://www.txtshuku.org#yc1101
漫漫看,"发现失效,【】⛺漫画,搜索目录失效,【❌❌】网站失-效",连接失败,,https://m.manmankan.cc
漫画牛,漫画🎟️,可达,200,https://m.manhuaniu.com
炫动小说网,全部来自论坛,超时,,https://www.xdxss.com
燃文小说,小说 书源,超时,,https://www.ranwen.tv#🎃
爱上听书,听书 书源,其它错误,,http://www.23ts.com/#♤pb
爱下,综合,超时,,http://www.sjwx.la
爱听书网,听书 书源,超时,,https://m.520tingshu.cc
爱奇文学,﹅ 通用书源▪︎玄奇,超时,,http://m.i7wx.net
爱小说网,小说 书源,超时,,https://www.00shu.com/#pb1101
爱小说网（发现）,小说 书源,超时,,https://www.ixs.cc
爱尚小说,"备用,自制,搜索失效",超时,,https://www.23xsw.net
爱看书吧,,超时,,https://m.ikshu8.com
爱笔楼吧,综合,超时,,https://www.ibiquge.info/
狐狸小说网,综合,超时,,https://www.hulixsw.com
猪猪书网,小说 书源,其它错误,,http://www.zzs5.com#🎃
玄幻阁 #一程,综合,其它错误,,http://www.xuankuge.com#yc1101
玄幻阁吧,小说 书源,其它错误,,http://www.xuanyge.net#🎃
玄幻阁子,-------,其它错误,,http://www.xuankuks.com#一程
玄幻阁网,综合,超时,,http://www.xuanyge.org
玫瑰小说,"发现失效,搜索失效",超时,,https://m.meiguixsw.com
电子小说,-------,超时,,https://www.dzxs8.com/##@遇知
番茄小说,小说 书源,超时,,http://yuefangie.jingluo.love
番茄小说无密钥版2鲸落,"❤️番茄,❤️常用",超时,,http://apifanqie.jingluo.love
番茄小说（优+）,小说 书源,连接失败,,https://ikun.laoguantx.top:45598
白马楼,💠其他,超时,,https://www.baimalou.com
皇帝之家,小说 书源,超时,,https://www.huangdizhijia.com
看书吧🎃,,其它错误,,http://www.bbiquge8.net#🎃
看小说网,小说 书源,超时,,http://www.7kankan.net
神书网,,超时,,http://wap.shenshuzw.net
神马小说🎃,,超时,,https://www.shenmaxiaoshuo.com#🎃
稻  草  人,⁵♡ོ晨光雨露✺普通源,超时,,https://www.07dcr.com/##发现
穿越小说,,超时,,http://m.kk169.com
笔下文学bxwx,天天,超时,,https://www.bxwx.live
笔尖biqu,综合,超时,,https://www.biquzw.info
笔翠小说b6,涩文,超时,,http://www.bicui6.com
笔趣出版,名著出版,超时,,http://www.ailcai.com/
笔趣工,微筛选,超时,,https://wap.gonb.org/
笔趣网吧,小说 书源,超时,,http://www.biquw.info/
笔趣迷网,小说 书源,超时,,https://www.biqumi.cc
笔趣阁,,异常状态,522,https://www.yuyouge.com/
笔趣阁,小说 书源,超时,,https://www.xbiquwx.la/#♤pb
笔趣阁,小说 书源,超时,,https://m.quge7.cc
笔趣阁,-------,超时,,https://www.xbiquge.la/#pb1101
笔趣阁,小说 书源,超时,,https://www.xbiquwx.la/#pb1101
笔趣阁,小说 书源,连接失败,,https://www.ibiquge.net#md-pb1101
笔趣阁,小说 书源,超时,,http://www.biqu6.com
笔趣阁,小说 书源,超时,,http://wap.bqzw789.com
笔趣阁,小说 书源,其它错误,,http://www.szqccw.com/##@遇知
笔趣阁,小说 书源,超时,,https://www.biqukun.com#🎃
笔趣阁,小说 书源,超时,,https://www.bequgew.com/#pb1101
笔趣阁,小说 书源,超时,,https://m.bqg222.com#🎃
笔趣阁 #一程,🍁 笔趣,超时,,https://www.liquge.com#♤yc
笔趣阁/beqege,"自制,源仓库,网页源",超时,,https://m.beqege.cc
笔趣阁11,非常重要 勿刪,超时,,https://m.bqgdi.com
笔趣阁16（发现）,小说 书源,超时,,https://www.kajimall.com
笔趣阁33,,超时,,http://www.xuanyge.net/
笔趣阁9,"自制,源仓库,网页源",超时,,https://m.bq9.cc
笔趣阁gz,"自制,源仓库,网页源",超时,,https://m.bqggz.com
笔趣阁①,精品,超时,,https://www.qbiqu.com
笔趣阁④,搜索失效,超时,,https://www.biqukun.info/
笔趣阁⑨,精品,超时,,https://www.biqugexx.com/
笔趣阁❷,API,超时,,https://nso92.xsafetech.com/
笔趣阁🇨🇳,笔趣阁,超时,,http://m.biqu520.net
笔趣阁🎃#17,,超时,,https://www.liquge.com#🎃
第一小说,小说 书源,超时,,https://m.01xs.com/##@遇知
第一版主,⁴☃晨光雨露᭄精品源,可达,200,http://7778877.net/
第九中文,✯·常用,超时,,https://app.yqzw5.net/
粉扑儿文学,1,超时,,https://m.fenpur.com
精选小说,综合,可达,200,https://www.jxxss.com
红袖招,18,超时,,https://hongxiud.com##
综艺文学（发现）,小说 书源,超时,,https://m.zongyixsw.com
网阅小说,,超时,,https://m.beiwobook.cc
美逸书城,自制,超时,,https://my2h.org
肉漫武rm01,💜漫画,超时,,https://rm01.xyz/home
胖子小说🎃,,超时,,https://m.pzshen.com#🎃
胡行小说,小说 书源,超时,,https://m.67txt.com/
艾克小说,﹅ ♛ 精品,其它错误,,http://www.ik555.net#♤yc
芙蓉小说,综合,可达,200,http://www.frtxt.com
若初文学,综合,超时,,https://m.ruochuwx.com/
若雨中文,,超时,,http://www.3yt.la
落宅小说,"﹅ ♛ 精品,发现目录失效",可达,200,https://m.lazhaiwu.com#kd11
蓝海搜书,小说 书源,超时,,https://m.sofooter.cc
蚂蚁阅读,,其它错误,,http://www.imayitxt.com#Namo
蚂蚁阅读,-------,超时,,http://www.imayitxt.com/#pb1101
蚂蚁阅读,小说 书源,其它错误,,http://www.xmayitxt.com#🎃
蛋蛋小说,小说 书源,超时,,https://www.00shu.com/#♤pb
西瓜小说,综合,超时,,https://www.pdske.com
言情小说,小说 书源,超时,,http://www.yanqing.co
读万卷书,小说 书源,超时,,http://m.duwanjuan.info
读乐星空 z.dlxk.com,未测试,超时,,https://z.dlxk.com
读文学网,校验可用,超时,,http://www.duwenxue.com/
豪橫文学,"【❌❌】搜索失-效,发现失效,搜索失效",超时,,http://m.haohengwx.org/
起舞中文,api·凡,超时,,https://www.75zhongwen.com#md
超凡小说网,搜索失效,连接失败,,https://www.pan8.net
轻之文库,小说 书源,可达,200,https://www.linovel.net#一程
轻之文库（优）,轻小说,可达,200,https://www.linovel.net#🎃
迎书阁子,小说 书源,超时,,https://www.yingshuge.com/#喜静
追书帮网,小说 书源,连接失败,,https://www.zhuishubox.com/
追追漫画M,微筛选,超时,,http://zz.ilikemanga.com
速赢文学,"自制,源仓库,网页源",连接失败,,https://m.zbsuying.com
酷爱漫画（优）,,超时,,https://www.kuimh.com
醉读小说,小说 书源,其它错误,,http://wap.imaxreader.com/#喜静
醋溜儿文学[666],🏖️免费+,有响应(拦截),429,https://www.clwx666.com/
铁血读书,破冰&一程0902,超时,,http://androidapi.junshishu.com/
错衡文学,"💭💭💭💭💭💭,发现正文失效",其它错误,,http://cuoheng.com/##@遇知
键盘小说🎃,常规,超时,,https://www.jianpan.la#🎃
阅读库子,综合,其它错误,,http://www.yuedsk.com#喜静
阿姑小说,涩文,超时,,http://m.aguxs.com/
零点看书,小说 书源,连接失败,,https://www.soudu.org/
零点看书（发现）,小说 书源,超时,,https://www.00ksw.com/
零零小说,小说 书源,超时,,https://www.00shu.la/##喜静
青州,已检验,有响应(拦截),429,https://www.lwread.org
顶点小说,小说 书源,超时,,http://www.dingdianxs.la/#pb1101
顶点小说,小说 书源,超时,,http://www.ddxsku.com/
顶点小说,小说 书源,超时,,https://www.23wx.cc
顶点小说,⭐️小说,超时,,http://www.dingdianxs.la/
顶点小说[20xscc],⛱️免费,超时,,https://www.20xs.cc/
顶级看书网,,超时,,https://www.djks8.com
风之动漫🇯🇵,"🎨漫画,🇯🇵【日漫】",超时,,https://manhua.fzdm.com
香书小说,综合,超时,,https://www.ibiquges.com
骑士全本小说,"💝 优质,希弥",超时,,http://www.74qb.com
鬼吹灯包,-------,其它错误,,http://www.cxbz958.com/#♤pb
鬼吹灯吧,小说 书源,超时,,http://www.cxbz958.com/#pb1101
鬼怪屋,"发现目录失效,﹅ 通用书源▪︎玄奇,搜索失效",连接失败,,https://www.guiguaiwu.com/
魔爪小说[app],综合,有响应(拦截),401,https://m.mozhua.app
鲤鱼小说,小说 书源,可达,200,https://www.liyuxiang.cc
鸟书网,"自制,源仓库,网页源",超时,,http://wap.99mk.cc
鹅搜小说,小说 书源,超时,,https://m.soxscc.net/#md1116
黄易小说,-------,超时,,http://www.xhytd.com/#pb1101
黑岩网吧,综合,超时,,http://m.xheiyan.info
龙坛书网[net],🏖️免费,超时,,https://www.longtanshuw.net/
️夜寒小说,小说 书源,超时,,https://www.yehanshu.com#🎃
️笔下文学柒柒,综合,超时,,http://www.dddw.net/
🌐 背窝韩漫,,超时,,https://bwhanman.com
🌞晴天听书4.0,"番茄畅听,七猫听书,喜马拉雅听书",异常状态,522,https://api.qingtian618.com/#听书/
🌞晴天融合听书3.0(独立版),"番茄畅听,七猫听书,喜马拉雅听书",其它错误,,http://api.qingtian618.cn:9999/#听书/
🌞晴天融合短剧2.1(独立版),2025,异常状态,522,https://api.qingtian618.com/#短剧/
🌠 酷漫屋网,🌠 漫画,可达,200,http://m.kumange1.com
🌸 笔趣阁v7xs,🌸常用,超时,,http://m.v7xs.com
🍁 优品小说🔹验证码,"笔趣,﹅ ♞ 普通",超时,,https://www.you-pin.com/##@遇知
🍁 笔趣阁⑪⑦,"【❌❌】搜索正文失-效,【】👾笔趣阁,搜索失效",超时,,http://www.xbiquke.com/
🍁笔趣阁①①,,超时,,https://www.52bqg.cc/
🍁笔趣阁⑧①,,超时,,https://www.bqgshu.com/
🍁笔趣阁⑩⑥,🍁 笔趣 🍁,超时,,https://www.biqugetw.com/
🍁笔趣阁㉓①,,超时,,https://www.jid5.com/
🍅棉花糖（有排行）,小说,超时,,http://www.mhtwx.la
🍊 南屯小说网,"💊无搜,🍊女频",超时,,https://www.nantunwang.com
🍊格格党666,✨,超时,,https://www.qiuju666.com
🍒阅读库-[wed端],月月书源,超时,,http://www.yeudusk.com/
🍺 00小说网①,,超时,,http://www.00shu.com
🍺 360文学[仅发现],"🍺特优,发现失效,搜索失效",超时,,http://m.360wxw.com
🍺 大河文学,🍺 特优,超时,,https://www.dahewenxue.com/
🍺 玫瑰小说,小说,超时,,https://www.meiguixsw.com
🍺 若读小说,🍺 特优,超时,,https://www.shumiba.org
🎀思路客网,🎀优质,超时,,https://www.shuquzw.la/
🎃悠久小说,,其它错误,,http://www.ujxs.com#🎃
🎉 147小说网②,"💊无搜,🎉精品",超时,,http://www.147xs.com
🎉 云海小说,🎉 精选,连接失败,,https://m.yunhai9.com
🎉 学笔网,🎉 精选,连接失败,,https://m.shengcang888.com
🎉 文桑小说,🎉 精选,超时,,http://www.wlwx.la
🎉 明月中文,🎉 精选,超时,,https://www.365bok.com
🎉 求小说网,🎉 精选,超时,,http://www.qiuxs.org
🎉 燃文书库,🎉 精选,超时,,https://m.779buy.com
🎉 爱看书吧①,🎉 精选,有响应(拦截),429,https://www.aikanshuba.net
🎉 笔下文学gaobi[仅发现],,超时,,https://www.gaobi.net
🎉 蚂蚁阅读,,超时,,http://www.mayitxt.org
🎉一九小说网,,超时,,https://www.19xs.com/
🎉三三小说①,,超时,,https://m.33xs.cc/
🎉六七书吧①,,超时,,https://www.67shu.net/
🎉天籁小说~a,🎉️精选,连接失败,,https://xs.23sk.com/
🎉小说书库①,"﹅ ♛ 精品,搜索失效",超时,,https://www.xssk.la/
🎉无小说网③,,连接失败,,https://www.xineyby.com/
🎉玲珑小说①,,超时,,http://www.linglongfen.com/
🎉给力文学,"﹅ ♛ 精品,搜索失效",超时,,http://www.geiliwx.net/
🎉顶点小说㊱,🎉 精选 🎉,超时,,https://www.ddxs.cc/
🎋卡夜阁🎋,,有响应(拦截),429,https://m.kayege.net
🎧老白故事,🎧听书,连接失败,,https://apk-lb-play.fodexin.com
🎨 六漫画网,漫画,异常状态,503,http://www.sixmh6.com
🎨 动漫之家v3₁ #Haxc1107,漫画,其它错误,,http://v3api.dmzj.com#Haxc1107
🎨 武侠漫画,微筛选,超时,,https://m.wuxiamh.com
🎨 百年漫画,🎨 漫画,有响应(拦截),429,https://m.bnman.net
🎨 酷爱漫画  #一程,漫画,超时,,https://www.kuimh.com#♤yc
🎨亲亲漫画,🌟漫画,其它错误,,http://api.acg.gd#Haxc1107
🎨动漫之家💓,"🍿 日常,🎊 常用,🎨 漫画",超时,,https://www.idmzj.com
🎨漫画1234,漫画,超时,,https://www.mh1234.com
🎨顶通漫画💞,"🔭 其他,🎊 常用,🎨 漫画",超时,,https://toptoonfree.com
🎴 六零看书,"已校验10.21,小说",超时,,http://www.60ks.cc
🏵七六文学,🏵,超时,,http://www.qiliuwx.org/
🐣丹书铁卷,"🐣 备用,✉️  网络文学",超时,,https://www.dstiejuan.com##发现分类
🐣新龙小说,Tg:@sousuo234,超时,,https://www.shenyebook.com##ʕ ᵔᴥᵔ ʔ喜静
🐳56听书网②,🐳 有声 🐳,超时,,https://www.56tingshu.com/
🐳酷爱听书,🐳 有声 🐳,超时,,https://www.kui168.com/
👌 ESJZONE,👌 常用,超时,,https://www.esjzone.me
👍 39小说,"👍,搜索失效",超时,,http://m.fywenx.com
👍 努努书坊,👍 优质,超时,,http://www.huaxiaci.com
👍 燃文小说②,"﹅ ♜ 优质,搜索失效",超时,,https://www.ranwen8.com
👍 笔趣阁,"正文,（1）,校验超时",超时,,http://m.xbiqige.com
👍 饭饭中文,"发现失效,﹅ ♜ 优质,搜索失效",有响应(拦截),429,https://www.fanfanzw.com
👑第九中文网,"【❌❌】搜索正文失-效,搜索失效",超时,,m.dijiuben.net
👺九妖漫画_RM,"漫画,？,18",超时,,https://91-mh.xyz
💊 言情站,💊无搜,超时,,https://www.yanqingzhan.net
💠 乐库小说,【小说1书源】,超时,,http://m.6lg.org
💠 人文书库,"💠 其他,🚀 VPN",有响应(拦截),429,http://www.rwsk.net
💠 望书阁网,,超时,,http://wap.wangshuge.info
💦一一小说④,,有响应(拦截),403,https://m.eexiaoshuo.com/
💦书呆网小说,,超时,,https://m.shudai.org/
💦搜书网小说,,可达,200,https://m.soshuw.com/
💦龙坛书网②,💦 精品 💦,超时,,https://www.longtanshuwang.com/
💯中文网①①,,可达,200,http://www.530p.com/
💯搜书网小说,,超时,,https://m.soshuwu.com/
💯爱书吧小说,,连接失败,,https://www.2shu8.cc/
💯笔趣库小说,,超时,,https://www.biqiku.net/
💯龙坛书网①,💯 精品 💯,超时,,https://www.ltsw888.com/
📃笔趣阁⑤⑨,微筛选,超时,,http://www.biqugeu.cc/
📓乐库小说网,"【❌❌】搜索失-效,搜索失效",其它错误,,http://www.6lk.info##旅途
📖 全书书阁,"【❌❌】搜索失-效,发现失效,搜索失效",超时,,https://ssbiqu.com/
📖 白马楼网,📖 小说,有响应(拦截),429,https://www.baimalou.org
📖Woo小说①,,其它错误,,https://m.woo15.com/💝
📖肉书屋7,,可达,200,https://m.roushuwu7.com/#
📚 五六文学网,"📚出版,💊无搜",超时,,http://www.56wen.com
📚 无双小说,"🍍🍍🍍🍍🍍🍍,📚161,搜索失效",超时,,http://www.buxia.net
📚书山融合2.0,书山,超时,,http://v1.shushan.xyz:50001
📚稻草人,⑦📚  出版,超时,,https://www.07dcr.com
📜鬼怪屋▪️🦇,👻 恐怖,连接失败,,https://www.guiguaiwu.com/##遇知
📥 歌书网,🎉 精选,其它错误,,http://m.gashuw.com/#%@遇知
📻 6月听书网1（天天）(api),听书,其它错误,,http://m.6yueting.com#天天的鸟蛋蛋
📻 六月听书,有声,其它错误,,http://www.6yueting.com##yz
📻 有声小说吧,有声,超时,,http://m.ysxs8.vip/
🔖爱男孩帅哥网,2,有响应(拦截),429,http://www.aiboy.cc
🔖黄易小说,"【❌❌】搜索失-效,搜索失效",超时,,http://www.huangyixiaoshuo.com
🔥 爱他小说,"5.26,发现失效,搜索失效",其它错误,,http://www.hiaita.com#一程
🔰 亿软小说,优选书源by沐云风,超时,,https://m.yruan.com
🔰 奇书网站,🔰 普通,连接失败,,https://www.qishuta.info/
🔰 新笔趣阁(biqugezw),【小说 书源】,超时,,https://www.biqugezw.us
🔰 梅雨小说,🔰 普通,超时,,https://www.meiyuxs.com
🔰 第九中文,🔰 普通,超时,,https://m.dijiubook.net
🔰 麻雀阁,"﹅ ♞ 普通,发现失效,搜索失效",超时,,http://wap.maquege.com
🔰若晨文学,🔰 一般 🔰,超时,,https://www.ruochenxs.com/
🚀 ZERO搬运网,🚀 VPN,有响应(拦截),429,http://www.zerobyw4.com
🚬 365富书,🚬刘备,可达,200,http://www.fushuwang365.com
🚬 新御书屋,🚬 刘备,有响应(拦截),429,https://m.xinyushuwu.cc
🚬 笔趣阁,"【】👾笔趣阁,搜索目录失效,【❌❌】搜索目录失-效,发现目录失效",超时,,https://www.biqugenl.com
🤽🏼‍♂️博仕书屋（图）,我的后宫,超时,,https://m.77z5.com/
🥑侠客中文网cc,,超时,,http://www.xkzww.cc
🧐五六文学网💯,"﹅ ♛ 精品,搜索失效",超时,,http://www.56wx.cc/
🧐🐑九桃小说♨️,发现失效,其它错误,,http://33txs.com/#发现
🪔️ 三易文学,"【❌❌】搜索失-效,搜索失效",超时,,https://m.31wxw.net/##@遇知
🪔️ 百合小说,-------,超时,,https://www.baihexs.com/##@遇知
1,涩涩,连接失败,,https://m.bzbzbz.org/
27漫画-M,🎨漫画,连接失败,,https://m.2mzx.com
4（搜索可能用不了）,涩涩,连接失败,,https://www.aakkqq.com/cn
69书吧,综合,连接失败,,https://www.69shuba.info
69书吧(修订),8.4,连接失败,,https://m.69shu.org
69好书,123,连接失败,,https://www.69haoshu.com
81中文,,连接失败,,https://m.81zw.me
97漫画网,漫画🎟️,连接失败,,https://www.97mhw.com
ABC小说,👍优质,连接失败,,https://www.yb3.cc
Căng Cực,涩漫图,连接失败,,https://cangcuc.com/
NTRseqing小说,,连接失败,,https://www.aahhss.com
R 69好书🐶,R🐶,连接失败,,https://www.69haoshu.com/##RosiaPng
nhimmeo copy,"刺猬猫,魔法",连接失败,,https://backup.nhimmeo.cf/
txt全本小说,³۝天域整理,连接失败,,https://m.txtqb2021.com/
⌨阿酷小说,⌨自制,连接失败,,https://m.owlook.top/##旅途
☘️福书网☘️,"发现失效,搜索失效",连接失败,,https://wap.fushucun.com
♛+搜书网m①✔︎✦ ++ md,"发现失效,漫画,﹅ ♛ 精品,搜书,搜索失效",超时,,https://m.soshuwu.com/#1
♜45小说网,,连接失败,,https://www.45txt.com/#♤pb
♜▪︎乐阅读 #一程1201,"【🈵♥🈵💯】231123千组1,搜索失效",连接失败,,https://www.27k.net#yc1101
♜清泉文学 #pb,"发现失效,﹅ ♜ 优质,搜索失效",连接失败,,https://www.qingquan.ren/#pb1101
♜笔趣阁⑱③ #pb,"发现失效,【】👾笔趣阁,【❌❌】网站失-效,搜索失效",连接失败,,https://www.xbiqukan.com/#pb1101
♬ 中华听书 #破冰,听书,连接失败,,https://m.tingshucn.com#♤pb
⚡ 红叶书斋,♑qd书,连接失败,,https://m.007zw.com
✍八三中文,1122,连接失败,,https://www.83zw.net
✐ 好漫6 #Haxc,漫画🎟️,连接失败,,https://www.haoman6.com#♤Haxc
✐ 趣话漫画🅰💰 #Haxc,漫画,连接失败,,https://api.iqhmh.com#♤Haxc
❄三一小说,效验可用,连接失败,,https://154.37.154.1
⭐番茄小说(番茄Web共享API),源仓库,连接失败,,https://fqweb-temp2.4626.us.kg
⭐️伤城中文•M,3,连接失败,,https://m.sczprc.com
㊣黑岩阅读 破冰,,连接失败,,https://www.heiyan.compb
七界小说,小说,超时,,https://m.7jie.com
三千小说,搜索目录失效,连接失败,,https://m.3000xs.com
东方小说②,微筛选,连接失败,,https://www.lnwow.co#响海
中华典藏,小说 书源,连接失败,,https://www.zhonghuadiancang.com#🎃
中文网吧,小说 书源,连接失败,,https://www.zw34.net/
久久小说网,,连接失败,,https://www.i.com
乐文阁,api·凡,连接失败,,https://api.lewenapp.com/
乐阅读吧,小说 书源,连接失败,,https://www.27k.net#🎃
书福袋,⁶❀耽女︎ºั轻言,连接失败,,https://www.shufudai.com
书趣阁22shuwu,综合,连接失败,,https://m.22shuqu.com/
五二书库网,微筛选,连接失败,,https://www.52shukuwang.com#一程
兔九三吧,综合,连接失败,,https://www.tu93.biz/
全免小说,可搜索,连接失败,,https://www.quanmianxs.net
全本小说,小说 书源,连接失败,,https://www.xqb5200.com/
八一中文,微筛选,连接失败,,https://api.81zwapp.com
八叉书库,🈲自己,连接失败,,https://8xbook.org
刺猬喵,,连接失败,,https://zh.nhimmeo.cf
动漫之家,漫画,连接失败,,https://api.dmzj.com
去读小说（发现）,小说 书源,连接失败,,https://m.hongyue1.net/
古筝番茄,古筝的番茄,连接失败,,https://fanqie.acgkami.com
同人圈,小说 书源,连接失败,,https://tongrenquan.org/
同人圈子（魔法）,小说 书源,连接失败,,https://tongrenquan.org#♤yc
哇爱书库,小说 书源,连接失败,,https://www.52shukuwang.com
四五中文,,连接失败,,https://m.45zw.com
多多漫画🅰,"JSON,🎨漫画",连接失败,,https://api.duoduomh.1a3.net
大灰狼小说,免费,其它错误,,"https://api.doubi.tk
提示：点击登录切换服务器按钮可进行切换(当前书源为纯小说阅读)"
大美书吧,"自制,女频,手机版,网页源",连接失败,,https://wap.dmshuba.com/
天域小说,小说 书源,连接失败,,https://www.zmcc
天涯在线书库,🎃 通用,连接失败,,https://www.tianyabook.com##
天籁小说,小说 书源,连接失败,,https://www.23sk.net#🎃
奇快中文,小说 书源,连接失败,,https://www.7kwx.com/
奇热漫画,漫画,连接失败,,https://m.qiremanhua.com#Haxc1107
好漫6,🎨漫画,连接失败,,https://www.haoman6.com
安乐阅读,小说 书源,连接失败,,https://www.27k.net/#喜静
安读书院,小说 书源,连接失败,,https://m.dajiadu8.com/
完本神站,【🈶🉐能用】js失-效,连接失败,,https://m.wanben.org
小说侠,API,连接失败,,https://w.xiaoshuoxiaapp.cc/
小说部落,小说 书源,连接失败,,https://www.xs86.net#
就爱言情,常,连接失败,,https://m.92yanqing.net
巅峰小说,小说,连接失败,,https://wap.fdsrxx.com
巴巴鱼,"发现失效,﹅ 通用书源▪︎玄奇,搜索失效",连接失败,,https://m.babayu.com#1221
帝书阁,综合,连接失败,,https://www.22dishuge.com
御龙小说,小说 书源,连接失败,,https://www.ylcjw.com
懂我小说网,"自制,优化,源仓库,网页源",连接失败,,https://m.dowonet.org/
拷贝漫画（优）,漫画 书源,连接失败,,https://copymanga.com
指尖豆蔻③,微筛选,连接失败,,https://www.zhijiandoukou.net/#pb1101
文学城子,小说 书源,连接失败,,https://m.wxc.cc
新多多书院,,连接失败,,https://www.xddtxt.com
新新漫画₁-co,"【❌❌】搜索失-效,发现失效,搜索失效",连接失败,,https://www.77mh.co
无敌漫画📱,"发现失效,🖼️🖼️🖼️🖼️🖼️🖼️,搜索失效",连接失败,,https://m.55dmh.com
无限小说,小说 书源,其它错误,,"https://www.555x.org,{{'webView': true}}"
无限小说网⑧,微筛选,连接失败,,https://www.txt97.com
旺旺小说,小说 书源,连接失败,,https://www.qliww.com#🎃
晨曦小说,①💯  典藏,连接失败,,https://m.chenxixsw.com#关耳m
暮秋小说,小说 书源,连接失败,,https://m.muqiu55.com
杰奇书屋,小说 书源,连接失败,,https://www.jieqi.pw
果冻小说,[9.1双网校对],连接失败,,https://m.guodongxsw.com#yc1101
格格党包（发现）,小说 书源,连接失败,,https://m.p7t.net/
棉花糖,已检,连接失败,,https://api.mianhuatangxs.cn#二次排版
求补充正文规则-Diva在线,源仓库,连接失败,,https://divazx133.xyz/
测心书吧（魔法）,小说 书源,连接失败,,https://69shu.biz/index.html
渣渣小说网,全部来自论坛,连接失败,,https://m.zztxt.net
漫播-音乐,音乐 书源,连接失败,,https://mixes.cloud/oo
漫画160📱,漫画🎟️,连接失败,,https://m.mh160.net
漫画夺宝（慢）,漫画 书源,连接失败,,https://www.manhuadb.com#Haxc1107
炎上书屋,,连接失败,,https://book.zri.moe
熊猫小说网,🐼 熊猫,连接失败,,https://www.xiongmaoxy.com#
燃文书库,小说 书源,连接失败,,https://xs.778buy.com
爱阅小说,"js失效,厂长",连接失败,,https://api.dgjiayuan.cn
爱青果吧,念心 || 小说,连接失败,,https://api-new.iqingguo.com/mobile/index/index.html
牧贺顿柏,漫画 书源,连接失败,,https://www.manhuadb.com/
独步小说🎃#2,,连接失败,,https://www.dubuxiaoshuo.com#🎃
玄幻文学,小说 书源,连接失败,,https://m.xhwx3.com/
番茄[鲸落jilulu][0908],番茄,其它错误,,http://list.fqapi.jilulu.cn#鲸落共享穿透版
番茄小说（优+）,小说 书源,连接失败,,https://apifq.52dns.cc
番茄小说（优）,小说 书源,连接失败,,https://api.rainnet.top/api/fanqienovel
番薯小说,精选,连接失败,,https://ggs.manmeng168.com
白小说网,小说 书源,连接失败,,https://m.ecc6.com#001
盗版uaa(全程免梯),"收集出处：源论坛 4月29号,校验超时",连接失败,,https://www.aakkrr.com/
短篇言情,小说 书源,连接失败,,https://www.freenovelstudio.com/##
笑傲文学,"自制,源仓库,网页源",连接失败,,https://m.szslkb.com
笔仙阁,小说 书源,连接失败,,https://m.bixiange.me/trxs/
笔趣阁,常,连接失败,,https://m.22biqu.com/
笔趣阁,-------,连接失败,,https://m.22shuqu.com/##
笔趣阁,小说 书源,连接失败,,https://m.p2wt.com#🎃
笔趣阁,小说 书源,连接失败,,https://www.goczj.com##@尐哖
笔趣阁 9527,"测试组,测试",连接失败,,https://m.bqg9527.com
笔趣阁(xgshuba)(7.24),"笔趣,发现失效,搜索失效",连接失败,,https://www.xgshuba.com
笔趣阁10,小说 书源,连接失败,,https://m.bqgbe.com
笔趣阁172,小说 书源,连接失败,,https://www.20biquge.com/
笔趣阁2,"💭💭💭💭💭💭,发现正文失效,搜索失效",连接失败,,https://m.bqg789.co##旅途
笔趣阁789,"发现正文失效,【】👾笔趣阁,【❌❌】搜索失-效,搜索失效",连接失败,,https://m.bqg789.co/##@遇知@尐哖
笔趣阁9x,,连接失败,,https://novelapi.kpkpo.com/h5
笔趣阁[apip],🌸 免费,连接失败,,https://souxs.pigqq.com/
笔趣阁bikugo,,连接失败,,https://www.bikugo.com
笔趣阁jx,"💭💭💭💭💭💭,发现失效,搜索失效",连接失败,,https://www.jx.la
笔趣阁sinocul,"💝 优质,希弥",连接失败,,https://www.sinocul.com
笔阅读器,综合,连接失败,,https://novelapi.xayao4.com##
第七书,"自制,女频,源仓库,网页源",连接失败,,https://diqishu.com
米推漫画,"厂长,网站失效",连接失败,,https://imt.dushimh.com
精华书阁,小说 书源,连接失败,,https://m.babahome.net#🎃
索兰阅文,小说 书源,连接失败,,http://www.88xiaoshuo.com/
紫气阁子,小说 书源,连接失败,,https://www.ziqige.cc/
纳兰小说,"自制,一般,源仓库,网页源",连接失败,,https://m.nlxswx.com
肉书屋⑥,,连接失败,,https://m.xitong89.com/#🚀
肉肉屋🎃,❤️涩涩,连接失败,,https://www.rourouwu.info#🎃
芝士豪八动漫,漫画🎟️,连接失败,,https://manhua.zsh8.com
茄子小说,微筛选,连接失败,,https://m.freexsw.com
藏家小说 dhsvr.com,未测试,连接失败,,https://www.dhsvr.com
蚂蚁阅读,"源仓库,网页源,自制,校验,整理",连接失败,,https://m.mayizhaocai.com
蛋文库吧,小说 书源,连接失败,,https://danwenku.com##旅途
言情书吧,🏖️免费+,连接失败,,https://wap.yqsba.com/
言情花园,"全部来自论坛,搜索失效",连接失败,,https://www.yqhy.tw
贰笔趣阁,静白校对(2023年3月31号),连接失败,,https://m.2biquw.com
起点中文网( 搜书常用),,连接失败,,https://www.qidian.comzhbyjm
辣文小说,全部来自论坛,连接失败,,https://www.aaqqcc.com/
酷客村吧,综合,连接失败,,https://kukecun.com
铃铛阅读,,连接失败,,https://www.lingdang.online
阅民小说,"厂长,网站失效",连接失败,,https://api.whcon.net
零度书域,🎃 通用,连接失败,,https://www.zerobook.me#
霹雳书屋（发现）,小说 书源,连接失败,,https://www.xiarishuwu.com
顶点小说,"发现目录失效,全部来自论坛,搜索目录失效",连接失败,,https://www.dingdianshuba.com
顶点小说,,连接失败,,https://www.us.tw/pb
顶点小说网,,连接失败,,https://www.2dingdian.net
风华居网,⁴☃晨光雨露᭄精品源,连接失败,,https://m.fenghuaju.com
飞山中文,小说 书源,连接失败,,https://mip.feishanzw.com
飞翔书城,"自制,一般,网页源",连接失败,,https://www.fxshu.net
骑士小说①,🌸 常用,连接失败,,https://www.74txt.com/
黑牧丹,涩涩(低水平源),连接失败,,https://m.hmdxs.com/
🌈起点中文·发现（无搜索）,起点小说,连接失败,,ohttps://m.qidian.com#正版发现
🌟 晚星封藏,Namo,连接失败,,https://api.whhaxfjc.com
🌟笔趣阁~pysmei,[1],连接失败,,https://wb.pigqq.com
🌠 布丁漫画,"发现目录失效,🌠 漫画",连接失败,,https://www.bingmh.net
🌵KOONKOR🌵,"响海,发现失效,搜索失效",连接失败,,https://toonkor101.com/
🌸 宝书网2,🌸常用,连接失败,,https://www.baoshu88.com
🌾乐阅读,,连接失败,,https://m.27k.net
🍁 千夜阁,"🚀 加速,🌸 免费",连接失败,,https://m.qianyege.com/##@遇知
🍁 笔趣阁789,"🍁,笔趣阁",连接失败,,https://m.bqg789.co/##@遇知
🍁笔趣阁⑬⑧,🍁 笔趣 🍁,连接失败,,https://www.biqugeq.com/
🍁笔趣阁㊹①,,连接失败,,https://www.biqugee.com/
🍅大灰狼听书,融合書源,其它错误,,"https://api.langge.tk
https://api.doubi.tk
http://api.dahuilang.cf
提示：点击登录切换服务器按钮可进行切换(当前书源为纯听书)"
🍅大灰狼小说,融合書源,其它错误,,"https://api.langge.tk
https://api.doubi.tk
http://api.dahuilang.cf
提示：点击登录切换服务器按钮可进行切换(当前书源为纯小说阅读)"
🍅大灰狼漫画,融合書源,其它错误,,"https://api.langge.tk
https://api.doubi.tk
http://api.dahuilang.cf
提示：点击登录切换服务器按钮可进行切换(当前书源为纯漫画)"
🍅大灰狼融合2.0(vip),,其它错误,,"https://api.langge.cf
https://20.langge.tk
http://v2.dahuilang.cf"
🍅大灰狼融合听书2.1(独立版),"番茄畅听,喜马拉雅听书,七猫听书,大灰狼小说会员专属请勿传播,失效,网站失效",连接失败,,https://20.langge.tk/
🍅大灰狼融合小说2.1(独立版),柳树,连接失败,,https://20.langge.tk/#小说/
🍇十五书吧,"☣️精选senhora,⛎JJ城",连接失败,,https://m.15shuba.net
🍒轻之文库&哔哩哔哩轻小说,月月书源,连接失败,,https://m.wenkuchina.com/
🍺 书海小说,🍺特优,连接失败,,https://www.shuhai99.com
🍺 番茄小说 fanqie.mduge.com,🍺 特优,连接失败,,https://fanqie.mduge.com/
🎀恋上你书,🎀优质,连接失败,,https://www.630book.io/
🎉 58看书网①,"﹅ ♛ 精品,搜索失效",连接失败,,https://www.58kanshu.cc
🎉 书山融合 shusan.cc,🎉 通用书源,其它错误,,"https://api.shusan.cc
提示：点击登录切换服务器按钮可进行切换(当前书源为融合版)"
🎉 冬日小说,🎉 精选,连接失败,,https://www.drxsw.com
🎉 天涯社区,🎉精品,连接失败,,https://bbs.tianya.cn
🎉 快书库,🎉 优选,连接失败,,https://www.kuaishuku.com
🎉 笔趣阁③,笔趣阁,连接失败,,https://xs.pigqq.com
🎉 趣书网,"🎉 精选,发现失效,搜索失效",超时,,https://qushu.org
🎉书本网小说,,连接失败,,https://www.bookben.net/
🎉指尖豆蔻①,,连接失败,,https://www.zhijiandoukou.net/
🎉追书大师①,,连接失败,,https://www.zhuishudashi.cc/
🎋凌云文学网🎋,"发现失效,搜索失效",连接失败,,https://wap.lingyun5.com/
🎋牛阅网🎋,,连接失败,,https://m.niuyue3.club/
🎨 7漫画,漫画,连接失败,,https://m.mom7.net
🎨 完美韩漫,🎨 漫画,连接失败,,https://www.wmhm28.com
🎨 来漫画 #Haxc1107,漫画,连接失败,,https://m.laimanhua.net#Haxc1107
🎨 漫蛙,"﹅ ㊦ 下载,发现失效,漫画,搜索失效",连接失败,,https://mwcomic7.co/?img_host=0
🎨 爱米推漫画📱,漫画组,连接失败,,https://m.imitui.com/
🎨 都市漫画,🎨 漫画,连接失败,,https://mh.dushimh.com
🎨土豪漫画,漫画,连接失败,,https://www.biqu5.win/
🎨粉丝漫画,🎨漫画,连接失败,,https://apifans.dushimh.com/
🏖️笔趣阁❷,微筛选,连接失败,,https://m.biqu789.net//##@遇知
🏷️ 北极圈社,"🍊女频,🏷️论坛,🆔登录,🚬刘备",连接失败,,https://www.polarsocietyofcreator.com
🐑大美书网,¹▽置顶`ȏ´正版发现,连接失败,,https://wap.dmshuwang.org
🐳懒人听书②,🐳 有声 🐳,连接失败,,https://www.lanrentingshu.net/
👍 毛豆看书,"发现失效,👍,搜索失效",连接失败,,https://www.maodouks.com
👍西瓜网,已检验,连接失败,,https://www.xigua211.com
👙九妖漫画,,连接失败,,https://ciyuanrukou.com
💊 荣耀小说,💊无搜,连接失败,,https://www.noveltxt.com
💠 与ＹＹ网,"测试组,测试1,神",连接失败,,https://m.yufyy.com
💦三千小说①,,连接失败,,https://www.3000xs.com/
💦书海屋小说,,连接失败,,https://www.shuhaiwu.com/
💦悠悠书盟①,,连接失败,,https://m.uutxt.com/
💯一六小说①,,连接失败,,https://www.1666xs.com/
💯巴巴鱼小说,,连接失败,,https://www.babayu.com/
💵 息壤中文网,"💵正版,搜索失效",连接失败,,https://www.xrzwwp.com
📃书趣阁,"【🌸自用女频源】,优选女频",连接失败,,https://m.22shuquge.net/
📃知轩藏书,,超时,,https://www.zxcs88.com
📃骑士,,连接失败,,https://www.74txt.cc/
📖 博看小说,📖 小说,超时,,https://www.bkxs.net/
📖 情妹小说,"测试组,📖 小说,@念丶无 残留",连接失败,,https://sexmm.co
📖 看书先生,📖 小说,连接失败,,https://kans.hu/
📖棉花糖①,已检,连接失败,,https://api.mianhuatangxs.cn#未月十八二次排版
📚 六九书吧,👍 备用,连接失败,,https://www.69hsz.com
📚书山融合2.1(完全版),"书山小说会员专属请勿传播,番茄小说,七猫小说,塔读小说,得间小说,起点小说",连接失败,,https://so.shusan.xyz
📚书山融合小说3.0(独立版),"番茄小说,七猫小说,塔读小说,得间小说,起点小说",连接失败,,https://ga.shusan.xyz/#小说/
📻 恋听网,"发现目录失效,搜索正文失效,📻有声",连接失败,,https://m.ting55.com-3.0
🔖爱巴士,"⚡️ 1.3次,0-1文本",连接失败,,https://www.ibusnovel.com/
🔥 好的书,[1],连接失败,,https://www.haodeshu.com
🔰 wcxsw,🔰 普通,连接失败,,https://m.wcxsw.la
🔰 有意思,🔰 普通,连接失败,,https://m.yysbook.com
🔰 红袖招,🔰 普通,连接失败,,https://hongxiuf.com/
🔰58文学网,🔰 一般 🔰,连接失败,,https://www.58wxw.com/
🔰天天书库,🔰 一般 🔰,连接失败,,https://www.tingshuku.com/
🗃️ 玄幻阁网,🗃️ 综合,连接失败,,https://www.xuanyzw.com
🗒 米推漫画,"✨漫画,发现失效,搜索失效",连接失败,,https://m.imitui.com
🚀 POPO,🚀 VPN,连接失败,,https://m.popo.city
🚀 禁忌书屋,🚀 VPN,连接失败,,https://www.jinjishuwu.com
🚬 火书屋,🚬 刘备,连接失败,,https://www.huosw.com
🚬 红袖招,➕夏一L,连接失败,,https://hongxiuxx.com
🚬 霸气书屋②修复,"🚬刘备,发现失效,搜索失效",连接失败,,https://www.87shuwu.in
🧐格格党♨️,"发现失效,﹅ ♝ 优良,搜索失效",连接失败,,https://m.ggdang.cc
🧿 笔趣阁API,🌱 阅读,连接失败,,https://www.biqugeapp.com
🪔️ 啊酷小说,"【❌❌】搜索失-效,发现失效,搜索失效",连接失败,,https://m.owlook.top/##@遇知
33言情🎃,,其它错误,,https://m.x33yq.org#🎃
BIKA庇护所-图片,"💖图片,☀其一",可达,200,https://ios.wowowo2.top#图片sun
a💰纵横▪细分榜单4💜💜💜,"★,★💰正版",其它错误,,❀.zongheng#□namo edit4
md♛-恋上你看书 ♝♝♝,,其它错误,,https://www.630shu.net#一程
ç¯æéè¯»ð¥,5ãåè,其它错误,,https://www.aaread.club-æ­£å
ʚɞ 辞鱼小说 ʚɞ,ฅ  发现,其它错误,,https://m.ciyuxs.com##发现
♜33言情① #破冰1101,微筛选,其它错误,,https://m.33yq.org/#pb1101
♠ 起点中文网,,其它错误,,https://www.qidian.com.♂
♠️ 章鱼小说网,"1235467987,搜索失效",其它错误,,http://www.z1xs.com已整理
七七读书,,其它错误,,http://www.dushu.com未月十八repair
三八小说🎃,免费,其它错误,,https://www.38xs.com#🎃
不爱小说,小说 书源,其它错误,,https://m.20xs.org#🎃
书单,女频,其它错误,,❀.yousuu.booklist
书香云集💯,💰正版💰,其它错误,,https://www.sxyj.net，，
云轩阁,"🔍校验组0218,📙大众书,⌨ 自制",其它错误,,https://www.yunxuangexsw.com
优书,🎉 十源,其它错误,,https://www.yousuu.com/❀
全本小说,小说 书源,其它错误,,❀.qb5#未月十八净化
八一中文,,其它错误,,https://www.zwduxs.com关耳
八中文网,-------,其它错误,,http://www.zwduxs.com已整理
动漫之家w️,漫画,可达,200,https://www.dmzj1.com
哈哈漫画,漫画,其它错误,,https://www.hpicc.org
啊小说网,小说 书源,其它错误,,https://www.20xs.org##@曦灵
天悦小说,,其它错误,,https://www.xtyxsw.org#🎃
天空小说,"发现失效,搜索失效",其它错误,,https://www.tkxiaoshuo.com/
奇书小说,已检,超时,,https://m.5wa.net/222
宝来小说网🎃,,可达,200,https://m.xinbaolaixsw.com#🎃
心小说网,小说 书源,其它错误,,http://www.5200xiaoshuo.com已整理
恋上你看书网③™备用,优,其它错误,,http://www.630book.la
成语读书,,其它错误,,https://www.changduzw.com未月十八repair
搜书吧🎃,小说,其它错误,,https://ssb81.com#🎃
松鹤阅读🍒,综合,其它错误,,QQ浏览器
段友小说,A级; 发现,其它错误,,https://xs98k.com
海词木稽,-------,其它错误,,http://dict.cn已整理
溜达小说,小说 书源,其它错误,,http://www.txtshuku.org已整理
漫香阁,涩漫图,其它错误,,https://漫香阁.com
爪机书屋,,其它错误,,https://m.zjsw.org#🎃
爱看书/零点小说,已检,其它错误,,https://www.lingdxsw.org
爱读书吧,👑静白,其它错误,,https://www.aidushu8.com/#xsw8093
猫眼看书,,其它错误,,http://download.maoyankanshu.la自用
番茄小说,小说 书源,其它错误,,http://www.fqxsw.net/锋
看齐书屋,网页源,可达,200,https://www.kanqisw.com/
移动阅读,,其它错误,,http://m.ndlib.cn一程
笔趣阁,小说 书源,其它错误,,http://www.ibiqu.net已整理
笔趣阁,小说 书源,其它错误,,❀.biquge5200
笔趣阁xswang,自写0510,可达,200,https://www.xswang.vip
红甘泉网,⛎JJ城,其它错误,,红甘泉 - 搜狗引擎
茂鑫小说,,其它错误,,http://www.tcmaoxin.org尐哖
蚂蚁文学,,其它错误,,https://www.mayiwxw.com仅搜索
西瓜免费,小说 书源,其它错误,,🥝西瓜免费小说App🍒
话本小说（2）,,其它错误,,https://so.ihuaben.com/search?keyword=我是#
谷歌搜书,-通用,其它错误,,谷歌搜书
贼吧网,,其它错误,,https://www.zei.me玄奇.
起点 ♀,🏵️  小说,其它错误,,❀.qidian.♀
起舞中文🎃,,可达,200,https://www.75zwz.com#🎃
轻之国度,小说 书源,可达,200,https://obsolete.lightnovel.us
辞鱼小说,小说 书源,其它错误,,https://www.ciyuxs.com/
重生小说,小说 书源,其它错误,,https://www.cstxt.com已整理
随心看吧,小说 书源,其它错误,,https://m.suixkan.com已校验
顶点小说,小说 书源,其它错误,,http://www.kmwx.net已校验
鼠绘漫画❕,7.20 战服大佬去除跳转章节; 无搜索地址,其它错误,,https://www.ishuhui.com/comics
🌙 黑猫小说[api],收集出处：源论坛 4月29号,其它错误,,黑猫APP
🌸书海阁,"﹅ ✾ 言耽,发现失效,搜索失效",其它错误,,https://www.shuhaige.net#关耳
🍁笔趣阁㉒,🍁 笔趣 🍁,其它错误,,https://www.51biquge.com/
🍒程袁书吧,月月书源,其它错误,,祝你们天天开心
🍹 新丝路小说,好用,其它错误,,https://m.xunsilu.com/啊
🎃少年🎃,,可达,200,https://m.snxiaoshuo.com#🎃
🎈SF轻小说,,其它错误,,https://api.sfacg.com已校验
🎉 新笔小说,🎉精品,可达,200,https://www.xinbixs.com
🎉 笔趣阁B,"🎉1039,搜索正文失效",其它错误,,❀.b5200
🎉33言情①,"🎉 男频精选 🎉,⌛️ 全局搜书 ⌛️,®️ 搜书男频 ®️",其它错误,,https://m.33yq.com/
🎉神马中文①,,其它错误,,http://www.shmzw.com/
🎨 爱米推漫画,"发现失效,【❌❌】网站失-效,搜索失效",其它错误,,https://m.imitui.com已整理
🎨咪咕动漫,,其它错误,,http://m.migudm.cn已整理
🎨爱优漫,,其它错误,,https://m.iyouman.com已整理
💊 一起品小说,💊无搜,连接失败,,https://www.17pxs.com
💯夸克.sm->原网,🎉 精选 🎉,其它错误,,夸克->原网-by不世玄奇
💰 晋江文学城,【🈵♥🈵💯】231123千组4,其它错误,,http://android.jjwxc.net/晋江已整理
💰晋江 我的收藏,"🎉 精选 🎉,💰正版💰",其它错误,,https://m.jjwxc.net/，，
💵 晋江[总标签],"发现失效,【🈵♥🈵💯】231123千组1",其它错误,,http://www.jjwxc.net/总标签
💵 晋江[无cp标签],💵正版,其它错误,,http://www.jjwxc.net/无cp标签
💵 晋江[言情标签],【❌❌】网站失-效,其它错误,,https://m.jjwxc.net/言情标签
💵 豆腐[包月],,其它错误,,http://api.doufu.la/包月
💵 起点榜单,💵正版,其它错误,,http://www.qidian.com/榜单
📕起点中文网™,🔖 正版,其它错误,,https://www.qidian.com〖二级目录〗
📖AO3✈️【看源注释】,"③📖  论坛,㊣登录验证",其它错误,,📖AO3✈️
📥 知轩,📥下载,其它错误,,❀.zxcs
🔥 书馆中文网(仅联通),备用,其它错误,,http://www.sgwaa.com已整理
🔰 黑岩阅读,正版,其它错误,,黑岩阅读
🖤 夸克搜书 ♛♛♛,,其它错误,,夸克搜书#m
🧐知轩,"发现失效,﹅ ♝ 优良,搜索失效",其它错误,,http://www.zxcs.me/❀
13.新笔趣阁,c,异常状态,503,http://www.xinbqg.com-4
168漫画网📱,,异常状态,503,http://www.168yxmh.com
258漫画网-M,漫画,异常状态,503,http://m.shut123.com
360小说③,天域战歌整理,异常状态,503,http://m.tushu360.com
36漫画网,漫画,异常状态,503,http://www.xazhpm.com
5200小说🎃,,其它错误,,http://www.txt5200.cc#🎃
52格格党🎃,,其它错误,,http://www.9ggd.com#🎃
8comic,漫画,异常状态,503,http://comicvip.com:88
97中文手机版,神段【大乘级】（小说源）,异常状态,503,http://wap.97wz.net
CC漫画12,💯【稳定】,异常状态,503,http://www.ccdm12.com
CC漫画网6,漫画,异常状态,503,http://www.ccdm6.com
UU小说🎃#2,,其它错误,,http://m.uuxsw8.com#🎃
ZERO搬运网,💰【付费不能看】,异常状态,503,http://www.zerobywtxt.com
ZERO搬运网,💰【付费不能看】,异常状态,503,http://www.zerobywblac.com
ZERO搬运网,"】,发现失效,搜索失效",异常状态,503,http://www.zerobywrevi.com
ZERO搬运网💰,,异常状态,503,http://www.zerobywpor.com
a💯笔趣屋🅰APP💜💜💜#渊呀🔎,"API,21.0317渊呀,★,🎉 精品,🌸  常用,★🔎,☀️搜书/换源 A▪精品",异常状态,502,https://api.ywpxg.com#渊呀edit1
ztv,"发现失效,搜索失效",异常状态,503,www.ztv
☯芙蓉小说网(m),💜未分组,异常状态,503,http://m.fryutong.com/
♜ ✎笔趣阁⑪⑦ #破冰,²♨笔-趣-阁❆,其它错误,,http://www.xbiquke.com/#♤pb
♜ 笔趣阁⑤ #一程1101,"【】👾笔趣阁,【🈵♥🈵💯】231123千组4,搜索失效",异常状态,523,https://m.biqooge.com#yc1101
♜+全小说① #破冰1101,"发现失效,﹅ ♜ 优质,搜索失效",异常状态,503,http://quanxs.net/#pb1101
♜-爱书网 #破冰,"发现失效,﹅ ♜ 优质,搜索失效",其它错误,,http://www.52kanshu.org/#♤pb
♜▪︎读一读 #一程1201,已检验,其它错误,,http://du11du.com#yc1101
♜天天书吧 #破冰,,其它错误,,http://www.ttshuba.net/#♤pb
♜第九源言情 #破冰1101,⁴☃晨光雨露᭄精品源,异常状态,400,https://www.dijiuyuan.com/#pb1101
♞一听小说 #破冰1101,"﹅ ♞ 普通,发现失效,搜索失效",异常状态,503,http://www.yitingxs.com/#pb1101
♬ 小米听书 #破冰,听书,异常状态,530,https://mitingshu.com/#♤pb
✈ 香书小说,精品书源,超时,,http://wap.xbiqugu.la/
✐ 友绘漫画网-M #Haxc1107,漫画🎟️,其它错误,,http://m.xzcstjx.com#Haxc1107
㊕✐ 羞羞漫画 #一程,漫画🎟️,其它错误,,http://sinaappxx6.q236.cn/post/GetInfo#♤yc
㊣悸花乐读 #关耳,"2,发现正文失效",其它错误,,http://api.lestory.cn#♤guaner
一漫网📱⛅,,异常状态,503,http://m.muyict.com
下书小说网🎃,,其它错误,,http://www.frxsw.com#🎃
乐乐小说leletxt,❤小说,有响应(拦截),403,http://m.leletxt.com
九九书盟,"💭💭💭💭💭💭,搜索失效",异常状态,521,http://www.99shumeng.com
书朋网,☣️senhora晋江,异常状态,530,https://wap.txtle.com.
书海小说🎃,,其它错误,,http://www.shuhai.com#🎃
云海电子图书馆🎃,,其它错误,,http://www.pdfbook.cn#🎃
亲亲小说qinqinxs,,异常状态,444,https://www.qinqinxs.com
优·奇书网④™,👍 优质,异常状态,503,http://www.qishus.com
何以笙箫默🎃#2,,其它错误,,http://m.yetianlian.org#🎃
催漫漫画,"漫画,发现目录失效,搜索目录失效",异常状态,503,http://www.cuiman.com
免费搜书[api],🏖️免费+,异常状态,503,http://soushu.starsjoy.com/
全本小说,👍 备用,异常状态,520,https://www.qbxsw.com/#xsw8093
八一中文,男频,异常状态,503,http://m.zwdu.app
六漫画📱,,异常状态,503,http://m.6mh7.com
医雲中文,网页源,异常状态,503,http://www.yiyunzw.com/
博听网,有声; 发现,异常状态,503,http://www.boting.co
受漫画📱⛅,⛅【晴天】; 💯【稳定】,异常状态,503,http://m.shoumh.com
听中国,有声发现,超时,,http://www.tingchina.com#
周读,下载; 发现,异常状态,503,http://www.ireadweek.com
哎呦文学🎃,,异常状态,521,https://www.auwxw.com#🎃
唔缺小说,综合,异常状态,503,http://www.quexs.com#
图书世界,自写0625,异常状态,503,http://0cungs6uh7.22o5y90q5g.205639.xyz
夜天连看,小说 书源,异常状态,503,http://www.yetianlian.org/
大木漫画📱⛅,💯【稳定】; ⛅【晴天】,异常状态,503,http://m.damumh.com
天天中文网②,"【❌❌】搜索失-效,搜索失效",异常状态,503,http://www.ttzw.com
天涯知识🎃,小说,其它错误,,http://book.sbkk8.com#🎃
奇书小说网,"【❌❌】搜索失-效,搜索失效",异常状态,503,http://www.epaocai.com
奇漫屋₂-M,漫画,异常状态,503,http://m.6manhua6.com
安之原创,-------,异常状态,503,http://www.azycjd.com-2
安之原创,-------,异常状态,503,http://www.azycjd.com-a
实验小说,"-------,0206⭐",异常状态,503,https://m.shankeruisi.com
小说吧,"💭💭💭💭💭💭,搜索失效",异常状态,503,http://m.xiaos8.com
小说屋🎃,,其它错误,,http://m.xiaoshuoge.org#🎃
小说线路,小说 书源,异常状态,525,https://www.12xs.com/##线路2
小说阅读网,,异常状态,503,http://www.xs.com.cn-0606.n.121xs.xyz
布咕阅读,,异常状态,503,http://www.bgwxc.com
帝书阁,优选书源by沐云风,超时,,http://m.xdishuge.net
开阅小说app #渊呀3.17,"API,21.0317渊呀,★,🎉 精品,🌸  常用,☀️搜书/换源 A▪精品",其它错误,,http://new.kyxsapp.com#渊呀3.17
恶魔六点,"论坛,失效",异常状态,503,http://7.emoyiyi.com
悸花阅读,正版小说 书源,其它错误,,http://api.lestory.cn#关耳edit
懒人小说🎃,,其它错误,,http://m.lazytxt.shop:8081#🎃
拂袖小说,小说 书源,其它错误,,http://open.zzzapp.cn#🎃
拉式漫画（优）,念心 || 漫画,异常状态,503,http://www.gufengmh.com
掌上阅读,天域战歌整理,异常状态,503,http://www.52zsyd.com
摸鱼小说,"发现规则为空,破冰&一程0902",异常状态,530,https://sj.downbook.cc
斗罗大陆网,💜未分组,异常状态,503,http://m.553wx.com
新笔趣阁,S_Lin,异常状态,525,https://www.qidianxin.com/
新笔趣阁🎃,,其它错误,,http://www.3y3.org#🎃
无忧小说,小说 书源,其它错误,,http://www.5ubook.net#🎃
无限小说🎃,,其它错误,,http://www.phj.cc#🎃
时阅文学🎃,,其它错误,,http://m.timeread.com#🎃
晚安小说网🎃,,其它错误,,http://www.15guang.com#🎃
柒六八文学网,,异常状态,526,https://www.778668.com
梦远书城,①快; 发现,异常状态,520,http://www.mengyuanshucheng.com
欧尼小说,20250428,异常状态,503,http://m.uuxsw8.com
歪歪小说网,②一般; 发现,异常状态,503,http://www.zhendongliang.com
水照茶浓（下载）,小说 书源,异常状态,503,http://www.12z.cn/index.html
浅茝书院,"【🌸自用女频源】,优选女频",异常状态,503,http://www.adsward.net
源社区出品-哎呦文学,,异常状态,521,https://www.auwxw.com
漫画居,,异常状态,503,http://m.manhuaju.com
漫畫迷🌐💡,💡【提示】,异常状态,503,http://www.150mov.com
灵域小说,男频,异常状态,503,http://m.lingyutxt.com
燃文小说网wanwen,❤小说,异常状态,503,http://m.ranwen.me
爱奇电子书,综合,超时,,http://m.i7txt.cc
爱漫画w📱,"漫画,发现失效,搜索失效",异常状态,503,http://imanhuaw.com
爱阅小说[hy],,异常状态,503,http://www.hybooks.cn/
猫猫小说🎃,,异常状态,502,https://m.mmxsw.cc#🎃
玫瑰小说.steczx,,异常状态,503,http://m.steczx.com
皑辛文学,天域战歌,异常状态,503,http://m.ixkczb.com
知轩,"发现失效,搜索失效",异常状态,503,www.zxcs
神藏小说,小说 书源,超时,,http://www.swangwx.info/
秀漫画🌐❗,"3.9正文修复
例子：
关键词：斗罗大陆
查找：斗罗大陆     斗罗大陆3
{部分漫画漏斗}",异常状态,503,http://www.xiudm.com
笔书阁,阁子,异常状态,503,http://www.969193.com
笔仙阁子🎃,,其它错误,,http://www.236316.com#🎃
笔趣阁,,异常状态,444,http://www.xsbiquge.co
笔趣阁,小说 书源,异常状态,523,https://www.890h.com/
笔趣阁138,念心 || 小说,异常状态,503,http://www.xiybook.com
笔趣阁[biban],🏖️免费,异常状态,503,http://www.biquban.com
笔趣阁③,9月,异常状态,504,http://www.boquku.com
笔趣阁🎃#14,,其它错误,,http://www.xiybook.com#🎃
笔趣阁🎃#63,,其它错误,,http://www.5688w.com#🎃
第一版主,至臻【大乘级】（小说源）,异常状态,503,http://www.dybz9.pw
第一版主⑨,³۝天域整理,异常状态,503,http://www.tzkxs777.com
第六书包,⁹ಥ刘备入川〽️,异常状态,503,http://m.e7006.net
纵横中文,正版小说 书源,异常状态,500,https://m.zongheng.com/
纵横中文网,,异常状态,500,https://www.zongheng.com#🎃
老笔斋,B级; 轻小说; 发现,异常状态,503,http://www.laobizhai.net
腐书小说,"小说,念无",异常状态,503,http://www.fushuwang.co
色图🌇,柳树🌇图片,异常状态,503,http://slspaq8t23.www.seshusetu.cfd
若雨中文🎃,,其它错误,,http://www.3yt.la#🎃
薪胆小说,小说 书源,异常状态,503,http://www.acgzc.com-1
血莲书阁,🏵️  小说,异常状态,503,http://book.xuelg.com
衍墨轩子,小说 书源,异常状态,503,http://www.ymoxuan.com-3
衍墨轩子,小说 书源,异常状态,503,http://www.ymoxuan.com-a
衍墨轩子,小说 书源,异常状态,503,http://www.ymoxuan.com-9
言情中文🎃,,异常状态,530,https://m.nsxs5.net#🎃
课外书大全,"发现失效,搜索失效",异常状态,503,http://www.new-8.com
豪横文学,⁹ಥ刘备入川〽️,异常状态,503,http://m.haohengwx.ne
贝切阁,"💭💭💭💭💭💭,搜索失效",其它错误,,http://www.beqege.cc#乃星
辰文网,自用，发现,异常状态,503,http://www.cckj.design
追书神器💯,"﹅ ♛ 精品,发现失效,搜索正文失效",异常状态,503,http://www.zhuishushenqi1.com
选书小说,,其它错误,,http://www.xuanshu.org#🎃
酷文小说,网页源,异常状态,503,http://www.kuwenxs.com/
醋小说网,,异常状态,503,http://www.uu234.net/
随梦小说(快),神段【大乘级】（小说源）,异常状态,503,http://www.ceriah.com
零点小说ypook.com,A级; 发现,异常状态,503,http://m.ypook.com
零点看书吧,,异常状态,503,http://m.0dkanshu.com
顶点中文,小说 书源,可达,200,http://wap.dingdiansk.com/
飞飞漫画,漫画,异常状态,503,http://www.ffmhua.com
鬼吹灯,,异常状态,503,http://m.cxbz.org
麦田小说,🏵️  小说,异常状态,503,http://www.mtxs.me
龙腾小说网,"发现失效,搜索失效",异常状态,503,http://www.ltxs666.com
🌟 八叉书库,收集出处：源论坛 4月29号,异常状态,503,http://8xbook.org
🌸 小说笔趣,精选,异常状态,503,http://www.xwbiquge.cc
🌸 追书网②,🌸常用,异常状态,521,https://www.mgxs.net
🌸青羽阅读,"🔍校验组0218,📙大众书",其它错误,,http://api.kuduwxw.com/##@遇知
🍁笔趣阁⑬⑦,🍁 笔趣 🍁,异常状态,503,http://biqugw.com/
🍁笔趣阁⑭⑦,🍁 笔趣 🍁,异常状态,503,http://www.biquexs.com/
🍁笔趣阁⑯⑦,🍁 笔趣 🍁,异常状态,503,http://www.biquok.com/
🍊 玉石书楼,"🍊 女频,搜索失效",异常状态,503,http://m3.xy776.cn/app/index.php?i=897&c=entry&do=my_shouji&op=shouye&m=iweite_xiaoshuo&wxref=mp.weixin.qq.com
🍊蚂蚁看书[自写],,异常状态,500,http://www.mayiks.com/
🍺 千帆小说,🍺特优,异常状态,503,http://www.qf-xs.com
🎃83小说网🎃,,其它错误,,http://www.83xs.com#🎃
🎃爪机书屋🎃,,异常状态,444,https://zjsw.org#🎃
🎃第三小说网🎃,,异常状态,456,https://www.d3xsw.com#🎃
🎉 18小说②,,异常状态,503,http://www.18xsw.net
🎉 AS16ME[仅发现],,异常状态,503,http://www.as16.me
🎉 九桃小说网™,🎉 精选 🎉,异常状态,503,http://www.9txs.com
🎉 伊看书苑[仅发现],🎉精品,异常状态,503,http://www.1ksy.com
🎉 千家文[仅发现],🎉 精选 🎉,异常状态,503,http://www.qianjiawen.net
🎉 手打小说网,【小说2书源】,异常状态,503,http://m.sdxsw.cc
🎉 看了又看小说网,🎉精品,异常状态,530,http://m.k6yk.com
🎉 酷书网xtxtrar[仅发现],🎉精品,异常状态,503,http://m.xtxtrar.com
🎉17小说网①,,异常状态,503,https://www.17kxsw.com/
🎉NB中文网#嘚嘚21.0201,已检验,其它错误,,http://www.nbw.la#嘚嘚21.0201
🎉书朋网②,"🎉 男频精选 🎉,⌛️ 全局搜书 ⌛️,®️ 搜书男频 ®️",超时,,https://www.txtle.com/
🎉免费小说之王#嘚嘚21.0201,搜索失效,其它错误,,http://reader.browser.miui#嘚嘚21.0201
🎉墨鱼小说网,"🏵️  小说,🎉 精选 🎉",异常状态,503,http://www.moyks.com/
🎉小说追书①,,异常状态,503,http://www.xszsw.com/
🎉泡书读,🎉 精选 🎉,异常状态,503,http://www.paoshudu.com/
🎉看看小说,"🎉 精选 🎉,失效",异常状态,503,http://www.kk-xs.com/
🎉笔趣趣②①,,异常状态,503,http://www.biququ.info/
🎉顶点小说㉟,小说,异常状态,503,http://www.23uu.net/
🎨 CC漫画,🎨 漫画,异常状态,503,http://m.ccdm16.com
🎨 ZERO搬运网,🎨漫画,异常状态,503,http://www.wyborez.com
🎨 一耽漫画,"⑹🎨  漫画,③🚫  禁验",异常状态,530,https://yidan.in
🎨 国人漫画网,🎨漫画,异常状态,702,http://m.grmanhua.com
🎨 微博动漫,🎨漫画,异常状态,503,http://manhua.weibo.com
🎨 草蜢漫画,🎨漫画,异常状态,503,http://www.caomeng.cc
🎨KuKu动漫,🎨 漫画,异常状态,503,http://m.kukudm2.com
🎬 奇优影院,影视,异常状态,503,http://1e6e.com/
🐳听书网②,🐳 有声 🐳,异常状态,503,http://www.tingshu.co/
👍 九库全书,优质源👍,异常状态,503,http://www.youkand.com
👍 八八读书,👍优质,异常状态,503,http://www.88dushu.cc
👍 开心阅读,👍 优质,异常状态,521,https://www.biltmoreetc.com
👍 神马小说网,"发现失效,﹅ ♜ 优质,搜索失效",异常状态,503,http://www.shenmaxs.com
👍番茄小说,🍅 番茄,异常状态,521,http://www.fqxsw.net
💐纵横中文▪总榜,,其它错误,,http://www.zongheng.com#一程
💦二零小说网,,异常状态,521,https://www.5200.tv/
💦藏书阁小说,,异常状态,521,http://www.cangshuge.com/
💫免费小说之王,☃晨光雨露🍒精品源💯,异常状态,503,http://reader.browser.miui
💯E文学,💯 精品 💯,异常状态,503,http://ewenxue.la
💰 汤圆创作,💰 正版,异常状态,503,http://m.itangyuan.com
💰纵横①,,异常状态,503,http://betawww.zongheng.com
💵 元气阅读备用,💵正版,异常状态,503,http://app.yqacg.com
📒第一版主,"☄️☄️☄️☄️☄️☄️,搜索失效",异常状态,503,http://www.fengyuan8.com
📖 番茄小说,精选,异常状态,503,http://154.37.154.143
📖 笔趣阁网,📖 小说,异常状态,503,http://m.szfkx.com/
📚 天下书库,📚 出版发行 📚,异常状态,503,http://www.txshuku.la
📚 黃金屋网,👻 隐藏,异常状态,503,twnovel.org
📜 笔下文学,[小说源],异常状态,503,http://m.bxwxorg.com
📡 格格党小说网,📡发现,异常状态,503,http://www.ggdowns.net/
📥 知轩,"﹅ ㊦ 下载,发现失效,搜索失效",其它错误,,http://www.zxcs.me#芜恙
📥知轩,"﹅ ㊦ 下载,发现失效,搜索失效",其它错误,,http://www.zxcs.me#乃星
📻 幻听网,📻有声,异常状态,503,http://www.ting89.com
🔖8文库,⭐️小说,异常状态,521,http://www.8wenku.com
🔰 云轩阁[仅发现],🏵️  小说,异常状态,503,http://m.yxgxz.com
🔰邀月小说,🔰 一般 🔰,异常状态,503,http://www.yaoyuexs.com/
🚬 17书屋,,异常状态,503,http://www.17shuwu.com
🚬 寂寞书屋[仅发现],🚬刘备,异常状态,503,http://m.jmshuwu.com
🚬 左右小说网,🚬刘备,异常状态,503,http://www.zuoyou2.com
🚬 斗书阁[仅发现],🚬刘备,异常状态,503,http://m.doushuge.com
🚬 第一版主6™,🚬刘备,异常状态,503,http://www.diyibanzhu6.net
🚬 第一版主网[仅发现],🚬刘备,异常状态,503,http://www.diyibanzhu2.in
🚬 花月文库[仅发现],🚬刘备,异常状态,503,http://www.huayuewenku.com
🛍︎布咕阅读,"【正版小说 书源】,搜索失效",异常状态,503,http://m.bgwxc.com/
🧐热门小说①,"发现失效,﹅ ♝ 优良,搜索失效",异常状态,502,https://m.rmxs8.com/
116中文🎃,,超时,,https://m.116zw.com#🎃
16号书库,🏵️  小说,超时,,http://www.as16.com
258漫画网,💯【稳定】,超时,,https://m.wnixk.com
2k小说,💠精选,超时,,https://m.2kxsw.com
360漫画🖥💡,"小尸妹(防盗链),失效",超时,,http://www.xueshine.com
36漫画,𐄛🎨 漫画常用,超时,,https://m.36manhua.com##柚屿
3Z小说网,男频,有响应(拦截),429,http://www.3rzw.com
4020电子书¹,✔,超时,,http://www.wrltxt.com
4020🎃,,其它错误,,http://www.xwurexs.com#🎃
5200小说,【小说2书源】,超时,,http://www.txtdd.com
52PO小说🎃,,有响应(拦截),429,https://www.po52.cc#🎃
55读书网,综合,超时,,http://www.changduba.com
69书吧69shu.pro,®📖 搜集整理™,超时,,https://www.69shu.pro
69飞速中文网,☣️senhora起点,可达,200,http://m.feiszw.com
77网,"1,5.26,搜索失效",超时,,https://m.77z5.com/s.php
88影视,𐄝🎥 视频,超时,,https://m.88mv.org
95小说,综合,超时,,http://www.95dushu.net/
GMANHUA,漫画,可达,200,http://www.gmanhua.com
HiComic-M,漫画,连接失败,,https://m.hicomic.net/h5
MangaFox™,"💭💭💭💭💭💭,搜索失效",有响应(拦截),429,https://ww3.mangafox.online
R 星星小说网🐶,"发现失效,搜索目录失效,失效,R🐶",超时,,https://www.xingxingxsw.com/
TVBS漫画,,异常状态,522,https://www.tvbsmh.com
VV小说网🎃,,超时,,https://www.vvxs.xyz#🎃
bbiquge🎃,,其它错误,,http://m.bbiquge8.net#🎃
i社中国aisecy,☀其一,超时,,https://www.aisecy.com
mmKuu小说网,🏵️  小说,可达,200,http://m.mmkuu.com
●♛+搜小说org✔︎✦ md,"发现失效,漫画,﹅ ♛ 精品,搜索失效",有响应(拦截),429,https://m.soxscc.org#md-yc1101
♜ ✎笔趣阁⑦⑦ #破冰,²♨笔-趣-阁❆,其它错误,,http://www.biquluo.com/#♤pb
♜ ✎笔趣阁⑪⑦ #破冰1101,笔趣阁,超时,,http://www.xbiquke.com/#pb1101
♜ ✎笔趣阁⑮⑨ #破冰,笔趣阁,超时,,https://www.biqugeka.com/#♤pb
♜ ✎笔趣阁㊾ #破冰1101,"发现失效,小说",超时,,https://www.bbiquge.cc/#pb1101
♜ 官场小说 #一程1101,"发现失效,✔️,搜索失效",其它错误,,http://www.gcxs8.com#yc1101
♜ 霹雳书坊 #一程,,超时,,https://www.pilibook.com#♤yc
♜+166小说② #破冰,已检验,超时,,https://www.166xs.cc/#pb1101
♜+乐文小说① #破冰1101,"﹅ ♜ 优质,搜索失效",超时,,https://www.xlewen.com/#pb1101
♜+棉花糖小说① #破冰1101,已检验,超时,,https://www.mhtxs.la/#pb1101
♜+爱书包 #破冰1101,⁴☃晨光雨露᭄精品源,超时,,https://www.ishubao.org/#pb1101
♜-✎笔趣阁⑤⑨ #破冰,²♨笔-趣-阁❆,超时,,http://www.biqugeu.cc/#pb1101
♜-全小说② #破冰1101,"发现失效,【❌❌】网站失-效,搜索失效",超时,,http://quanxiaoshuo.net/#pb1101
♜00小说网② #破冰1101,"发现失效,﹅ ♜ 优质,搜索失效",可达,200,https://www.00xs.us/#pb1101
♜67书吧②,【🈵♥🈵💯】231123千组4,超时,,https://www.67book.net/#pb1101
♜▪︎燃文小说② #一程1201,"【❌❌】搜索失-效,搜索失效",超时,,https://www.ranwen8.com#yc1101
♜五六文学网,"【❌❌】网站失-效,搜索失效",超时,,http://www.56wx.cc/#pb1101
♜品书居 #破冰1101,"﹅ ♜ 优质,搜索失效",超时,,http://www.pinshuw.la/#pb1101
♜奇书网④ #破冰,﹅ ♜ 优质,超时,,https://www.qishubook.com/#pb1101
♜小说书库① #破冰1101,"【❌❌】搜索失-效,搜索失效",超时,,https://www.xssk.la/#pb1101
♜悠久小说,"﹅ ♜ 优质,搜索失效",超时,,http://m.ujxs.com/#pb1101
♜燃文小说⑥,"﹅ ♜ 优质,搜索失效",超时,,https://www.ranwen8.com/#pb1101
♜玲珑小说 #破冰,"发现失效,2,搜索失效",其它错误,,http://www.linglongfen.com/#♤pb
♜铅笔小说② #破冰,⁴☃晨光雨露᭄精品源,超时,,https://www.qianbiwx.com/#♤pb
♜顶点小说⑲ #破冰,⁴☃晨光雨露᭄精品源,其它错误,,http://www.dingdianxs.la/#♤pb
♜龙坛书网④ #破冰1101,需要登录,超时,,https://www.longtanshuw.net/#pb1101
♠ 千千小说⑩,"♠ 精品 ♠,🎉 精选 🎉",超时,,https://www.77xsw.la/
♬ 中文听书网 #破冰,"【❌❌】搜索失-效,搜索失效",超时,,https://www.tingzh.com/#♤pb
♬ 芒果听书 #破冰1025,听书,连接失败,,https://www.mgting.com/#pb1025
✈ 八一中文,精品书源,连接失败,,https://www.zwduxs.com
✈ 手机小说,精品书源,超时,,http://www.wbshuku.com
✈ 笔趣中文,精品书源,超时,,http://www.xbiquzw.net
✈妹塔宇宙meitaav,𐄝🎥 视频,超时,,https://meitaav.com
✐  第八区,☃ 自用,超时,,https://www.szsdjh.com//
✐ 哔咔漫画🌐 #Haxc,漫画🎟️,其它错误,,http://m.bikabika.com#♤Haxc
✔︎㊝ 酷笔记✦ ♛♛♛ kubiji.net,,可达,200,https://m.kubiji.net/#1
✾.Ⓒ 霹雳书坊 #未月十八1001,微筛选,超时,,https://m.pilibook.com#wy18-1001
⭐全民追书,"搜索正文失效,🎄🎄🎄🎄🎄🎄",超时,,http://api.lemengfun.com
㊕ 白马楼 #一程,"无梦解书荒,1030",超时,,https://www.baimalou.com#♤yc
㊝ 新青豆小说 ♛♛♛♚ +,,超时,,https://www.xinqingdou.net/
㊝ 燃文小说② ♛♛速,,超时,,https://www.ranwen8.com#一程z
㊝ 精武小说网 ♜♜♜,,超时,,http://www.jingwuhotel.com
一世书城,,超时,,https://m.14txt.net
一曲书斋,😂首选,超时,,https://www.cowxs.com
一读小说（优）,,超时,,https://www.121ds.cc
七七读书,综合,超时,,http://www.77dushu.com
七七读书,小说 书源,其它错误,,http://www.77shuku.net#🎃
七零一七🎃,,超时,,https://www.7017k.net#🎃
三K小说,"♡ོ晨光雨露✺精品源,发现失效,如月流光,搜索失效",超时,,http://m.kkkxs.com
三九小说,小说 书源,超时,,http://www.wxshuku.info
三五中文,小说 书源,超时,,https://www.xkushu.com/#pb1101
三八小说,小说 书源,超时,,https://m.88gp.net/
下书小说,小说 书源,超时,,https://m.moshayuan.com#🎃
东方小说,小说 书源,超时,,https://103.127.124.25
中学读物📚#南笙21.0101,"出版,发现失效,搜索失效",超时,,https://fox2008.cn#南笙21.0101
久久文学,"💭💭💭💭💭💭,搜索失效",有响应(拦截),429,http://www.99wenku.org
乐文小说,小说 书源,超时,,http://www.lwxstxt.com
乐文小说🎃#3,,有响应(拦截),429,https://www.newpopo.com#🎃
乐阅读,🌼晨光雨露🍒精品源💯,超时,,https://www.lread.net
九五小说,,其它错误,,http://www.jwdushu.com#南笙21.0101
九啦啦漫画,,超时,,http://manhua.9lala.com
九桃小说🎃,,其它错误,,http://11txs.com#🎃
书包文学网,💠 其他,超时,,http://www.shubaowx.com
书楼吧小说,🎉 精品,超时,,https://www.shulouba8.com/
书虫中文,💜未分组,有响应(拦截),429,https://www.shuchong.info#time发现
书趣阁子,,超时,,http://wap.xshuquge.net
书阁🎃,222最新校验成功,超时,,https://www.shugege.net#🎃
二三中文网🎃,🍜其他,其它错误,,http://m.ersanxs.net#🎃
云中书库,小说 书源,超时,,http://m.yunxs.com
云中书库,小说 书源,超时,,http://m.yunxs.info
云小说网,,超时,,http://www.yunxs.com
云霄阁,小说 书源,超时,,http://www.yxgxs.org
五六书库⭐#南笙21.0101,搜索失效,其它错误,,http://www.pingshuku.com#南笙21.0101
人文书库🎃,,其它错误,,http://www.rwsk2.com#🎃
亿软小说🎃3,,超时,,https://m.yruan.com#🎃
优·快眼小说🎃,,其它错误,,http://www.kyxsw.org#🎃
优优🎃,,超时,,https://m.yoyowx.com#🎃
侠客中文网🎃,,其它错误,,http://www.xkzww.cc#🎃
儿童读书,小说 书源,超时,,https://www.changduzw.com#🎃
免费看,,超时,,http://m.dashenbook.com
全本小说,,其它错误,,http://www.jwdushu.com#wy18-1001
全本小说网,"发现失效,🍀,搜索失效",超时,,http://www.wanbenxiaoshuo.net
八一中文,静白校对(2023年3月31号),其它错误,,http://www.zwduxs.com#grid tr!0
八一中文,小说 书源,超时,,http://www.81zw.tv/
八一中文🎃,📃论坛,连接失败,,https://www.zwduxs.com#🎃
八中文网,-------,连接失败,,https://www.zwduxs.com#嘚嘚21.0201
六九中文,E组,超时,,https://www.liujiuzw.com
冷冷文学🎃,小说,超时,,https://www.lengleng.cc#🎃
凌晨看书,1005个,超时,,https://m.lingchenkanshu.com
出处源-仓库 不格小说网,,超时,,https://m.bugexs.com
前路🎃,,超时,,https://www.qianluxiaoshuo.com#🎃
勤书网吧,小说 书源,超时,,http://member.iqinshu.cn/##zhbyjm7783
南山书院①,"【❌❌】搜索失-效,搜索失效",异常状态,522,https://www.szyangxiao.com#wy18-1001
南山书院⑥,"【❌❌】搜索失-效,搜索失效",异常状态,522,https://www.szyangxiao.com#鸡排饭
卡卡文学🎃,,超时,,https://m.kkwxw.cc#🎃
去读书网,,其它错误,,http://www.77dushu.com#🎃
发米友小说网,神段【大乘级】（小说源）,超时,,http://www.famiyou.com
可以小说🎃,,有响应(拦截),429,https://www.shongshu.com#🎃
同人小说🎃#2,,其它错误,,http://www.trxs123.com#🎃
听书楼,,超时,,https://m.tingshulou.com
品书客子,小说 书源,超时,,https://www.pinshuke.org
哇啊书库,小说 书源,其它错误,,http://m.pingshuku.com#🎃
唐三中文,💠精选,超时,,http://www.xtangsanshu.com
唔唔小说,小说 书源,其它错误,,https://www.changduzw.com#未月十八repair#wy18-1001
四零二零,小说 书源,其它错误,,http://www.wrlwx.com#guaner
四零二零,小说 书源,其它错误,,http://www.wrlwx.com#wy18-1001
土豪漫画-M,漫画,有响应(拦截),429,https://m.toho123.com
地狱,18,超时,,https://18comic2.one/
夜读书屋,🏖️免费+,超时,,https://www.yedu360.com/
大漠阁,男频,可达,200,http://www.damoke.cc
天域小说网,⁴☃晨光雨露᭄精品源,超时,,http://www.tycqxs.com
天章小说网,,超时,,https://m.tianzhangs.com
天美小说🎃,第一批,可达,200,https://m.tianmeixs.com#🎃
奇书网⑥,"发现失效,﹅ 通用书源▪︎玄奇,搜索失效",超时,,https://www.qishuw.com/
奇漫屋🎃,,超时,,https://www.mqzjw.com#🎃
女生文学🎃#2,,其它错误,,http://m.wenxuem.com#🎃
好笔阁🎃,,超时,,https://www.1688by.com#🎃
妹子GIF-P,"发现失效,搜索失效",有响应(拦截),429,https://www.meizigif.com
完本小说,,超时,,https://www.wbxs.org
完结书库,小说 书源,超时,,https://m.wanjieshuku.com
完美小说,小说 书源,超时,,https://m.22pq.com
宝  书  网,"﹅ ㊦ 下载,搜索目录失效,发现目录失效,﹅ 通用书源▪︎玄奇",可达,200,http://m.baoshuxuan.com
小强文学,男频,超时,,https://www.xiaoqiangwx.org
小说520🎃,,连接失败,,https://m.xiaoshuo520.com#🎃
小说书库②,🎉 精品,超时,,https://www.xssk.net/
小说天堂🎃,,超时,,https://www.xstt5.com#🎃
就爱文学,,超时,,http://m.92xs.info/
就爱言情,女频,超时,,https://m.92yanqing.com
尾小说网,小说 书源,超时,,https://www.2kxs.info/
巴士看书,🎃 通用,可达,200,https://www.84kanshu.com#
帝书阁,🏖️免费+,超时,,http://www.dishuge.org/
干电子书,小说 书源,超时,,https://m.iwurexs.com#🎃
平凡文学🎃,,其它错误,,http://www.pfwx.com#🎃
开源书源,免费,异常状态,503,http://www.loubiqu.com/
必去书屋,﹅ ♞ 普通,超时,,https://wap.biqusk.com/
必读小说[修复],"9月,搜索失效",超时,,https://www.xbiquxs.com
快看小说,网页源,超时,,https://www.kuaikanxs.com/
思路客,"人机验证-搜索,暂不可用",超时,,https://www.siluke.com
悠久小说,"破冰｜黄凡凡,搜索失效",超时,,http://m.ujxs.com/
悠久小说🎃#4,,其它错误,,http://m.ujxsw.net#🎃
懒人小说🎃,,异常状态,522,https://www.lrxsw.org#🎃
手打吧,¹▽置顶`ȏ´正版发现,可达,200,https://www.shouda88.com#js
手机小说,20250428,超时,,http://wap.sjwx.info
找找小说🎃,,超时,,https://m.zzxsw.cc#🎃
推荐书吧,小说 书源,超时,,https://www.69shuba.pro/
搜猫小说,小说 书源,超时,,https://www.soumal.com
摘书楼🎃,,其它错误,,http://www.zhaishuyuan8.org#🎃
文墨中文🎃,,超时,,https://www.maxreader.la#🎃
文学楼,天域战歌整理,异常状态,522,https://www.wenxue6.com
斗破小说,小说 书源,连接失败,,https://doupocangqiong1.com#
斗破苍穹,小说 书源,连接失败,,https://m.doupocangqiong1.com#
斗破苍穹小说网,,超时,,http://www.doupocangqiong.info
新御书屋,漫画,超时,,https://m.xyushu5.vip
新笔趣阁 静白校验搬运其他渠道去除防伪,笔趣,超时,,https://www.xsbiquge.net#
新酷书网,小说 书源,超时,,http://www.xkushu.com#
新龙腾小说网,发现,连接失败,,https://www.ltxsw88.vip
无双小说🎃,,其它错误,,http://www.buxia.org#🎃
无敌小说🎃,,连接失败,,https://www.8xs.org#🎃
无极小说网,,超时,,https://www.wj27.com/
无限小说,小说 书源,超时,,https://www.wenxuesk.net/
无非小说,小说 书源,超时,,https://www.2kxs.org
时代阅读网,💭💭💭💭💭💭,超时,,https://www.timesinfor.com
旺仔小说网🎃,,有响应(拦截),403,https://www.wzxmt.cc#🎃
明月小说,小说 书源,其它错误,,http://wap.ikanxs.la#🎃
明清小说网📚,Wave,可达,200,http://www.xmqxsw.com
星彬小说阁🎃,,超时,,https://www.xbing.cc#🎃
星空小说[修复],自写修复0909,超时,,http://www.xaixs.la
星空小说🎃,,其它错误,,http://wap.aixswx.net#🎃
晚班小说,小说 书源,超时,,https://www.99mk.info#
望书阁ge,,超时,,https://m.wangshuge.com/
望书阁网🎃,222最新校验成功,其它错误,,http://wap.wangshugu.net#🎃
木叶小说网🎃,,超时,,https://wap.qixiashu.com#🎃
未来天王🎃3,🎄常用,其它错误,,http://www.weilaitianwang.net#🎃
松语小说,小说 书源,其它错误,,http://www.songyuwenxue.com#c_row#芜恙
柚子小说,-------,超时,,https://www.xizu.org/##细雨尘寰
桃子小说🎃,,其它错误,,http://www.taozitxt.net#🎃
梦幻小说,小说 书源,超时,,http://www.pan5.net/
棉花糖,,其它错误,,http://www.mhtxs.cc##
楼兰小说论坛,天域战歌整理,超时,,https://www.loulanshu.com
橘子小说🎃#2,"-------,0206⭐",超时,,http://www.cxinbz.com
歌书网,全部来自论坛,超时,,http://www.gashuw.com/
武侠小说,小说 书源,异常状态,522,https://www.wuxia8.com#🎃
民国奇人,,超时,,http://m.minguoqiren.org/
民国奇人,-------,超时,,http://www.minguoqiren.org/#pb1101
民国奇人小说🎃2,,其它错误,,http://m.minguoqiren.org#🎃
永恒小说🎃,小说,超时,,https://www.cizi.org#🎃
求小说网手机站,静白240801,超时,,https://m.qiuxiaoshuo.org/
求小说网🎃,🍜其他,其它错误,,http://www.81ht.com#🎃
江南小说,小说 书源,连接失败,,https://www.medabc.com.cn
测试,"正版,Json",可达,200,https://m.yfxiaoshuoe.com
渣渣小说,,异常状态,522,https://www.zztxt.net/
湘潭图书,小说 书源,超时,,https://www.bookshuku.com
溜达小说,,超时,,http://www.liudatxt.la/
溜达小说,小说 书源,超时,,http://www.txtshuku.org/
漫漫看漫画网📱💡,,超时,,https://m.manmankan.cc/api
漫画堆,漫画,超时,,https://www.manhuadui.com
灵境行者,小说 书源,超时,,https://lingjingxingzhe.com/
灿海小说,网页源,超时,,https://www.canghaixs.com/
燃文小说 #渊呀,搜索失效,超时,,https://www.ranwen8.com#yuan1107
爱 书 屋,"笔趣,搜索失效",超时,,https://m.ishuse.com
爱下小说,小说 书源,超时,,https://api.aixdzs.com/
爱书包,综合,超时,,https://www.ishubao.org/
爱书屋小说网(下载),🎉 精选 🎉,连接失败,,https://www.ishuw.com
爱小说网,0227⭐,超时,,http://www.18ys.net
爱尚小说,小说 书源,其它错误,,http://www.23hh.la#🎃
爱曲小说,小说 书源,超时,,https://m.xbiqusa.com/##@遇知
爱看书吧,"发现失效,搜索失效",超时,,https://www.ikshu8.com/
爱看书吧🎃,,超时,,https://m.akshu88.com#🎃
爱谈小说,小说 书源,超时,,https://www.9itans.com/
版主001(中),神段【大乘级】（小说源）,有响应(拦截),429,http://www.bz001.org
猪猪书,💠精选,超时,,http://www.zzs5.com
猪猪手机TXT小说下载网,,超时,,http://wap.zzs5.info
玄幻阁网🎃,,其它错误,,http://www.xuanhuange.net#🎃
电子书屋,网页源,可达,200,https://www.dianzishuwu.net/
番茄小说🎃,,连接失败,,https://ikun.laoguantx.top:45554#🎃
白马楼小说,④🔖  备用,超时,,https://www.baimakanshu.com/
皇帝之家,小说 书源,超时,,https://m.huangdizhijia.com/
盘古中文网 m.panguxs.org,未测试,超时,,https://m.panguxs.org
看书室小说网,,有响应(拦截),403,https://m.kanshushi.com/wap/
看小说网,小说 书源,超时,,https://www.2kxs.info#🎃
神书网🎃,,其它错误,,http://wap.shenshuwx.com#🎃
神藏小说,小说 书源,其它错误,,http://www.swangwx.com#未月十八改
穿越小说🎃#3,,其它错误,,http://m.kk169.com#🎃
笑佳人网,"﹅ 通用书源▪︎玄奇,搜索失效",超时,,https://www.xiaojiaren.com
笔下文学,💠精选,超时,,https://m.bxwxue.com
笔下文学,小说 书源,超时,,http://www.bxwx8.la
笔下文学🎃,,其它错误,,http://www.bequmo.com#🎃
笔书网[ibi],,超时,,https://www.ibiquku.la/search.php
笔趣中文爱笔楼,👍🏻 普通,超时,,http://m.ibiquzw.info
笔趣屋[3378],🏖️免费+,超时,,https://www.3378.org/
笔趣读,小说 书源,超时,,https://www.biqusk.com/#pb1101
笔趣阁,"破冰｜黄凡凡,发现失效,搜索失效",超时,,http://www.biquchong.cc/
笔趣阁,"🏵️  小说,💒 笔趣",超时,,http://m.biqugge.com
笔趣阁,,超时,,http://m.bbiquge8.net
笔趣阁,小说 书源,超时,,https://www.biqukun.com#
笔趣阁,🍜其他,超时,,https://www.ibiquge.la
笔趣阁,笔趣阁,超时,,http://www.biquge.info
笔趣阁,小说 书源,超时,,https://www.biquge34.net
笔趣阁,-------,超时,,http://www.xbiquge.la#
笔趣阁,小说 书源,超时,,https://www.biqusk.com/#♤pb
笔趣阁,写源by河鹅和,有响应(拦截),429,https://www.glimpsewave.com
笔趣阁,小说 书源,可达,200,http://www.biquluo.com/
笔趣阁,小说 书源,连接失败,,https://m.ibiquge.net#🎃
笔趣阁,小说 书源,其它错误,,http://www.39txt.com#🎃
笔趣阁,小说 书源,超时,,https://www.beqege.cc
笔趣阁,小说 书源,超时,,https://www.52bqg.net
笔趣阁,,可达,200,https://www.biquge123.cc/#♤pb
笔趣阁11,,超时,,http://www.bbiquge8.net
笔趣阁196,念心 || 小说,超时,,http://www.tongluzixun.com
笔趣阁68,【小说1书源】,超时,,http://www.biquges.com
笔趣阁[xbiqusa],💭💭💭💭💭💭,超时,,http://m.xbiqusa.info/
笔趣阁ibiquges,❤小说,超时,,https://www.ibiquges.org
笔趣阁⑤,🍁 笔趣,超时,,https://www.bbiquge.cc
笔趣阁网,,超时,,http://www.39txt.com
笔趣阁🎃#102,,超时,,https://m.bqggz.com#🎃
笔趣阁🎃#113,,超时,,https://m.42bqg.cc#🎃
笔趣阁🎃#15,,超时,,https://www.xbiquwx.la#🎃
笔趣阁🎃#4,小说,其它错误,,http://www.biqugewx.info#🎃
笔趣阁🎃#47,,其它错误,,http://m.bequgew.info#🎃
笔趣阁🎃#62,,超时,,https://m.13bqg.com#🎃
笔趣阁🎃#87,,超时,,https://m.bqgdi.com#🎃
笔趣阁🎃16,🎄常用,其它错误,,http://www.ibiquw.com#🎃
笔趣阁🎃4,,其它错误,,http://www.xbiqugu.net#🎃
笔趣🎈,笔趣阁,超时,,http://www.xbiquwx.la
第九中文网由静白校验，如果搬运其他渠道可自行去除防伪,"💭💭💭💭💭💭,搜索失效",超时,,https://m.dijiuben.net/
米阅小说🎃,,超时,,https://m.miyuexiaoshuo.com#🎃
红豆小说,,超时,,https://www.mayi93.com/
统计书啦,念心 || 小说,可达,200,https://www.69shu.la#2
网阅小说🎃,,异常状态,522,https://m.beiwobook.cc#🎃
耳电子书,-------,超时,,http://www.wurexs.com
聚合书库,-通用,超时,,https://mjjxs.net/##@landseer
肉电子书-δ🎃,,其它错误,,http://www.rstxt.com#🎃
色欲文🎃,,超时,,https://m.seyuwen.com#🎃
艾克小说🎃,,其它错误,,http://www.ik555.net#🎃
若尘文学3.0,🏵️  小说,异常状态,504,https://www.ruochenwx.com/
茂鑫小说,-------,其它错误,,http://www.tcmaoxin.org##尐哖
荷塘书屋🎗,,超时,,https://www.myhetang.com
萌妹子网-P,"发现失效,﹅ 通用书源▪︎玄奇,搜索失效",有响应(拦截),429,https://mmz.moe
落秋中文,【小说1书源】,连接失败,,https://www.luoqiu.cc/
蚂蚁文学,,超时,,https://www.mayiwxw.com
蚂蚁文学,综合,超时,,https://www.mayiwsk.com
蚂蚁文学2,👍🏻 普通,超时,,https://www.mayiwxw.com#仅搜索
蚂蚁阅读,小说 书源,超时,,http://www.mayitxt.com
蚂蚁阅读🎃2,🎉 精选,其它错误,,http://www.mayitxt.org#🎃
西瓜小说网,,超时,,https://www.pdske.com/#檬默默
说说520🎃,,其它错误,,http://m.shuquta.com#🎃
读乐星空🎃,,超时,,https://z.dlxk.com#🎃
读趣,全部来自论坛,超时,,http://m.xduqu.com
豆豆小说网,漫画,超时,,http://www.ddshu.net
趣阅,"💭💭💭💭💭💭,搜索失效",超时,,https://www.qvyue.com
达文小说,小说 书源,其它错误,,http://www.dawensk.com#🎃
那中文网,,可达,200,https://www.83zg.net
采墨阁网,🎉️精选,超时,,https://m.caimoge.net/
键盘小说🎃,,其它错误,,http://www.janpn.info#🎃
阅读爱库,,其它错误,,http://www.yuedsk.com#🎃
阴阳代理,小说 书源,超时,,http://www.yinyangdailiren.org/
零书小说,小说 书源,超时,,https://m.00shu.la#🎃
零点看书🎃,,超时,,https://www.jsshsc.com#🎃
青果阅读💯,"☀晨光雨露💫精俢源💯,发现失效,搜索失效",超时,,http://api.qingoo.cn:9090
青豆小说网,综合,超时,,https://www.jdzwo.com
顶点小说,,超时,,http://www.dingdian.com
顶点小说,小说 书源,超时,,http://www.kmwx.net/
顶点小说,小说 书源,其它错误,,http://www.ddxsku.com#onede
飘天文学,"已校验,搜索失效",超时,,http://www.piaotianw.com/
香书小说,,可达,200,https://www.xbiqugu.com/
马戏小说,,超时,,http://www.imayitxt.com
鬼吹灯[天域战歌],免费,超时,,http://m.gdbzkz.com
鬼吹灯🎃#4,,其它错误,,http://www.cxzz958.com#🎃
鸟书网🎃,,其它错误,,http://www.99xs.info#🎃
鹅给书库,小说 书源,超时,,http://www.ppskw.com
黄易小说,"【❌❌】搜索正文失-效,搜索失效",其它错误,,http://www.huangyixiaoshuo.com#嘚嘚21.0201
黑岩阅读网,,其它错误,,http://www.heiyan.org/#♤pb
黑岩阅读🎃,,其它错误,,http://www.xheiyan.info#🎃
龙坛书网🎃,,超时,,https://www.longtanshuw.cc#🎃
️戊戟武侠,小说 书源,其它错误,,http://m.wujixsw.org#🎃
️爱尚小说🎃,,超时,,https://m.23hh.la#🎃
️顶点小说️,小说 书源,超时,,https://wap.maxreader.la#
🌀笔趣阁,🎄常用,超时,,http://www.vvbiquge.cc
🌐奇漫屋,,超时,,http://qiman56.com
🌞晴天漫画4.0,"番茄漫画,漫画",异常状态,522,https://api.qingtian618.com/#漫画/
🌞晴天融合短剧2.1(独立版),番茄短剧,异常状态,522,https://api.qingtian618.com/
🌸 久久小说,🌸 女频,连接失败,,https://m.899zw.com
🌸 稻草人✈,"🌸常用,🚀VPN",超时,,https://www.daocaorenshuwu.com
🌸燃文小说,"🌸197,🍍🍍🍍🍍🍍🍍,搜索失效",超时,,https://www.ranwen.la#乃星111
🌸笔趣阁②,②🌸  常用,超时,,http://m.biquxs.info/
🍁笔趣阁②,🍁 笔趣 🍁,超时,,https://www.ibswtan.com/
🍁笔趣阁⑬⑧,🍁 笔趣 🍁,超时,,https://www.biqumo.com/
🍁笔趣阁㊽①,,超时,,http://www.17biquge.com/
🍎小说书库,22,超时,,http://m.duqu.net/modules/article/articlefilter.php
🍑笔趣阁,"🍑86,🙈🙈🙈🙈🙈🙈",超时,,https://wap.bequgew.com
🍒六九(繁转简),"精选,69",超时,,https://69shux.net
🍩笔趣阁ibiquge[自写],,可达,200,https://www.ibiquge.vip#xsw8093
🍺 52笔趣阁①,🍺特优,超时,,https://m.52bqg.com
🍺 烟雨小说网,🍺特优,超时,,https://www.yyxsw.org
🍺 达文小说,"测试组,🍺 男频,我的精教遗留",超时,,http://www.dawen.org
🍺txt小说,免费,超时,,http://m.xiaxs.la
🎃77读书🎃,,其它错误,,http://www.77shuku.org#🎃
🎃亿软小说,,其它错误,,http://m.yiruan.info#🎃
🎃大河文学🎃,,超时,,https://www.dahewenxue.com#🎃
🎃按钱看书🎃,,超时,,https://m.54kanshu.com#🎃
🎃棉花糖小说🎃#3,,其它错误,,http://www.mianhuatang8.net#🎃
🎃神书网🎃,,其它错误,,http://wap.shenshuzw.net#🎃
🎃笔趣阁🎃#74,,超时,,https://www.ishuquge.la#🎃
🎃第一版主🎃#12,,其它错误,,http://7778877.net#🎃
🎃阅读库🎃,,其它错误,,http://www.yeudusk.com#🎃
🎈私塾网,④🎈  普通,超时,,https://m.4shuwangba.com
🎉 iTXT小说网,🎉精品,连接失败,,https://m.itxt.vip
🎉 大海中文[仅发现],🎉 精选 🎉,超时,,https://www.dhzw8.com
🎉 妙书屋[文名乱码],🎉 精选 🎉,连接失败,,https://m.miaoshuwu.com
🎉 搜小说,🎉 精选 🎉,有响应(拦截),429,https://m.soxscc.com
🎉 求书网,🎉 精选,超时,,http://www.aidusk.com/
🎉 爱看书八,🎉 精选,超时,,https://m.xakshu8.com
🎉 百年书屋,,超时,,https://www.bsshuwu.com
🎉 笔下文学[仅发现],,超时,,https://www.xinbxwx.net
🎉 笔趣阁,-------,超时,,http://www.weishijing66.com
🎉 笔趣阁㉙,,超时,,https://www.bqgxx.com
🎉 读远手机版,🎉精品,超时,,http://wap.readfar.com
🎉 顶点小说㉖,🎉精品,超时,,https://www.e1w.net
🎉00小说网②,🎉 精选 🎉,可达,200,https://www.00xs.us/
🎉800小说⑤,小说,超时,,https://www.800txt.net/
🎉一八小说②,,超时,,https://www.18xs.cc/
🎉一本读💙💙💙#嘚嘚21.0201,"嘚嘚21.0201,🎉 精品,★,☀️搜书/换源 B▪优质",其它错误,,http://www.ybdu.me#嘚嘚21.0201
🎉三k小说网,🎉精选,超时,,https://www.kkkxs.com/
🎉乐文小说#嘚嘚21.0201,乐文,超时,,https://www.365xs.la#嘚嘚21.0201
🎉书荒啦小说,,有响应(拦截),429,https://www.shuhuang.la/
🎉六九书啦①,,可达,200,https://www.69shu.la/
🎉小小说文学,,超时,,https://www.xiaoxs.com/
🎉小说天下①,,有响应(拦截),403,http://www.xstx.com.cn/
🎉悠久小说网①,,可达,200,https://www.ujxs.net/
🎉无弹窗小说🅰💜💜💜530p.com #温暖满怀,"🎉 精品,★,☀️搜书/换源 A▪精品",其它错误,,http://www.530p.com#温暖满怀
🎉求小说网,合集,超时,,http://www.qiuxiaoshuo.org
🎉爱去小说网,,超时,,https://www.iquxs.com/
🎉神马小说①,,超时,,https://www.shenmaxiaoshuo.com/
🎉聚合书库,,超时,,https://mjjxs.net
🎉青果小说①,,超时,,http://www.qgqy.com/
🎧 奇酷听书,🎧 有声,超时,,http://www.qikuxs.com/
🎨 动漫之家,🎨漫画,超时,,https://manhua.dmzj.com
🎨 奇漫屋56[修],-------,其它错误,,http://qiman56.com#修改
🎨 漫漫看,🎨漫画,超时,,https://www.manmankan.cc
🎨 漫画淘,🎨漫画,超时,,https://m.manhuatao.com
🎨 羞羞韩漫(登录),"✨漫画,搜索失效",有响应(拦截),429,https://www.xxhm.net/
🎨one漫画,漫画,可达,200,https://www.onemanhua.com
🎨爱飞漫画,🎨 漫画,超时,,https://m.2feimh.com
🏷️得间小说🌱⭐,"☀晨光雨露💫精俢源💯,发现目录失效,搜索目录失效",超时,,https://www.idejian.com#一程
👌 键盘小说,👌 常用,超时,,https://www.jianpan.la
👍 56书库[仅发现],,超时,,http://www.liuxs.la
👍 书迷楼co[仅发现],👍优质,超时,,http://www.shumil.co
👍 天籁小说[仅发现],👍优质,超时,,http://www.23txt.com
👍 换源神器,优质源👍,超时,,http://api.hongshuo666.cn
👍 棉花糖,优质源👍,超时,,http://www.mianhuatang.cc
👍 爱奇,"【🈵♥🈵💯】231123千组1,搜索失效",其它错误,,http://www.i7wx.net#grid tr!0#芜恙
👍 爱看书吧,"👍优质,发现失效,搜索失效",超时,,http://m.ikshu8.com
👍 第九中文[仅发现],,超时,,https://m.dijiubook.com
👍 艾克小说,﹅ ♜ 优质,其它错误,,http://www.ik555.net#一程
👍 零点看书,"发现失效,﹅ ♜ 优质,搜索失效",超时,,https://www.00ksw.com#一程
👍笔趣阁⑩⑧,"优质源👍,💒 笔趣",超时,,https://m.51suxiu.com/
💊 笔趣阁⑫②,💊无搜,超时,,https://www.cyewx.com
💎小刀阅读# 搜小说,"🎄🎄🎄🎄🎄🎄,搜索失效",超时,,https://www.soxscc.org
💞第三小说网,"🌸静白,⑴好用",超时,,https://www.xdsxs.com/
💠 必去书库,💠 综合,超时,,https://www.biqusk.com
💦书荒阁小说,,有响应(拦截),429,https://www.shuhuangge.org/
💦去读读②①,,超时,,https://www.gonb.org/
💦笔趣阁㉜,💦 精品 💦,超时,,https://www.vbiquge.com/
💯书本网③①,,超时,,https://www.ibookben.com/
💯选书网,🎉 精选 🎉,超时,,http://www.xuankuwx.com/
💰柠檬小说,💸正版,超时,,https://m.lemonyd.com/
💵 连载阅读♀,"﹅ ㊣ 正版,发现失效,搜索失效",超时,,https://www.lianzai.com/nvsheng
📖 一读小说,👻 隐藏,超时,,https://www.121du.cc/
📖 五六风筝,微筛选,超时,,http://m.56fz.net
📖 笔趣阁⑩,📖 笔趣阁,超时,,http://www.biqudao.me
📖 缤纷幻想,"搜索正文失效,【❌❌】网站失-效",超时,,https://colorful-fantasybooks.com#一程
📖 零点看书,👻 隐藏,超时,,http://www.tstdoors.com/
📖幽月轻小说文库,"发现失效,📖轻文,搜索失效",超时,,http://so.slieny.com
📚 中学生读书[仅发现],🌿网站搜书,超时,,http://fox2008.cn
📚 天下书库,"📚出版,☣️senhora起点",超时,,http://www.txshuku.net
📚 柠檬小说,📚 正版,超时,,https://search.lemonyd.com
📚100本网,"出版,发现失效,搜索失效",有响应(拦截),429,https://www.100ben.net#关耳
📚中学读物,,超时,,https://fox2008.cn
📜 黑客小说,[小说源],超时,,https://m.heikexs.com
📡 妙笔阁,,超时,,https://www.imiaobige.com#onede
📥超级书库,📥  下载,连接失败,,https://shuayouxi.cn
🔆爱看书吧,,超时,,https://m.ikshu8.com#温暖满怀
🔆第九中文APP🌱,,超时,,https://app.yqzw5.net#渊呀edit
🔥 爱书屋,优质源👍,超时,,http://www.ishuw.org
🔰 171小说,"﹅ ♞ 普通,发现失效,搜索失效",其它错误,,http://www.171xs.cc#一程
🔰 乐文小说~5lewen.com,"🍍🍍🍍🍍🍍🍍,🔰347,搜索失效",超时,,http://www.5lewen.com
🔰 最言情,"发现正文失效,﹅ ♞ 普通,﹅ ✾ 言耽,搜索正文失效",超时,,https://www.zzzyq.net#一程
🔰 溜达小说,小说,超时,,http://m.liudatxt.la
🔰 笔趣阁7,【小说3书源】,可达,200,https://www.bqg7.com
🔰4020电子书·叁,,异常状态,503,http://m.wsskw.com
🔰快看中文,🔰 一般 🔰,超时,,https://www.kuaikanzw.com/
🔰笔下文学520,🔰 一般 🔰,超时,,https://www.bxwx520.org/
🖤书海阁✦② ♛♛♛✘,"※0MD2,☆edit,﹅♚正版or榜单,※0MD,﹅♛精品,■精品",超时,,https://m.xinshuhaige.net/#pb
🚬 31bz.org,"🚬刘备,💊无搜,🚀VPN",有响应(拦截),429,https://www.31bz.org
🚬 小强小说网②,🚬刘备,超时,,http://www.xiaoqiang520.cc
🚬 挺好的,,可达,200,https://tinghaode.org
🚬 烧书阁,🚬刘备,连接失败,,http://m.shaoshuge8.com
🚬 第一版主555[仅发现],"🚬刘备,🛠️待修",超时,,https://www.diyibanzhu555.com
🚬 第二书包网123,🚬刘备,超时,,https://m.shubaowang123.cc
🥛妙笔阁,⁴☃晨光雨露᭄精品源,超时,,https://www.imiaobige.com#发现
🧐SCIF♨️,"发现失效,﹅ ♝ 优良,搜索失效",超时,,https://www.shuchong.info#发现
(搜索需输验证码)兰兰文学网,,连接失败,,https://www.lanlanguoji.com
1359漫画💡,网站封面挂了很多,连接失败,,https://mh1359.com
27漫画-M,漫画,连接失败,,https://m.5freed.com
321免费,B级; 发现,连接失败,,https://www.xs321.com
37小说,☀晨光雨露🍒精俢源💯,连接失败,,https://000xs.net
38看书,小说,连接失败,,https://www.mijiashe.com
520漫画网,漫画,连接失败,,https://m.niu07.com
62文学网①,天域战歌整理,连接失败,,https://m.62wx.com
72小说网,天域战歌,连接失败,,https://m.72hf.com
88读书网🎃,,连接失败,,https://www.88haoshu.com#🎃
99comic📶,电信能看; 失效,连接失败,,https://www.99comic.co
KuKu动漫-M,漫画,连接失败,,https://wap.kukudm.com
QQ浏览器,正版,连接失败,,https://novel.html.qq.com/
SVIP漫画💡,💡【提示】;,连接失败,,https://www.404mh.com
X18漫画,漫画,连接失败,,https://www.x18mh.com
bl文库,神段【大乘级】（小说源）,连接失败,,https://www.blwenku.net
ʚɞ 豆腐小说 ʚɞ,ฅ  发现,连接失败,,https://m.doufu.la
☁️云端聚合[普通源],"📖小说,🗂 聚合",连接失败,,https://read.search.qingread.icu
♜ ✎笔趣阁⑨④ #破冰1101,"【🈵♥🈵💯】231123千组4,【】👾笔趣阁",连接失败,,https://www.bqg34.net/#pb1101
♜ ✎笔趣阁⑮③ #破冰1101,笔趣阁,连接失败,,https://www.biqugexx.net/#pb1101
♜+巴巴鱼 #破冰1101,"发现失效,﹅ ♜ 优质,搜索失效",连接失败,,https://www.babayu.com/#pb1101
♜-69中文① #破冰1101,"发现失效,﹅ ♜ 优质,搜索失效",连接失败,,https://www.zw69.com/#pb1101
♜45小说网 #破冰1101,需要登录,连接失败,,https://www.45txt.com/#pb1101
♜天翼文学① #破冰1101,"【❌❌】搜索失-效,发现失效,搜索失效",连接失败,,https://www.tianyi.la/#pb1101
♜选书网② #破冰1101,⁴☃晨光雨露᭄精品源,连接失败,,https://www.xuanshu6.com/#pb1101
♬ 馨雨听书网 #破冰,听书,连接失败,,https://xytingshu.com/#♤pb
⛔️ 帅同,⛔️  帅同,连接失败,,https://www.shuaigay.pro
✐  随梦小说 ✐,☃ 自用,连接失败,,https://www.cjudfcg.net##发现
✐ 动漫之家₁-M #Haxc1107,"🎨 C漫画,0-🏜️ 图片",连接失败,,https://m.dmzj.com#Haxc1107
✐ 多多漫画🅰 #Haxc1107,"🎨 C漫画,0-🏜️ 图片",连接失败,,https://api.duoduomh.1a3.net#Haxc1107
✨下拉式阅读🎨📱,"✨,✨📱 手机,🎨 漫画",连接失败,,https://gg.hxt9881.com/
✾晨曦小说 #关耳,"﹅ ✾ 言耽,发现失效",连接失败,,https://m.chenxixsw.com#guaner
㊝ 久久小说com ♜♜- + 速,⁴☃晨光雨露᭄精品源,连接失败,,https://www.txt909.com/#md
㊣ 话本小说,,连接失败,,https://www.ihuaben.comyc
一耽漫画,念心 || 漫画,连接失败,,https://yidan.one
万卷吧,男频,连接失败,,https://www.wanjuanba.net
下书网②,天域战歌整理,连接失败,,https://m.xiashuwu.cc
丫丫电子书,2025 4月7号 ：静白,连接失败,,https://www.xshuyaya.cc/
丫电子书,小说 书源,连接失败,,https://www.xshuyaya.cc/#pb1101
久久小说,微筛选,连接失败,,https://www.txt99.org/
乐文小说网🎃#3,,连接失败,,https://m.xlwxs9a.com#🎃
九六城堡,天域战歌整理,可达,200,https://www.96txt.com
书屋小说,,连接失败,,https://www.ishu5.com
书趣阁🇨🇳,"优选女频,#已校验",连接失败,,https://www.2shuquge.cc
二次元,同人,连接失败,,https://www.2cyxs.com/
五二小说网 m,搜索失效,连接失败,,https://m.52xs.net/
亲亲漫画📱,💯【稳定】,连接失败,,https://m.mhzhan.com
优酷漫画📱,,连接失败,,https://m.ykmh.com
元尊小书屋,"Wave,普通,发现失效,搜索失效",连接失败,,https://m.xiaoshuwu5.com
免费小说,,连接失败,,https://m.b.com/
全本小说🎃#5,小说,连接失败,,https://m.qbxsba.com#🎃
八叉小说,³۝天域整理,连接失败,,https://8xbk0.com
写意小说,"普通,发现失效,搜索失效",连接失败,,https://wap.xieyixs.com
出处源-仓库名著阅读,,连接失败,,https://api.diandu.com/
动漫之家S₂🅰,漫画1,连接失败,,https://sacg.dmzj.com
动漫之家₃-M,漫画,连接失败,,https://m.dmzj.com/search
医学读书,网页源,连接失败,,https://www.yixueds.com/
南极,,其它错误,,🐧
去读小说/红月忆🎃,,连接失败,,https://m.hongyue1.net#🎃
古风漫画📱,💯【稳定】,连接失败,,https://m.123gf.com
同人小说,网页源,连接失败,,https://www.trxiaoshuo.com/
哔咔漫画,,连接失败,,https://www.lu851.com
喜纯小说🎃,,连接失败,,https://www.xichubao.com#🎃
嗨皮漫画,"全部来自论坛,搜索失效",连接失败,,https://m.happymh.com/
四库小说,网页源,连接失败,,https://www.sikuxs.com/
圣武书库,小说 书源,连接失败,,https://www.iswsk.com#阅读
坏蛋1234 #关耳,"💭💭💭💭💭💭,搜索失效",连接失败,,https://www.huaidan1234.com/
墨语小说🎃,,连接失败,,https://www.mys8.net#🎃
大神小说,³۝天域整理,连接失败,,https://m.qr1234.com
天文阁,天域战歌,连接失败,,https://www.tianwenge.net
奇书小说,小说 书源,连接失败,,https://www.qisxs.com#
好汉中文🎃,,连接失败,,https://wapk.china-yantai.net#🎃
完本小说网,其他,连接失败,,https://m.wbxs.org
富书网,CM名著,连接失败,,https://m.365fushu.com
小强小说网🎃,,连接失败,,https://www.xiaoqiangla.com#🎃
小说旗🎃,,连接失败,,https://m.xs7.com#🎃
小说部落🎃,,连接失败,,https://www.xs86.net#🎃
就看小说,发现规则为空,连接失败,,https://www.wokanxiaoshuo.com/
帝书阁🎃,,连接失败,,https://www.22dishuge.com#🎃
得意漫画,漫画,连接失败,,https://mh.dymanhua.com
必读小说,网页源,连接失败,,https://www.biduxs.com/
快眼书海,"💭💭💭💭💭💭,搜索失效",连接失败,,https://www.jqbh.net
我的书城,💜未分组,连接失败,,https://m.wodeshucheng.com/
拨云搜索,微筛选,连接失败,,https://www.boyunso.com
搜狗阅读💯,³۝天域整理,连接失败,,https://book.sogou.com
文鱼中文网,🏵️  小说,连接失败,,https://m.5ibiquge.com
斗罗小说网,,连接失败,,https://www.idouluo.com
新新漫画₂,漫画,连接失败,,https://www.77mh.cc
无错小说🎃#4,,连接失败,,https://m.wcxsw.la#🎃
星星小说,,超时,,https://www.zbcxw.cn/
晚班小说,,连接失败,,https://www.mk.info
更新书屋,网页源,连接失败,,https://www.gxshuwu.com/
木木悦读,漫画,连接失败,,https://www.ykwhcomic.com
格格党🎃3,,连接失败,,https://www.qingzichan8.com#🎃
梦魇小说,网页源,连接失败,,https://www.mengyanxs.com/
棋子小说,"💭💭💭💭💭💭,搜索失效",连接失败,,https://www.qizi02.com#乃星
武林中文,小说 书源,连接失败,,https://www.50zw.so#
氨茶动漫（优）,-------,连接失败,,https://www.agedm.org/search
波阅漫画-M,漫画,连接失败,,https://m.bymanhua.com
清河文学🎃,小说,连接失败,,https://www.qhwxw.com#🎃
源社区出品-笔趣家,收集出处：源论坛 4月29号,连接失败,,https://www.biqujia.cc
漫画殿📱⛅,⛅【晴天】,连接失败,,https://m.manhuadian.com
灵域小说,可用,连接失败,,https://m.lingyutxt.com
爱下书小说网,✍🏻自制,连接失败,,https://www.2wxsl.com
爱尚小说,小说 书源,连接失败,,https://m.aslwx.com#
爱米推漫画,漫画,连接失败,,https://www.imitui.com
特好书王,综合,连接失败,,https://m.shuwang1.com
独步小说,小说 书源,连接失败,,https://www.dubu123.com#未月十八改
玄幻文学,"已校验10.21,搜索失效",连接失败,,https://www.xhwx3.com
番奇中文,网页源,连接失败,,https://www.fanqizw.com/
番茄有声,,连接失败,,https://reading.snssdk.comlistening
番薯小说,小说 书源,连接失败,,https://ggs.manmeng168.com#yuan1107
百度文库,"💭💭💭💭💭💭,搜索目录失效",连接失败,,https://wk.baidu.com111
看漫画,,连接失败,,https://kanbook.net
看看小说,小说 书源,连接失败,,https://www.kankanxs.xyz
短剧合集（优+）,影视 书源,连接失败,,https://ss.apps.dj
神仙书阁🎃,,连接失败,,https://m.shenxianfaka.top#🎃
离奇🌇🔍,柳树🌇图片,连接失败,,https://123.lieqi1.shop
笔下看书,,连接失败,,https://www.yn388.com388
笔仙阁🎃,,连接失败,,https://m.bixiange.me#🎃
笔搜阁,,连接失败,,https://m.bisoge.com
笔趣岛吧,女频,连接失败,,https://m.daowx.com/
笔趣阁,仓库,连接失败,,https://m.paozw.com
笔趣阁,CM普通,连接失败,,https://www.whzh
笔趣阁,小说 书源,连接失败,,https://www.biquge.info-By Dark
笔趣阁,,连接失败,,https://wap.xinbiquge.org
笔趣阁APP,微筛选,连接失败,,https://infosxs.pysmei.com/
笔趣阁③③,Wave,连接失败,,https://m.cc148.net
笔趣阁㉓,"🍁 笔趣 🍁,7月份,精品,👍🏻",连接失败,,https://h5.duduxiaoshuo.top/
笔趣阁🎃#3,,连接失败,,https://www.4zw.cc#🎃
笔趣阁🎃#68,,连接失败,,https://m.bqgbe.com#🎃
笔趣阁🎃#90,,连接失败,,https://m.biquge5.la#🎃
笔趣阁🎃25,,连接失败,,https://www.ybiquge.com#🎃
第一版主,A级; 特殊; 发现; 搜索; 18,连接失败,,https://m.diyibanzhu.tw
第一版主~diyibanzhu3.net（书源URL改成diyibanzhu9.net或diyibanzhu3.xyz也适用）,禁,连接失败,,https://www.diyibanzhu3.net
第九中文网🎃,,连接失败,,https://m.d9book.net#🎃
米肉肉漫画,💯【稳定】,连接失败,,https://www.mirourou.com
精华书阁🎃#6,,连接失败,,https://m.xbyuan.com#🎃
红尘黄色🔍,,连接失败,,https://www.hhss40.xyz
缀舒阅读,"☣️精选senhora,⛎JJ城",超时,,https://www.avqc.com.cn
网络小说网,综合,连接失败,,https://m.txtwl.com
耐看吧,网页源,超时,,https://www.twotxt.com/
脸红心跳,,连接失败,,https://www.po.in
自制书源【永久有效】,,连接失败,,https://po.rouwenapp.com
若晴小说,网页源,连接失败,,https://www.rqxiaoshuo.com/
言情小筑,小说 书源,连接失败,,https://www.yqxz.org#🎃
言情小说园,言情; 发现,连接失败,,https://m.yqxsy.com
读吧文学,,连接失败,,https://m.yq.com/
读读小说网,🌼晨光雨露🍒精品源💯,连接失败,,https://www.nmdzps.com
超凡小说,小说 书源,连接失败,,https://wap.pan8.info
超凡小说🎃,,连接失败,,https://www.pan8.info#🎃
轩宇阅读🎃,,连接失败,,https://wwww.xyyuedu.com#🎃
选书网吧🎃,,连接失败,,https://www.ixuanshu.net#🎃
酸奶漫画,,连接失败,,https://m.kkk.com
阅书小说网  搜索正常,³۝天域整理,连接失败,,https://m.yueshu.org
雨露读书,网页源,连接失败,,https://www.yuluds.com/
雷漫画📱,失效,连接失败,,https://m.leimanhua.com
青梨小说🎃,🍜其他,连接失败,,https://qingly.ink#🎃
顶点小说,小说 书源,连接失败,,https://www.23ddw.cc#🎃
风雨小说,小说 书源,连接失败,,https://www.44pq.cc
骑士小说网,第一分组,连接失败,,https://m.74txt.com
魔爪中文,网页源,连接失败,,https://www.mozhuazw.com/
黑沼泽,涩文,连接失败,,https://zhaoze.pro
🌐 武侠世界2✈,,连接失败,,https://wuxiaworld.online
🌟 爱阅小说,"🌟 抓包,js失效",连接失败,,https://api.dgjiayuan.cn/#1
🌠酷漫漫画,漫画; 发现规则语法错误,连接失败,,https://kumanapp.com
🌸 值得阅读,🎃常规,连接失败,,https://s.4billion.tv
🌸 玉米小说,,连接失败,,https://m.yumitxt.com
🌸 轨道小说,②🌸  常用,连接失败,,https://www.biqueg.cc
🌸歪歪小说,🏵️  小说,其它错误,,https://www.99xiyue.com🌸
🌼起  读  书,,连接失败,,https://www.qidushu.com##
🍁笔趣阁⑤②,🍁 笔趣 🍁,连接失败,,https://www.xxbqg.com/
🍁笔趣阁⑬⓪,²♨笔-趣-阁❆,连接失败,,https://www.cc148.net/
🍁笔趣阁㊷①,,连接失败,,https://www.pingyuege.com/
🍅番茄小说[纯享阅读],"番茄小说,pyfqweb",连接失败,,https://ikun.laoguantx.top:45554#b
🍒 女生言情,🍒言情,连接失败,,https://dpyqxs.com
🍩乐阅读[自写],免费,连接失败,,https://www.22is.com#xsw8093
🍭256文学💗🎐,神段【大乘级】（小说源）,连接失败,,https://www.256wenxue.com
🍺 东方小说网,🍺 特优,连接失败,,https://m.dfxsw.com/
🍺 猫扑小说[仅发现],优质源👍,连接失败,,https://www.mop369.com
🍺 红叶书斋[仅发现],🍺特优,连接失败,,https://m.hongyeshuzhai.com
🎃69好书🎃,,连接失败,,https://www.69haoshu.com#🎃
🎃冬日小说🎃,,连接失败,,https://www.drxsw.com#🎃
🎃花生小说🎃,,连接失败,,https://api.wanx.com#🎃
🎃顶级看书网🎃,,连接失败,,https://www.djks5.com#🎃
🎈私塾网,④🎈  普通,超时,,https://m.4shuwang.net
🎉 30书院[仅发现],,连接失败,,https://www.30syy.com
🎉 i笔趣阁,,连接失败,,https://i.bqgshu.com
🎉 乐文小说⑥[仅发现],,连接失败,,https://www.lwlewen.com
🎉 书荒小说网,,连接失败,,https://www.xunlingol.com
🎉 国度小说,🎉精品,连接失败,,https://www.guoduxs.com
🎉 少年文学[仅发现],🎉 精选 🎉,连接失败,,https://www.snwxx.com
🎉 新卡夜阁,🎉精品,连接失败,,https://www.kayega.com
🎉 泊星石[仅发现],🎉精品,连接失败,,https://m.mkxs6.com
🎉 爱情小说[仅发现],,连接失败,,https://m.aiqingxs.com
🎉 笔趣阁②,🎉精品,连接失败,,https://m.biquge.com
🎉 锦绣文学,🎉 精品,连接失败,,http://m.580bk.com
🎉 鬼片小说,🎉精品,连接失败,,https://www.gpxiaoshuo.com
🎉4k小说网,🎉 精选 🎉,连接失败,,https://www.4kxiaoshuo.com/
🎉三台文学①,,连接失败,,https://www.santaiwx.com/
🎉书家园,🎉 精选 🎉,连接失败,,https://www.xinshujy.com/
🎉八一八小说,,连接失败,,https://www.818812.com/
🎉妙笔阁③①,,连接失败,,https://www.mbgtxt.com/
🎉文学屋书屋,,连接失败,,https://www.wenxue5.net/
🎉燃文小说④,🎉 精选 🎉,连接失败,,https://m.ranwen52000.com/
🎉老幺小说,🎉 精选 🎉,连接失败,,https://www.laoyao.org/
🎉迷你书屋,🎉 精选 🎉,连接失败,,https://www.minishuwu.net/
🎉零点书屋①,,连接失败,,https://www.lingdianshuwuu.com/
🎊凤凰小说,优质源👍,连接失败,,https://www.fhxsz.com/
🎨 1359漫画espipe[不稳定|修]📱,"漫画,发现失效,搜索失效",连接失败,,https://m.espipe.com
🎨 HiComic,🎨漫画,连接失败,,https://hicomic.net
🎨 海贼小站,🎨漫画,连接失败,,https://one-piece.cn/comic
🎨 知音漫客,🎨漫画,连接失败,,https://api.zymk.cn
🎨 魔趣阁,🎨漫画,连接失败,,https://m.moquge.com
🎨哔咔漫画🥕,黄段【圆满级】（漫画源）,连接失败,,https://www.buffacg.com
🎨漫画160,🎨 漫画,连接失败,,https://m.mh160.co
🐑圣武书库,全部,连接失败,,https://www.iswsk.com##在线
👍 33991笔趣阁,👍 优质,连接失败,,https://www.33991.net
👍 二五零书院,i,连接失败,,https://m.x5200.com
👍 八一中文网,👍优质,连接失败,,https://m.zwdu.com
👍 大熊猫,👍 优质,连接失败,,https://www.dxmwx.net
👍 婷阅小说,优质源👍,连接失败,,https://m.tyuetxt.com
👍 百家网[仅发现],,连接失败,,https://m.xinbaijiaw.com
👍 藏书阁(手机),👍 优质,连接失败,,https://m.ohcsg.com
👔 努努书坊,👻 隐藏,连接失败,,https://www.kanunu1.com/
👻 鬼大爷故事,👻灵异,连接失败,,https://m.guidaye.com#
💊 笔趣阁⑨⑤,💊无搜,连接失败,,https://www.biquge.vip
💠 羞涩小说,🥵  特殊,连接失败,,https://www.xiusexx.fun
💦二二中文网,,连接失败,,https://www.6zw.net/
💦追书网②,💦 精品 💦,连接失败,,https://www.lmxsw.com/
💫雨后中文,☃晨光雨露🍒精品源💯,连接失败,,https://www.yuhouzw.com
💯灵域小说,"🎉 精选 🎉,🏵️  小说",连接失败,,https://www.lingyutxt.com/
💯趣阅小说,💯 精品 💯,连接失败,,https://m.qvyue.com/
💰豆腐阅读,正版,连接失败,,https://m.doufu.la@
📖 棉花糖网,📖 小说,连接失败,,https://www.mianhuatang.info/
📖 笔小说网,"【❌❌】搜索失-效,搜索失效",连接失败,,https://www.xswang.com
📖 轩辕书社,"测试组,📖 小说,@念丶无 残留",连接失败,,https://www.xyshushe.com
📘来漫画,"📘漫画,🔮发现",连接失败,,https://www.laimanhua.com
📚书山融合漫画3.0(独立版),"番茄漫画,漫画",连接失败,,https://ga.shusan.xyz/#漫画/
📜 必读小说,[小说源],连接失败,,https://m.biduxs.com
📡 2K小说™,"📡发现,🍺特优",连接失败,,https://www.2kxs.com
📡 白鹿小说[仅发现],,连接失败,,https://www.bailuxs.com
📻 22听书1,📻有声,连接失败,,https://www.ting22.com#
📻 酷我听书,💜未分组,连接失败,,https://www.kwting.com
🔥 lesbl腐书,"发现失效,备用,搜索失效",连接失败,,https://www.lesbl.com
🔥52书库#玄奇21.0202,"发现失效,备用,搜索失效",连接失败,,https://www.52shukuw.com#玄奇21.0202
🔰 ABC小说[防盗字体],🏵️  小说,连接失败,,https://www.njesafenet.com
🔰 八一中文,🔰普通,连接失败,,https://www.81wen.com
🔰 千千小说,🔰 普通,连接失败,,https://www.xqqxs.com
🔰 小说圈手机版,🔰普通,连接失败,,https://m.yanyiquan.com
🔰 爱看书吧,🔰普通,连接失败,,https://m.aikanshu88.com
🔰 笔趣阁,-------,连接失败,,https://www.22shuquge.net
🔰 茄子小说[仅发现],"🔰普通,☣️可用",连接失败,,https://www.free-xsw.com
🔰 顶点小说,🏵️  小说,连接失败,,https://m.23us.com
🔰6毛小说,🔰 一般 🔰,连接失败,,https://www.6mxiaoshuo.com/
🔰书馆小说,🔰 一般 🔰,连接失败,,https://www.shuguanxs.com/
🔰幼狮中文,🔰 一般 🔰,连接失败,,https://www.youshizw.com/
🔰暖才小说网,🔰 一般 🔰,连接失败,,https://www.ncwxxs.com/
🔰紫琅文学,🔰 一般 🔰,连接失败,,https://www.zilangwx.com/
🔰阅读书吧,🔰 一般 🔰,连接失败,,https://www.yshuobaxs.com/
🖤♛棉花糖小说▪APP✔︎✔︎,"发现失效,💯 精品 💯,搜索失效",连接失败,,https://api.mianhuatangxs.cn#haxc1114b
🚬 不凡小说网,🚬刘备,连接失败,,https://www.bufan8.com
🚬 和包网,🚬刘备,连接失败,,https://m.72book.com
🚬 神书网,"🚬刘备,💊无搜",连接失败,,https://www.shenshu.la
🚬 第二书包288,"🚬刘备,💊无搜",连接失败,,https://www.shubao288.com
🛠️ 时光小说[正文乱序],🛠️待修,连接失败,,https://wap.youxs.org
🥉少年书屋,🔱  付费,连接失败,,https://shaonianshuwu.net
🧐九九读书[仅发现]💯,"﹅ ♛ 精品,发现失效,搜索失效",连接失败,,https://www.jjwdushu.com
07ek,Việt Nam,其它错误,,https://www.07ek.com
17K小说网[榜单],发现,其它错误,,http://ku.mumuceo.com/17K小说网by木木
37小说,已检,其它错误,,https://www.37xs.com。
QQ阅读,发现,其它错误,,http://yuan.mumuceo.com/QQ阅读by木木
W页模板,！绝对领域,其它错误,,W页模板【‼️①填入网址】
ä¼ä¹¦,🏵️  小说,其它错误,,https://www.yousuu.com/â
æä¹¦è,1ãä¼,其它错误,,https://www.zhaishuyuan.com/â
èµ·ç¹,4ãæ®é,其它错误,,https://www.qidian.com/â
é¾ç©º,ð åæº,其它错误,,http://www.lkong.net/â
Ⓐ 全本小说⑤,"1,5.26",其它错误,,❀.qb5#未月十八改
Ⓢ 19826,𐄚 Ⓢ级,其它错误,,https://www.19826.net#未月十八改
♠️ 爱看书吧①,"男频,﹅ 通用书源▪︎玄奇,搜索正文失效",其它错误,,http://www.ikshu8.com已整理
✉️使用说明,,其它错误,,使用说明
✿ ⌨集 合 书 源 合 集 首 发 群⌨ ✿,微筛选,其它错误,,全网书源制作搜索基地
万书楼,网文,其它错误,,https://www.wanshulou.com
乐文,🎉 精品,其它错误,,❀.lewen
书叶小说网™九天之狼,👍 优质,其它错误,,http://www.shuyexs.com
书源说明,"发现规则为空,adult,搜索链接规则为空",其它错误,,酷安@书源君
免费读网🎃,,超时,,https://www.mianfeidu.com#🎃
凤凰小说,CM言情,其它错误,,https://www.fhxiaoshuo.org
博仕书屋🎃#2,222最新校验成功,其它错误,,https://m.boshisw.com#🎃
咪咕阅读[榜单],发现,其它错误,,http://ku.mumuceo.com/咪咕阅读by木木
国风中文网[榜单],发现,其它错误,,http://ku.mumuceo.com/国风中文网by木木
大文学,无发现,其它错误,,❀.dawenxue
宝来小说🎃,,可达,200,https://m.baolaishiye.com#🎃
幻想小说网,瑟瑟,其它错误,,https://www.yilagu.com/
思路客,🏵️  小说,其它错误,,https://www.siluke.tw/❀
掌阅iReader,发现,其它错误,,http://yuan.mumuceo.com/掌阅iReaderby木木
搜书吧,写源,其它错误,,搜书吧❗❗❗
晋江文学城,发现,其它错误,,http://yuan.mumuceo.com/晋江文学城by木木
有没有人帮忙写下百度搜索的书籍列表规则,自建,其它错误,,百度搜索测试
橙瓜网,发现,其它错误,,http://yuan.mumuceo.com/橙瓜网by木木
源注释必看 更新时间：2024/03/09/19/20,,其它错误,,更新日志
潇湘书院[榜单],发现,其它错误,,http://ku.mumuceo.com/潇湘书院by木木
熊猫看书[榜单],发现,其它错误,,http://ku.mumuceo.com/熊猫看书by木木
爱看书吧（仅发现）,综合,其它错误,,https://m.ikbook8.com/
玄幻阁,"校验可用,搜索链接规则为空",其它错误,,http:www.xuankunge.com
男人书城,漫画,其它错误,,http://www.nanrenshu1.com。
百度图片,特殊 书源,其它错误,,https://image.baidu.com已校验
看书阁,❀ 随源,其它错误,,❀.kanshuge
笔下17,,可达,200,https://m.17bxwx.com/
笔趣阁⑪,❀ 随源,其它错误,,❀.biquge11
红袖添香[榜单],发现,其它错误,,http://ku.mumuceo.com/红袖添香by木木
腐书宅,🏵️  小说,其它错误,,https:m.fushuzhai1.com
花语女生网[榜单],发现,其它错误,,http://ku.mumuceo.com/花语女生网by木木
言情小说吧[榜单],发现,其它错误,,http://ku.mumuceo.com/言情小说吧by木木
起点女生网,发现,其它错误,,http://yuan.mumuceo.com/起点女生网by木木
起点数据网[榜单],👍 备用,其它错误,,http://ku.mumuceo.com/起点数据网by木木
逐浪小说APP,发现,其它错误,,http://yuan.mumuceo.com/逐浪小说APPby木木
逐浪小说网[榜单],发现,其它错误,,http://ku.mumuceo.com/逐浪小说网by木木
阅读2.0,"校验可用,搜索链接规则为空",其它错误,,阅读2.0
顶点小说,👍 备用,其它错误,,http://m.dibanyou.com/
鸠摩搜书（下载）,,其它错误,,https://www.jiumodiary.com关耳
🌈网易云音乐,,其它错误,,https://网易云音乐.luoyacheng.ip-ddns.com
🌸 吞噬小说,🌸常用,其它错误,,https://m.tsxsw.la
🌸新热血,🏵️  小说,可达,200,https://www.zyxxjsj.com
🍅思路客,"🍅优选,☣️senhora起点",其它错误,,❀.siluke
🍺 三千五①,🍺特优,其它错误,,https://m.cn3k5.com关耳
🍺 无错,🍺特优,其它错误,,❀.xquledu
🍺 笔趣阁,🍺特优,其它错误,,https://www.biqugg.com🍉修复
🎃零点小说🎃,,其它错误,,https://www.lingdxsw.org#🎃
🎈 SF轻小说[图片],【🈵♥🈵💯】231123千组1,其它错误,,[图片]http://www.sfacg.com已校验
🎉 三千五②,🎉精品,其它错误,,http://www.cn3k5.com关耳
🎉 君子堂,🎉精品,其它错误,,❀.junztang
🎉 寓言文学,🎉精品,其它错误,,http://www.yuyanwenxue.com
🎉 搜小说,🏵️  小说,其它错误,,❀.soxs
🎉 笔趣阁⑥,🎉精品,其它错误,,❀.xsbiquge
🎉 读一读,"【❌❌】搜索失-效,搜索失效",其它错误,,❀.duyidu
🎉 铅笔,🎉精品,其它错误,,❀.x23qb
🎉天悦小说网,³۝天域整理,其它错误,,https://www.tyxsw.org/
🎋响海的普通书源生成🎋,,其它错误,,{{这里填首页网站}}
🎨 经典韩漫,"🎨漫画,🚬刘备",其它错误,,经典韩漫
🎶魔音-MORIN,☃ 自用☃️,其它错误,,魔音-MORIN
🐑五吉小说,"🐑 普通,✉️  网络文学",其它错误,,5g小说 - 必应引擎
🐶笔趣阁④,SSS,其它错误,,https://www.xbiquge6.com④
🐶顶点小说①,SSS,其它错误,,https://www.booktxt.com①
👍 妙笔阁,⁴☃晨光雨露᭄精品源,其它错误,,https://www.imiaobige.com/❀
💃夸克电脑,已检,其它错误,,夸克电脑
💠通用书源,💠通用,其它错误,,通用书源#乃星
💵 晋江[榜单],💵正版,其它错误,,http://ku.mumuceo.com/晋江文学城by木木
💵 起点 ♀,💵正版,其它错误,,https://www.qidian.com/♀
💵 起点榜单,👍 备用,其它错误,,http://yuan.mumuceo.com/起点中文网by木木
📑 龙的天空,📑书评,其它错误,,http://www.lkong.net/❀
📚有意思书院[qa455355],"书刊源📚,搜索失效",其它错误,,https://m.heihei66.com
📡 松鼠阅读网[榜单],📡发现,其它错误,,http://ku.mumuceo.com/松鼠阅读网by木木
🔎晋江,🏵️  小说,其它错误,,晋江VIP金榜
🔗百度搜书,🔗聚合,其它错误,,🔗百度搜书
🔥 棋子小说网02,"备用,搜索失效",其它错误,,https://www.qizi02.com已校验
🔰丫丫阅读#温暖满怀,"5.良品,★c66,×××1,★",其它错误,,❀.yayayd#温暖满怀
🔰新笔趣阁小说,🔰 一般 🔰,可达,200,https://www.510xsk.com/
🖨️ 多吉搜书,🖨️引擎,其它错误,,多吉搜书
118漫画™📱⛅,漫画,异常状态,503,http://m.88bag.net
166小说🎃,222最新校验成功,异常状态,503,https://m.shankeruisi.com#🎃
19楼书包网,搜索失效,异常状态,503,http://www.qqaishu.com
1gtxt,"【❌❌】搜索失-效,搜索失效",异常状态,503,http://www.1gsw.pw
31小说网,"特殊语法,搜索失效",异常状态,503,http://m.xx31xs.orgj
360漫画（防盗链）,,异常状态,503,http://www.xatxwh.com
51途站,小说,异常状态,503,http://www.51tuz.com
536文学,🏵️  小说,异常状态,503,http://m.536wx.com
5G看书,天域战歌整理,异常状态,503,http://www.5gkanshu.com
630 看书#南笙21.0101,"﹅ 通用书源▪︎玄奇,搜索失效",其它错误,,http://www.630ksw.com-By Dark#南笙21.0101
666文学,A级,其它错误,,http://www.666wx.cc-By Dark
73文学网,搜索链接规则为空,异常状态,503,http://www.737wx.com
7猫A,"搜索链接规则为空,7猫免费小说",异常状态,503,http://jingpin-book.qm989.com
99小说手机网,默认,异常状态,503,http://m.99shumeng.net
EZ看书,🏵️  小说,异常状态,503,http://www.ezkanshu.com-axin
TS人生🎃,,其它错误,,http://halfts.com#🎃
UU小说网🎃,,其它错误,,http://www.uu234.net#🎃
Zlibrary,,异常状态,503,https://zh.101ml.co
b💯笔趣屋🅰APP💜💜💜🔎 #ag2s bak,"API,zip,🎉 精品,★,★🔎,☀️搜书/换源 A▪精品",异常状态,502,https://api.ywpxg.com/api/v1/#ag2s
pkgg言情小说,,异常状态,503,http://m.pkgg.net
Ⓐ 360小说,搜索失效,其它错误,,http://www.tushu360.com#未月十八改
Ⓐ 下书网①,搜索失效,异常状态,521,https://www.xiashu99.com#未月十八改
Ⓐ 笔 趣⑨,"发现规则为空,校验超时",其它错误,,http://www.bqg.tw#未月十八改
Ⓐ 趣书屋①,¹▽置顶`ȏ´正版发现,其它错误,,http://www.wtxsw.com#未月十八改
Ⓢ ABC小说,𐄚 Ⓢ级,其它错误,,http://www.yb3.cc#未月十八edit
Ⓢ书朋网,𐄚 Ⓢ级,超时,,https://wap.txtle.com#未月十八改
☘️全本1☘️,,异常状态,530,https://m.qb5200.co/##响海
☘️可乐小说☘️,,异常状态,503,http://m.klxsw.org
♛Y笔趣阁 #♤Namo,2,其它错误,,http://www.ybiquge.com#♤Namo
♜ ✎笔趣阁⑮① #破冰,"【❌❌】搜索正文失-效,【】👾笔趣阁,搜索失效",其它错误,,http://m.szfkx.com/#♤pb
♜-ABC小说③ #破冰1130,"﹅ ♜ 优质,搜索失效",异常状态,503,http://www.mtklw.com.cn/#pb1101
♜-藏书阁 #破冰1101,"﹅ ♜ 优质,搜索失效",异常状态,521,http://www.cangshuge.com/#pb1101
♜-趣书屋① #破冰,"﹅ ♜ 优质,搜索失效",异常状态,503,http://www.wtxsw.com/#pb1101
♜17k小说网 #破冰,已检验,异常状态,503,https://m.17kxsw.com/
♜88中文网 #破冰1101,"﹅ ♜ 优质,搜索失效",异常状态,503,http://www.biquze.com/#pb1101
♜下书网①,"﹅ ♜ 优质,搜索失效",异常状态,521,https://www.xiashu99.com/#pb1101
♜八二文学网 #破冰,¹▽置顶`ȏ´正版发现,其它错误,,http://www.82wxw.com/#♤pb
♜咸鱼文学网 #破冰1101,已检验,异常状态,503,http://www.xywxw.com/#pb1101
♜蜂蜜文学网,已检验,其它错误,,http://www.fmwxw.com/#♤pb
♜血红小说 详情,已检验,异常状态,503,http://www.xuehong.co/#pb1101
♜长江文学网 #破冰,¹▽置顶`ȏ´正版发现,其它错误,,http://www.cjwxw.com/#♤pb
♜鲲鹏文学网 #破冰,已检验,其它错误,,http://www.kpwxw.com/#♤pb
♠ 笔趣阁⑯,破冰,异常状态,521,https://www.tmwx.net/
✈ 笔趣阁 bbsgx,"【❌❌】搜索失-效,【】👾笔趣阁,搜索失效",异常状态,503,http://m.bbsgx.com
✐   七茶书网,☃ 自用,异常状态,503,http://m.7chajiu.com/
✾+布咕阅读,"﹅ ✾ 言耽,搜索失效",其它错误,,http://www.bgwxc.com#kd11
✾.Ⓐ 燃文小说网② #未月十八1001,"﹅ ✾ 言耽,搜索失效",其它错误,,http://m.ranwen.me#未月十八净化#wy18-1001
㊝ 乐兔阅读APP ♛♛,⁴☃晨光雨露᭄精品源,其它错误,,http://door.tl05.com#渊呀81
七四小说网🎃,,其它错误,,http://wap.xs74w.com#🎃
万卷书,C级,异常状态,521,http://www.wjshu.com
三四中文,失效,异常状态,503,http://m.34zw.cc
下书网②,默认,异常状态,503,http://wap.xiashuwu.com
久久小说🚩,⊙∀⊙！,其它错误,,http://www.jjtxt.co#🎃
乐看阅读#南笙21.0101,"﹅ 通用书源▪︎玄奇,搜索失效",其它错误,,http://api.ibookstar.com:80#南笙21.0101
书连中文,网文,异常状态,503,http://m.shulianzw.com
云来阁小说,3、精品,其它错误,,http://www.yunlaige.com-By Dark
傅书网,1、优,异常状态,503,http://www.f8848.com
免费小说网,,可达,200,http://www.12z.cn
全本小说,,超时,,http://www.quanben5.com
八一🎃,,其它错误,,http://www.zwduxs.com tr!0#🎃
动漫岛,"📺 影视聚合,搜索失效",异常状态,503,http://www.dmd9.cn
卡夜阁,同人,异常状态,444,https://www.kayege.org
启迪小说,默认,异常状态,503,http://m.qiditoys.com
唔缺小说🎃,,其它错误,,http://www.quexs.com#🎃
四五中文,"破冰｜黄凡凡,搜索失效",异常状态,503,http://www.45zw.com/
多本小说,⁵♡ོ晨光雨露✺普通源,异常状态,521,https://www.duoben.net
大书包小说网,,异常状态,503,http://m.dashubao.la
天天小说,搜索链接规则为空,异常状态,503,http://www.whyxs.com
天赋🌸,🌸 常用,异常状态,503,http://www.tfuu.com
太子文学,83d,异常状态,503,http://www.taiziwx.com
奇书网🎃,,其它错误,,http://www.xqishuta.net#🎃
好客文学,83d,异常状态,503,http://www.haokewx.com
妙读屋,,异常状态,503,http://m.mduwu.com
安之原创基地💯,【🈵♥🈵💯】231123千组1,异常状态,503,http://www.azycjd.com-9
小说书城,¹▽置顶`ȏ´正版发现,异常状态,503,http://www.gc21.cn
小说族,👍 优质,其它错误,,http://www.xiaoshuozu.com-By Dark
山很文学🎃,,其它错误,,http://www.shaihengce.com#🎃
幻月书院,🏵️  小说,其它错误,,http://www.huanyue123.com-By Dark
得间小说[qa455355],5、名著,异常状态,503,http://m2.ireader.com
快眼看书🎃,,其它错误,,http://www.botaodz.com#🎃
恋上你看书网,"搜索链接规则为空,天龙",其它错误,,http://www.630book.cc-By Dark
我要小小网™📱💡,"漫画,搜索失效",异常状态,503,http://m.51xxyy.com
新书在线,🏵️  小说,其它错误,,http://www.xinshuxs.com-By Dark
无图小说网,搜索失效,异常状态,503,http://www.wutuxs.com-ByDark
有兔·出版💯,微筛选,异常状态,503,http://app.youzibank.com/chuban
朱阁小说,疯狂的蜗牛,异常状态,503,http://www.zgyouyi.com
格格党,,异常状态,503,http://www.g5txt.com
梦远书城1,网文,异常状态,503,http://www.809803.com
橙子书,,异常状态,503,http://www.czshu.com
泡书吧②,②一般,异常状态,503,http://wap.paoshuba.cc
海虹小说网,"自制,发现,源仓库,网页源",异常状态,503,http://s.haihongxsw.com
漫画(NO)™🅰,漫画,异常状态,503,http://api.cookacg.com
火山小说🎃,222最新校验成功,其它错误,,http://www.hsxs.cc#🎃
爱书高,"2,搜索失效",超时,,https://www.ixiaos.net
爱奇艺文学💯,"【❌❌】搜索正文失-效,搜索失效",异常状态,503,http://wenxue.iqiyi.com-8
爱奇艺文学💯,"【❌❌】搜索正文失-效,搜索失效",异常状态,503,http://wenxue.iqiyi.com-4
爱奇艺文学💯,"【❌❌】搜索正文失-效,搜索失效",异常状态,503,http://wenxue.iqiyi.com-1
爱阅小说#南笙21.0101,微筛选,其它错误,,http://m.hybooks.cn#南笙21.0101
猴子小说网,,异常状态,521,https://www.hzxsw.com
番茄免密钥版本大灰狼,第一批,异常状态,503,http://api.doubi.tk
看书阁,🌿精选源,异常状态,503,http://www.seeshu.net
看书阁,已检,其它错误,,http://www.kanshuge.co-By Dark
知轩藏书,🌼晨光雨露🍒精品源💯,异常状态,503,http://www.lyxsg.com/
知轩藏书_new.zxcs.info,👍 备用,异常状态,503,http://new.zxcs.info
神文网,83d,异常状态,503,http://www.shenwenw.com
福书网,A级; 18,异常状态,503,www.zhuziyishu.com
移动阅读同草莓,名著出版,异常状态,503,http://m.ndlib.cn-2.0
笔粒文学社,⁵♡ོ晨光雨露✺普通源,异常状态,503,http://www.biliwx.com
笔趣轩,A级,异常状态,503,http://www.biqux.com
笔趣阁,已检,异常状态,521,https://www.sbiquge.com
笔趣阁③,,异常状态,521,https://www.biquguo.net
笔趣阁完结,83d,异常状态,503,http://www.biqugewj.com
第一版主,"js失效,🔱 绅士淑女 🔱,第一版主",异常状态,503,http://m.xbanzhu.net
第一版主san,发现; A级; 18,异常状态,503,http://www.diyibanzhu3.pro
第八区小说🎃,⑤🛍︎  小说,其它错误,,http://www.hotrydersffmc.com#🎃
纵横·男频💯,已检,异常状态,500,http://www.zongheng.com/nanpin
绝对领域-P,"发现目录失效,﹅ 通用书源▪︎玄奇,搜索目录失效",异常状态,503,http://www.jdlingyu.com
聊天修真,1、优;6、特殊,异常状态,503,http://xs.lwrre.cn
腐漫画™,,异常状态,503,http://www.fummhua.com
自由看书,83d,异常状态,503,http://www.ziyouks.com
花呗小说📱,👏🏻 特殊,异常状态,503,http://m.lianxinw.com
蚂蚁阅读1,网文,超时,,http://m.mayitxt.com
衍墨轩③,【❌❌】网站失-效,异常状态,503,http://www.ymoxuan.com-1
西瓜中文,83d,异常状态,503,http://www.xiguazw.com
言情小说#南笙21.0101,"﹅ ✾ 言耽,搜索正文失效",其它错误,,http://m.yqxxs.net#南笙21.0101
读书阁,"常用,精选,API",异常状态,503,http://www.jrptweb.org
谷歌网,【🈵♥🈵💯】231123千组1,异常状态,503,http://m.gugexs.com-4
豆腐阅读🎃,轩1,其它错误,,http://api.doufu.me#🎃
踏星小说,new,异常状态,503,http://wap.kmzyxx.com/
追书啦🎃,小说,异常状态,521,https://b.zhuishua.cc#🎃
造化图,,异常状态,521,https://m.zaohuatu.com/
造化图小说网🎃,小说,异常状态,521,https://z.zaohuatu.org#🎃
都来小说,83d,异常状态,503,http://www.doulaixs.com
钢笔文学🎃,小说,其它错误,,http://m.jiugangbi.com#🎃
随梦小说网①,小说,异常状态,503,http://www.751wx.com
青兰文学💝,,异常状态,503,http://gl.mozhua.net_
顶点小说⑤,②一般,异常状态,503,http://www.x23shu.com
风云小说网,现实debug,异常状态,503,http://mip.fyxsw.cc/
香网,"【🈵♥🈵💯】231123千组1,搜索失效",异常状态,503,http://www.xiang5.com-2
香网,"【❌❌】搜索正文失-效,搜索失效",异常状态,503,http://www.xiang5.com-4
香网,【小说2书源】,异常状态,503,http://www.xiang5.com-a
鲤鱼乡②,③🔰普通,异常状态,503,http://www.01lyx.com
龙腾小说网,"搜索链接规则为空,天龙",异常状态,503,http://www.longtengba.com
🌠 七夕漫画,🌠 漫画,异常状态,503,http://qiximh3.com
🌸 知语书吧,🌸常用,异常状态,503,http://www.zhiyu188.com
🌸 言情书坊,🌸常用,异常状态,503,http://m.520yanqingwang.com
🍁YW,☀晨光雨露🍒精俢源💯,异常状态,502,https://api.ywpxg.com/api/v1/
🍁笔趣阁⑰⑥,🍁 笔趣 🍁,异常状态,503,http://www.shiyuemami.org/
🍁笔趣阁⑱⑨,²♨笔-趣-阁❆,异常状态,503,http://www.biquge868.com/
🍊闪文书库,🍊山有木兮木有枝🍊,异常状态,521,http://www.2dwx.com
🍑 六六书库,,异常状态,503,http://m.666shuku.com
🍒 言情中文网,🍒言情,异常状态,503,http://m.kun99.com
🍺 1vip,🍺特优,异常状态,503,http://m.1vip.org
🍺 九尾小说网,³۝天域整理,异常状态,503,http://www.9vxs.com
🍺 尺度文学,🌼晨光雨露🍒精品源💯,异常状态,503,http://m.chidwx.com
🍺 新笔下文学,🍺特优,异常状态,503,http://www.xbxwx.net
🍺 爱阅,防盗,其它错误,,http://www.hybooks.cn#bookbox
🍺 神坛文学,🍺特优,异常状态,503,http://www.shentanwx.com
🍺 顶点小说㉞,,异常状态,503,http://m.xintaihengqi.com
🎃名书屋,,异常状态,503,http://www.mingshuwu.com
🎃纵横中文网🎃,,异常状态,500,https://m.zongheng.com#🎃
🎃风险小说🎃,,其它错误,,http://www.txt86w.com#🎃
🎈傅书网,🎈  普通,异常状态,503,http://www.fushu6.com
🎉 3g书城备用™落寞,🎉精品,异常状态,502,https://book.3g.cn
🎉 4G小说网#onede,🍌阴阳精修,其它错误,,http://www.4gxsw.com#onede
🎉 中网文学,"🎉精品,搜索失效",异常状态,503,http://www.yq51.com
🎉 乐看阅读,🎉 优质,异常状态,503,http://api.ibookstar.com
🎉 全本小说,🎉精品,异常状态,530,http://m.8q83.com
🎉 君子堂,🎉精品,异常状态,503,http://www.junztang.net/
🎉 小说大全③,🎉 优质,异常状态,503,http://ebook.kinglion168.com
🎉 搜书文学网™,🎉精品,可达,200,http://www.soshu.vip:888
🎉 桌面小说,🎉 精选 🎉,异常状态,301,https://www.deskuu.com
🎉 梧州中文台 wzzw,🎉 精选 🎉,其它错误,,http://www.wzzw.la-By Dark
🎉 燃文小说,,异常状态,503,http://m.ranwen52000.com
🎉 看啦又看,🎉 精选 🎉,异常状态,503,http://m.k6uk.com
🎉 笔趣楼,,异常状态,521,https://m.biqulou.com
🎉 笔趣阁,🎉精品,异常状态,503,http://www.abczw.com
🎉 精彩小说网②,🎉 精选 🎉,异常状态,503,http://m.jingcaiyuedu.com
🎉 风云小说网,🎉精品,异常状态,503,http://www.fyxsw.cc
🎉52中文网,🎉 精选 🎉,异常状态,503,http://www.52wzw.com/
🎉ABC小说③,🎉 精选 🎉,异常状态,503,http://www.mtklw.com.cn/
🎉三七中文,小说,异常状态,503,http://www.37zww.cc/
🎉狂人小说,🎉 精选 🎉,异常状态,503,http://www.kr200.com/
🎉而立文学网,³۝天域整理,异常状态,503,http://www.30wxw.com/
🎉言情小说吧,🎉 精选 🎉,异常状态,503,http://www.cat-king.com.cn/
🎉顶点小说网,🎉 精选 🎉,异常状态,503,http://www.x23us.com
🎎 动漫之家,"影视,搜索失效",异常状态,503,http://donghua.dmzj.com
🎨 CC漫画,🎨漫画,异常状态,503,http://m.ccdm2.com
🎨 国漫吧,🎨漫画,异常状态,503,http://www.guoman8.net
🎨 汤圆漫画,🎨漫画,异常状态,503,http://manhua.itangyuan.com
🎨666漫画™,漫画,超时,,http://m.jls666.com
🎯78小说,🏵️  小说,异常状态,503,http://m.78xs.org
🎼 歌曲大全-网易云,🎼音乐,异常状态,503,http://www.gequdaquan.net-netease
🏀 读趣网②,,异常状态,503,http://www.du7.org/
🐶一本道小说,搜索失效,异常状态,301,https://www.mm27.cc
🐶笔趣阁完本,SSS,异常状态,503,http://www.biqugewb.com
👍 97阅读①,♟️普通,异常状态,400,https://www.97parse.com
👍 墨语小说网™,优质源👍,异常状态,521,https://www.myxs.net
👍 新热门小说网② S,👍 优质,异常状态,502,https://www.rmxs8.com
👍 泰州小说网,优质源👍,异常状态,503,http://www.tzyibang.com
👍 黄鹤楼文学,优质源👍,异常状态,301,https://www.hhlwx.com
👍笔趣阁⑨①,"优质源👍,💒 笔趣",异常状态,503,http://www.bbsgx.com/
👑造化图_By未月十八repair,¹▽置顶`ȏ´正版发现,异常状态,521,https://www.zaohuatu.com#未月十八repair
👾笔趣阁中国,"🏵️  小说,💒 笔趣",异常状态,503,http://m.djychina.com/
💠 小说楼,"💠 其他,有效,书源可用,卢客源,重复书源",异常状态,503,http://www.xslou.com
💦四库书,"﹅ ♛ 精品,搜索失效",异常状态,503,http://www.sksxsw.com/
💫566小说网,"♡ོ晨光雨露✺精品源,如月流光,搜索失效",异常状态,503,http://www.maodouxs.com
💯天籁小说,🎉 精选 🎉,异常状态,503,http://www.233txt.com/
📒十八书屋,"﹅ ♞ 普通,搜索失效",异常状态,503,http://www.hebhtlh.com/
📚 八一中文,¹▽置顶`ȏ´正版发现,异常状态,400,https://www.jujiazy.com
📚 藏海花,"📚出版,💊无搜",异常状态,503,http://www.zanghaihua.org
📚无锡图书馆,已检验,其它错误,,http://es.bookan.com.cn1#关耳
📥 下书网,📥下载,异常状态,521,https://m.xiashucom.com
📻 74听书,📻有声,异常状态,503,http://www.ting74.com-3.0
📻 酷狗音乐,𐄜🎧 音频,异常状态,503,http://www.gequdaquan.net-kugou
🔖知轩藏书,"【❌❌】搜索失-效,搜索失效",异常状态,503,http://www.zxcs.me
🔖零点看书①,搜索失效,异常状态,503,http://www.sdyzzc.com/
🔰 ZERO搬运网,🔰 普通,异常状态,503,http://www.zerobywns.com
🔰 奇漫屋,🔰 普通,异常状态,503,http://m.qiman53.com
🔰 朦胧夜色,🔰 普通,异常状态,301,https://www.qxx14.com
🔰 气书屋,🔰 普通,异常状态,503,http://www.87shuwu.net
🔰 看书网kanshu688,🔰 普通,异常状态,503,http://www.kanshu688.com
🔰 笔趣阁,🔰 普通,异常状态,503,http://m.yjcat.com
🔰 纵横中文网™,🔰 普通,异常状态,500,http://book.zongheng.com
🔰 闪文书库,🔰 普通,异常状态,521,http://www.shanwen.com
🔰 顶点小说⑳,,异常状态,503,http://www.dingdian.la
🔰桃花岛mm39.cc,"🔰桃花岛,搜索失效",异常状态,301,https://mm39.cc
🖤♛有兔阅读▪︎APP #一程,"发现失效,✔️,搜索失效",其它错误,,http://app.youzibank.com#♤yc
🚬 15小说网,🚬刘备,异常状态,503,http://www.15xsw.net
🚬 乐文小说⑬,,异常状态,503,http://www.77lewen.com
🚬 总裁小说网™,🚬刘备,异常状态,503,http://www.zongcaixiaoshuo2.com
🚬 躺着看③,🚬刘备,异常状态,503,http://tangzhekan.in
🚬 辣文鲜文,🚬刘备,异常状态,503,http://www.9xianwen.com
🚬 霸气书屋™备用,🚬刘备,异常状态,503,http://m.87shuwu.com
🥉四库书,"﹅ ♝ 优良,搜索失效",其它错误,,http://m.sksxsw.com#乃星
#南派三叔~nanpaisanshu.org,微筛选,超时,,https://www.nanpaisanshu.org
123读,,超时,,https://www.123du.cc/
173K小说阅读网,已检验,可达,200,https://www.173kxs.com#未月十八repair
18AV小说,"不可描述,发现失效,搜索失效",可达,200,https://maa1808.com
24k小说,已检验,超时,,https://www.24kwx.cc
2K小说⑤,小说,超时,,http://k.2kxs.org
31小说网mm+,A类,超时,,http://m.xx31xs.org:80
33小说网,搜索链接规则为空,超时,,https://m.33xs.com
4020电子书,,超时,,http://m.wrltxt.com
45小说网,默认,超时,,https://www.45book.com
530p无弹窗小说,⁵♡ོ晨光雨露✺普通源,其它错误,,http://m.530p.com#未月十八repair
59小说#南笙21.0101,搜索失效,其它错误,,http://www.59xs.com#南笙21.0101
65TXT小说,B级,超时,,http://m.665txt.com
77读书网,自用,超时,,https://www.77dushu.la/
86笔趣阁🎃,,超时,,https://www.86ebook.com/search#🎃
92k言情小说网,A级,超时,,http://www.92k.cc
97小说,CM普通,超时,,http://www.free97.net
COMICO¹,漫画,异常状态,503,http://www.comico.com.tw
MangaFox¹,漫画,超时,,https://ww4.mangafox.online
VIP小说,已检,超时,,http://www.vipxs.cc
biai book,"﹅ 通用书源▪︎玄奇,搜索失效",超时,,http://m.biaiku.net/
https://m.beqege.cc/search.php,⁴☃晨光雨露᭄精品源,超时,,https://m.beqege.cc/search.php
uu书盟,0905校验,超时,,http://www.u33.me
Ⓐ 166小说,"5.26,搜索失效",超时,,https://www.166xs.cc#未月十八改
Ⓐ 书海阁①,搜索失效,其它错误,,http://m.xinshuhaige.net#未月十八改
Ⓐ 笔 趣⑦,¹▽置顶`ȏ´正版发现,其它错误,,http://www.biquw.com#未月十八改
Ⓐ 笔趣阁④,𐄛 Ⓐ级,超时,,https://www.bqg34.com#未月十八改
Ⓐ 起舞中文,𐄛 Ⓐ级,超时,,https://m.75zhongwen.com#渊呀edit
Ⓑ 笔下中文,⁴☃晨光雨露᭄精品源,超时,,https://www.bxzww.com#未月十八改
Ⓒ 3Z中文,³۝天域整理,其它错误,,http://www.530p.com#未月十八改
Ⓒ 精武小说,,其它错误,,http://www.jingwuhotel.com#未月十八repair
Ⓢ 红甘泉小说网,,其它错误,,http://www.hgq26.com#未月十八净化
☘️啃书小说网☘️,,连接失败,,https://www.kenshula.com##响海
☘️戊戟武侠☘️,,超时,,https://m.ajnnan.com##响海
☘️笔趣看☘️,,可达,200,http://m.biqikan.com
♛ 独阅读▪︎APP #渊呀,已检验,超时,,https://app.duread8.com#yuan1107
♛笔趣阁③,2023.7.20效验,超时,,https://www.xsbiquge.net#guaner1
♜-清逸文学 #破冰1101,"﹅ ♜ 优质,搜索失效",超时,,https://www.71wx.com/#pb1101
♜万书网 #破冰1101,"﹅ ♜ 优质,搜索失效",超时,,https://www.wanshuwang.cc/#pb1101
♜书荒啦 #破冰,"﹅ ♜ 优质,搜索失效",超时,,https://www.shuhuang.la/#pb1101
♜八零中文网 #破冰1101,【⚙️已检书源】,超时,,http://www.80zw.cc/#pb1101
♜天天中文网 #破冰1101,"【❌❌】搜索失-效,搜索失效",超时,,http://www.ttzw.tv/#pb1101
♜帝书阁 #破冰1101,已检验,超时,,http://www.dishuge.com/#pb1101
♜桐树小说网,"﹅ ♜ 优质,搜索失效",超时,,https://www.tongshu.net/#pb1101
♜铁书网 #破冰1101,"﹅ ♜ 优质,搜索失效",超时,,http://www.tieshuw.com/#pb1101
♜黑岩阅读网 #破冰1101,¹▽置顶`ȏ´正版发现,超时,,http://www.heiyan.org/#pb1101
♠ 笔趣阁⑧,已检,超时,,https://www.biquge.lol
♻️玫瑰小说🌱📊,,超时,,https://www.meiguixsw.com#温暖满怀
✐   雅文小说,☃ 自用,超时,,http://www.yawen8.la
✾+搜书小说,"﹅ ✾ 言耽,搜书,搜索失效",连接失败,,https://m.soshuwu.com#kd11
✾.Ⓐ 69中文网② #未月十八1001,【❌❌】网站失-效,其它错误,,https://www.69zww.com#未月十八repair#wy18-1001
✾.Ⓐ 笔趣阁② #未月十八1001,"【❌❌】搜索失-效,【】👾笔趣阁,搜索失效",连接失败,,https://www.biqugeapp.com/#wy18-1001
✾.Ⓐ 起舞中文 #未月十八1001,"﹅ ✾ 言耽,﹅ ♜ 优质,搜索失效",其它错误,,https://m.75zhongwen.com#渊呀edit#wy18-1001
✾.Ⓑ 笔下中文网 #未月十八1001,已检验,其它错误,,https://www.bxzww.com#未月十八repair#wy18-1001
✾♝卡夜阁,"﹅ ✾ 言耽,﹅ ♝ 优良,搜索失效",有响应(拦截),429,https://www.kayege.net/#wy18-1001
❄️ 三千五#onede,"❄️ 冷门,🌈onede,★",超时,,https://www.cn3k5.com#onede
㊝幽冰中文♜♜+ 精校,,超时,,http://www.97ub.org/
一本读#南笙21.0101,"﹅ 通用书源▪︎玄奇,搜索失效",其它错误,,http://www.ybdu.me#南笙21.0101
一纸阅读,小说 书源,超时,,https://www.yizhiyc.com/search#🎃
一读小说,"💨,💙已校验,搜索失效",超时,,https://m.121du.cc/
三七中文②,小说,超时,,https://m.37zww.net
三九小说🎃,,其它错误,,http://www.xyshuk.com#🎃
三千五_By未月十八repair,⁴☃晨光雨露᭄精品源,超时,,https://www.cn3k5.com#未月十八repair
丹书铁卷,小说,超时,,https://m.dstiejuan.com
乐文小说,,超时,,http://www.lewen.la
乐文小说网,,超时,,https://lewencn.net/
九二文学,",失效",超时,,http://www.92wx.com
九桃小说🎃,,其它错误,,http://00txs.com#🎃
书客,,超时,,https://www.shuke.com
书楼吧🎃,,超时,,https://www.shulouba8.com#🎃
书荒阁,,超时,,http://www.shuhuangge.org
书虫小说网,🌼晨光雨露🍒精品源💯,超时,,http://www.shuchong.info
乾坤听书,🏵️  小说,超时,,https://m.qktsw.com
五五中文,🏵️  小说,超时,,https://m.55zw.com
人人小说,已检,超时,,https://www.agxs.net
优·小说巴士,"﹅ ♜ 优质,搜索失效",超时,,https://www.xs84.cc
优·笔趣阁🎃#2,,其它错误,,http://www.changshengrui.com#🎃
优步小说网🎃,,其它错误,,http://m.ubuxs.com#🎃
侠客小说🎃,,超时,,https://m.tcknh.com#🎃
傲轩小说网,A级,可达,200,https://www.axxsw.org
免费聽书,🏵️  小说,连接失败,,https://www.tingfree.com
全民追书#南笙21.0101,"﹅ 通用书源▪︎玄奇,搜索正文失效",其它错误,,http://api.lemengfun.com#南笙21.0101
凡人文学网,A级,连接失败,,https://www.washuw.com
动漫之家定制版™🅰,特別定制,超时,,http://s.acg.dmzj.com/comicsum
千千小说网🎃,,超时,,https://www.qqxsw.la#🎃
去看书网,z,超时,,https://m.qkshu6.com
听书王,有声,超时,,http://47.93.18.240/##
四五中文,A级,超时,,https://www.45zw.la
在线之家,"📺 影视聚合,搜索失效",连接失败,,https://zxzj.vip/
墨缘文学,"☁️可用,☁修正",超时,,https://www.mywenxue.cc
夜下书阁移动版,小shuo,超时,,https://k.yexiashuge.com/
大帝小说🎃#2,222最新校验成功,其它错误,,http://m.anshuge.com#🎃
女仆中文,"﹅ 通用书源▪︎玄奇,搜索失效",超时,,https://www.npzw.com/
妙书斋,菊花大侠2,超时,,https://www.miaoshuzhai.com
完美小说网🎃,,超时,,https://m.22pq.com#🎃
小刀阅读#天涯书库,搜索失效,超时,,http://www.wuxingzl.com/
小说,,超时,,http://www.txtw.com
小说娃,,连接失败,,https://www.xiaoshuowawa.com#sitembox dl
小说旗,🏵️  小说,超时,,https://www.xs7.la#alistbox
少年书屋,已检验,连接失败,,https://www.shaonianshuwu.org
山海八荒,已检验,超时,,https://www.dizhu.org
平板电子书网🎃,,其它错误,,http://www.pbtxt.me#🎃
御书阁,微筛选,超时,,https://m.yushuge.com
思路客,搜索失效,其它错误,,http://www.siluke.com#novelslist li!0
性感美女网jpxgyw,💖图片,有响应(拦截),429,https://www.jpxgyw.cc
悠久小说🎃,小说,其它错误,,http://wap.ujxsw.net#🎃
我爱故事网,搜索链接规则为空,超时,,https://m.5aigushi.com
手机TXT小说🎃,,其它错误,,http://wap.sjwx.la#🎃
掌上漫画™⛅,失效,超时,,http://www.nkcartoon.com
文墨中文网,反防盗,超时,,https://maxreader.net
新书在线,🏵️  小说,其它错误,,http://www.xinshuxs.com#ul_b_list li
新热门小说①™叶子,搜索失效,超时,,https://www.remen2019.com
新笔趣阁,笔趣阁,超时,,https://novel-api.icanlike.com
新笔趣阁🎃,,超时,,https://www.86ebook.com#🎃
无错小说网,🏵️  小说,超时,,https://m.xquledu.com
星月书吧🎃,,可达,200,https://www.xyshu8.com#🎃
星空小说网,已检,连接失败,,https://wap.aixs.org
有兔阅读,6、正版,连接失败,,https://www.mituyuedu.com
来读读🎃,,超时,,https://m.laidudu.com#🎃
棉花糖小说🎃#2,,超时,,https://m.mhtxss.com#🎃
武林中文#南笙21.0101,"﹅ 通用书源▪︎玄奇,搜索失效",连接失败,,https://www.50zw.net#南笙21.0101
比奇屋,,有响应(拦截),403,http://m.biqiwu.net/
江南小说网🎃,,连接失败,,https://www.medabc.com.cn#🎃
注视影视,"影视,搜索失效",超时,,https://gaze.run/
深度小说（发现）,小说 书源,超时,,https://www.duyuedu.net/index
溜达小说,小说 书源,其它错误,,http://www.liudatxt.com#🎃
潇湘文学🎃,,其它错误,,http://www.xxwx.net#🎃
灵梦小说🎃,,超时,,https://www.lengmen.org/search#🎃
爱 书 网,已检验,超时,,https://www.22ff.org#🇨🇳Namo
爱上乐文,,超时,,https://m.23dushu.net
爱去小说网②,搜索失效,超时,,https://www.aiqu.la
爱小说网🎃,,其它错误,,http://www.18ys.net#🎃
爱读小说网,修复3.3日,异常状态,522,https://www.52dus.com
爱趣动漫,影视 书源,可达,200,http://www.qdm8.com/
特漫网_by_历飞雨,"搜索链接规则为空,兔兔兔",超时,,https://www.17te.com
玄幻阁PC🎃,250214,其它错误,,http://www.xuanyge.org#🎃
百分影院（仅发现）,视频,超时,,http://biquysw.com/
皮皮文学（优）,小说 书源,超时,,https://m.ppzuowen.com/book/
看全本,天域战歌整理,连接失败,,https://m.kquanben.com
知乎文学🎃,,超时,,https://zhihuwenxue.com#🎃
神笔屋[qa455355],已检,超时,,https://www.shenbiwu.com
秀亭看书,静白240801,有响应(拦截),429,https://xiuting.cc/
笔下中文网,已检验,超时,,https://www.bxzww.com
笔下文学[bixia66],已检验,超时,,http://www.bixia66.net
笔痴中文,小说,超时,,https://m.bdxnc.com
笔趣阁,²♨笔-趣-阁❆,超时,,http://www.qbiqu.com
笔趣阁,💗,超时,,https://m.gebiqu.com/s.php
笔趣阁#10_By未月十八净化,²♨笔-趣-阁❆,其它错误,,http://www.biquw.com#未月十八净化
笔趣阁A16,🎉️精选,超时,,http://www.xbiquke.com/1
笔趣阁[qbiqu],,连接失败,,https://m.qbiqu.com/
笔趣阁pufanhaom,,超时,,https://m.pufanhome.com
笔趣阁zhzwwz,,超时,,https://m.zhzwwz.com
笔趣阁㉓,①快,连接失败,,https://www.bqg3.com
笔趣阁文学网,,超时,,https://m.biqugewx.com/
笔趣阁🎃#14,,其它错误,,http://www.biquges.com#🎃
笔趣阁🎃#21,,其它错误,,http://www.ibiquzw.org#🎃
笔趣阁🎃#51,,超时,,https://m.gebiqu.com#🎃
笔趣阁🎃#6,222最新校验成功,其它错误,,http://www.xbiquwx.la#🎃
笔趣阁🎃#82,,超时,,https://www.bqg34.org#🎃
笔迷屋📎,漫画,连接失败,,https://www.bimiwu.com
第三荷包网3hebao.co,A级; 18,超时,,http://www.3hebao.co
第二书包网,,可达,200,http://www.shubao12.cc
紫苏中文网,,超时,,http://www.zisu88.vip
翻书阁网,⚝,可达,200,http://m.fansg.com
芳玉书院（仅发现）,,页面不存在,404,http://www.fsyxbz.cn/
菠萝小说™,微筛选,超时,,https://m.boluoxs.com
观止™,新闻,超时,,https://interface.meiriyiwen.com
读万卷🎃#2,,其它错误,,http://wap.duwanjuan.info#🎃
读读小说（发现）,小说 书源,超时,,https://m.xlaidudu.net
起舞中文🎃,,超时,,https://m.75zw.com#🎃
达文小说网,gone,超时,,https://www.dawen.org
迷你小说,漫画,超时,,http://www.minixiaoshuo.com
速阅阁[手机],已检,超时,,http://m.suyuege.com
酷笔记,👍 优质,超时,,https://www.kubijixs.com/
采墨阁❤️,🏵️  小说,超时,,https://www.caimoge.net#sitembox dl
闪闪书网①,②一般,连接失败,,https://m.33shu.net
隔壁大师（评论）,特殊 书源,超时,,http://api.moonreader.cn
零点看书,"﹅ 通用书源▪︎玄奇,搜索失效",超时,,https://www.iwaimai.net/
青果阅读,搜索失效,超时,,http://api.qingoo.cn:909
音乐-千千,音乐 书源,连接失败,,https://music.liuzhijin.cn
顶点小说,,超时,,https://www.ddxstxt8.com/
顶点小说5#南笙21.0101,,超时,,https://www.23wx.cc#南笙21.0101
顶点小说（纯净阅读模式）,搜索失效,超时,,http://3g.23us23us.com
飞速小说吧,菊花大侠2,异常状态,522,https://www.fsxs8.com
饿狼小说🎃,,其它错误,,http://m.elkoparts.com#🎃
高端书院,默认,连接失败,,https://gaoduan.szjinruixin.com
鲤鱼乡🎃,,可达,200,https://www.danmei263.com#🎃
龙珠-番茄动漫,,超时,,http://api.dragonlongzhu.cn/api/dongman_fanqie.php
🌀 60ks,小说,超时,,http://m.60ksw.com
🌟 求书网,喵公子,连接失败,,https://m.xqiushu.com
🌠 漫画吧,🌠 漫画,超时,,https://m.dmhua8.com
🌸 CP文库,【🈵♥🈵💯】231123千组1,连接失败,,https://www.cpwenku.com#bookbox#芜恙
🌸 书阁小说网™,🌸常用,异常状态,522,https://m.shuge.la
🌸 当书网,🌸常用,连接失败,,https://www.downbookw.com
🌸 趣阅,"﹅ ✾ 言耽,搜索失效",其它错误,,https://www.qvyue.com#sitebox dl#芜恙
🌸56小说,🌸  常用,超时,,https://m.56xs.net/
🌸饭饭论坛,发现规则为空,连接失败,,https://bbs.fanfann.com
🍁笔趣阁⑦⑧,🍁 笔趣 🍁,超时,,http://www.xszf.net/
🍁笔趣阁⑪⓪,"🍁 笔趣阁 🍁,搜索失效",超时,,https://www.chuanyuemi.com/
🍁笔趣阁⑮⑦,²♨笔-趣-阁❆,可达,200,https://www.bqg.org/
🍊全本小说③,☀️优选,其它错误,,http://www.jwdushu.com#未月十八改
🍑 肉色屋③,⁹ಥ刘备入川〽️,有响应(拦截),429,https://m.rousewu.info
🍒 言情花园,🍒言情,超时,,https://k.yqhy.org
🍓 顶点,"🎊 飞卢,女频精品🎖书源,有效,可用书源,重复书源",超时,,https://m.xindingdianxsw.net
🍺 2K小说,🍺特优,超时,,http://wap.2kxs.org
🍺 76看书,,超时,,http://www.76kanshu.com
🍺 乐乐文学,"🎉 精选 🎉,🏵️  小说",超时,,http://m.lelewx.com
🍺 好心情文学,🌿精选源,可达,200,http://m.hxqwx.com
🍺 戊戟武侠,🍺特优,超时,,https://m.ajnnan.com
🍺 新热门小说,🏵️  小说,连接失败,,https://www.xinremenxs.net
🍺 星空小说网,"🍺特优,搜索失效",连接失败,,https://www.xaixs.org
🍺 爱看书吧,🍺特优,可达,200,http://m.ikashub.net
🍺 笔趣阁②,,超时,,https://www.bqg5.cc
🍺 速阅阁,,超时,,https://m.suyueg.com
🍺 青果阅读,🍺特优,超时,,https://www.qingoo.cn
🎃UU小说🎃,,其它错误,,http://www.uuxsw.net#🎃
🎃优·书荒荒🎃,,其它错误,,http://www.shuhuanghuang.com#🎃
🎃完结屋🎃,,其它错误,,http://www.wanjie.com#🎃
🎃帝书阁🎃,,其它错误,,http://m.xdishuge.net#🎃
🎃最终小说网🎃,,超时,,https://www.zuizhong.net#🎃
🎃溜达小说🎃,,其它错误,,http://www.liudatxt.la#🎃
🎃笔趣阁🎃#20,,其它错误,,http://wap.xbiquzw.net#🎃
🎃菊奇书屋🎃,,有响应(拦截),401,https://m.juqisw.com#🎃
🎈 哔哩轻小说,🔖 轻小说,超时,,https://m.linovelib.com#book-ol li
🎉 234热门,"﹅ ♛ 精品,搜索失效",超时,,http://www.234re.com
🎉 三千五中文网,🎉精品,超时,,http://www.cn3k5.com
🎉 书阁网,"﹅ ♛ 精品,搜索失效",超时,,http://www.bookgew.com
🎉 傲轩小说,🎉精品,可达,200,https://www.axxsw.com
🎉 凤舞文学,🎉精品,超时,,http://m.kknn.net
🎉 墨坛,🎉 精选 🎉,可达,200,https://www.22mta.cc#search_text
🎉 好书网,,超时,,http://m.hbook.cc
🎉 就看奇闻,🎉精品,超时,,http://www.9kqw.com
🎉 新青豆,"🎉 精选,💡 发现",超时,,https://m.xinqingdou.net
🎉 未来小说,🎉精品,超时,,https://www.7yun.org
🎉 炫书网③,"﹅ ♛ 精品,搜索失效",连接失败,,https://m.xuanquge.com
🎉 瓜子小说,🎉精品,超时,,https://m.ggkxs.com
🎉 笔下文学⑤,³۝天域整理,超时,,http://m.bxwx.io
🎉 笔趣阁,🎉精品,可达,200,https://m.tianxiabachang.cn
🎉 笔趣阁小说网™九天之狼,"🏵️  小说,🎉 精选 🎉,💒 笔趣",超时,,https://www.biqushu.com
🎉 紫幽阁,"﹅ ♛ 精品,搜索失效",可达,200,http://www.ziyouge.com
🎉 菠萝小说②,🎉 精选 🎉,异常状态,522,https://m.boluoxs.org
🎉 酷笔记①,🎉 精选 🎉,超时,,https://www.kubiji.net
🎉 顶点小说⑨ MS,🎉精品,超时,,https://m.23us.la
🎉2K中文网,🎉 精选 🎉,超时,,https://www.2kzw.com/
🎉七八中文,🎉 精选 🎉,连接失败,,https://www.78zw.com/
🎉书迷楼④,小说,超时,,https://m.shumil.co/
🎉凌晨看书#嘚嘚21.0201,"天龙,校验超时",超时,,https://m.lingchenkanshu.com#嘚嘚21.0201
🎉思路客💙💙💙siluke.com,"☀️搜书/换源 B▪优质,★,21.01芜恙",其它错误,,http://www.siluke.com#novelslist li!0#芜恙
🎉星空小说网,🎉 精选 🎉,超时,,https://www.aixswx.com/
🎉求书网,常用源🎉,连接失败,,https://www.xqiushu.com
🎉笔趣阁biquge.com.cn,"🎉 精选 🎉,🏵️  小说,💒 笔趣",连接失败,,https://www.biquge.com.cn#result-item
🎉第九文学网,³۝天域整理,超时,,https://www.d9cn.org/
🎉零点看书③,🎉 精选 🎉,可达,200,http://www.iwaimai.net/
🎉麻雀阁,"🎉 男频精选 🎉,⌛️ 全局搜书 ⌛️,®️ 搜书男频 ®️",超时,,http://www.maquege.com/
🎋言情中文网🎋,,超时,,https://www.bore.cc/
🎧 千千静听,"有声,搜索失效",其它错误,,http://www.qqjt5.com#芜恙
🎨 maa漫画（正文需完善）,"🎨漫画,🚬刘备",超时,,https://maa1812.com/zh/18H_random/all/index.html
🎨 最漫画,,超时,,https://m.zuimh.com
🎯古槐中文网,🏵️  小说,超时,,https://book.2345daohang.com
🎯顶点小说网x23us.org,🏵️  小说,超时,,https://www.x23us.org
🏀 趣书屋,,有响应(拦截),429,http://www.qushuwu.com/
🐑小说书城,"🐑 普通,✉️  网络文学",异常状态,522,http://www.hnqxwl.com/index.html
🐶 小说娃,搜索失效,连接失败,,https://www.xiaoshuowawa.com#sitembox
🐶武林中文②,搜索失效,超时,,https://www.50zw.net/
🐶🐑言情中文🍒,"【❌❌】搜索失-效,搜索失效",超时,,https://m.bore.cc
👍 98K,👍优质,超时,,http://m.98kwang.com
👍 一本读,👍优质,其它错误,,http://www.ybdu.me#novelslist2 li!0
👍 乐文小说④,👍 优质,超时,,https://www.lewentxt.com
👍 任我看书,优质源👍,超时,,https://www.r5k.com
👍 凤舞文学网③,优质源👍,超时,,http://www.kknn.net
👍 奇快小说,优质源👍,连接失败,,https://www.7kzw.com
👍 搜小说网,优质源👍,超时,,https://www.soxscc.com
👍 清逸文学网,"﹅ ♜ 优质,搜索失效",超时,,http://www.71wx.com
👍 特特,②💫优选,超时,,http://www.tetewx.com
👍 畅阅小说网,,超时,,http://c-ccccc.cc
👍 笔趣阁,👍优质,超时,,https://m.vbiquge.com
👍 落秋②,"﹅ ♜ 优质,搜索失效",其它错误,,http://www.luoqiuxs.com#grid tr!0#芜恙
👍 顶点①,🏵️  小说,超时,,https://www.280xs.com#BookList li
👍乐文小说⑰,优质源👍,超时,,https://www.lewenma.com/
👍梦想文学网,优质源👍,超时,,https://www.mxguan.com/
👍笔趣阁⑧⑤,"优质源👍,💒 笔趣",有响应(拦截),403,https://www.biqugeg.com/
👍言情小说,"﹅ ✾ 言耽,﹅ ♜ 优质,搜索失效",超时,,https://www.yqxs.cc/
👾梦生小说,🏵️  小说,超时,,http://m.mengshengxs.com/
💠 每日一文#onede,"💠 精选,🌈onede,★",超时,,https://meiriyiwen.com#onede
💯乐文小说网,🎉 精选 🎉,超时,,https://www.lewen.la
💵 堕落方舟,"💵正版,🆔登录,🚀VPN",异常状态,522,https://bbs.fallenark.com
📒龙腾小说#美波21.0126,搜索失效,其它错误,,http://www.longteng2.org#美波21.0126
📖 头条小说,"【❌❌】搜索失-效,搜索失效",异常状态,504,https://ic-hl.snssdk.com/
📖 笔趣阁网,📖 小说,超时,,https://www.xbiquke.com/
📚 世界名著,📚出版,超时,,https://www.cz2che.com
📚小说网,出版,超时,,http://47.244.244.253:8080
📡 橙瓜全网榜单,📡发现,超时,,http://ku.mumuceo.com
📻 云音乐,📻有声,超时,,http://121.4.78.106:4001
📻 聆听音乐,📻有声,超时,,http://101.43.12.135:3200
🔍QQ阅读,5、名著,超时,,http://yuan.mumuceo.com
🔓第二书包网,搜索失效,有响应(拦截),429,https://www.shubaoan.com#乃星
🔖每日一文,💡 仅发现,超时,,https://meiriyiwen.com
🔖独阅读,精选书源,超时,,https://app.duread8.com#yc1101
🔖缤纷幻想①,"搜索正文失效,【❌❌】网站失-效",超时,,http://colorful-fantasybooks.com
🔥 乐库小说,🔥 优质,超时,,https://www.6lk.net
🔰 11中文网,🔰普通,超时,,https://www.11zww.net
🔰 uu小说,🔰普通,超时,,https://m.uuxs.la
🔰 七猫小说网,🔰 普通,超时,,https://m.chiyou.cc
🔰 亲小说,🔰 普通,连接失败,,https://www.qinxiaoshuo.com
🔰 去读读,🔰 普通,超时,,https://www.qududu.net
🔰 小书包,🔰普通,超时,,https://m.xshubao.org
🔰 无弹窗小说网,¹▽置顶`ȏ´正版发现,超时,,http://www.22ff.org
🔰 波洞,🔰 普通,超时,,http://ikmmh.com
🔰 白云博客,🔰 普通,超时,,https://www.bybk.cc
🔰 笔痴中文,🏵️  小说,超时,,https://www.bdxnc.com
🔰 笔趣阁39shubao.com,🔰普通,超时,,https://www.39shubao.com
🔰 精武小说,"🔰 普通,💡 发现",超时,,https://www.jingwuhotel.com
🔰 言情阁,"🔰,搜索失效",超时,,http://m.yqingge.com
🔰 黑岩阁,微筛选,异常状态,503,http://wap.heiyange.com
🔰八八读书网,🔰 一般 🔰,超时,,https://www.8dushu.com/
🔰孔令文学,🔰 一般 🔰,超时,,https://www.konglingwx.com/
🔰荨默中文,🔰 一般 🔰,超时,,https://www.qianmozw.com/
🔰青豆文学,🔰 一般 🔰,超时,,https://www.qingdouwx.com/
🚬 31看书网,🚬刘备,可达,200,http://www.31ksw.net
🚬 大陆文学,🚬刘备,连接失败,,https://www.dnxiaoshuoa.com
🚬 新龙腾小说网,"﹅ ㊕ 特殊,搜索失效",异常状态,503,http://www.ltxsw123.vip
🚬 第二版主2,🚬刘备,异常状态,503,http://www.dybz1.vip
🚬 阿甘小说,,超时,,https://m.agxs.org
🤍EZ  看  书,"🤍 普通,搜索失效",连接失败,,https://m.ezkanshu.org/
🥈118阅读网,"🥈补充,失效",超时,,https://www.118yuedu.com
🥣 60ks,🥣 仅发现,超时,,http://m.60ks.cc
#199中文~199zw.com,已检,连接失败,,https://www.199zw.com
1kmz.com,,连接失败,,https://m.1kmz.com/
2048论坛,,连接失败,,https://hp.bv0a.life
37小说,漫画,连接失败,,https://m.37xs.com
3ff小说网,,连接失败,,https://www.3ff.cc
51小说,"💝 常用,希弥",连接失败,,https://api.51xiaoshuoapp.com
55小说网,搜索链接规则为空,连接失败,,https://www.55duba.com-By Dark
69SHUBA,PROXY,连接失败,,https://book-1.dancying.cn
69文学网,,连接失败,,https://www.69wxw.org
77读书网,自用,连接失败,,https://www.www.77dushu.la/uoxs.com//
82小说,,连接失败,,https://wap.2kzw.com/
8X8X,天域战歌整理,连接失败,,https://gb656gb.com
ABC小说,,连接失败,,https://www.yb3.cc-By Dark
E小说,👍 优质,连接失败,,https://www.zwda.com-By Dark
R 小说之家🐶,0227⭐,连接失败,,https://cn.xsj.tw/
UUU小说网(搜索404仅发现),¹▽置顶`ȏ´正版发现,连接失败,,https://v.uuuab.com
https://m.kuaishuku.com/s.php,⁴☃晨光雨露᭄精品源,连接失败,,https://m.kuaishuku.com/s.php
ll读书网,,连接失败,,https://www.lldus.com
å¹¼ç®ä¹¦ç,🏵️  小说,其它错误,,https://www.yssm.org-By é»æ£±é
Ⓐ 2K小说①,𐄛 Ⓐ级,连接失败,,https://m.fpzw.org#未月十八改
Ⓐ 元宝小说,,连接失败,,https://m.ybwzx.com
Ⓐ 天籁小说②,𐄛 Ⓐ级,连接失败,,https://www.tianlaixsw.com#迷迭edit
Ⓐ 老猫小说②,𐄛 Ⓐ级,连接失败,,https://api.laomaoxs.net#未月十八改
Ⓑ 乐文小说①,"𐄜 Ⓑ级,搜索失效",连接失败,,https://www.js-zkhb.com
Ⓑ 老猫小说①,𐄜 Ⓑ级,连接失败,,https://api.laomaoxs.com#渊呀
Ⓢ 乐文小说②,𐄚 Ⓢ级,连接失败,,https://m.lwxs00.com#未月十八改
Ⓢ 巴巴鱼,"﹅ 通用书源▪︎玄奇,搜索失效",连接失败,,https://www.babayu.com##未月十八改
Ⓢ 歪歪小说,𐄚 Ⓢ级,连接失败,,https://www.99xiyue.com#onede
Ⓢ 随梦小说,,连接失败,,https://www.cjudfcg.net#未月十八净化
☘️话本小说网☘️,,连接失败,,https://wap.qxxlw.com
♛+txt免费全本小说▪︎API ✔︎ +++ #渊呀,¹▽置顶`ȏ´正版发现,连接失败,,https://m.nbbookne.com#yuan1107
♜-读读窝 #破冰1130,"﹅ ♜ 优质,搜索失效",连接失败,,https://www.duduwo.com/#pb1101
♜主机屋 #破冰1101,"﹅ ♜ 优质,搜索失效",超时,,https://www.zhujiwu.org/#pb1101
♝88读书网① #破冰,"﹅ ♝ 优良,搜索失效",连接失败,,https://www.88dutxt.com/#♤pb
♠ 秒书屋,"♠ 精品 ♠,🎉 精选 🎉",连接失败,,https://www.miaoshuwu.cc/
✎ 笔趣阁,"笔趣阁,搜索失效",连接失败,,https://m.wwwrar.com
✐   睡前顶点,☃ 自用,连接失败,,https://www.chinaucai.com/
✐  千读小说,☃ 自用,连接失败,,https://www.qiandu9.com
✳️小说宝库,阿新; 精品,连接失败,,https://www.govtz.com-axin
❄️  后  花 园,"⑦❄️  常用,搜索失效",连接失败,,https://www.yanqbook.com#grid tr!0
㊝ 葱油面 ♜♜,,连接失败,,https://api.cym666.net#🇨🇳Namo
万书网-仅发现,,连接失败,,https://m.afs360.com
三八读书网,已检,连接失败,,https://www.38dushu.com
不可能的世界#南笙21.0101,"﹅ 通用书源▪︎玄奇,搜索失效",连接失败,,https://m.8kana.com#南笙21.0101
久久小说,,连接失败,,https://m.txt909.com
久久小说阅读网,💜未分组,连接失败,,https://www.996m.net
乐文小说,,连接失败,,https://m.lwxs00.com
乐读窝,A级,连接失败,,https://www.leduwoxs.com
书快小说,"搜索链接规则为空,天龙",连接失败,,https://www.shukuai.com
书趣阁,搜索失效,连接失败,,https://wap.2kzhongwen.com/
云芸寮文学(正文修正),🏵️  小说,连接失败,,https://m.yylwx.com/
信息网,自添,连接失败,,https://m.yzwxs.org/
免费小说网无删减,new,连接失败,,https://www.2030txt.com/wapbook-6755/
全本小说qbxsb.com,💜未分组,连接失败,,https://www.qbxsb.com
八一中文①,已检验,连接失败,,https://m.x81zw.com
六月书城,CM普通,连接失败,,https://www.liuyuesc.com
凝香,5、名著,连接失败,,https://m.shengxu3.com/s.php
千千小说.qqxs#玄奇21.0202,已检验,连接失败,,https://m.qqxs.la#玄奇21.0202
华文在线,"搜索链接规则为空,天龙",连接失败,,https://www.chinesezj.com
台灣百事通,📚其他,连接失败,,https://www.twinfoo.com/
吾爱小说,💯  精选,连接失败,,https://52xs.me
品阅小说,测试0000,连接失败,,https://m.pyxs.com/
啃书阁,,连接失败,,https://m.kenshuge.com
嘉馨小说,xx,连接失败,,https://www.onsitemanagementllc.com
四合读书,默认,连接失败,,https://m.siheds.com
圣墟小说网,漫画,连接失败,,https://www.zhetian.org-By Dark
圣武书库（下载）,小说 书源,连接失败,,https://www.iswsk.com#🎃
多多看书,🏵️  小说,连接失败,,https://xs.sogou.com
大河小说,API,连接失败,,https://api.rcwk.net/
大雪天,"﹅ 通用书源▪︎玄奇,搜索失效",连接失败,,https://www.daxuetian.com#鸡排饭
天文阁,☆lingran,连接失败,,https://m.tianwenge.net/
天籁小说,漫画,连接失败,,https://www.23txt.com-By Dark
奇快中文🎃,,超时,,https://www.7kwx.com#🎃
好来喜小说,自己用,连接失败,,https://m.hlxxs.com
妙趣书屋 (仅发现),综合,连接失败,,https://www.twinfoo.com/all
完本本,¹▽置顶`ȏ´正版发现,连接失败,,https://www.wanbenben.com
小书亭,S,连接失败,,https://www.xiaoshuting.la
小刀阅读#🎊 红尘小说网,🎊 优质,连接失败,,https://www.zrhjxx.com/
小说精品屋🎃,222最新校验成功,连接失败,,https://miwen.net#🎃
巴巴鱼,,连接失败,,https://www.babayu.tv/
很爱看,已检,连接失败,,https://www.h2ktv.com
快眼看书booksky,,连接失败,,https://www.booksky.org/
思路文学,现实debug,连接失败,,https://m.xssilu.com/
愉阅小说,"风杨兮,失效",连接失败,,https://m.yuyuexs.com
手机电子书waptxt,"《精选书源》,搜索失效",连接失败,,https://www.waptxt.org
搜小说,S级,连接失败,,https://www.soxs.cc-By Dark
数字书屋,1、优,连接失败,,https://www.3835638357.com
斋书文苑,搜索失效,连接失败,,https://m.zhaishuyuan.co
新书包网bookbao9.net,A级; 18,连接失败,,https://www.bookbao9.net
新求书阁,优质,连接失败,,https://www.bequgeh.com
新笔趣阁 xbaquge,1、优,连接失败,,https://www.xbaquge.com
新笔趣阁~xbaquge,👍 优质,连接失败,,https://www.xbaquge.com-By Dark
旧时光文学,②一般,连接失败,,https://www.oldtimes.cc
暖和小说,,连接失败,,https://m.yhr.com
校园居,②一般,连接失败,,https://m.xyj22.com
武林中文网,搜索失效,连接失败,,https://www.50zw.net-By Dark
歪瓜漫画,韩国漫画,连接失败,,https://www.caisemh.com
沙迦小说🎃,,连接失败,,https://www.isjxs.com#🎃
海岸线文学网haxdu.org,A级; 18,连接失败,,https://www.haxdu.org
潇湘书院,Namo,连接失败,,https://android.xxsy.net
燃文小说,B级,连接失败,,https://www.ranwena.com-By Dark
爱奇文学[🔰],🏵️  小说,连接失败,,https://www.i7wx.com
爱看书吧,"☣️精选senhora,飞卢",连接失败,,https://m.aikanshuba.cc
版主,优质源,连接失败,,https://www.diyibanzhu2.in
狂人小说网™,"搜索链接规则为空,天龙",连接失败,,https://www.dushu.kr
番茄全本在线小说网,番茄,连接失败,,https://www.hnhxzds.com
百书楼™,普通,连接失败,,https://m.cuan800.com
百度百科（搜索）,特殊 书源,连接失败,,https://baike.baidu#乃星
看书啦,👍 优质,连接失败,,https://www.kanshula.com-By Dark
看帮网,⁴☃晨光雨露᭄精品源,连接失败,,https://m.kanbang.cc
知乎🔸阅读,"𐄚 Ⓢ级,搜索失效",连接失败,,https://m.e360xs.com
秋叶小说,¹▽置顶`ȏ´正版发现,连接失败,,https://wap.qiuyewx.com
"竹鼠免费漫画[卖竹鼠,一只三块,两只五块)暂时没卵用]",json; 失效,连接失败,,https://api-mfmhdq.smjbo.com
笔趣读,,连接失败,,https://m.biqu55.net/
笔趣阁,"🏵️  小说,💒 笔趣",连接失败,,https://www.xsbiquge.com/#🌱
笔趣阁 6,"🏵️  小说,💒 笔趣",连接失败,,https://www.xbiquge6.com
笔趣阁 mibaoge,👍 优质,连接失败,,https://www.mibaoge.com-By Dark
笔趣阁6#南笙21.0101,"笔趣,搜索目录失效",连接失败,,https://m.ibiquge.net-By Dark#南笙21.0101
笔趣阁[bqg9527],自己,连接失败,,https://www.bqg9527.com/
笔趣阁biquge.cm,SS级,连接失败,,https://www.biquge.cm
笔趣阁qq1986,,连接失败,,https://www.qq1986.com/search
笔趣阁⑥③,小说,连接失败,,https://www.qq1986.com
笔趣阁㊹,漫画,连接失败,,https://www.biquge4.org
笔趣阁🎃#2,,连接失败,,https://www.biqueg.cc#🎃
笔趣阁🎃#62,,连接失败,,https://www.bikugo.com#🎃
笔迷屋❎仅发现,,连接失败,,https://m.bimixsw.com/
第一版主cc🎃,,连接失败,,https://www.diyibanzhu8.pro#🎃
第三中文,自用,连接失败,,https://m.3zw.cc/
第九中文网,,连接失败,,https://m.dijiushu.com
米趣小说,🇨🇳Namo,连接失败,,https://www.meegoq.com*
糯米小说,默认,连接失败,,https://m.nuomi9.com
给力美,新加,连接失败,,https://www.geilimei.cc
网易云,🎉 精品,连接失败,,https://music.liuzhijin.cn-netease
老猫小说,,连接失败,,https://api.laomaoxs.com#乃星
色小说,微筛选,连接失败,,https://www.yite.cc
菠萝兔,,连接失败,,https://www.godld.com
落阅读网,✯,连接失败,,https://read.luoxx.top/index
虾米音乐,CM有声,连接失败,,https://emumo.xiami.com
言情123,微筛选,连接失败,,https://m.yq123.com
读书迷①,默认,连接失败,,http://m.dsm888.com
资讯书院,W,连接失败,,https://www.zixunsy.com
超凡小说🎃,,连接失败,,https://wap.pan8.org#🎃
轻之文库,轻小说; 发现,连接失败,,https://m.iqing.com
迷你书屋,B级; 网络,连接失败,,https://www.minishuwu.com
追读小说,天域战歌,连接失败,,https://service.nickbussok.com:443
闪闪小说书网,已检,连接失败,,https://www.33shu.net
阅民小说,"🇨🇳Namo,js失效",连接失败,,https://app.maibaipai.com
随梦小说网,B级,连接失败,,https://www.suimeng.com-By Dark
雅酷,已检,连接失败,,http://www.cnwisda.com
霸气书屋✳️图片字fixed,已检,连接失败,,https://www.87shuwu.com
韩漫大全🎃,,连接失败,,https://www.hanmandq.com#🎃
音乐-咪咕,音乐,连接失败,,https://music.liuzhijin.cn-migu
音乐-蜻蜓,音乐,连接失败,,https://music.liuzhijin.cn-qingting
顶点小说,已检,连接失败,,https://www.23wxc.com
顶点龙腾,,连接失败,,https://www.yanjintoys.com/
飞悦凡文网,"【❌❌】搜索正文失-效,搜索失效",连接失败,,https://www.feiyuefw.com
黄金屋-搜索,"测试组,测试1,神",连接失败,,https://www.hjwxs.com/modules/article/search.php
🌁 丫丫阅读,"🌷 女频精选 🌷,©️ 女频搜书 ©️",连接失败,,https://m.yayayd.com
🌟 顶点小说②,🌟 精品,连接失败,,https://www.7w7y.com
🌠 来漫画,🌠 漫画,连接失败,,https://www.laimanhua.net
🌠 皑雪漫画,🌠 漫画,连接失败,,https://mh.ixacg.top
🌸 书趣馆,已检验,连接失败,,https://www.souzhon.com
🌸 旧云小说,🌸常用,连接失败,,https://xs.jiuyunw.cn/wap
🌸 流星,"🌸常用,防盗",连接失败,,https://m.shupu.org#subject-list li
🌸 老猫APP,,连接失败,,https://api.laomaoxs.ne
🌸大河小说,🌸  常用,连接失败,,https://m.dahexs.net
🌸飘天文学🅰💜💜💜,"🌸  常用,21.0228乃星,★,☀️搜书/换源 A▪精品,",连接失败,,https://m.piaotian5.com#乃星111
🌼 无广告小说网,🌼 常用,连接失败,,https://www.chaciju.com
🌿有兔阅读,⁴☃晨光雨露᭄精品源,连接失败,,https://app.youzibank.com##发现
🍊 东杜兰陈,🍊女频,连接失败,,https://www.dudu0.com
🍒 后花园,🍒言情,连接失败,,https://www.yanqbook.com
🍺 19小说,特优,连接失败,,https://www.19xsf.com
🍺 冰地中文,🌼晨光雨露🍒精品源💯,连接失败,,https://www.bingdizw.com
🍺 小说格格党,"书源分享,搜索失效",连接失败,,https://www.xsggd.com
🍺 思路客ⓢⓞ,🍺特优,连接失败,,https://www.siluke.so
🍺 新笔下文学,🍺特优,连接失败,,https://www.xbxwx.net-By Dark
🍺 米趣小说,"测试组,🍺 男频,我的精教遗留,校验超时",连接失败,,https://www.meegoq.com
🎃奥安小说🎃,,连接失败,,https://1.ao3-cn.top#🎃
🎃渣渣小说网🎃,,连接失败,,https://m.zztxt.net#🎃
🎉 16号书库,"﹅ ♛ 精品,搜索失效",连接失败,,https://m.as16.me
🎉 2000book,🎉精品,连接失败,,https://m.2000book.com
🎉 5200文学网[仅发现],🎉 精选 🎉,连接失败,,https://www.5200wxw.com
🎉 72文学,,连接失败,,https://m.72wx.com
🎉 txtxs8,🎉精品,连接失败,,https://txtxs8.com
🎉 乐文小说网,🎉精品,连接失败,,https://m.lwxs9.com
🎉 免费追书,🎉精品,连接失败,,https://cx.ikanshu.cn
🎉 千千小说⑫,,连接失败,,https://www.15shuba.com
🎉 啃书阁,🎉精品,连接失败,,https://www.kenshuge.com
🎉 天津小说网,🎉精品,连接失败,,https://www.tmetbb.com
🎉 新笔趣阁,🎉精品,连接失败,,https://www.xsbiquge.com
🎉 有兔阅读,微筛选,连接失败,,https://app.youzibank.com
🎉 比奇屋②,🎉 精选 🎉,连接失败,,https://m.biqiwu.com
🎉 火推资源库,🎉精品,连接失败,,https://m.htzyk.com
🎉 爱看书M,🎉 精选 🎉,连接失败,,https://m.aaaks.com
🎉 牛逼看书,🎉 精选,连接失败,,https://m.nbbookne.com
🎉 笔趣轩™,🎉 精选 🎉,连接失败,,https://www.biqux.com
🎉 笔趣阁,🎉精品,连接失败,,https://www.biquge.com
🎉 笔趣阁 biqugemm,"🎉 精选 🎉,💒 笔趣",连接失败,,https://www.biqugemm.com-By Dark
🎉 笔趣阁Z,🎉精品,连接失败,,https://m.zbiquge.com
🎉 骑士小说网②,"﹅ ♛ 精品,搜索目录失效",连接失败,,https://m.xxs74.com
🎉877中文网,🎉 精选 🎉,连接失败,,https://www.877zw.com/
🎉一起看书,🎉 精选 🎉,连接失败,,https://www.yqkbook.com/
🎉千千小说#嘚嘚21.0201,已检验,连接失败,,https://m.qqxs.la#嘚嘚21.0201
🎉快眼看书③,¹▽置顶`ȏ´正版发现,连接失败,,https://www.kuaiyanx.com/
🎉泡泡中文,🎉 精选 🎉,连接失败,,https://www.paozw.com/
🎉顶点小说⑲,🎉 精选 🎉,连接失败,,https://www.23us.lol/
🎉魔眼看书,🎉 精选 🎉,连接失败,,https://www.moyandushu.com/
🎊 帝王小说,🎊 优选,连接失败,,https://www.aidelai.cc
🎊 笔趣阁②,"搜索链接规则为空,📝 笔趣阁",连接失败,,https://m.biquge.at
🎋来也全本小说网🎋,,连接失败,,https://m.laiye123.com/
🎨 X18漫画,🎨漫画,连接失败,,https://m.x18.cn
🎨 多多,需要登录,连接失败,,https://api.duoduomh.1a3.net#芜恙
🎨图文韩漫,需要登录,连接失败,,https://www.twhm.net
🎯笔趣阁m.jx.la,"🏵️  小说,💒 笔趣",连接失败,,https://m.jx.la
🎼 5sing翻唱,"有声,搜索失效",连接失败,,https://music.liuzhijin.cn-fc
🏀 34中文②,,连接失败,,https://www.34zwen.com/
🏷️88读书,☀晨光雨露💫精俢源💯,连接失败,,https://m.fenxbook.com
🐑雪森冷色,"🐑 普通,✉️  网络文学",连接失败,,https://wap.xs635.com/
🐶Ⓒ 帝尊小说💯,"﹅ ♛ 精品,搜索失效",连接失败,,https://www.dizun.cc#未月十八edit
👍 Ⓐ 千千小说网①,C组,连接失败,,https://www.qqxsw.la-By Dark
👍 丫丫,🎉 精选 🎉,连接失败,,https://www.yayayd.com#list_details li
👍 全本小说网 xiaoshuo5,优质源👍,连接失败,,https://www.xiaoshuo5.org-By Dark
👍 品书网,👍优质,连接失败,,https://www.5vcd.com
👍 快眼,优质源👍,连接失败,,https://www.booksky.org#list tr
👍 惠天听,👍优质,连接失败,,https://m.httxs.com
👍 无限小说,,连接失败,,https://m.wuxbook.com
👍 笔趣阁㊿,🏆精品,连接失败,,https://www.woquge.cc
👍 舞若小说,优质源👍,连接失败,,https://www.wuruo8.com
👍 顶点小说㉓,👍优质,连接失败,,https://www.x23us.net
👍八零文学,已检验,连接失败,,https://m.80wx.la
👍笔趣阁💙💙💙xibige#南笙21.0101,,连接失败,,https://www.xibige.com#南笙21.0101
💊 娃娃乖,💊无搜,连接失败,,https://m.wawaguai.cc
💎 笔下看书①#onede,"💎 精品,🌈onede,★,☀️搜书/换源 B▪优质",连接失败,,https://www.jininggeyin.com/#onede
💦小说中文网,💦 精品 💦,连接失败,,https://www.xszww8.com/
💦读客吧,💦 精品 💦,连接失败,,https://www.dukeba.com/
💫百度文库,"﹅ ♞ 普通,搜索目录失效",连接失败,,https://wk.baidu.com111#乃星
💯下书网,💯精品,连接失败,,https://www.xiashutxt.com
💯斋书苑,🎉 精选 🎉,连接失败,,https://www.zhaishuyuan.com-By Dark
💯笔趣阁,"🎉 精选 🎉,💒 笔趣",连接失败,,https://www.biquge.com.cn-By Dark
💯风雨小说网,🎉 精选 🎉,连接失败,,https://www.fengyu.cc-By Dark
💵 搜狗阅读,💵正版,连接失败,,https://book.sogou.com/dd/index?gf=evr-d1-pdetail-i
📃云中歌『仅发现』,"自制,搜索链接规则为空",连接失败,,https://www.yunzhonggexiaoshuo.com/
📚 大嘴狗杂志删除,2023.11.07效验书源,连接失败,,https://www.dazuig.com
📥六音蓝瘦,⑥📥  下载,连接失败,,https://www.sixyin.com
📻 5 SING,👻 隐藏,连接失败,,https://music.liuzhijin.cn-5singyc/
📻 喜马拉雅,📻有声,连接失败,,https://music.liuzhijin.cn-ximalaya
📻听书宝1,a1、有声,连接失败,,https://www.tingshubao.com#
🔖千千小说③,小说,连接失败,,https://m.qqxs.la
🔥 惠天聽,🏵️  小说,连接失败,,https://m.httxs.com#list li
🔰 63小说,🔰普通,连接失败,,https://www.63xs.com
🔰 Retsu,🔰 普通,连接失败,,https://retsu.org
🔰 天天阅读[防盗字体],🏵️  小说,连接失败,,https://www.hbhjcf.com
🔰 就爱找小说,🔰普通,连接失败,,https://www.92zhao.com
🔰 新笔趣阁,🔰 普通,连接失败,,https://www.zhhbiqu.com
🔰 漫百库,🔰 普通,连接失败,,https://www.manhuabaiku.com
🔰 着笔中文网,🔰普通,连接失败,,https://www.zbzw.la-By Dark
🔰 笔趣阁biquge,🔰 普通,连接失败,,https://www.biquge.at
🔰 言情中文,🔰 普通,连接失败,,https://www.yqzww.com
🔰 顶点小说,🔰 普通,连接失败,,https://www.dingdian.la
🔰90文学网,🔰 一般 🔰,连接失败,,https://www.90wxw.com/
🔰万卷文学,🔰 一般 🔰,连接失败,,https://www.wanjuanwx.com/
🔰伍文小说,🔰 一般 🔰,连接失败,,https://www.wuwenxs.com/
🔰博群小说,🔰 一般 🔰,连接失败,,https://www.boqunxs.com/
🔰四五文学,🔰 一般 🔰,连接失败,,https://www.siwuwx.com/
🔰就爱书屋,🔰 一般 🔰,连接失败,,https://www.jiuaisw.com/
🔰新笔趣阁007,🔰 一般 🔰,连接失败,,https://www.biqu007.com/
🔰游人书屋,🔰 一般 🔰,连接失败,,https://www.yrshuwu.com/
🔰神族小说,¹▽置顶`ȏ´正版发现,连接失败,,https://www.xmalshenzu.com/
🔰读客文学,🔰 一般 🔰,连接失败,,https://www.dukewx.com/
🔰飞速小说③,🔰 一般 🔰,连接失败,,https://www.fsxiaoshuo.com/
🚬 吾爱看书,🚬刘备,连接失败,,https://www.52kshu.com
🚬 快眼小说网,🚬刘备,连接失败,,https://www.kyxs5.com
🚬 笔趣阁,笔趣阁,连接失败,,https://m.97hs.com
🛠️ 灯笔小说网,🛠️劣质,连接失败,,https://www.dengbi.cc-By Dark
🥈百合小说,搜索失效,连接失败,,https://www.baihexs.com-By Dark
